;ano;retention;regiao_saude
0;2014-01;0.4444444444444444;12002
1;2015-01;0.5666666666666667;12002
2;2016-01;0.6125;12002
3;2017-01;0.6125;12002
4;2018-01;0.6900000000000001;12002
5;2019-01;0.6900000000000001;12002
6;2020-01;0.9375;12002
7;2021-01;0.8833333333333332;12002
8;2022-01;0.8433333333333334;12002
9;2023-01;0.7433333333333334;12002
10;2024-01;0.7897619047619047;12002
0;2014-01;0.9333333333333332;27007
1;2015-01;0.7999999999999999;27007
2;2016-01;0.85;27007
3;2017-01;0.95;27007
4;2018-01;0.96;27007
5;2019-01;1.0;27007
6;2020-01;1.0;27007
7;2021-01;0.95;27007
8;2022-01;0.95;27007
9;2023-01;0.95;27007
10;2024-01;0.8833333333333334;27007
0;2014-01;0.8380952380952381;27001
1;2015-01;0.8333333333333334;27001
2;2016-01;0.8969696969696969;27001
3;2017-01;0.8334776334776335;27001
4;2018-01;0.8264069264069264;27001
5;2019-01;0.7875180375180375;27001
6;2020-01;0.8266788766788767;27001
7;2021-01;0.8827350427350428;27001
8;2022-01;0.8494017094017094;27001
9;2023-01;0.7949572649572649;27001
10;2024-01;0.7970345596432553;27001
0;2014-01;1.0;27008
1;2015-01;1.0;27008
2;2016-01;1.0;27008
3;2017-01;1.0;27008
4;2018-01;1.0;27008
5;2019-01;1.0;27008
6;2020-01;1.0;27008
7;2021-01;1.0;27008
8;2022-01;1.0;27008
9;2023-01;0.9;27008
10;2024-01;0.9;27008
0;2014-01;0.6666666666666666;27009
1;2015-01;0.6666666666666666;27009
2;2016-01;0.6666666666666666;27009
3;2017-01;0.6666666666666666;27009
4;2018-01;0.6666666666666666;27009
5;2019-01;0.6666666666666666;27009
6;2020-01;0.3333333333333333;27009
7;2021-01;0.6666666666666666;27009
8;2022-01;0.6666666666666666;27009
9;2023-01;0.6666666666666666;27009
10;2024-01;0.7777777777777778;27009
0;2014-01;1.0;13003
1;2015-01;0.7777777777777777;13003
2;2016-01;0.8333333333333333;13003
3;2017-01;1.0;13003
4;2018-01;1.0;13003
5;2019-01;0.75;13003
6;2020-01;0.8333333333333334;13003
7;2021-01;0.875;13003
8;2022-01;0.8333333333333334;13003
9;2023-01;0.6964285714285714;13003
10;2024-01;0.6607142857142857;13003
0;2014-01;0.6519480519480519;13001
1;2015-01;0.699134199134199;13001
2;2016-01;0.6553030303030303;13001
3;2017-01;0.6619047619047619;13001
4;2018-01;0.7904761904761906;13001
5;2019-01;0.6896825396825397;13001
6;2020-01;0.7405483405483405;13001
7;2021-01;0.747041847041847;13001
8;2022-01;0.7494949494949494;13001
9;2023-01;0.7409479409479409;13001
10;2024-01;0.8463966588966588;13001
0;2014-01;0.3538961038961039;23004
1;2015-01;0.7142857142857143;23004
2;2016-01;1.0;23004
3;2017-01;1.0;23004
4;2018-01;1.0;23004
5;2019-01;1.0;23004
6;2020-01;1.0;23004
7;2021-01;1.0;23004
8;2022-01;1.0;23004
9;2023-01;1.0;23004
10;2024-01;0.875;23004
0;2014-01;0.5733333333333334;23002
1;2015-01;0.6466666666666667;23002
2;2016-01;0.4666666666666666;23002
3;2017-01;0.6;23002
4;2018-01;0.4666666666666666;23002
5;2019-01;0.5888888888888889;23002
6;2020-01;0.5888888888888889;23002
7;2021-01;0.525;23002
8;2022-01;0.7083333333333333;23002
9;2023-01;0.75;23002
10;2024-01;0.6904761904761904;23002
0;2014-01;0.9409230769230769;23001
1;2015-01;0.9283076923076923;23001
2;2016-01;0.9654001292824823;23001
3;2017-01;0.9657078215901744;23001
4;2018-01;0.97484243697479;23001
5;2019-01;0.9720213085234093;23001
6;2020-01;0.9508145649564174;23001
7;2021-01;0.9593518929310854;23001
8;2022-01;0.9554304227843721;23001
9;2023-01;0.961680422784372;23001
10;2024-01;0.9424004760204585;23001
0;2014-01;0.2083760683760684;23013
1;2015-01;0.2511111111111111;23013
2;2016-01;0.46875;23013
3;2017-01;0.625;23013
4;2018-01;0.75;23013
5;2019-01;0.9166666666666666;23013
6;2020-01;0.5535714285714286;23013
7;2021-01;0.3053571428571429;23013
8;2022-01;0.5375;23013
9;2023-01;0.65;23013
10;2024-01;0.4458333333333333;23013
0;2014-01;0.7004761904761905;23021
1;2015-01;0.7671428571428571;23021
2;2016-01;0.9099999999999999;23021
3;2017-01;0.9199999999999999;23021
4;2018-01;0.96;23021
5;2019-01;0.76;23021
6;2020-01;0.8400000000000001;23021
7;2021-01;0.8400000000000001;23021
8;2022-01;0.9777777777777779;23021
9;2023-01;0.9555555555555555;23021
10;2024-01;0.9666666666666666;23021
0;2014-01;0.5;23009
1;2015-01;0.625;23009
2;2016-01;0.6666666666666666;23009
3;2017-01;0.5;23009
4;2018-01;0.75;23009
5;2019-01;0.8888888888888888;23009
6;2020-01;0.9166666666666666;23009
7;2021-01;0.9;23009
8;2022-01;0.625;23009
9;2023-01;0.5625;23009
10;2024-01;0.5208333333333333;23009
0;2014-01;0.4642857142857143;23022
1;2015-01;0.75;23022
2;2016-01;0.7916666666666666;23022
3;2017-01;0.7916666666666666;23022
4;2018-01;0.6666666666666666;23022
5;2019-01;0.6666666666666666;23022
6;2020-01;0.5666666666666667;23022
7;2021-01;0.8;23022
8;2022-01;0.7333333333333334;23022
9;2023-01;0.7555555555555555;23022
10;2024-01;0.7777777777777777;23022
0;2014-01;0.7463235294117647;23011
1;2015-01;0.7970588235294118;23011
2;2016-01;0.95;23011
3;2017-01;1.0;23011
4;2018-01;0.95;23011
5;2019-01;0.95;23011
6;2020-01;0.8833333333333332;23011
7;2021-01;0.8333333333333333;23011
8;2022-01;0.8047619047619048;23011
9;2023-01;0.8547619047619047;23011
10;2024-01;0.7309523809523809;23011
0;2014-01;0.9502439024390243;32002
1;2015-01;0.9264335664335664;32002
2;2016-01;0.8537062937062938;32002
3;2017-01;0.9082517482517483;32002
4;2018-01;0.9482517482517483;32002
5;2019-01;0.8966167166167166;32002
6;2020-01;0.9063347763347764;32002
7;2021-01;0.8712698412698412;32002
8;2022-01;0.844949494949495;32002
9;2023-01;0.8906204906204905;32002
10;2024-01;0.8638805638805639;32002
0;2014-01;0.4827272727272727;32004
1;2015-01;0.5700000000000001;32004
2;2016-01;0.71;32004
3;2017-01;0.9;32004
4;2018-01;0.8800000000000001;32004
5;2019-01;0.86;32004
6;2020-01;0.86;32004
7;2021-01;0.86;32004
8;2022-01;0.82;32004
9;2023-01;0.875;32004
10;2024-01;1.0;32004
0;2014-01;0.5052061973114604;32005
1;2015-01;0.5019480519480519;32005
2;2016-01;0.4131578947368421;32005
3;2017-01;0.4236842105263158;32005
4;2018-01;0.28775062656641603;32005
5;2019-01;0.40520050125313284;32005
6;2020-01;0.43656015037593987;32005
7;2021-01;0.6339285714285714;32005
8;2022-01;0.4869047619047619;32005
9;2023-01;0.5661904761904762;32005
10;2024-01;0.6566666666666666;32005
0;2014-01;1.0;21011
1;2015-01;1.0;21011
2;2016-01;1.0;21011
3;2017-01;1.0;21011
4;2018-01;1.0;21011
5;2019-01;1.0;21011
6;2020-01;0.75;21011
7;2021-01;0.8333333333333334;21011
8;2022-01;0.6;21011
9;2023-01;0.6;21011
10;2024-01;0.725;21011
0;2014-01;0.8333333333333334;21007
1;2015-01;0.8125;21007
2;2016-01;0.8333333333333334;21007
3;2017-01;0.8125;21007
4;2018-01;0.8571428571428571;21007
5;2019-01;0.8214285714285714;21007
6;2020-01;0.8214285714285714;21007
7;2021-01;1.0;21007
8;2022-01;0.8333333333333334;21007
9;2023-01;0.7777777777777777;21007
10;2024-01;0.7916666666666666;21007
0;2014-01;0.7366666666666667;21016
1;2015-01;0.7866666666666667;21016
2;2016-01;0.72;21016
3;2017-01;0.8;21016
4;2018-01;0.9333333333333333;21016
5;2019-01;0.9714285714285713;21016
6;2020-01;0.9714285714285713;21016
7;2021-01;1.0;21016
8;2022-01;0.9;21016
9;2023-01;0.8894736842105264;21016
10;2024-01;0.8349282296650717;21016
0;2014-01;0.8019192240276393;31016
1;2015-01;0.7934829931972789;31016
2;2016-01;0.7483529411764706;31016
3;2017-01;0.8041900093370682;31016
4;2018-01;0.8377217553688142;31016
5;2019-01;0.8369518876733084;31016
6;2020-01;0.8558125482454475;31016
7;2021-01;0.8589333293050807;31016
8;2022-01;0.8689202984207727;31016
9;2023-01;0.8727781250104382;31016
10;2024-01;0.8806694265490025;31016
0;2014-01;0.4640151515151515;31001
1;2015-01;0.5140692640692641;31001
2;2016-01;0.4283549783549783;31001
3;2017-01;0.5783549783549783;31001
4;2018-01;0.7238095238095238;31001
5;2019-01;0.7238095238095238;31001
6;2020-01;0.8571428571428571;31001
7;2021-01;0.86;31001
8;2022-01;0.82;31001
9;2023-01;0.9;31001
10;2024-01;0.9;31001
0;2014-01;0.7555555555555555;31094
1;2015-01;0.6333333333333333;31094
2;2016-01;0.6444444444444445;31094
3;2017-01;0.8666666666666667;31094
4;2018-01;0.8666666666666667;31094
5;2019-01;0.6;31094
6;2020-01;0.6;31094
7;2021-01;1.0;31094
8;2022-01;1.0;31094
9;2023-01;1.0;31094
10;2024-01;0.7777777777777778;31094
0;2014-01;1.0;31071
1;2015-01;1.0;31071
2;2016-01;1.0;31071
3;2017-01;1.0;31071
4;2018-01;1.0;31071
5;2019-01;0.611111111111111;31071
6;2020-01;0.7083333333333333;31071
7;2021-01;0.7083333333333333;31071
8;2022-01;0.611111111111111;31071
9;2023-01;0.8333333333333334;31071
10;2024-01;0.8333333333333334;31071
0;2014-01;0.9410130718954248;31037
1;2015-01;0.9542483660130718;31037
2;2016-01;0.9468409586056644;31037
3;2017-01;0.9320261437908496;31037
4;2018-01;0.9193953064317515;31037
5;2019-01;0.9086040454829275;31037
6;2020-01;0.8919748916255127;31037
7;2021-01;0.9031235155458758;31037
8;2022-01;0.9502072561780036;31037
9;2023-01;0.9502184451493207;31037
10;2024-01;0.7804863147605083;31037
0;2014-01;0.8888888888888888;31031
1;2015-01;0.9166666666666666;31031
2;2016-01;0.9166666666666666;31031
3;2017-01;0.9166666666666666;31031
4;2018-01;0.9166666666666666;31031
5;2019-01;0.9166666666666666;31031
6;2020-01;0.6666666666666666;31031
7;2021-01;0.611111111111111;31031
8;2022-01;0.611111111111111;31031
9;2023-01;0.611111111111111;31031
10;2024-01;0.611111111111111;31031
0;2014-01;0.7777777777777778;31004
1;2015-01;0.7777777777777778;31004
2;2016-01;0.8222222222222222;31004
3;2017-01;0.8222222222222222;31004
4;2018-01;0.8222222222222222;31004
5;2019-01;0.7555555555555555;31004
6;2020-01;0.9333333333333332;31004
7;2021-01;0.9333333333333332;31004
8;2022-01;0.8666666666666666;31004
9;2023-01;0.8333333333333334;31004
10;2024-01;1.0;31004
0;2014-01;0.9333333333333333;31059
1;2015-01;0.9333333333333332;31059
2;2016-01;0.9333333333333332;31059
3;2017-01;0.7866666666666667;31059
4;2018-01;0.6895238095238095;31059
5;2019-01;0.6895238095238095;31059
6;2020-01;0.6714285714285715;31059
7;2021-01;0.6214285714285714;31059
8;2022-01;0.5857142857142857;31059
9;2023-01;0.7023809523809523;31059
10;2024-01;0.7777777777777778;31059
0;2014-01;0.9;31009
1;2015-01;0.9333333333333332;31009
2;2016-01;0.825;31009
3;2017-01;0.7666666666666666;31009
4;2018-01;0.7666666666666666;31009
5;2019-01;0.7666666666666666;31009
6;2020-01;0.5;31009
7;2021-01;0.5;31009
8;2022-01;0.5;31009
9;2023-01;0.75;31009
10;2024-01;0.75;31009
0;2014-01;0.7777777777777778;31003
1;2015-01;0.7777777777777778;31003
2;2016-01;0.8333333333333334;31003
3;2017-01;1.0;31003
4;2018-01;1.0;31003
5;2019-01;0.8;31003
6;2020-01;0.8;31003
7;2021-01;0.7;31003
8;2022-01;0.7;31003
9;2023-01;0.8;31003
10;2024-01;0.7;31003
0;2014-01;0.5833333333333333;31057
1;2015-01;0.7222222222222222;31057
2;2016-01;0.7291666666666666;31057
3;2017-01;0.6458333333333334;31057
4;2018-01;0.6666666666666667;31057
5;2019-01;0.7333333333333333;31057
6;2020-01;0.9;31057
7;2021-01;0.85;31057
8;2022-01;0.85;31057
9;2023-01;0.625;31057
10;2024-01;0.71;31057
0;2014-01;0.9166666666666666;31006
1;2015-01;0.9375;31006
2;2016-01;0.9375;31006
3;2017-01;0.95;31006
4;2018-01;0.9;31006
5;2019-01;1.0;31006
6;2020-01;1.0;31006
7;2021-01;1.0;31006
8;2022-01;1.0;31006
9;2023-01;0.9333333333333332;31006
10;2024-01;0.8;31006
0;2014-01;0.875;31092
1;2015-01;0.875;31092
2;2016-01;0.75;31092
3;2017-01;0.75;31092
4;2018-01;0.8;31092
5;2019-01;0.8;31092
6;2020-01;0.9;31092
7;2021-01;0.875;31092
8;2022-01;1.0;31092
9;2023-01;1.0;31092
10;2024-01;1.0;31092
0;2014-01;0.6336842105263158;31024
1;2015-01;0.76;31024
2;2016-01;0.675;31024
3;2017-01;0.6875;31024
4;2018-01;0.6666666666666666;31024
5;2019-01;0.5763888888888888;31024
6;2020-01;0.6111111111111112;31024
7;2021-01;0.6458333333333333;31024
8;2022-01;0.6805555555555556;31024
9;2023-01;0.6180555555555556;31024
10;2024-01;1.0;31024
0;2014-01;1.0;31099
1;2015-01;1.0;31099
2;2016-01;1.0;31099
3;2017-01;1.0;31099
4;2018-01;1.0;31099
5;2019-01;0.8333333333333334;31099
6;2020-01;0.8333333333333334;31099
7;2021-01;0.6666666666666666;31099
8;2022-01;0.75;31099
9;2023-01;0.75;31099
10;2024-01;0.875;31099
0;2014-01;0.8397435897435898;31075
1;2015-01;0.8833333333333332;31075
2;2016-01;0.9416666666666667;31075
3;2017-01;0.9270833333333334;31075
4;2018-01;0.9520833333333334;31075
5;2019-01;0.9616666666666667;31075
6;2020-01;0.9283333333333333;31075
7;2021-01;0.9400000000000001;31075
8;2022-01;0.7833333333333334;31075
9;2023-01;0.7718518518518518;31075
10;2024-01;0.8594444444444445;31075
0;2014-01;0.5555555555555555;31064
1;2015-01;0.5833333333333333;31064
2;2016-01;0.5416666666666666;31064
3;2017-01;0.5416666666666666;31064
4;2018-01;0.4583333333333333;31064
5;2019-01;0.5;31064
6;2020-01;0.5833333333333334;31064
7;2021-01;0.5833333333333334;31064
8;2022-01;1.0;31064
9;2023-01;1.0;31064
10;2024-01;1.0;31064
0;2014-01;0.7222222222222222;31055
1;2015-01;0.5833333333333333;31055
2;2016-01;0.5555555555555555;31055
3;2017-01;0.5555555555555555;31055
4;2018-01;0.5555555555555555;31055
5;2019-01;0.5555555555555555;31055
6;2020-01;0.5555555555555555;31055
7;2021-01;0.5555555555555555;31055
8;2022-01;0.6666666666666666;31055
9;2023-01;0.75;31055
10;2024-01;0.75;31055
0;2014-01;0.875;31086
1;2015-01;0.9;31086
2;2016-01;0.875;31086
3;2017-01;0.875;31086
4;2018-01;0.875;31086
5;2019-01;0.875;31086
6;2020-01;1.0;31086
7;2021-01;1.0;31086
8;2022-01;0.9642857142857143;31086
9;2023-01;0.9428571428571428;31086
10;2024-01;0.9714285714285713;31086
0;2014-01;0.7777777777777777;31002
1;2015-01;0.7777777777777777;31002
2;2016-01;0.7777777777777777;31002
3;2017-01;0.8333333333333333;31002
4;2018-01;0.8333333333333333;31002
5;2019-01;0.8333333333333333;31002
6;2020-01;0.8333333333333333;31002
7;2021-01;0.7777777777777777;31002
8;2022-01;0.8333333333333333;31002
9;2023-01;0.9166666666666666;31002
10;2024-01;1.0;31002
0;2014-01;0.7857142857142857;31022
1;2015-01;0.5238095238095238;31022
2;2016-01;0.6428571428571428;31022
3;2017-01;0.6488095238095238;31022
4;2018-01;0.7738095238095237;31022
5;2019-01;0.8333333333333333;31022
6;2020-01;0.8666666666666666;31022
7;2021-01;0.8666666666666666;31022
8;2022-01;0.7604166666666666;31022
9;2023-01;0.6166666666666667;31022
10;2024-01;0.53125;31022
0;2014-01;1.0;31096
1;2015-01;1.0;31096
2;2016-01;1.0;31096
3;2017-01;1.0;31096
4;2018-01;1.0;31096
5;2019-01;1.0;31096
6;2020-01;0.75;31096
7;2021-01;0.75;31096
8;2022-01;0.75;31096
9;2023-01;0.75;31096
10;2024-01;0.75;31096
0;2014-01;1.0;31007
1;2015-01;0.9166666666666666;31007
2;2016-01;0.9375;31007
3;2017-01;0.9375;31007
4;2018-01;0.8541666666666666;31007
5;2019-01;0.8833333333333332;31007
6;2020-01;0.8833333333333334;31007
7;2021-01;0.7666666666666666;31007
8;2022-01;0.7833333333333333;31007
9;2023-01;0.5166666666666666;31007
10;2024-01;0.6133333333333333;31007
0;2014-01;0.8888888888888888;31052
1;2015-01;0.8333333333333333;31052
2;2016-01;0.9166666666666666;31052
3;2017-01;0.9166666666666666;31052
4;2018-01;0.9166666666666666;31052
5;2019-01;0.8333333333333334;31052
6;2020-01;0.9166666666666666;31052
7;2021-01;0.875;31052
8;2022-01;0.75;31052
9;2023-01;0.8125;31052
10;2024-01;0.85;31052
0;2014-01;0.8333333333333333;31023
1;2015-01;0.75;31023
2;2016-01;0.5;31023
3;2017-01;0.5;31023
4;2018-01;0.5833333333333334;31023
5;2019-01;0.7222222222222222;31023
6;2020-01;0.5833333333333334;31023
7;2021-01;0.7222222222222222;31023
8;2022-01;0.5833333333333334;31023
9;2023-01;1.0;31023
10;2024-01;1.0;31023
0;2014-01;0.6833333333333333;31097
1;2015-01;0.7333333333333333;31097
2;2016-01;0.7033333333333334;31097
3;2017-01;0.7866666666666666;31097
4;2018-01;0.8428070175438596;31097
5;2019-01;0.7550292397660818;31097
6;2020-01;0.7978947368421052;31097
7;2021-01;0.8394633642930855;31097
8;2022-01;0.8034399724802201;31097
9;2023-01;0.807843137254902;31097
10;2024-01;0.8785502079619727;31097
0;2014-01;0.5222222222222223;31025
1;2015-01;0.6555555555555556;31025
2;2016-01;0.6155555555555555;31025
3;2017-01;0.6155555555555555;31025
4;2018-01;0.6083333333333333;31025
5;2019-01;0.5733333333333334;31025
6;2020-01;0.6277777777777778;31025
7;2021-01;0.6433333333333333;31025
8;2022-01;0.5466666666666666;31025
9;2023-01;0.20138888888888887;31025
10;2024-01;0.4083333333333333;31025
0;2014-01;0.75;31044
1;2015-01;0.75;31044
2;2016-01;0.75;31044
3;2017-01;0.8333333333333334;31044
4;2018-01;0.8333333333333334;31044
5;2019-01;0.875;31044
6;2020-01;0.8333333333333334;31044
7;2021-01;1.0;31044
8;2022-01;1.0;31044
9;2023-01;1.0;31044
10;2024-01;1.0;31044
0;2014-01;0.43;31017
1;2015-01;0.485;31017
2;2016-01;0.6101234567901235;31017
3;2017-01;0.6257519640852974;31017
4;2018-01;0.6868116235987722;31017
5;2019-01;0.24105256040999015;31017
6;2020-01;0.31734442643869826;31017
7;2021-01;0.48680112646925544;31017
8;2022-01;0.6093912883880285;31017
9;2023-01;0.7214786430342437;31017
10;2024-01;0.852088556734169;31017
0;2014-01;0.9446251993620415;31084
1;2015-01;0.9440988835725678;31084
2;2016-01;0.8236363636363636;31084
3;2017-01;0.7341176470588235;31084
4;2018-01;0.7749509803921568;31084
5;2019-01;0.8262330316742081;31084
6;2020-01;0.8687717313646106;31084
7;2021-01;0.9287717313646106;31084
8;2022-01;0.9203441295546557;31084
9;2023-01;0.9253441295546558;31084
10;2024-01;0.8852392344497607;31084
0;2015-01;1.0;31046
1;2016-01;;31046
2;2017-01;;31046
3;2018-01;;31046
4;2019-01;1.0;31046
5;2020-01;1.0;31046
6;2021-01;;31046
7;2022-01;;31046
8;2023-01;1.0;31046
9;2024-01;1.0;31046
0;2014-01;0.7999999999999999;31072
1;2015-01;0.5125;31072
2;2016-01;0.5233333333333333;31072
3;2017-01;0.5645098039215687;31072
4;2018-01;0.7245098039215686;31072
5;2019-01;0.6488795518207283;31072
6;2020-01;0.6324929971988796;31072
7;2021-01;0.573109243697479;31072
8;2022-01;0.5714285714285714;31072
9;2023-01;0.5285714285714286;31072
10;2024-01;0.5964285714285714;31072
0;2014-01;0.729310924369748;50001
1;2015-01;0.6695187165775401;50001
2;2016-01;0.7317035905271199;50001
3;2017-01;0.7197402597402597;50001
4;2018-01;0.7396536796536797;50001
5;2019-01;0.7357142857142858;50001
6;2020-01;0.6840896358543417;50001
7;2021-01;0.6974229691876751;50001
8;2022-01;0.6742232277526395;50001
9;2023-01;0.7483559577677225;50001
10;2024-01;0.810920060331825;50001
0;2014-01;0.6364801864801864;50003
1;2015-01;0.5512154512154511;50003
2;2016-01;0.39164169164169166;50003
3;2017-01;0.44099234099234097;50003
4;2018-01;0.38377289377289375;50003
5;2019-01;0.40710622710622707;50003
6;2020-01;0.5018681318681318;50003
7;2021-01;0.6212698412698413;50003
8;2022-01;0.7388888888888888;50003
9;2023-01;0.65;50003
10;2024-01;0.6458333333333333;50003
0;2014-01;0.5;50004
1;2015-01;0.2857142857142857;50004
2;2016-01;0.49523809523809526;50004
3;2017-01;0.6;50004
4;2018-01;0.375;50004
5;2019-01;0.5416666666666666;50004
6;2020-01;0.7083333333333334;50004
7;2021-01;0.8333333333333334;50004
8;2022-01;0.8666666666666666;50004
9;2023-01;1.0;50004
10;2024-01;1.0;50004
0;2014-01;0.8387301587301588;15006
1;2015-01;0.8444444444444444;15006
2;2016-01;0.9777777777777779;15006
3;2017-01;0.9800000000000001;15006
4;2018-01;0.8618181818181817;15006
5;2019-01;0.7518181818181818;15006
6;2020-01;0.8361290322580646;15006
7;2021-01;0.8238914865220668;15006
8;2022-01;0.8746658972964776;15006
9;2023-01;0.8516395815070039;15006
10;2024-01;0.7192253275869575;15006
0;2014-01;0.2753246753246753;15003
1;2015-01;0.3451659451659451;15003
2;2016-01;0.4126984126984127;15003
3;2017-01;0.37523809523809526;15003
4;2018-01;0.37671957671957673;15003
5;2019-01;0.40753968253968254;15003
6;2020-01;0.4481481481481482;15003
7;2021-01;0.46111111111111114;15003
8;2022-01;0.6111111111111112;15003
9;2023-01;0.7;15003
10;2024-01;0.7892857142857143;15003
0;2014-01;0.6354166666666667;15002
1;2015-01;0.5791666666666666;15002
2;2016-01;0.56875;15002
3;2017-01;0.5566666666666666;15002
4;2018-01;0.47333333333333333;15002
5;2019-01;0.6;15002
6;2020-01;0.625;15002
7;2021-01;0.6071428571428572;15002
8;2022-01;0.5714285714285714;15002
9;2023-01;0.5595238095238095;15002
10;2024-01;0.7380952380952381;15002
0;2014-01;0.7777777777777778;25002
1;2015-01;0.6666666666666666;25002
2;2016-01;0.6;25002
3;2017-01;1.0;25002
4;2018-01;0.775;25002
5;2019-01;0.6833333333333332;25002
6;2020-01;0.17222222222222225;25002
7;2021-01;0.48333333333333334;25002
8;2022-01;0.2611111111111111;25002
9;2023-01;0.6388888888888888;25002
10;2024-01;0.8333333333333333;25002
0;2014-01;0.8476190476190476;25001
1;2015-01;0.841468253968254;25001
2;2016-01;0.816468253968254;25001
3;2017-01;0.8103174603174603;25001
4;2018-01;0.8019841269841269;25001
5;2019-01;0.8138888888888889;25001
6;2020-01;0.8329365079365079;25001
7;2021-01;0.8492063492063492;25001
8;2022-01;0.8714285714285713;25001
9;2023-01;0.8992063492063492;25001
10;2024-01;0.8808302808302809;25001
0;2014-01;0.3333333333333333;25005
1;2015-01;0.3333333333333333;25005
2;2016-01;0.3333333333333333;25005
3;2017-01;0.3333333333333333;25005
4;2018-01;0.3333333333333333;25005
5;2019-01;0.5555555555555555;25005
6;2020-01;0.5555555555555555;25005
7;2021-01;0.3333333333333333;25005
8;2022-01;0.3333333333333333;25005
9;2023-01;0.6666666666666666;25005
10;2024-01;0.6666666666666666;25005
0;2014-01;0.6378968253968254;26003
1;2015-01;0.5248015873015873;26003
2;2016-01;0.6063492063492063;26003
3;2017-01;0.7296130952380953;26003
4;2018-01;0.714047619047619;26003
5;2019-01;0.7807142857142857;26003
6;2020-01;0.875;26003
7;2021-01;0.9194444444444445;26003
8;2022-01;0.8244444444444443;26003
9;2023-01;0.7644444444444444;26003
10;2024-01;0.7858585858585858;26003
0;2014-01;0.8806000701730147;26010
1;2015-01;0.8858196741115034;26010
2;2016-01;0.8998752405967373;26010
3;2017-01;0.8631788588500656;26010
4;2018-01;0.8900607053052919;26010
5;2019-01;0.8928077437545163;26010
6;2020-01;0.9091493436563146;26010
7;2021-01;0.9206076199901039;26010
8;2022-01;0.9305611083621969;26010
9;2023-01;0.9254883720930233;26010
10;2024-01;0.9355823849579415;26010
0;2014-01;0.8333333333333334;22011
1;2015-01;0.875;22011
2;2016-01;0.9;22011
3;2017-01;0.7222222222222222;22011
4;2018-01;0.7222222222222222;22011
5;2019-01;0.7222222222222222;22011
6;2020-01;1.0;22011
7;2021-01;0.75;22011
8;2022-01;0.8333333333333334;22011
9;2023-01;0.8333333333333334;22011
10;2024-01;0.8333333333333334;22011
0;2014-01;0.625;22003
1;2015-01;0.75;22003
2;2016-01;0.5;22003
3;2017-01;0.4166666666666667;22003
4;2018-01;0.5625;22003
5;2019-01;0.5833333333333334;22003
6;2020-01;0.5833333333333334;22003
7;2021-01;0.5833333333333334;22003
8;2022-01;0.5833333333333334;22003
9;2023-01;0.8333333333333334;22003
10;2024-01;0.8333333333333334;22003
0;2014-01;0.684014157014157;41002
1;2015-01;0.677055671055671;41002
2;2016-01;0.704957264957265;41002
3;2017-01;0.7334188034188034;41002
4;2018-01;0.7879939668174962;41002
5;2019-01;0.8685067873303167;41002
6;2020-01;0.8677310924369748;41002
7;2021-01;0.8754201680672269;41002
8;2022-01;0.8589050688768658;41002
9;2023-01;0.8453531400106742;41002
10;2024-01;0.8530805115736623;41002
0;2014-01;0.4079493087557603;41010
1;2015-01;0.3388095238095238;41010
2;2016-01;0.43714285714285717;41010
3;2017-01;0.5988095238095238;41010
4;2018-01;0.6704761904761904;41010
5;2019-01;0.73;41010
6;2020-01;0.8;41010
7;2021-01;0.75;41010
8;2022-01;0.7583333333333333;41010
9;2023-01;0.805;41010
10;2024-01;0.8550000000000001;41010
0;2014-01;0.7398013750954927;41015
1;2015-01;0.8294117647058824;41015
2;2016-01;0.8714285714285713;41015
3;2017-01;0.975;41015
4;2018-01;0.8;41015
5;2019-01;0.85;41015
6;2020-01;0.8800000000000001;41015
7;2021-01;0.8699999999999999;41015
8;2022-01;0.9400000000000001;41015
9;2023-01;0.9257142857142856;41015
10;2024-01;0.9857142857142858;41015
0;2014-01;0.7172619047619048;41008
1;2015-01;0.8261904761904761;41008
2;2016-01;0.7718125960061444;41008
3;2017-01;0.747983870967742;41008
4;2018-01;0.469758064516129;41008
5;2019-01;0.5293548387096775;41008
6;2020-01;0.47623655913978497;41008
7;2021-01;0.5211111111111111;41008
8;2022-01;0.5088888888888888;41008
9;2023-01;0.5466666666666666;41008
10;2024-01;0.7066666666666667;41008
0;2014-01;0.5208974358974359;41017
1;2015-01;0.605;41017
2;2016-01;0.6433333333333333;41017
3;2017-01;0.6178070175438596;41017
4;2018-01;0.8078070175438598;41017
5;2019-01;0.7893137945197441;41017
6;2020-01;0.8013507430784319;41017
7;2021-01;0.7646397264063168;41017
8;2022-01;0.7376945373467112;41017
9;2023-01;0.7499213250517598;41017
10;2024-01;0.7628070175438596;41017
0;2014-01;0.5625;41014
1;2015-01;0.7083333333333334;41014
2;2016-01;0.7083333333333334;41014
3;2017-01;0.75;41014
4;2018-01;0.8333333333333334;41014
5;2019-01;0.875;41014
6;2020-01;0.875;41014
7;2021-01;0.875;41014
8;2022-01;0.9;41014
9;2023-01;0.9;41014
10;2024-01;1.0;41014
0;2014-01;0.8333333333333334;41018
1;2015-01;0.8333333333333334;41018
2;2016-01;0.8333333333333334;41018
3;2017-01;0.8333333333333334;41018
4;2018-01;1.0;41018
5;2019-01;1.0;41018
6;2020-01;0.7222222222222222;41018
7;2021-01;0.7916666666666666;41018
8;2022-01;0.7916666666666666;41018
9;2023-01;0.7916666666666666;41018
10;2024-01;0.7916666666666666;41018
0;2014-01;0.3444444444444444;41005
1;2015-01;0.5;41005
2;2016-01;0.4777777777777778;41005
3;2017-01;0.5583333333333333;41005
4;2018-01;0.725;41005
5;2019-01;0.73;41005
6;2020-01;0.7291666666666666;41005
7;2021-01;0.9166666666666666;41005
8;2022-01;0.7666666666666666;41005
9;2023-01;0.7083333333333333;41005
10;2024-01;0.5833333333333334;41005
0;2014-01;0.45238095238095233;41007
1;2015-01;0.5714285714285714;41007
2;2016-01;0.5476190476190476;41007
3;2017-01;0.6607142857142857;41007
4;2018-01;0.7916666666666666;41007
5;2019-01;0.8333333333333333;41007
6;2020-01;0.9166666666666666;41007
7;2021-01;0.7083333333333333;41007
8;2022-01;0.625;41007
9;2023-01;0.5535714285714286;41007
10;2024-01;0.7023809523809524;41007
0;2014-01;0.5;41001
1;2015-01;0.5;41001
2;2016-01;0.5;41001
3;2017-01;0.5;41001
4;2018-01;0.5;41001
5;2019-01;0.6666666666666666;41001
6;2020-01;0.8125;41001
7;2021-01;0.6875;41001
8;2022-01;0.8125;41001
9;2023-01;0.875;41001
10;2024-01;0.8;41001
0;2014-01;0.7714285714285714;41003
1;2015-01;0.7761904761904762;41003
2;2016-01;0.9166666666666666;41003
3;2017-01;0.9166666666666666;41003
4;2018-01;1.0;41003
5;2019-01;1.0;41003
6;2020-01;0.8699999999999999;41003
7;2021-01;0.77;41003
8;2022-01;0.7958333333333334;41003
9;2023-01;0.7333333333333333;41003
10;2024-01;0.8333333333333333;41003
0;2014-01;0.8;41011
1;2015-01;0.7;41011
2;2016-01;0.75;41011
3;2017-01;0.5;41011
4;2018-01;1.0;41011
5;2019-01;0.75;41011
6;2020-01;0.6904761904761904;41011
7;2021-01;0.7678571428571428;41011
8;2022-01;0.7321428571428572;41011
9;2023-01;0.7571428571428571;41011
10;2024-01;0.7571428571428571;41011
0;2014-01;0.55;41020
1;2015-01;0.39333333333333337;41020
2;2016-01;0.5266666666666666;41020
3;2017-01;0.4866666666666667;41020
4;2018-01;0.6066666666666667;41020
5;2019-01;0.6066666666666667;41020
6;2020-01;0.5458333333333334;41020
7;2021-01;0.6866666666666668;41020
8;2022-01;0.8333333333333334;41020
9;2023-01;0.8958333333333334;41020
10;2024-01;0.8833333333333332;41020
0;2014-01;0.625;41006
1;2015-01;0.75;41006
2;2016-01;0.8125;41006
3;2017-01;0.85;41006
4;2018-01;0.85;41006
5;2019-01;0.85;41006
6;2020-01;0.85;41006
7;2021-01;0.85;41006
8;2022-01;0.85;41006
9;2023-01;0.8222222222222222;41006
10;2024-01;0.8222222222222222;41006
0;2014-01;0.5138888888888888;14001
1;2015-01;0.5833333333333334;14001
2;2016-01;0.4444444444444444;14001
3;2017-01;0.5833333333333333;14001
4;2018-01;0.7666666666666666;14001
5;2019-01;0.6666666666666666;14001
6;2020-01;0.6666666666666667;14001
7;2021-01;0.7666666666666667;14001
8;2022-01;0.6799999999999999;14001
9;2023-01;0.7533333333333333;14001
10;2024-01;0.7533333333333333;14001
0;2014-01;1.0;14002
1;2015-01;1.0;14002
2;2016-01;1.0;14002
3;2017-01;1.0;14002
4;2018-01;1.0;14002
5;2019-01;1.0;14002
6;2020-01;1.0;14002
7;2021-01;1.0;14002
8;2022-01;0.9;14002
9;2023-01;0.8666666666666667;14002
10;2024-01;0.7999999999999999;14002
0;2014-01;0.6944444444444445;43014
1;2015-01;0.6666666666666666;43014
2;2016-01;0.5416666666666666;43014
3;2017-01;0.75;43014
4;2018-01;0.6666666666666666;43014
5;2019-01;0.7;43014
6;2020-01;0.625;43014
7;2021-01;0.625;43014
8;2022-01;0.7;43014
9;2023-01;0.65;43014
10;2024-01;0.6541666666666667;43014
0;2014-01;0.9523809523809524;43027
1;2015-01;0.9642857142857143;43027
2;2016-01;0.8305471124620061;43027
3;2017-01;0.9627659574468085;43027
4;2018-01;0.9437352245862884;43027
5;2019-01;0.8715130023640661;43027
6;2020-01;0.8780141843971631;43027
7;2021-01;0.8472813238770686;43027
8;2022-01;0.9111111111111111;43027
9;2023-01;0.9111111111111111;43027
10;2024-01;0.85;43027
0;2014-01;0.8333333333333334;43004
1;2015-01;0.625;43004
2;2016-01;1.0;43004
3;2017-01;0.625;43004
4;2018-01;0.625;43004
5;2019-01;0.5833333333333334;43004
6;2020-01;0.8333333333333334;43004
7;2021-01;0.8690476190476191;43004
8;2022-01;0.6785714285714285;43004
9;2023-01;0.6785714285714285;43004
10;2024-01;0.5476190476190476;43004
0;2014-01;0.9833333333333332;43023
1;2015-01;0.961111111111111;43023
2;2016-01;0.8988888888888888;43023
3;2017-01;0.8988888888888888;43023
4;2018-01;0.9155555555555555;43023
5;2019-01;0.9333333333333333;43023
6;2020-01;1.0;43023
7;2021-01;0.975;43023
8;2022-01;0.95;43023
9;2023-01;0.9083333333333332;43023
10;2024-01;0.8797619047619047;43023
0;2014-01;0.5557486631016043;43001
1;2015-01;0.616949961802903;43001
2;2016-01;0.6304038281979458;43001
3;2017-01;0.7009920634920634;43001
4;2018-01;0.6328968253968255;43001
5;2019-01;0.6418578643578643;43001
6;2020-01;0.6735497835497835;43001
7;2021-01;0.6927561327561328;43001
8;2022-01;0.5837662337662338;43001
9;2023-01;0.6256854256854256;43001
10;2024-01;0.6161616161616161;43001
0;2014-01;0.7951077187919293;43010
1;2015-01;0.8413376701942944;43010
2;2016-01;0.8387096938821077;43010
3;2017-01;0.9392739444463583;43010
4;2018-01;0.9641443476749704;43010
5;2019-01;0.9479043533238076;43010
6;2020-01;0.9304308208992236;43010
7;2021-01;0.948029038284675;43010
8;2022-01;0.9449604789370459;43010
9;2023-01;0.9554576156703817;43010
10;2024-01;0.9015021637881608;43010
0;2014-01;0.5384465371001135;43008
1;2015-01;0.6166045548654244;43008
2;2016-01;0.5458741905642923;43008
3;2017-01;0.6622253057868229;43008
4;2018-01;0.6868424298489053;43008
5;2019-01;0.5667001548413622;43008
6;2020-01;0.5645765169684795;43008
7;2021-01;0.5655937812245048;43008
8;2022-01;0.6181723180155653;43008
9;2023-01;0.603516761543327;43008
10;2024-01;0.6698617511520737;43008
0;2014-01;0.8833333333333334;43017
1;2015-01;0.7666666666666666;43017
2;2016-01;0.8333333333333333;43017
3;2017-01;0.8333333333333334;43017
4;2018-01;0.8833333333333334;43017
5;2019-01;0.85;43017
6;2020-01;0.8630952380952381;43017
7;2021-01;0.9130952380952382;43017
8;2022-01;0.8833333333333332;43017
9;2023-01;0.7944444444444444;43017
10;2024-01;0.836111111111111;43017
0;2014-01;0.9555555555555555;43028
1;2015-01;0.9;43028
2;2016-01;0.9;43028
3;2017-01;0.9;43028
4;2018-01;0.8;43028
5;2019-01;0.6833333333333333;43028
6;2020-01;0.7833333333333333;43028
7;2021-01;0.7833333333333333;43028
8;2022-01;0.75;43028
9;2023-01;0.9;43028
10;2024-01;0.75;43028
0;2014-01;0.3568690702087286;43007
1;2015-01;0.319982174688057;43007
2;2016-01;0.37454545454545457;43007
3;2017-01;0.5390151515151516;43007
4;2018-01;0.5412121212121213;43007
5;2019-01;0.648049728049728;43007
6;2020-01;0.749059829059829;43007
7;2021-01;0.784957264957265;43007
8;2022-01;0.7838461538461539;43007
9;2023-01;0.8747863247863247;43007
10;2024-01;0.8877777777777778;43007
0;2014-01;0.75;43005
1;2015-01;0.8333333333333334;43005
2;2016-01;0.6666666666666666;43005
3;2017-01;0.5;43005
4;2018-01;0.75;43005
5;2019-01;0.611111111111111;43005
6;2020-01;0.7083333333333333;43005
7;2021-01;0.75;43005
8;2022-01;0.6041666666666666;43005
9;2023-01;0.29166666666666663;43005
10;2024-01;0.5277777777777778;43005
0;2014-01;1.0;43016
1;2015-01;0.875;43016
2;2016-01;0.9;43016
3;2017-01;0.9;43016
4;2018-01;0.875;43016
5;2019-01;0.7333333333333333;43016
6;2020-01;0.7333333333333333;43016
7;2021-01;0.5666666666666667;43016
8;2022-01;0.6666666666666667;43016
9;2023-01;0.8;43016
10;2024-01;0.8;43016
0;2014-01;0.9722222222222222;43026
1;2015-01;0.9791666666666666;43026
2;2016-01;0.875;43026
3;2017-01;0.875;43026
4;2018-01;1.0;43026
5;2019-01;0.9333333333333332;43026
6;2020-01;0.9333333333333332;43026
7;2021-01;0.9333333333333332;43026
8;2022-01;0.9333333333333332;43026
9;2023-01;0.7083333333333333;43026
10;2024-01;0.7083333333333334;43026
0;2014-01;0.9457142857142857;43029
1;2015-01;0.9857142857142858;43029
2;2016-01;0.975;43029
3;2017-01;0.95;43029
4;2018-01;0.8833333333333332;43029
5;2019-01;0.8333333333333333;43029
6;2020-01;0.8333333333333333;43029
7;2021-01;0.8333333333333333;43029
8;2022-01;0.6833333333333333;43029
9;2023-01;0.7833333333333333;43029
10;2024-01;0.85;43029
0;2014-01;0.4828571428571428;43021
1;2015-01;0.64;43021
2;2016-01;0.8;43021
3;2017-01;0.85;43021
4;2018-01;0.8833333333333334;43021
5;2019-01;0.95;43021
6;2020-01;0.8166666666666667;43021
7;2021-01;0.7166666666666666;43021
8;2022-01;0.6266666666666667;43021
9;2023-01;0.6516666666666666;43021
10;2024-01;0.8083333333333333;43021
0;2014-01;0.9333333333333332;43002
1;2015-01;0.9333333333333333;43002
2;2016-01;0.9166666666666666;43002
3;2017-01;0.9166666666666666;43002
4;2018-01;0.9166666666666666;43002
5;2019-01;1.0;43002
6;2020-01;1.0;43002
7;2021-01;1.0;43002
8;2022-01;1.0;43002
9;2023-01;1.0;43002
10;2024-01;1.0;43002
0;2014-01;0.7785714285714286;43011
1;2015-01;0.7285714285714286;43011
2;2016-01;0.4166666666666667;43011
3;2017-01;0.5233333333333333;43011
4;2018-01;0.6100000000000001;43011
5;2019-01;0.537843137254902;43011
6;2020-01;0.5481045751633987;43011
7;2021-01;0.656437908496732;43011
8;2022-01;0.736437908496732;43011
9;2023-01;0.7281045751633987;43011
10;2024-01;0.6247619047619047;43011
0;2014-01;0.75;43006
1;2015-01;0.5416666666666666;43006
2;2016-01;0.5666666666666667;43006
3;2017-01;0.5047619047619047;43006
4;2018-01;0.5952380952380952;43006
5;2019-01;0.6752380952380952;43006
6;2020-01;0.5185714285714285;43006
7;2021-01;0.44857142857142857;43006
8;2022-01;0.6033333333333333;43006
9;2023-01;0.5700000000000001;43006
10;2024-01;0.4118055555555556;43006
0;2014-01;0.6875;42013
1;2015-01;0.6875;42013
2;2016-01;0.7777777777777777;42013
3;2017-01;0.7777777777777778;42013
4;2018-01;0.7083333333333334;42013
5;2019-01;0.7666666666666667;42013
6;2020-01;0.7666666666666667;42013
7;2021-01;0.9;42013
8;2022-01;0.9;42013
9;2023-01;0.86;42013
10;2024-01;0.76;42013
0;2014-01;0.75;42002
1;2015-01;0.8166666666666667;42002
2;2016-01;0.8699999999999999;42002
3;2017-01;0.82;42002
4;2018-01;0.725;42002
5;2019-01;0.6799999999999999;42002
6;2020-01;0.8099999999999999;42002
7;2021-01;0.8166666666666667;42002
8;2022-01;0.8166666666666667;42002
9;2023-01;0.9666666666666666;42002
10;2024-01;0.8984848484848484;42002
0;2014-01;0.9010416666666666;42008
1;2015-01;0.8220029239766081;42008
2;2016-01;0.7201754385964912;42008
3;2017-01;0.7635672514619883;42008
4;2018-01;0.7324561403508772;42008
5;2019-01;0.8091228070175438;42008
6;2020-01;0.8607843137254901;42008
7;2021-01;0.8739186420836992;42008
8;2022-01;0.925051214515657;42008
9;2023-01;0.08588709115486991;42008
10;2024-01;0.29224674944604706;42008
0;2014-01;0.8333333333333334;42011
1;2015-01;0.6666666666666666;42011
2;2016-01;0.7333333333333333;42011
3;2017-01;0.7377777777777779;42011
4;2018-01;0.7694444444444445;42011
5;2019-01;0.8631944444444445;42011
6;2020-01;0.8939636752136753;42011
7;2021-01;0.8501709401709402;42011
8;2022-01;0.7988461538461539;42011
9;2023-01;0.5643473193473193;42011
10;2024-01;0.6774786324786325;42011
0;2014-01;0.907967032967033;42012
1;2015-01;0.8967032967032967;42012
2;2016-01;0.77003663003663;42012
3;2017-01;0.7911904761904762;42012
4;2018-01;0.8483333333333334;42012
5;2019-01;0.8233333333333335;42012
6;2020-01;0.8895402298850575;42012
7;2021-01;0.9180603448275862;42012
8;2022-01;0.9424117599219258;42012
9;2023-01;0.9121942288626576;42012
10;2024-01;0.9044417296979106;42012
0;2014-01;0.6660173160173161;42004
1;2015-01;0.5082972582972582;42004
2;2016-01;0.6016414141414141;42004
3;2017-01;0.7683080808080808;42004
4;2018-01;0.740530303030303;42004
5;2019-01;0.7291666666666666;42004
6;2020-01;0.7;42004
7;2021-01;0.775;42004
8;2022-01;0.78;42004
9;2023-01;0.6666666666666667;42004
10;2024-01;0.6416666666666667;42004
0;2014-01;0.6666666666666667;42005
1;2015-01;0.76;42005
2;2016-01;0.86;42005
3;2017-01;0.9;42005
4;2018-01;0.9214285714285715;42005
5;2019-01;0.8532467532467531;42005
6;2020-01;0.9007215007215006;42005
7;2021-01;0.8643578643578642;42005
8;2022-01;0.8297258297258298;42005
9;2023-01;0.8371600621600621;42005
10;2024-01;0.8500893550893551;42005
0;2014-01;0.6688672438672439;42006
1;2015-01;0.8441919191919192;42006
2;2016-01;0.8704545454545455;42006
3;2017-01;0.8840909090909091;42006
4;2018-01;0.865909090909091;42006
5;2019-01;0.7462121212121213;42006
6;2020-01;0.703030303030303;42006
7;2021-01;0.613030303030303;42006
8;2022-01;0.7340093240093241;42006
9;2023-01;0.5776223776223776;42006
10;2024-01;0.6763403263403263;42006
0;2014-01;0.8019871794871796;42007
1;2015-01;0.7945634920634921;42007
2;2016-01;0.8055975723622784;42007
3;2017-01;0.7920261437908497;42007
4;2018-01;0.7383081950729009;42007
5;2019-01;0.8151030668677727;42007
6;2020-01;0.807445809092868;42007
7;2021-01;0.8051183051183051;42007
8;2022-01;0.7545138105138105;42007
9;2023-01;0.8049337689337689;42007
10;2024-01;0.7724189547637824;42007
0;2014-01;0.29701754385964907;42001
1;2015-01;0.3625;42001
2;2016-01;0.4444444444444444;42001
3;2017-01;0.5833333333333334;42001
4;2018-01;0.5208333333333334;42001
5;2019-01;0.6166666666666667;42001
6;2020-01;0.6266666666666667;42001
7;2021-01;0.62;42001
8;2022-01;0.7;42001
9;2023-01;0.62;42001
10;2024-01;0.64;42001
0;2014-01;0.9583333333333334;42017
1;2015-01;0.9333333333333332;42017
2;2016-01;0.8333333333333334;42017
3;2017-01;0.9333333333333333;42017
4;2018-01;0.8933333333333333;42017
5;2019-01;0.8666666666666667;42017
6;2020-01;0.6916666666666667;42017
7;2021-01;0.6916666666666667;42017
8;2022-01;0.6533333333333333;42017
9;2023-01;0.7333333333333333;42017
10;2024-01;0.8;42017
0;2014-01;0.3007936507936508;42016
1;2015-01;0.4685714285714286;42016
2;2016-01;0.6607142857142857;42016
3;2017-01;0.5416666666666666;42016
4;2018-01;0.6875;42016
5;2019-01;0.824404761904762;42016
6;2020-01;0.4817460317460317;42016
7;2021-01;0.5025252525252525;42016
8;2022-01;0.5343434343434343;42016
9;2023-01;0.46390572390572393;42016
10;2024-01;0.5353342953342953;42016
0;2014-01;0.7777777777777777;42003
1;2015-01;0.8333333333333333;42003
2;2016-01;0.5;42003
3;2017-01;0.5;42003
4;2018-01;0.6666666666666666;42003
5;2019-01;0.8888888888888888;42003
6;2020-01;0.9166666666666666;42003
7;2021-01;0.7888888888888889;42003
8;2022-01;0.788888888888889;42003
9;2023-01;0.7333333333333334;42003
10;2024-01;0.5746031746031746;42003
0;2014-01;0.8334160744147157;28001
1;2015-01;0.8370206823671497;28001
2;2016-01;0.8539196310935442;28001
3;2017-01;0.8998133509003073;28001
4;2018-01;0.8835002195871761;28001
5;2019-01;0.891010101010101;28001
6;2020-01;0.8763636363636363;28001
7;2021-01;0.9066666666666666;28001
8;2022-01;0.9312820512820513;28001
9;2023-01;0.9058852258852259;28001
10;2024-01;0.9058852258852259;28001
0;2014-01;0.6727272727272727;28006
1;2015-01;0.7666666666666667;28006
2;2016-01;0.5688888888888889;28006
3;2017-01;0.6688888888888889;28006
4;2018-01;0.6688888888888889;28006
5;2019-01;0.6577777777777778;28006
6;2020-01;0.6577777777777778;28006
7;2021-01;0.6577777777777778;28006
8;2022-01;0.4888888888888889;28006
9;2023-01;0.6138888888888889;28006
10;2024-01;0.8571428571428571;28006
0;2014-01;0.9466666666666667;28003
1;2015-01;0.9466666666666667;28003
2;2016-01;0.8121212121212121;28003
3;2017-01;0.7872727272727273;28003
4;2018-01;0.5612121212121213;28003
5;2019-01;0.5612121212121213;28003
6;2020-01;0.6812121212121213;28003
7;2021-01;0.8266666666666668;28003
8;2022-01;0.8266666666666668;28003
9;2023-01;0.96;28003
10;2024-01;1.0;28003
0;2014-01;0.453030303030303;28004
1;2015-01;0.5833333333333333;28004
2;2016-01;0.6166666666666667;28004
3;2017-01;0.7666666666666667;28004
4;2018-01;0.85;28004
5;2019-01;1.0;28004
6;2020-01;1.0;28004
7;2021-01;0.8666666666666667;28004
8;2022-01;0.7208333333333333;28004
9;2023-01;0.5733333333333334;28004
10;2024-01;0.6116666666666667;28004
0;2014-01;1.0;35074
1;2015-01;1.0;35074
2;2016-01;1.0;35074
3;2017-01;0.9333333333333332;35074
4;2018-01;0.6466666666666667;35074
5;2019-01;0.707936507936508;35074
6;2020-01;0.5095238095238095;35074
7;2021-01;0.3844155844155844;35074
8;2022-01;0.3905844155844156;35074
9;2023-01;0.4105627705627706;35074
10;2024-01;0.3416666666666667;35074
0;2014-01;0.6886363636363637;35172
1;2015-01;0.6446969696969698;35172
2;2016-01;0.6458333333333334;35172
3;2017-01;0.75;35172
4;2018-01;0.6666666666666666;35172
5;2019-01;1.0;35172
6;2020-01;0.8333333333333334;35172
7;2021-01;0.875;35172
8;2022-01;0.8125;35172
9;2023-01;0.65;35172
10;2024-01;0.65;35172
0;2014-01;0.9224941724941725;35021
1;2015-01;0.8388461538461538;35021
2;2016-01;0.8984615384615384;35021
3;2017-01;0.9538461538461538;35021
4;2018-01;0.9538461538461538;35021
5;2019-01;0.969927536231884;35021
6;2020-01;0.683695652173913;35021
7;2021-01;0.7460144927536232;35021
8;2022-01;0.7376811594202899;35021
9;2023-01;0.4459903381642512;35021
10;2024-01;0.6039613526570048;35021
0;2014-01;0.7125661375661376;35051
1;2015-01;0.7956349206349207;35051
2;2016-01;0.8345959595959596;35051
3;2017-01;0.8651515151515152;35051
4;2018-01;0.8976911976911977;35051
5;2019-01;0.27967865467865466;35051
6;2020-01;0.41350038850038845;35051
7;2021-01;0.5405982905982907;35051
8;2022-01;0.6167887667887668;35051
9;2023-01;0.5858722976370034;35051
10;2024-01;0.712569130216189;35051
0;2014-01;0.8921839080459769;35031
1;2015-01;0.852183908045977;35031
2;2016-01;0.7392894461859979;35031
3;2017-01;0.7574712643678161;35031
4;2018-01;0.5786973180076628;35031
5;2019-01;0.5786973180076628;35031
6;2020-01;0.711111111111111;35031
7;2021-01;0.8577777777777778;35031
8;2022-01;0.9333333333333332;35031
9;2023-01;0.9333333333333333;35031
10;2024-01;0.9333333333333333;35031
0;2014-01;0.8566666666666667;35071
1;2015-01;0.8466666666666667;35071
2;2016-01;0.85;35071
3;2017-01;0.85;35071
4;2018-01;0.95;35071
5;2019-01;0.925;35071
6;2020-01;0.9214285714285715;35071
7;2021-01;0.9214285714285714;35071
8;2022-01;0.8964285714285714;35071
9;2023-01;0.85;35071
10;2024-01;0.9;35071
0;2014-01;0.7729779411764706;35133
1;2015-01;0.4449789915966386;35133
2;2016-01;0.5544642857142857;35133
3;2017-01;0.32868589743589743;35133
4;2018-01;;35133
5;2019-01;0.125;35133
6;2020-01;;35133
7;2021-01;1.0;35133
8;2022-01;1.0;35133
9;2023-01;0.2857142857142857;35133
10;2024-01;0.4588744588744589;35133
0;2014-01;0.7078986919134931;35072
1;2015-01;0.6918883455941736;35072
2;2016-01;0.6585654816968416;35072
3;2017-01;0.5339645390070922;35072
4;2018-01;0.5069539007092199;35072
5;2019-01;0.6016666666666667;35072
6;2020-01;0.7033579638752052;35072
7;2021-01;0.7995402298850575;35072
8;2022-01;0.7688669950738916;35072
9;2023-01;0.7519918933712038;35072
10;2024-01;0.6517176115553398;35072
0;2014-01;0.4660164835164835;35161
1;2015-01;0.5842857142857143;35161
2;2016-01;0.4442857142857143;35161
3;2017-01;0.48839285714285713;35161
4;2018-01;0.6714285714285715;35161
5;2019-01;0.30000000000000004;35161
6;2020-01;0.16785714285714284;35161
7;2021-01;0.5095238095238095;35161
8;2022-01;0.5964285714285714;35161
9;2023-01;0.4135714285714286;35161
10;2024-01;0.5238095238095238;35161
0;2014-01;0.636969696969697;35151
1;2015-01;0.5583333333333333;35151
2;2016-01;0.5383333333333333;35151
3;2017-01;0.5383333333333333;35151
4;2018-01;0.5083333333333333;35151
5;2019-01;0.5166666666666666;35151
6;2020-01;0.5966666666666667;35151
7;2021-01;0.4533333333333333;35151
8;2022-01;0.28222222222222226;35151
9;2023-01;0.37083333333333335;35151
10;2024-01;0.575;35151
0;2014-01;0.37554945054945055;35013
1;2015-01;0.2988095238095238;35013
2;2016-01;0.35357142857142854;35013
3;2017-01;0.34206349206349207;35013
4;2018-01;0.2373015873015873;35013
5;2019-01;0.24384920634920632;35013
6;2020-01;0.3578373015873016;35013
7;2021-01;0.5494505494505495;35013
8;2022-01;0.47838675213675214;35013
9;2023-01;0.48598290598290594;35013
10;2024-01;0.4050472334682861;35013
0;2014-01;0.6995299145299145;35041
1;2015-01;0.663888888888889;35041
2;2016-01;0.6083333333333333;35041
3;2017-01;0.553030303030303;35041
4;2018-01;0.5424901185770751;35041
5;2019-01;0.6032995989517729;35041
6;2020-01;0.6069042471216385;35041
7;2021-01;0.6700049547875635;35041
8;2022-01;0.6028892604979561;35041
9;2023-01;0.6858286755802284;35041
10;2024-01;0.701058201058201;35041
0;2014-01;0.9514285714285714;35141
1;2015-01;0.9114285714285714;35141
2;2016-01;0.6785714285714286;35141
3;2017-01;0.75;35141
4;2018-01;0.7666666666666667;35141
5;2019-01;0.7666666666666667;35141
6;2020-01;0.7445238095238096;35141
7;2021-01;0.8778571428571429;35141
8;2022-01;0.9349999999999999;35141
9;2023-01;0.9099999999999999;35141
10;2024-01;0.9199999999999999;35141
0;2014-01;0.48898588005098975;35011
1;2015-01;0.5025909968676442;35011
2;2016-01;0.5122298736405995;35011
3;2017-01;0.5510779486221034;35011
4;2018-01;0.6507222928308687;35011
5;2019-01;0.6831099968962975;35011
6;2020-01;0.5060385949182213;35011
7;2021-01;0.5535586533626693;35011
8;2022-01;0.6422758628553186;35011
9;2023-01;0.4413495255110707;35011
10;2024-01;0.47476620344468856;35011
0;2014-01;0.4947252747252747;35163
1;2015-01;0.504089068825911;35163
2;2016-01;0.6364473684210527;35163
3;2017-01;0.703312693498452;35163
4;2018-01;0.6366193670450636;35163
5;2019-01;0.6373383212934296;35163
6;2020-01;0.7191905480140774;35163
7;2021-01;0.5608287104498471;35163
8;2022-01;0.5524931189337969;35163
9;2023-01;0.4911926491587509;35163
10;2024-01;0.5429100391134289;35163
0;2014-01;0.7;35171
1;2015-01;0.7133333333333333;35171
2;2016-01;0.7428571428571429;35171
3;2017-01;0.8428571428571429;35171
4;2018-01;0.9178571428571429;35171
5;2019-01;0.9428571428571428;35171
6;2020-01;0.9576086956521739;35171
7;2021-01;0.869855072463768;35171
8;2022-01;0.7779988851727981;35171
9;2023-01;0.7992809364548494;35171
10;2024-01;0.7786375638091885;35171
0;2014-01;0.8523982683982684;35064
1;2015-01;0.7943722943722944;35064
2;2016-01;0.740952380952381;35064
3;2017-01;0.7742857142857142;35064
4;2018-01;0.8042857142857143;35064
5;2019-01;0.8733333333333334;35064
6;2020-01;0.845;35064
7;2021-01;0.8443181818181819;35064
8;2022-01;0.746439393939394;35064
9;2023-01;0.7149009324009323;35064
10;2024-01;0.6787745587745587;35064
0;2014-01;0.7767857142857143;35022
1;2015-01;0.6547619047619048;35022
2;2016-01;1.0;35022
3;2017-01;1.0;35022
4;2018-01;0.65;35022
5;2019-01;0.7666666666666666;35022
6;2020-01;0.6;35022
7;2021-01;0.625;35022
8;2022-01;0.575;35022
9;2023-01;0.5666666666666667;35022
10;2024-01;0.75;35022
0;2014-01;0.5690907769213289;35014
1;2015-01;0.546009497485749;35014
2;2016-01;0.4154624770723842;35014
3;2017-01;0.42666574539639557;35014
4;2018-01;0.3919962743492155;35014
5;2019-01;0.48965095853141394;35014
6;2020-01;0.5108239915883003;35014
7;2021-01;0.5635794424991725;35014
8;2022-01;0.5295715043089386;35014
9;2023-01;0.464454233598082;35014
10;2024-01;0.49875223022025345;35014
0;2014-01;0.75;35121
1;2015-01;1.0;35121
2;2016-01;1.0;35121
3;2017-01;1.0;35121
4;2018-01;1.0;35121
5;2019-01;0.9;35121
6;2020-01;0.8285714285714285;35121
7;2021-01;0.7695238095238095;35121
8;2022-01;0.6261904761904762;35121
9;2023-01;0.5904761904761905;35121
10;2024-01;0.40952380952380957;35121
0;2014-01;0.3700835296637396;35103
1;2015-01;0.4987192118226601;35103
2;2016-01;0.5542857142857143;35103
3;2017-01;0.6428571428571428;35103
4;2018-01;0.6063936063936064;35103
5;2019-01;0.6651148851148851;35103
6;2020-01;0.712972027972028;35103
7;2021-01;0.6419193963930806;35103
8;2022-01;0.6514055624009858;35103
9;2023-01;0.7797254004576659;35103
10;2024-01;0.8181121281464531;35103
0;2014-01;0.5267628205128205;35112
1;2015-01;0.5502564102564103;35112
2;2016-01;0.6298717948717949;35112
3;2017-01;0.5243589743589744;35112
4;2018-01;0.6076923076923078;35112
5;2019-01;0.8;35112
6;2020-01;0.8400000000000001;35112
7;2021-01;0.8714285714285713;35112
8;2022-01;0.9;35112
9;2023-01;0.9;35112
10;2024-01;1.0;35112
0;2014-01;0.4790822510822511;35132
1;2015-01;0.6248484848484849;35132
2;2016-01;0.6354061624649859;35132
3;2017-01;0.6933409727527374;35132
4;2018-01;0.6516424751718869;35132
5;2019-01;0.7532111026228673;35132
6;2020-01;0.7835497835497836;35132
7;2021-01;0.7921212121212121;35132
8;2022-01;0.838974358974359;35132
9;2023-01;0.8323076923076924;35132
10;2024-01;0.8687749287749288;35132
0;2014-01;0.5772109761583446;35015
1;2015-01;0.591618790566159;35015
2;2016-01;0.7046259880470407;35015
3;2017-01;0.7256503438082385;35015
4;2018-01;0.7532812612224377;35015
5;2019-01;0.6279958434986898;35015
6;2020-01;0.652988396693494;35015
7;2021-01;0.6771094348009875;35015
8;2022-01;0.6727188197089394;35015
9;2023-01;0.7095034280094976;35015
10;2024-01;0.5889877405619535;35015
0;2014-01;0.55;35142
1;2015-01;0.6875;35142
2;2016-01;0.8125;35142
3;2017-01;0.8125;35142
4;2018-01;0.6666666666666666;35142
5;2019-01;0.76;35142
6;2020-01;0.6916666666666667;35142
7;2021-01;0.48333333333333334;35142
8;2022-01;0.5166666666666667;35142
9;2023-01;0.39428571428571424;35142
10;2024-01;0.6845238095238095;35142
0;2014-01;0.5035511363636364;35155
1;2015-01;0.5798160173160173;35155
2;2016-01;0.5208333333333333;35155
3;2017-01;0.6577380952380952;35155
4;2018-01;0.6261904761904762;35155
5;2019-01;0.6011904761904762;35155
6;2020-01;0.7;35155
7;2021-01;0.7882352941176471;35155
8;2022-01;0.7764705882352941;35155
9;2023-01;0.8689366515837105;35155
10;2024-01;0.8899321266968325;35155
0;2014-01;0.6763158144164503;35016
1;2015-01;0.6898530540389284;35016
2;2016-01;0.6296485680252425;35016
3;2017-01;0.6302350744405889;35016
4;2018-01;0.6643745694909109;35016
5;2019-01;0.6953381179099739;35016
6;2020-01;0.7181724846511518;35016
7;2021-01;0.7283273776724833;35016
8;2022-01;0.6973541322626025;35016
9;2023-01;0.7220268466320195;35016
10;2024-01;0.7380719449716319;35016
0;2014-01;0.6666666666666666;27010
1;2015-01;0.6666666666666666;27010
2;2016-01;0.3333333333333333;27010
3;2017-01;0.3333333333333333;27010
4;2018-01;0.3333333333333333;27010
5;2019-01;0.3333333333333333;27010
6;2020-01;0.3333333333333333;27010
7;2021-01;0.3333333333333333;27010
8;2022-01;0.3333333333333333;27010
9;2023-01;0.3333333333333333;27010
10;2024-01;0.4298245614035088;27010
0;2014-01;0.6666666666666666;16003
1;2015-01;0.6666666666666666;16003
2;2016-01;0.6666666666666666;16003
3;2017-01;0.6666666666666666;16003
4;2018-01;0.7777777777777778;16003
5;2019-01;1.0;16003
6;2020-01;1.0;16003
7;2021-01;1.0;16003
8;2022-01;0.9166666666666666;16003
9;2023-01;0.8333333333333333;16003
10;2024-01;0.7777777777777777;16003
0;2014-01;0.5933333333333333;29006
1;2015-01;0.7266666666666667;29006
2;2016-01;0.6333333333333333;29006
3;2017-01;0.55;29006
4;2018-01;0.4666666666666667;29006
5;2019-01;0.5625;29006
6;2020-01;0.5708333333333333;29006
7;2021-01;0.6033333333333333;29006
8;2022-01;0.72;29006
9;2023-01;0.72;29006
10;2024-01;0.75;29006
0;2014-01;0.7222222222222222;29007
1;2015-01;0.7083333333333333;29007
2;2016-01;0.7666666666666666;29007
3;2017-01;0.8666666666666666;29007
4;2018-01;0.8666666666666666;29007
5;2019-01;0.9333333333333332;29007
6;2020-01;0.8666666666666666;29007
7;2021-01;0.9199999999999999;29007
8;2022-01;0.7733333333333333;29007
9;2023-01;0.8133333333333332;29007
10;2024-01;0.8133333333333332;29007
0;2014-01;0.625;29012
1;2015-01;0.7;29012
2;2016-01;0.72;29012
3;2017-01;0.7486111111111111;29012
4;2018-01;0.861111111111111;29012
5;2019-01;0.8833333333333334;29012
6;2020-01;0.9444444444444444;29012
7;2021-01;0.9638888888888889;29012
8;2022-01;0.8194444444444444;29012
9;2023-01;1.0;29012
10;2024-01;1.0;29012
0;2014-01;0.6228571428571429;29016
1;2015-01;0.6442857142857144;29016
2;2016-01;0.5442857142857143;29016
3;2017-01;0.6392857142857142;29016
4;2018-01;0.6476190476190476;29016
5;2019-01;0.5416666666666666;29016
6;2020-01;0.7083333333333334;29016
7;2021-01;0.7142857142857143;29016
8;2022-01;0.6785714285714286;29016
9;2023-01;0.7714285714285715;29016
10;2024-01;0.8428571428571429;29016
0;2014-01;0.7197429071737724;29020
1;2015-01;0.7356123359245571;29020
2;2016-01;0.6932999872562762;29020
3;2017-01;0.7412946158499698;29020
4;2018-01;0.8086269386995341;29020
5;2019-01;0.7670474927371479;29020
6;2020-01;0.8362718201338891;29020
7;2021-01;0.8433267651888341;29020
8;2022-01;0.8503906543906543;29020
9;2023-01;0.8083594134028917;29020
10;2024-01;0.8061625667712624;29020
0;2014-01;0.8833333333333332;29028
1;2015-01;0.8261904761904763;29028
2;2016-01;0.8357142857142857;29028
3;2017-01;0.8071428571428572;29028
4;2018-01;0.7404761904761905;29028
5;2019-01;0.7904761904761904;29028
6;2020-01;0.8761904761904761;29028
7;2021-01;0.9333333333333332;29028
8;2022-01;0.8666666666666666;29028
9;2023-01;0.9333333333333332;29028
10;2024-01;0.8666666666666666;29028
0;2014-01;0.4375;29001
1;2015-01;0.45;29001
2;2016-01;0.8333333333333334;29001
3;2017-01;0.8333333333333334;29001
4;2018-01;0.75;29001
5;2019-01;0.75;29001
6;2020-01;0.75;29001
7;2021-01;0.8125;29001
8;2022-01;0.7708333333333334;29001
9;2023-01;0.875;29001
10;2024-01;0.55;29001
0;2014-01;0.8125;29003
1;2015-01;0.9375;29003
2;2016-01;1.0;29003
3;2017-01;1.0;29003
4;2018-01;1.0;29003
5;2019-01;0.7222222222222222;29003
6;2020-01;0.7222222222222222;29003
7;2021-01;0.7222222222222222;29003
8;2022-01;0.7222222222222222;29003
9;2023-01;0.7083333333333334;29003
10;2024-01;0.65;29003
0;2014-01;0.6481481481481481;29014
1;2015-01;0.5902777777777778;29014
2;2016-01;0.625;29014
3;2017-01;0.375;29014
4;2018-01;0.25;29014
5;2019-01;0.625;29014
6;2020-01;0.75;29014
7;2021-01;0.6666666666666666;29014
8;2022-01;0.8333333333333334;29014
9;2023-01;0.875;29014
10;2024-01;0.75;29014
0;2014-01;0.5777777777777778;29026
1;2015-01;0.6888888888888888;29026
2;2016-01;0.8888888888888888;29026
3;2017-01;0.7916666666666666;29026
4;2018-01;1.0;29026
5;2019-01;0.875;29026
6;2020-01;0.875;29026
7;2021-01;0.875;29026
8;2022-01;0.9;29026
9;2023-01;0.8;29026
10;2024-01;0.625;29026
0;2014-01;0.5352564102564102;29025
1;2015-01;0.6128205128205128;29025
2;2016-01;0.6666666666666666;29025
3;2017-01;0.5833333333333333;29025
4;2018-01;0.5416666666666666;29025
5;2019-01;0.5833333333333333;29025
6;2020-01;0.7222222222222222;29025
7;2021-01;0.7916666666666666;29025
8;2022-01;0.8888888888888888;29025
9;2023-01;1.0;29025
10;2024-01;0.7416666666666667;29025
0;2014-01;;29019
1;2015-01;1.0;29019
2;2016-01;1.0;29019
3;2017-01;1.0;29019
4;2018-01;0.75;29019
5;2019-01;0.75;29019
6;2020-01;0.8333333333333334;29019
7;2021-01;0.875;29019
8;2022-01;1.0;29019
9;2023-01;1.0;29019
10;2024-01;0.8666666666666667;29019
0;2014-01;0.75;52005
1;2015-01;0.8333333333333334;52005
2;2016-01;0.875;52005
3;2017-01;0.8333333333333334;52005
4;2018-01;0.75;52005
5;2019-01;0.75;52005
6;2020-01;0.75;52005
7;2021-01;0.75;52005
8;2022-01;0.75;52005
9;2023-01;0.8333333333333334;52005
10;2024-01;0.7222222222222222;52005
0;2014-01;0.8283073279850773;52001
1;2015-01;0.8467298474945533;52001
2;2016-01;0.8114357298474946;52001
3;2017-01;0.8572175116292764;52001
4;2018-01;0.8874874874874875;52001
5;2019-01;0.8832103111514875;52001
6;2020-01;0.8850878189113484;52001
7;2021-01;0.8991268579503874;52001
8;2022-01;0.9207988886611554;52001
9;2023-01;0.9073307371729179;52001
10;2024-01;0.9084517546856141;52001
0;2014-01;0.6875;52004
1;2015-01;0.6875;52004
2;2016-01;0.75;52004
3;2017-01;0.5;52004
4;2018-01;0.5277777777777778;52004
5;2019-01;0.611111111111111;52004
6;2020-01;0.41666666666666663;52004
7;2021-01;0.41666666666666663;52004
8;2022-01;0.5833333333333333;52004
9;2023-01;0.7222222222222222;52004
10;2024-01;0.6805555555555556;52004
0;2014-01;0.4414252414252414;52015
1;2015-01;0.39312587054522535;52015
2;2016-01;0.4474281990411023;52015
3;2017-01;0.5283805799934832;52015
4;2018-01;0.4949462365591398;52015
5;2019-01;0.35935483870967744;52015
6;2020-01;0.4766666666666667;52015
7;2021-01;0.5433333333333333;52015
8;2022-01;0.45;52015
9;2023-01;0.6;52015
10;2024-01;0.6;52015
0;2014-01;0.6282051282051282;52016
1;2015-01;0.6282051282051282;52016
2;2016-01;0.6282051282051282;52016
3;2017-01;0.7777777777777778;52016
4;2018-01;0.8333333333333334;52016
5;2019-01;1.0;52016
6;2020-01;1.0;52016
7;2021-01;0.6666666666666666;52016
8;2022-01;0.75;52016
9;2023-01;0.8333333333333333;52016
10;2024-01;0.8666666666666666;52016
0;2014-01;0.7142857142857143;21013
1;2015-01;0.6428571428571428;21013
2;2016-01;0.6428571428571428;21013
3;2017-01;0.6428571428571428;21013
4;2018-01;0.5714285714285714;21013
5;2019-01;0.5714285714285714;21013
6;2020-01;0.5714285714285714;21013
7;2021-01;0.5714285714285714;21013
8;2022-01;0.5714285714285714;21013
9;2023-01;0.5714285714285714;21013
10;2024-01;0.5714285714285714;21013
0;2014-01;1.0;21015
1;2015-01;1.0;21015
2;2016-01;1.0;21015
3;2017-01;1.0;21015
4;2018-01;1.0;21015
5;2019-01;0.75;21015
6;2020-01;0.75;21015
7;2021-01;0.5;21015
8;2022-01;0.5;21015
9;2023-01;;21015
10;2024-01;;21015
0;2014-01;1.0;31068
1;2015-01;0.6666666666666666;31068
2;2016-01;0.7916666666666666;31068
3;2017-01;1.0;31068
4;2018-01;1.0;31068
5;2019-01;0.75;31068
6;2020-01;0.8333333333333334;31068
7;2021-01;0.75;31068
8;2022-01;0.5;31068
9;2023-01;1.0;31068
10;2024-01;1.0;31068
0;2014-01;0.5003846153846154;31013
1;2015-01;0.5603846153846154;31013
2;2016-01;0.745;31013
3;2017-01;0.8699999999999999;31013
4;2018-01;0.72;31013
5;2019-01;0.65;31013
6;2020-01;0.65;31013
7;2021-01;0.7;31013
8;2022-01;0.7;31013
9;2023-01;0.6875;31013
10;2024-01;0.5625;31013
0;2014-01;0.5396825396825397;31078
1;2015-01;0.6547619047619048;31078
2;2016-01;0.8214285714285714;31078
3;2017-01;0.7619047619047619;31078
4;2018-01;0.5952380952380952;31078
5;2019-01;0.8333333333333334;31078
6;2020-01;0.75;31078
7;2021-01;0.8333333333333334;31078
8;2022-01;0.5347222222222222;31078
9;2023-01;0.5438988095238095;31078
10;2024-01;0.35267857142857145;31078
0;2014-01;0.75;31036
1;2015-01;0.8;31036
2;2016-01;0.9;31036
3;2017-01;0.9047619047619048;31036
4;2018-01;0.9047619047619048;31036
5;2019-01;0.9047619047619048;31036
6;2020-01;0.9428571428571428;31036
7;2021-01;1.0;31036
8;2022-01;0.9375;31036
9;2023-01;0.95;31036
10;2024-01;0.95;31036
0;2014-01;0.6046176046176046;31021
1;2015-01;0.5474747474747474;31021
2;2016-01;0.6095238095238095;31021
3;2017-01;0.6095238095238095;31021
4;2018-01;0.7373015873015873;31021
5;2019-01;0.9930555555555556;31021
6;2020-01;0.9833333333333334;31021
7;2021-01;0.7900505050505051;31021
8;2022-01;0.7461616161616161;31021
9;2023-01;0.7933838383838384;31021
10;2024-01;0.8661111111111112;31021
0;2014-01;1.0;31015
1;2015-01;1.0;31015
2;2016-01;1.0;31015
3;2017-01;1.0;31015
4;2018-01;0.8541666666666666;31015
5;2019-01;0.9375;31015
6;2020-01;0.8541666666666666;31015
7;2021-01;0.8541666666666666;31015
8;2022-01;0.875;31015
9;2023-01;0.8333333333333334;31015
10;2024-01;0.9375;31015
0;2014-01;0.6838095238095238;31018
1;2015-01;0.7219047619047619;31018
2;2016-01;0.8514285714285714;31018
3;2017-01;0.8800000000000001;31018
4;2018-01;0.8966666666666667;31018
5;2019-01;0.9136363636363637;31018
6;2020-01;0.722121212121212;31018
7;2021-01;0.6954545454545455;31018
8;2022-01;0.5872727272727273;31018
9;2023-01;0.6987878787878788;31018
10;2024-01;0.5713553113553114;31018
0;2014-01;1.0;31085
1;2015-01;0.75;31085
2;2016-01;0.8333333333333334;31085
3;2017-01;0.875;31085
4;2018-01;1.0;31085
5;2019-01;1.0;31085
6;2020-01;0.75;31085
7;2021-01;0.5;31085
8;2022-01;0.75;31085
9;2023-01;;31085
10;2024-01;1.0;31085
0;2014-01;0.8888888888888888;31049
1;2015-01;0.8333333333333333;31049
2;2016-01;0.8333333333333333;31049
3;2017-01;1.0;31049
4;2018-01;1.0;31049
5;2019-01;0.75;31049
6;2020-01;0.8333333333333334;31049
7;2021-01;0.7916666666666666;31049
8;2022-01;0.7222222222222222;31049
9;2023-01;0.7916666666666666;31049
10;2024-01;0.8888888888888888;31049
0;2014-01;0.4154978354978355;15010
1;2015-01;0.49047619047619045;15010
2;2016-01;0.6222222222222222;15010
3;2017-01;0.4777777777777778;15010
4;2018-01;0.6;15010
5;2019-01;0.8;15010
6;2020-01;0.5888888888888889;15010
7;2021-01;0.41666666666666663;15010
8;2022-01;0.611111111111111;15010
9;2023-01;0.7521367521367521;15010
10;2024-01;0.5487179487179488;15010
0;2014-01;0.6571428571428571;15004
1;2015-01;0.6904761904761905;15004
2;2016-01;0.7708333333333333;15004
3;2017-01;0.8541666666666666;15004
4;2018-01;0.5833333333333334;15004
5;2019-01;0.4910714285714286;15004
6;2020-01;0.38095238095238093;15004
7;2021-01;0.4107142857142857;15004
8;2022-01;0.6833333333333332;15004
9;2023-01;0.35000000000000003;15004
10;2024-01;0.3055555555555556;15004
0;2014-01;0.6722222222222222;15008
1;2015-01;0.6708333333333333;15008
2;2016-01;0.6966666666666667;15008
3;2017-01;0.6583333333333333;15008
4;2018-01;0.6;15008
5;2019-01;0.5833333333333333;15008
6;2020-01;0.5666666666666667;15008
7;2021-01;0.6416666666666667;15008
8;2022-01;0.7214285714285714;15008
9;2023-01;0.6237012987012986;15008
10;2024-01;0.587012987012987;15008
0;2014-01;0.6011904761904762;15011
1;2015-01;0.8095238095238094;15011
2;2016-01;0.9166666666666666;15011
3;2017-01;0.9375;15011
4;2018-01;0.7777777777777777;15011
5;2019-01;0.7777777777777778;15011
6;2020-01;0.5555555555555555;15011
7;2021-01;0.5955882352941176;15011
8;2022-01;0.43235294117647055;15011
9;2023-01;0.6323529411764706;15011
10;2024-01;0.7124183006535948;15011
0;2014-01;0.611111111111111;25007
1;2015-01;0.7083333333333334;25007
2;2016-01;0.8333333333333334;25007
3;2017-01;0.8333333333333334;25007
4;2018-01;0.611111111111111;25007
5;2019-01;0.611111111111111;25007
6;2020-01;0.611111111111111;25007
7;2021-01;0.611111111111111;25007
8;2022-01;0.611111111111111;25007
9;2023-01;0.611111111111111;25007
10;2024-01;0.7083333333333334;25007
0;2014-01;0.41666666666666663;25006
1;2015-01;0.41666666666666663;25006
2;2016-01;0.41666666666666663;25006
3;2017-01;0.41666666666666663;25006
4;2018-01;0.41666666666666663;25006
5;2019-01;0.611111111111111;25006
6;2020-01;0.41666666666666663;25006
7;2021-01;0.611111111111111;25006
8;2022-01;0.5555555555555556;25006
9;2023-01;0.75;25006
10;2024-01;0.9;25006
0;2014-01;0.725;25009
1;2015-01;0.725;25009
2;2016-01;0.475;25009
3;2017-01;0.625;25009
4;2018-01;0.6;25009
5;2019-01;0.6;25009
6;2020-01;0.8333333333333334;25009
7;2021-01;0.9259259259259259;25009
8;2022-01;0.9166666666666666;25009
9;2023-01;0.7083333333333334;25009
10;2024-01;0.40740740740740744;25009
0;2014-01;0.9589285714285714;25016
1;2015-01;0.8839285714285714;25016
2;2016-01;0.8428571428571429;25016
3;2017-01;0.86;25016
4;2018-01;0.835;25016
5;2019-01;0.795;25016
6;2020-01;0.8164285714285715;25016
7;2021-01;0.8964285714285714;25016
8;2022-01;0.7827067669172931;25016
9;2023-01;0.6927067669172933;25016
10;2024-01;0.734561403508772;25016
0;2014-01;1.0;25011
1;2015-01;1.0;25011
2;2016-01;1.0;25011
3;2017-01;1.0;25011
4;2018-01;1.0;25011
5;2019-01;1.0;25011
6;2020-01;1.0;25011
7;2021-01;1.0;25011
8;2022-01;1.0;25011
9;2023-01;1.0;25011
10;2024-01;1.0;25011
0;2014-01;0.7083333333333334;26006
1;2015-01;0.71875;26006
2;2016-01;0.6875;26006
3;2017-01;0.71875;26006
4;2018-01;0.8333333333333334;26006
5;2019-01;0.625;26006
6;2020-01;0.4375;26006
7;2021-01;0.5625;26006
8;2022-01;0.65;26006
9;2023-01;0.5166666666666666;26006
10;2024-01;0.5208333333333333;26006
0;2014-01;0.6833333333333332;26008
1;2015-01;0.7888888888888889;26008
2;2016-01;0.875;26008
3;2017-01;0.6933333333333334;26008
4;2018-01;0.6166666666666666;26008
5;2019-01;0.29166666666666663;26008
6;2020-01;0.29166666666666663;26008
7;2021-01;0.43253968253968256;26008
8;2022-01;0.4255952380952381;26008
9;2023-01;0.4568452380952381;26008
10;2024-01;0.35158730158730156;26008
0;2014-01;0.875;26009
1;2015-01;0.9;26009
2;2016-01;0.9;26009
3;2017-01;0.96;26009
4;2018-01;0.9;26009
5;2019-01;0.7266666666666667;26009
6;2020-01;0.6849999999999999;26009
7;2021-01;0.6966666666666667;26009
8;2022-01;0.7666666666666666;26009
9;2023-01;0.7183333333333334;26009
10;2024-01;0.8583333333333334;26009
0;2014-01;0.5;26012
1;2015-01;0.5833333333333333;26012
2;2016-01;0.5833333333333333;26012
3;2017-01;0.41666666666666663;26012
4;2018-01;0.7222222222222222;26012
5;2019-01;0.7916666666666666;26012
6;2020-01;0.8333333333333333;26012
7;2021-01;0.8666666666666666;26012
8;2022-01;0.8666666666666666;26012
9;2023-01;0.8666666666666666;26012
10;2024-01;0.9333333333333332;26012
0;2014-01;0.8761904761904763;22004
1;2015-01;0.8928571428571429;22004
2;2016-01;0.9012820512820513;22004
3;2017-01;0.9346153846153846;22004
4;2018-01;0.9735042735042736;22004
5;2019-01;0.9722222222222221;22004
6;2020-01;0.9243700743700745;22004
7;2021-01;0.8770923520923521;22004
8;2022-01;0.9115800865800866;22004
9;2023-01;0.9282467532467532;22004
10;2024-01;0.9071428571428571;22004
0;2014-01;0.875;22005
1;2015-01;0.9;22005
2;2016-01;0.9;22005
3;2017-01;0.9;22005
4;2018-01;0.9;22005
5;2019-01;1.0;22005
6;2020-01;1.0;22005
7;2021-01;1.0;22005
8;2022-01;1.0;22005
9;2023-01;1.0;22005
10;2024-01;1.0;22005
0;2014-01;0.7941176470588236;22006
1;2015-01;0.8431372549019608;22006
2;2016-01;0.823529411764706;22006
3;2017-01;0.8039215686274509;22006
4;2018-01;0.6764705882352942;22006
5;2019-01;0.6764705882352942;22006
6;2020-01;0.6764705882352942;22006
7;2021-01;0.6764705882352942;22006
8;2022-01;0.6764705882352942;22006
9;2023-01;0.6764705882352942;22006
10;2024-01;0.29411764705882354;22006
0;2014-01;0.6955128205128205;41019
1;2015-01;0.6897435897435897;41019
2;2016-01;0.7;41019
3;2017-01;0.7;41019
4;2018-01;0.7083333333333334;41019
5;2019-01;0.7361111111111112;41019
6;2020-01;0.9583333333333334;41019
7;2021-01;1.0;41019
8;2022-01;0.875;41019
9;2023-01;0.875;41019
10;2024-01;0.7916666666666666;41019
0;2014-01;0.3666666666666667;24004
1;2015-01;0.5555555555555555;24004
2;2016-01;0.38888888888888884;24004
3;2017-01;0.3333333333333333;24004
4;2018-01;0.6666666666666666;24004
5;2019-01;1.0;24004
6;2020-01;0.625;24004
7;2021-01;0.5833333333333334;24004
8;2022-01;0.8333333333333334;24004
9;2023-01;0.875;24004
10;2024-01;0.9583333333333334;24004
0;2014-01;0.7778227620332883;24007
1;2015-01;0.8328654970760233;24007
2;2016-01;0.8339181286549706;24007
3;2017-01;0.9339181286549707;24007
4;2018-01;0.9473684210526315;24007
5;2019-01;0.9133814929480565;24007
6;2020-01;0.909761583445794;24007
7;2021-01;0.9251461988304094;24007
8;2022-01;0.9564892623716152;24007
9;2023-01;0.9346875346875347;24007
10;2024-01;0.9164271023094553;24007
0;2014-01;0.4381818181818182;24006
1;2015-01;0.4781818181818182;24006
2;2016-01;0.5866666666666667;24006
3;2017-01;0.58;24006
4;2018-01;0.4666666666666667;24006
5;2019-01;0.6444444444444445;24006
6;2020-01;0.7555555555555555;24006
7;2021-01;0.725;24006
8;2022-01;0.48;24006
9;2023-01;0.62;24006
10;2024-01;0.6388888888888888;24006
0;2014-01;0.875;11002
1;2015-01;0.8577586206896551;11002
2;2016-01;0.7502394636015326;11002
3;2017-01;0.8127394636015326;11002
4;2018-01;0.8235632183908046;11002
5;2019-01;0.7988505747126438;11002
6;2020-01;0.788888888888889;11002
7;2021-01;0.76;11002
8;2022-01;0.76;11002
9;2023-01;0.6933333333333334;11002
10;2024-01;0.8062745098039216;11002
0;2014-01;0.6400793650793651;11004
1;2015-01;0.6454260651629072;11004
2;2016-01;0.7206140350877194;11004
3;2017-01;0.7420426065162907;11004
4;2018-01;0.6265174299384826;11004
5;2019-01;0.6547641831852358;11004
6;2020-01;0.6820779220779221;11004
7;2021-01;0.6675324675324675;11004
8;2022-01;0.7818181818181819;11004
9;2023-01;0.8612834224598931;11004
10;2024-01;0.8065966386554623;11004
0;2014-01;1.0;43012
1;2015-01;1.0;43012
2;2016-01;1.0;43012
3;2017-01;1.0;43012
4;2018-01;1.0;43012
5;2019-01;0.9333333333333332;43012
6;2020-01;0.8833333333333334;43012
7;2021-01;0.8214285714285714;43012
8;2022-01;0.42857142857142855;43012
9;2023-01;0.5952380952380952;43012
10;2024-01;0.45634920634920634;43012
0;2014-01;0.73125;43013
1;2015-01;0.5979166666666667;43013
2;2016-01;0.3;43013
3;2017-01;0.5083333333333333;43013
4;2018-01;0.5238095238095238;43013
5;2019-01;0.5785714285714286;43013
6;2020-01;0.5257142857142857;43013
7;2021-01;0.5904761904761905;43013
8;2022-01;0.5142857142857142;43013
9;2023-01;0.7261904761904762;43013
10;2024-01;0.5714285714285714;43013
0;2014-01;0.46655844155844156;42010
1;2015-01;0.5678571428571428;42010
2;2016-01;0.5014880952380952;42010
3;2017-01;0.5104166666666666;42010
4;2018-01;0.7291666666666666;42010
5;2019-01;0.7708333333333334;42010
6;2020-01;0.6166666666666667;42010
7;2021-01;0.7767857142857143;42010
8;2022-01;0.7892857142857143;42010
9;2023-01;0.719047619047619;42010
10;2024-01;0.7892857142857143;42010
0;2014-01;0.7083333333333334;42009
1;2015-01;0.65625;42009
2;2016-01;0.765625;42009
3;2017-01;0.875;42009
4;2018-01;0.9;42009
5;2019-01;1.0;42009
6;2020-01;0.875;42009
7;2021-01;0.86;42009
8;2022-01;0.86;42009
9;2023-01;0.86;42009
10;2024-01;0.82;42009
0;2014-01;1.0;35091
1;2015-01;1.0;35091
2;2016-01;1.0;35091
3;2017-01;1.0;35091
4;2018-01;;35091
5;2019-01;1.0;35091
6;2020-01;1.0;35091
7;2021-01;1.0;35091
8;2022-01;0.75;35091
9;2023-01;0.75;35091
10;2024-01;0.75;35091
0;2014-01;0.7374269005847953;35023
1;2015-01;0.6333333333333333;35023
2;2016-01;0.7277777777777777;35023
3;2017-01;0.861111111111111;35023
4;2018-01;0.7638888888888888;35023
5;2019-01;0.49107142857142855;35023
6;2020-01;0.6785714285714286;35023
7;2021-01;0.7202380952380952;35023
8;2022-01;0.8015873015873015;35023
9;2023-01;0.8412698412698413;35023
10;2024-01;0.4083333333333333;35023
0;2014-01;1.0;35081
1;2015-01;1.0;35081
2;2016-01;1.0;35081
3;2017-01;0.75;35081
4;2018-01;0.75;35081
5;2019-01;0.625;35081
6;2020-01;0.5;35081
7;2021-01;0.6666666666666666;35081
8;2022-01;0.6041666666666666;35081
9;2023-01;0.7916666666666666;35081
10;2024-01;0.8333333333333333;35081
0;2014-01;0.35347564313081553;35012
1;2015-01;0.4464285714285714;35012
2;2016-01;0.3611111111111111;35012
3;2017-01;0.3333333333333333;35012
4;2018-01;0.36626984126984125;35012
5;2019-01;0.37171855921855923;35012
6;2020-01;0.3916038210155858;35012
7;2021-01;0.23969959778783306;35012
8;2022-01;0.22979492044956942;35012
9;2023-01;0.24841133723961048;35012
10;2024-01;0.3593592128933685;35012
0;2014-01;1.0;35032
1;2015-01;1.0;35032
2;2016-01;1.0;35032
3;2017-01;1.0;35032
4;2018-01;1.0;35032
5;2019-01;1.0;35032
6;2020-01;0.8333333333333334;35032
7;2021-01;0.75;35032
8;2022-01;0.75;35032
9;2023-01;0.75;35032
10;2024-01;0.8333333333333334;35032
0;2014-01;0.6799999999999999;35061
1;2015-01;0.5733333333333334;35061
2;2016-01;0.5333333333333333;35061
3;2017-01;0.6533333333333333;35061
4;2018-01;0.6458333333333334;35061
5;2019-01;0.8541666666666666;35061
6;2020-01;0.9166666666666666;35061
7;2021-01;0.9375;35061
8;2022-01;0.8125;35061
9;2023-01;0.6875;35061
10;2024-01;0.5625;35061
0;2014-01;0.558974358974359;35131
1;2015-01;0.7;35131
2;2016-01;0.6666666666666666;35131
3;2017-01;0.6666666666666666;35131
4;2018-01;0.6076388888888888;35131
5;2019-01;0.4180555555555555;35131
6;2020-01;0.6055555555555555;35131
7;2021-01;0.5708333333333333;35131
8;2022-01;0.6201587301587301;35131
9;2023-01;0.4725863678804855;35131
10;2024-01;0.6299974535268653;35131
0;2014-01;0.5055555555555555;35156
1;2015-01;0.625;35156
2;2016-01;0.75;35156
3;2017-01;1.0;35156
4;2018-01;0.5;35156
5;2019-01;0.75;35156
6;2020-01;0.75;35156
7;2021-01;0.5;35156
8;2022-01;0.5;35156
9;2023-01;0.5;35156
10;2024-01;0.5;35156
0;2014-01;0.43752395752395745;35073
1;2015-01;0.4529633719107403;35073
2;2016-01;0.36979987118145013;35073
3;2017-01;0.3963115174299385;35073
4;2018-01;0.435615962984384;35073
5;2019-01;0.44511561093368873;35073
6;2020-01;0.5036460821786909;35073
7;2021-01;0.5807294155120243;35073
8;2022-01;0.5758067828433961;35073
9;2023-01;0.5912090007627765;35073
10;2024-01;0.6652255639097744;35073
0;2014-01;0.733974358974359;35062
1;2015-01;0.7371794871794872;35062
2;2016-01;0.7833333333333333;35062
3;2017-01;0.8444444444444444;35062
4;2018-01;0.9194444444444445;35062
5;2019-01;0.8957070707070708;35062
6;2020-01;0.9068181818181819;35062
7;2021-01;0.8901515151515152;35062
8;2022-01;0.8483585858585858;35062
9;2023-01;0.7301767676767676;35062
10;2024-01;0.7597222222222222;35062
0;2014-01;0.8266666666666668;35092
1;2015-01;0.8166666666666667;35092
2;2016-01;0.7333333333333333;35092
3;2017-01;0.7708333333333333;35092
4;2018-01;0.8541666666666666;35092
5;2019-01;0.8541666666666666;35092
6;2020-01;0.8541666666666666;35092
7;2021-01;0.8541666666666666;35092
8;2022-01;0.9375;35092
9;2023-01;0.95;35092
10;2024-01;0.95;35092
0;2014-01;0.675;35093
1;2015-01;0.8083333333333333;35093
2;2016-01;0.8133333333333332;35093
3;2017-01;0.8333333333333333;35093
4;2018-01;0.6980952380952381;35093
5;2019-01;0.6895238095238095;35093
6;2020-01;0.7202380952380953;35093
7;2021-01;0.625;35093
8;2022-01;0.7666666666666666;35093
9;2023-01;0.556060606060606;35093
10;2024-01;0.7108225108225108;35093
0;2014-01;0.9;35101
1;2015-01;0.82;35101
2;2016-01;0.86;35101
3;2017-01;0.76;35101
4;2018-01;0.6799999999999999;35101
5;2019-01;0.78;35101
6;2020-01;0.8800000000000001;35101
7;2021-01;0.8800000000000001;35101
8;2022-01;0.8541666666666667;35101
9;2023-01;0.7083333333333333;35101
10;2024-01;0.8125;35101
0;2014-01;1.0;35114
1;2015-01;1.0;35114
2;2016-01;1.0;35114
3;2017-01;1.0;35114
4;2018-01;1.0;35114
5;2019-01;0.9375;35114
6;2020-01;0.875;35114
7;2021-01;0.825;35114
8;2022-01;0.43333333333333335;35114
9;2023-01;0.3333333333333333;35114
10;2024-01;0.3333333333333333;35114
0;2014-01;0.9333333333333332;35034
1;2015-01;0.8666666666666666;35034
2;2016-01;0.7916666666666666;35034
3;2017-01;0.9166666666666666;35034
4;2018-01;0.9333333333333333;35034
5;2019-01;1.0;35034
6;2020-01;1.0;35034
7;2021-01;0.9333333333333332;35034
8;2022-01;0.8266666666666665;35034
9;2023-01;0.8431372549019608;35034
10;2024-01;0.8431372549019608;35034
0;2014-01;0.9049019607843137;35157
1;2015-01;0.9549019607843137;35157
2;2016-01;0.9431372549019608;35157
3;2017-01;0.9364705882352942;35157
4;2018-01;0.96;35157
5;2019-01;0.96;35157
6;2020-01;1.0;35157
7;2021-01;1.0;35157
8;2022-01;1.0;35157
9;2023-01;1.0;35157
10;2024-01;1.0;35157
0;2014-01;;13006
1;2015-01;;13006
2;2016-01;0.5;13006
3;2017-01;0.5;13006
4;2018-01;1.0;13006
5;2019-01;0.75;13006
6;2020-01;1.0;13006
7;2021-01;1.0;13006
8;2022-01;0.9166666666666666;13006
9;2023-01;0.8666666666666666;13006
10;2024-01;0.8666666666666666;13006
0;2014-01;0.8125;29004
1;2015-01;0.875;29004
2;2016-01;0.5625;29004
3;2017-01;0.6666666666666666;29004
4;2018-01;0.75;29004
5;2019-01;0.7708333333333333;29004
6;2020-01;0.5366666666666666;29004
7;2021-01;0.4647619047619047;29004
8;2022-01;0.5980952380952381;29004
9;2023-01;0.5205194805194805;29004
10;2024-01;0.6058225108225108;29004
0;2014-01;0.8333333333333334;29009
1;2015-01;1.0;29009
2;2016-01;0.875;29009
3;2017-01;0.875;29009
4;2018-01;0.875;29009
5;2019-01;0.875;29009
6;2020-01;0.6666666666666666;29009
7;2021-01;0.6666666666666666;29009
8;2022-01;0.75;29009
9;2023-01;0.7166666666666667;29009
10;2024-01;0.8666666666666666;29009
0;2014-01;0.8333333333333333;29015
1;2015-01;0.6666666666666666;29015
2;2016-01;0.7777777777777778;29015
3;2017-01;0.7777777777777778;29015
4;2018-01;0.38095238095238093;29015
5;2019-01;0.5952380952380952;29015
6;2020-01;0.5952380952380952;29015
7;2021-01;0.6785714285714285;29015
8;2022-01;0.7232142857142857;29015
9;2023-01;0.8071428571428572;29015
10;2024-01;0.95;29015
0;2014-01;0.7;29010
1;2015-01;0.675;29010
2;2016-01;0.6333333333333333;29010
3;2017-01;0.6416666666666666;29010
4;2018-01;0.6416666666666666;29010
5;2019-01;0.7083333333333333;29010
6;2020-01;0.8333333333333333;29010
7;2021-01;0.75;29010
8;2022-01;0.6875;29010
9;2023-01;0.6041666666666666;29010
10;2024-01;0.7916666666666666;29010
0;2014-01;0.4222222222222222;23017
1;2015-01;0.5333333333333333;23017
2;2016-01;0.4222222222222222;23017
3;2017-01;0.3666666666666667;23017
4;2018-01;0.5777777777777778;23017
5;2019-01;0.41111111111111115;23017
6;2020-01;0.6666666666666666;23017
7;2021-01;0.6666666666666666;23017
8;2022-01;0.41666666666666663;23017
9;2023-01;0.5;23017
10;2024-01;0.5833333333333333;23017
0;2014-01;0.16025641025641024;23010
1;2015-01;0.2735042735042735;23010
2;2016-01;0.15384615384615385;23010
3;2017-01;;23010
4;2018-01;;23010
5;2019-01;1.0;23010
6;2020-01;;23010
7;2021-01;1.0;23010
8;2022-01;1.0;23010
9;2023-01;1.0;23010
10;2024-01;0.90625;23010
0;2014-01;0.6368837112544206;23003
1;2015-01;0.5362977602108037;23003
2;2016-01;0.7015151515151515;23003
3;2017-01;0.6765151515151515;23003
4;2018-01;0.7583333333333333;23003
5;2019-01;0.8166666666666667;23003
6;2020-01;0.8166666666666667;23003
7;2021-01;0.8666666666666666;23003
8;2022-01;0.9333333333333332;23003
9;2023-01;0.7222222222222222;23003
10;2024-01;0.8333333333333334;23003
0;2014-01;0.7999999999999999;23018
1;2015-01;0.7466666666666667;23018
2;2016-01;0.7999999999999999;23018
3;2017-01;0.725;23018
4;2018-01;0.4583333333333333;23018
5;2019-01;0.47222222222222215;23018
6;2020-01;0.6388888888888888;23018
7;2021-01;0.7916666666666666;23018
8;2022-01;0.8333333333333333;23018
9;2023-01;0.6666666666666666;23018
10;2024-01;0.6666666666666666;23018
0;2014-01;0.78;52011
1;2015-01;0.8466666666666667;52011
2;2016-01;0.8466666666666667;52011
3;2017-01;0.78;52011
4;2018-01;0.8800000000000001;52011
5;2019-01;0.9111111111111111;52011
6;2020-01;0.8088888888888889;52011
7;2021-01;0.7866666666666667;52011
8;2022-01;0.6371428571428572;52011
9;2023-01;0.6114407814407814;52011
10;2024-01;0.688901098901099;52011
0;2014-01;0.16666666666666666;52012
1;2015-01;0.2916666666666667;52012
2;2016-01;0.375;52012
3;2017-01;0.125;52012
4;2018-01;0.5625;52012
5;2019-01;0.5625;52012
6;2020-01;0.125;52012
7;2021-01;0.5;52012
8;2022-01;0.75;52012
9;2023-01;0.625;52012
10;2024-01;0.4166666666666667;52012
0;2014-01;0.35;15012
1;2015-01;0.43333333333333335;15012
2;2016-01;0.35;15012
3;2017-01;0.6666666666666666;15012
4;2018-01;0.638888888888889;15012
5;2019-01;0.4583333333333333;15012
6;2020-01;0.4583333333333333;15012
7;2021-01;0.3958333333333333;15012
8;2022-01;0.5666666666666667;15012
9;2023-01;0.6261904761904762;15012
10;2024-01;0.569047619047619;15012
0;2014-01;0.5;15009
1;2015-01;0.6666666666666666;15009
2;2016-01;0.75;15009
3;2017-01;0.75;15009
4;2018-01;1.0;15009
5;2019-01;1.0;15009
6;2020-01;1.0;15009
7;2021-01;0.7407407407407408;15009
8;2022-01;0.46464646464646464;15009
9;2023-01;0.6127946127946128;15009
10;2024-01;0.33838383838383834;15009
0;2014-01;1.0;26011
1;2015-01;0.9166666666666666;26011
2;2016-01;0.9166666666666666;26011
3;2017-01;0.875;26011
4;2018-01;0.875;26011
5;2019-01;0.9166666666666666;26011
6;2020-01;0.9166666666666666;26011
7;2021-01;0.8875;26011
8;2022-01;0.8875;26011
9;2023-01;0.85;26011
10;2024-01;0.85;26011
0;2014-01;1.0;22009
1;2015-01;;22009
2;2016-01;;22009
3;2017-01;;22009
4;2018-01;1.0;22009
5;2019-01;1.0;22009
6;2020-01;1.0;22009
7;2021-01;0.9166666666666666;22009
8;2022-01;0.6666666666666666;22009
9;2023-01;0.6666666666666666;22009
10;2024-01;0.6666666666666666;22009
0;2014-01;1.0;11007
1;2015-01;0.6;11007
2;2016-01;0.2;11007
3;2017-01;0.7333333333333334;11007
4;2018-01;0.8;11007
5;2019-01;0.7137254901960784;11007
6;2020-01;0.7080882352941177;11007
7;2021-01;0.5830882352941177;11007
8;2022-01;0.5683823529411764;11007
9;2023-01;0.7242647058823529;11007
10;2024-01;0.625;11007
0;2014-01;0.8333333333333334;43022
1;2015-01;0.8333333333333334;43022
2;2016-01;0.8333333333333334;43022
3;2017-01;0.875;43022
4;2018-01;0.875;43022
5;2019-01;0.875;43022
6;2020-01;0.7666666666666666;43022
7;2021-01;0.7666666666666666;43022
8;2022-01;0.8333333333333333;43022
9;2023-01;0.8333333333333333;43022
10;2024-01;0.8333333333333333;43022
0;2014-01;0.8888888888888888;43025
1;2015-01;0.9166666666666666;43025
2;2016-01;0.875;43025
3;2017-01;0.875;43025
4;2018-01;1.0;43025
5;2019-01;1.0;43025
6;2020-01;0.9333333333333332;43025
7;2021-01;0.9333333333333332;43025
8;2022-01;0.9333333333333332;43025
9;2023-01;0.8333333333333333;43025
10;2024-01;0.8083333333333333;43025
0;2014-01;1.0;43009
1;2015-01;1.0;43009
2;2016-01;0.75;43009
3;2017-01;0.8333333333333334;43009
4;2018-01;0.875;43009
5;2019-01;0.8125;43009
6;2020-01;0.6458333333333333;43009
7;2021-01;0.6458333333333333;43009
8;2022-01;0.5666666666666667;43009
9;2023-01;0.6666666666666667;43009
10;2024-01;0.8333333333333334;43009
0;2014-01;0.6041666666666666;43020
1;2015-01;0.5166666666666666;43020
2;2016-01;0.6166666666666667;43020
3;2017-01;0.6666666666666667;43020
4;2018-01;0.7666666666666667;43020
5;2019-01;0.7083333333333333;43020
6;2020-01;0.8333333333333333;43020
7;2021-01;0.8333333333333333;43020
8;2022-01;0.7083333333333334;43020
9;2023-01;0.8333333333333334;43020
10;2024-01;0.9;43020
0;2014-01;0.8333333333333334;43003
1;2015-01;1.0;43003
2;2016-01;1.0;43003
3;2017-01;1.0;43003
4;2018-01;0.9;43003
5;2019-01;1.0;43003
6;2020-01;1.0;43003
7;2021-01;1.0;43003
8;2022-01;0.6944444444444443;43003
9;2023-01;0.525;43003
10;2024-01;0.9166666666666666;43003
0;2014-01;0.4962962962962963;43015
1;2015-01;0.4888888888888889;43015
2;2016-01;0.40555555555555556;43015
3;2017-01;0.46349206349206346;43015
4;2018-01;0.36321195144724555;43015
5;2019-01;0.36321195144724555;43015
6;2020-01;0.3255135387488329;43015
7;2021-01;0.44864612511671337;43015
8;2022-01;0.40261437908496733;43015
9;2023-01;0.3555555555555555;43015
10;2024-01;0.5;43015
0;2014-01;0.75;43024
1;2015-01;0.75;43024
2;2016-01;0.75;43024
3;2017-01;0.75;43024
4;2018-01;0.8333333333333334;43024
5;2019-01;0.6666666666666666;43024
6;2020-01;0.75;43024
7;2021-01;0.75;43024
8;2022-01;0.75;43024
9;2023-01;0.875;43024
10;2024-01;0.9;43024
0;2014-01;0.7055555555555556;28005
1;2015-01;0.6777777777777778;28005
2;2016-01;0.6777777777777778;28005
3;2017-01;0.7666666666666666;28005
4;2018-01;0.7666666666666666;28005
5;2019-01;0.7333333333333334;28005
6;2020-01;0.7777777777777778;28005
7;2021-01;0.7777777777777778;28005
8;2022-01;0.7777777777777778;28005
9;2023-01;0.7777777777777778;28005
10;2024-01;0.7777777777777778;28005
0;2014-01;0.9882352941176471;17006
1;2015-01;1.0;17006
2;2016-01;1.0;17006
3;2017-01;1.0;17006
4;2018-01;0.8928571428571429;17006
5;2019-01;0.8928571428571429;17006
6;2020-01;0.8142857142857143;17006
7;2021-01;0.7571428571428571;17006
8;2022-01;0.8428571428571429;17006
9;2023-01;0.8357142857142857;17006
10;2024-01;0.8857142857142858;17006
0;2014-01;1.0;27004
1;2015-01;1.0;27004
2;2016-01;1.0;27004
3;2017-01;1.0;27004
4;2018-01;;27004
5;2019-01;;27004
6;2020-01;;27004
7;2021-01;;27004
8;2022-01;1.0;27004
9;2023-01;1.0;27004
10;2024-01;1.0;27004
0;2014-01;0.75;27003
1;2015-01;0.625;27003
2;2016-01;0.3333333333333333;27003
3;2017-01;0.5;27003
4;2018-01;0.75;27003
5;2019-01;0.7222222222222222;27003
6;2020-01;0.6;27003
7;2021-01;0.7;27003
8;2022-01;0.7743589743589744;27003
9;2023-01;0.7776018099547511;27003
10;2024-01;0.45711915535444947;27003
0;2014-01;0.6666666666666666;13002
1;2015-01;0.7083333333333333;13002
2;2016-01;0.7777777777777777;13002
3;2017-01;0.5555555555555555;13002
4;2018-01;0.3333333333333333;13002
5;2019-01;0.6666666666666666;13002
6;2020-01;0.6666666666666666;13002
7;2021-01;1.0;13002
8;2022-01;0.7;13002
9;2023-01;0.7000000000000001;13002
10;2024-01;0.5666666666666667;13002
0;2014-01;0.4694749694749694;52002
1;2015-01;0.525030525030525;52002
2;2016-01;0.7619047619047619;52002
3;2017-01;0.625;52002
4;2018-01;0.8125;52002
5;2019-01;0.6916666666666667;52002
6;2020-01;0.8583333333333334;52002
7;2021-01;0.8033333333333333;52002
8;2022-01;0.7918279569892472;52002
9;2023-01;0.33967741935483875;52002
10;2024-01;0.4344667931688805;52002
0;2014-01;0.6636904761904762;52017
1;2015-01;0.680952380952381;52017
2;2016-01;0.5023809523809524;52017
3;2017-01;0.42063492063492064;52017
4;2018-01;0.5833333333333334;52017
5;2019-01;0.5833333333333334;52017
6;2020-01;0.6388888888888888;52017
7;2021-01;0.6944444444444445;52017
8;2022-01;0.7416666666666667;52017
9;2023-01;0.7125;52017
10;2024-01;0.7875;52017
0;2014-01;0.5119047619047619;52009
1;2015-01;0.6666666666666666;52009
2;2016-01;0.6666666666666666;52009
3;2017-01;0.5;52009
4;2018-01;0.8333333333333334;52009
5;2019-01;0.4444444444444444;52009
6;2020-01;0.7083333333333333;52009
7;2021-01;0.7916666666666666;52009
8;2022-01;0.8333333333333334;52009
9;2023-01;1.0;52009
10;2024-01;0.7333333333333333;52009
0;2014-01;1.0;21003
1;2015-01;1.0;21003
2;2016-01;1.0;21003
3;2017-01;1.0;21003
4;2018-01;1.0;21003
5;2019-01;1.0;21003
6;2020-01;1.0;21003
7;2021-01;1.0;21003
8;2022-01;1.0;21003
9;2023-01;0.8888888888888888;21003
10;2024-01;0.8888888888888888;21003
0;2014-01;1.0;31089
1;2015-01;;31089
2;2016-01;;31089
3;2017-01;;31089
4;2018-01;;31089
5;2019-01;;31089
6;2020-01;0.5;31089
7;2021-01;0.5;31089
8;2022-01;0.75;31089
9;2023-01;0.75;31089
10;2024-01;0.8333333333333334;31089
0;2014-01;;31053
1;2015-01;1.0;31053
2;2016-01;;31053
3;2017-01;;31053
4;2018-01;;31053
5;2019-01;;31053
6;2020-01;;31053
7;2021-01;;31053
8;2022-01;;31053
9;2023-01;0.3333333333333333;31053
10;2024-01;0.6666666666666666;31053
0;2014-01;1.0;31060
1;2015-01;1.0;31060
2;2016-01;1.0;31060
3;2017-01;1.0;31060
4;2018-01;1.0;31060
5;2019-01;1.0;31060
6;2020-01;1.0;31060
7;2021-01;1.0;31060
8;2022-01;0.9666666666666668;31060
9;2023-01;0.8;31060
10;2024-01;0.5333333333333333;31060
0;2014-01;1.0;31048
1;2015-01;1.0;31048
2;2016-01;0.9;31048
3;2017-01;0.875;31048
4;2018-01;0.875;31048
5;2019-01;0.875;31048
6;2020-01;1.0;31048
7;2021-01;1.0;31048
8;2022-01;1.0;31048
9;2023-01;1.0;31048
10;2024-01;0.875;31048
0;2014-01;0.7285714285714285;51002
1;2015-01;0.7023809523809523;51002
2;2016-01;0.7344444444444445;51002
3;2017-01;0.7794017094017094;51002
4;2018-01;0.8186324786324786;51002
5;2019-01;0.8170940170940171;51002
6;2020-01;0.7948717948717949;51002
7;2021-01;0.7933566433566434;51002
8;2022-01;0.8736130536130536;51002
9;2023-01;0.909712918660287;51002
10;2024-01;0.9102729044834309;51002
0;2014-01;0.5707692307692308;51013
1;2015-01;0.6707692307692308;51013
2;2016-01;0.64;51013
3;2017-01;0.775;51013
4;2018-01;0.75;51013
5;2019-01;0.7166666666666667;51013
6;2020-01;0.6833333333333333;51013
7;2021-01;0.75;51013
8;2022-01;0.8;51013
9;2023-01;0.7333333333333333;51013
10;2024-01;0.7333333333333333;51013
0;2014-01;0.625;15014
1;2015-01;0.75;15014
2;2016-01;0.625;15014
3;2017-01;0.53125;15014
4;2018-01;0.5;15014
5;2019-01;0.4583333333333333;15014
6;2020-01;0.4166666666666667;15014
7;2021-01;0.4166666666666667;15014
8;2022-01;0.375;15014
9;2023-01;0.5833333333333334;15014
10;2024-01;0.6904761904761904;15014
0;2014-01;;25003
1;2015-01;;25003
2;2016-01;;25003
3;2017-01;;25003
4;2018-01;;25003
5;2019-01;0.5;25003
6;2020-01;;25003
7;2021-01;;25003
8;2022-01;;25003
9;2023-01;1.0;25003
10;2024-01;0.5;25003
0;2014-01;0.5;25012
1;2015-01;0.5;25012
2;2016-01;0.5;25012
3;2017-01;0.5;25012
4;2018-01;0.8333333333333334;25012
5;2019-01;0.875;25012
6;2020-01;0.875;25012
7;2021-01;0.875;25012
8;2022-01;1.0;25012
9;2023-01;0.7222222222222222;25012
10;2024-01;0.7083333333333334;25012
0;2014-01;0.25;26004
1;2015-01;0.625;26004
2;2016-01;0.6388888888888888;26004
3;2017-01;0.6388888888888888;26004
4;2018-01;0.4583333333333333;26004
5;2019-01;0.4583333333333333;26004
6;2020-01;0.4583333333333333;26004
7;2021-01;0.6388888888888888;26004
8;2022-01;0.6388888888888888;26004
9;2023-01;0.7291666666666666;26004
10;2024-01;0.7777777777777777;26004
0;2014-01;0.8333333333333334;26005
1;2015-01;0.8333333333333334;26005
2;2016-01;0.8333333333333334;26005
3;2017-01;0.6666666666666666;26005
4;2018-01;0.75;26005
5;2019-01;0.6666666666666666;26005
6;2020-01;0.6666666666666666;26005
7;2021-01;0.8333333333333334;26005
8;2022-01;0.8333333333333334;26005
9;2023-01;1.0;26005
10;2024-01;0.7222222222222222;26005
0;2015-01;1.0;22002
1;2016-01;1.0;22002
2;2017-01;1.0;22002
3;2018-01;1.0;22002
4;2019-01;1.0;22002
5;2020-01;1.0;22002
6;2021-01;1.0;22002
7;2022-01;1.0;22002
8;2023-01;1.0;22002
9;2024-01;1.0;22002
0;2014-01;0.875;41016
1;2015-01;0.75;41016
2;2016-01;0.875;41016
3;2017-01;0.875;41016
4;2018-01;0.875;41016
5;2019-01;0.825;41016
6;2020-01;0.5107142857142857;41016
7;2021-01;0.6357142857142857;41016
8;2022-01;0.5357142857142857;41016
9;2023-01;0.5885714285714286;41016
10;2024-01;0.7024175824175825;41016
0;2014-01;0.5863636363636363;41009
1;2015-01;0.6875;41009
2;2016-01;0.6875;41009
3;2017-01;0.8125;41009
4;2018-01;1.0;41009
5;2019-01;1.0;41009
6;2020-01;1.0;41009
7;2021-01;1.0;41009
8;2022-01;1.0;41009
9;2023-01;1.0;41009
10;2024-01;1.0;41009
0;2014-01;0.6666666666666666;41022
1;2015-01;0.8333333333333334;41022
2;2016-01;0.8333333333333334;41022
3;2017-01;0.75;41022
4;2018-01;0.75;41022
5;2019-01;0.75;41022
6;2020-01;0.75;41022
7;2021-01;0.7222222222222222;41022
8;2022-01;0.41666666666666663;41022
9;2023-01;0.611111111111111;41022
10;2024-01;0.5833333333333333;41022
0;2014-01;1.0;41021
1;2015-01;1.0;41021
2;2016-01;1.0;41021
3;2017-01;0.6666666666666666;41021
4;2018-01;0.8333333333333333;41021
5;2019-01;0.8333333333333333;41021
6;2020-01;0.7222222222222222;41021
7;2021-01;0.611111111111111;41021
8;2022-01;1.0;41021
9;2023-01;1.0;41021
10;2024-01;1.0;41021
0;2014-01;0.6247619047619047;33002
1;2015-01;0.5812987012987013;33002
2;2016-01;0.6142857142857142;33002
3;2017-01;0.6580952380952381;33002
4;2018-01;0.5857142857142857;33002
5;2019-01;0.6571428571428571;33002
6;2020-01;0.5833333333333333;33002
7;2021-01;0.6361904761904762;33002
8;2022-01;0.6352380952380953;33002
9;2023-01;0.5416666666666667;33002
10;2024-01;0.4538095238095238;33002
0;2014-01;0.7911904761904761;33008
1;2015-01;0.7896753246753246;33008
2;2016-01;0.7025974025974027;33008
3;2017-01;0.7144155844155844;33008
4;2018-01;0.7753679653679654;33008
5;2019-01;0.7971861471861471;33008
6;2020-01;0.6845238095238095;33008
7;2021-01;0.7761904761904762;33008
8;2022-01;0.85;33008
9;2023-01;0.8833333333333334;33008
10;2024-01;0.9;33008
0;2014-01;0.7222726113023648;33005
1;2015-01;0.6263458802372538;33005
2;2016-01;0.5717480242520702;33005
3;2017-01;0.6263814254910207;33005
4;2018-01;0.6372979226271098;33005
5;2019-01;0.6120582861355188;33005
6;2020-01;0.624267915918302;33005
7;2021-01;0.6704413928755687;33005
8;2022-01;0.6138254646798;33005
9;2023-01;0.6744042183103456;33005
10;2024-01;0.6884899498370258;33005
0;2014-01;0.6549052862845967;33006
1;2015-01;0.6500710017951398;33006
2;2016-01;0.6162082362082362;33006
3;2017-01;0.582929292929293;33006
4;2018-01;0.5220772238514174;33006
5;2019-01;0.5390168970814132;33006
6;2020-01;0.5511034306195597;33006
7;2021-01;0.5311060806137207;33006
8;2022-01;0.5103062315286424;33006
9;2023-01;0.4303118908382066;33006
10;2024-01;0.4358446621604516;33006
0;2014-01;0.6547619047619048;33003
1;2015-01;0.5654761904761905;33003
2;2016-01;0.6761904761904762;33003
3;2017-01;0.819047619047619;33003
4;2018-01;0.8055555555555555;33003
5;2019-01;0.7916666666666666;33003
6;2020-01;0.8125;33003
7;2021-01;0.85;33003
8;2022-01;0.8166666666666667;33003
9;2023-01;0.7297619047619047;33003
10;2024-01;0.7392857142857142;33003
0;2014-01;0.6641558441558442;33004
1;2015-01;0.7123376623376624;33004
2;2016-01;0.6456709956709956;33004
3;2017-01;0.7797619047619048;33004
4;2018-01;0.8797619047619047;33004
5;2019-01;0.7695238095238095;33004
6;2020-01;0.7973737373737373;33004
7;2021-01;0.8303030303030303;33004
8;2022-01;0.8084848484848484;33004
9;2023-01;0.8108158508158508;33004
10;2024-01;0.79996003996004;33004
0;2014-01;1.0;33007
1;2015-01;1.0;33007
2;2016-01;0.8888888888888888;33007
3;2017-01;0.9166666666666666;33007
4;2018-01;0.9166666666666666;33007
5;2019-01;0.9166666666666666;33007
6;2020-01;0.9166666666666666;33007
7;2021-01;0.9333333333333333;33007
8;2022-01;1.0;33007
9;2023-01;1.0;33007
10;2024-01;1.0;33007
0;2014-01;0.7285714285714285;33001
1;2015-01;0.7833333333333333;33001
2;2016-01;0.95;33001
3;2017-01;0.76;33001
4;2018-01;0.63;33001
5;2019-01;0.53;33001
6;2020-01;0.5733333333333334;33001
7;2021-01;0.5866666666666667;33001
8;2022-01;0.64;33001
9;2023-01;0.3433333333333334;33001
10;2024-01;0.4766666666666667;33001
0;2014-01;0.7268518518518519;33009
1;2015-01;0.7291666666666667;33009
2;2016-01;0.6458333333333334;33009
3;2017-01;0.7;33009
4;2018-01;0.8666666666666666;33009
5;2019-01;0.8377777777777778;33009
6;2020-01;0.8368253968253969;33009
7;2021-01;0.8595360195360195;33009
8;2022-01;0.8034032634032634;33009
9;2023-01;0.8326340326340326;33009
10;2024-01;0.8131468531468531;33009
0;2014-01;0.6666666666666666;29005
1;2015-01;0.6666666666666666;29005
2;2016-01;0.6666666666666666;29005
3;2017-01;0.6666666666666666;29005
4;2018-01;0.5;29005
5;2019-01;0.41666666666666663;29005
6;2020-01;0.75;29005
7;2021-01;0.7777777777777778;29005
8;2022-01;0.7777777777777778;29005
9;2023-01;0.8333333333333334;29005
10;2024-01;0.8666666666666666;29005
0;2014-01;0.41964285714285715;29022
1;2015-01;0.5357142857142857;29022
2;2016-01;0.5125;29022
3;2017-01;0.4666666666666666;29022
4;2018-01;0.7166666666666667;29022
5;2019-01;0.6916666666666667;29022
6;2020-01;0.5333333333333333;29022
7;2021-01;0.6472222222222223;29022
8;2022-01;0.6520833333333333;29022
9;2023-01;0.7875;29022
10;2024-01;0.7097619047619047;29022
0;2014-01;1.0;23007
1;2015-01;1.0;23007
2;2016-01;1.0;23007
3;2017-01;0.75;23007
4;2018-01;0.6666666666666666;23007
5;2019-01;0.75;23007
6;2020-01;0.8333333333333334;23007
7;2021-01;0.8333333333333334;23007
8;2022-01;0.75;23007
9;2023-01;0.8333333333333334;23007
10;2024-01;0.8333333333333334;23007
0;2014-01;0.4895833333333333;23020
1;2015-01;0.4916666666666667;23020
2;2016-01;0.4895833333333333;23020
3;2017-01;0.5208333333333334;23020
4;2018-01;0.6875;23020
5;2019-01;0.85;23020
6;2020-01;0.95;23020
7;2021-01;0.7333333333333333;23020
8;2022-01;0.7166666666666666;23020
9;2023-01;0.7666666666666667;23020
10;2024-01;0.7897727272727273;23020
0;2014-01;0.8615248226950355;53001
1;2015-01;0.8958333333333334;53001
2;2016-01;0.8141666666666666;53001
3;2017-01;0.6790598290598291;53001
4;2018-01;0.9666666666666666;53001
5;2019-01;0.9233086553509089;53001
6;2020-01;0.8193794390273264;53001
7;2021-01;0.8259709883231009;53001
8;2022-01;0.7985508607198748;53001
9;2023-01;0.7832037660747091;53001
10;2024-01;0.7858236437336887;53001
0;2014-01;0.8333333333333333;21005
1;2015-01;0.8333333333333333;21005
2;2016-01;0.8333333333333333;21005
3;2017-01;0.6666666666666666;21005
4;2018-01;0.5;21005
5;2019-01;0.8333333333333333;21005
6;2020-01;0.8333333333333333;21005
7;2021-01;0.9166666666666666;21005
8;2022-01;0.9166666666666666;21005
9;2023-01;0.9333333333333332;21005
10;2024-01;0.9166666666666666;21005
0;2014-01;0.6666666666666666;21008
1;2015-01;0.75;21008
2;2016-01;0.9333333333333332;21008
3;2017-01;0.8333333333333333;21008
4;2018-01;0.9;21008
5;2019-01;0.8285714285714285;21008
6;2020-01;0.6714285714285714;21008
7;2021-01;0.8600732600732601;21008
8;2022-01;0.9267399267399267;21008
9;2023-01;0.9093406593406593;21008
10;2024-01;0.9423076923076923;21008
0;2014-01;1.0;21009
1;2015-01;1.0;21009
2;2016-01;1.0;21009
3;2017-01;0.6666666666666666;21009
4;2018-01;0.75;21009
5;2019-01;0.5833333333333333;21009
6;2020-01;0.5;21009
7;2021-01;0.75;21009
8;2022-01;0.75;21009
9;2023-01;0.75;21009
10;2024-01;1.0;21009
0;2014-01;1.0;31047
1;2015-01;1.0;31047
2;2016-01;1.0;31047
3;2017-01;1.0;31047
4;2018-01;1.0;31047
5;2019-01;1.0;31047
6;2020-01;1.0;31047
7;2021-01;1.0;31047
8;2022-01;0.8333333333333334;31047
9;2023-01;0.8333333333333334;31047
10;2024-01;0.8333333333333334;31047
0;2014-01;1.0;31019
1;2015-01;1.0;31019
2;2016-01;1.0;31019
3;2017-01;1.0;31019
4;2018-01;0.5;31019
5;2019-01;0.4444444444444444;31019
6;2020-01;0.38888888888888884;31019
7;2021-01;0.38888888888888884;31019
8;2022-01;0.5555555555555555;31019
9;2023-01;0.5833333333333334;31019
10;2024-01;0.5833333333333334;31019
0;2014-01;1.0;31051
1;2015-01;1.0;31051
2;2016-01;0.875;31051
3;2017-01;0.8333333333333334;31051
4;2018-01;0.75;31051
5;2019-01;1.0;31051
6;2020-01;1.0;31051
7;2021-01;1.0;31051
8;2022-01;;31051
9;2023-01;1.0;31051
10;2024-01;1.0;31051
0;2014-01;1.0;31032
1;2015-01;1.0;31032
2;2016-01;1.0;31032
3;2017-01;1.0;31032
4;2018-01;0.8333333333333334;31032
5;2019-01;0.6875;31032
6;2020-01;0.8;31032
7;2021-01;0.47916666666666663;31032
8;2022-01;0.5833333333333333;31032
9;2023-01;0.3611111111111111;31032
10;2024-01;0.4583333333333333;31032
0;2014-01;1.0;31093
1;2015-01;1.0;31093
2;2016-01;1.0;31093
3;2017-01;1.0;31093
4;2018-01;1.0;31093
5;2019-01;1.0;31093
6;2020-01;0.8;31093
7;2021-01;0.9;31093
8;2022-01;0.9;31093
9;2023-01;0.8;31093
10;2024-01;0.8;31093
0;2014-01;0.75;31095
1;2015-01;0.75;31095
2;2016-01;0.75;31095
3;2017-01;0.75;31095
4;2018-01;1.0;31095
5;2019-01;0.8333333333333334;31095
6;2020-01;0.875;31095
7;2021-01;0.875;31095
8;2022-01;0.875;31095
9;2023-01;0.8333333333333334;31095
10;2024-01;0.8333333333333334;31095
0;2014-01;0.5;31058
1;2015-01;0.6666666666666666;31058
2;2016-01;0.5833333333333334;31058
3;2017-01;0.5833333333333334;31058
4;2018-01;0.625;31058
5;2019-01;0.75;31058
6;2020-01;0.75;31058
7;2021-01;0.8333333333333334;31058
8;2022-01;0.75;31058
9;2023-01;0.8333333333333334;31058
10;2024-01;1.0;31058
0;2014-01;0.611111111111111;51011
1;2015-01;0.7083333333333334;51011
2;2016-01;0.8333333333333334;51011
3;2017-01;0.8333333333333334;51011
4;2018-01;0.8333333333333334;51011
5;2019-01;0.8333333333333334;51011
6;2020-01;0.5;51011
7;2021-01;0.6666666666666666;51011
8;2022-01;0.7222222222222222;51011
9;2023-01;0.8888888888888888;51011
10;2024-01;0.8888888888888888;51011
0;2014-01;;51010
1;2015-01;0.8333333333333334;51010
2;2016-01;0.8522727272727273;51010
3;2017-01;0.8818181818181818;51010
4;2018-01;0.5327272727272727;51010
5;2019-01;0.3431818181818182;51010
6;2020-01;0.4159090909090909;51010
7;2021-01;0.4159090909090909;51010
8;2022-01;0.25757575757575757;51010
9;2023-01;0.20875420875420878;51010
10;2024-01;0.3333333333333333;51010
0;2014-01;0.6041666666666666;51004
1;2015-01;0.8333333333333334;51004
2;2016-01;0.875;51004
3;2017-01;0.875;51004
4;2018-01;0.8333333333333334;51004
5;2019-01;0.6666666666666666;51004
6;2020-01;0.75;51004
7;2021-01;0.75;51004
8;2022-01;1.0;51004
9;2023-01;1.0;51004
10;2024-01;0.8333333333333334;51004
0;2014-01;0.7291666666666666;51007
1;2015-01;0.85;51007
2;2016-01;0.4166666666666667;51007
3;2017-01;0.55;51007
4;2018-01;0.6458333333333334;51007
5;2019-01;0.7708333333333334;51007
6;2020-01;1.0;51007
7;2021-01;0.8333333333333333;51007
8;2022-01;0.8333333333333333;51007
9;2023-01;0.7833333333333333;51007
10;2024-01;0.72;51007
0;2014-01;0.40795454545454546;15001
1;2015-01;0.40969696969696967;15001
2;2016-01;0.3;15001
3;2017-01;0.41666666666666663;15001
4;2018-01;0.3611111111111111;15001
5;2019-01;0.4444444444444444;15001
6;2020-01;0.4444444444444444;15001
7;2021-01;0.611111111111111;15001
8;2022-01;0.41666666666666663;15001
9;2023-01;0.611111111111111;15001
10;2024-01;1.0;15001
0;2014-01;1.0;25015
1;2015-01;1.0;25015
2;2016-01;1.0;25015
3;2017-01;1.0;25015
4;2018-01;1.0;25015
5;2019-01;1.0;25015
6;2020-01;1.0;25015
7;2021-01;0.5833333333333333;25015
8;2022-01;0.5833333333333333;25015
9;2023-01;0.47222222222222215;25015
10;2024-01;0.5833333333333333;25015
0;2014-01;;22008
1;2015-01;0.5;22008
2;2016-01;0.75;22008
3;2017-01;0.75;22008
4;2018-01;0.75;22008
5;2019-01;0.75;22008
6;2020-01;0.5;22008
7;2021-01;0.5;22008
8;2022-01;0.5;22008
9;2023-01;0.75;22008
10;2024-01;0.5;22008
0;2014-01;0.875;41012
1;2015-01;1.0;41012
2;2016-01;1.0;41012
3;2017-01;1.0;41012
4;2018-01;0.8333333333333333;41012
5;2019-01;0.7916666666666667;41012
6;2020-01;0.7916666666666667;41012
7;2021-01;0.7916666666666667;41012
8;2022-01;0.7916666666666666;41012
9;2023-01;0.9583333333333334;41012
10;2024-01;1.0;41012
0;2014-01;0.8666666666666667;11001
1;2015-01;0.7999999999999999;11001
2;2016-01;0.7333333333333333;11001
3;2017-01;0.8833333333333333;11001
4;2018-01;0.7666666666666667;11001
5;2019-01;0.5333333333333333;11001
6;2020-01;0.47333333333333333;11001
7;2021-01;0.43999999999999995;11001
8;2022-01;0.32666666666666666;11001
9;2023-01;0.4022222222222222;11001
10;2024-01;0.4955555555555556;11001
0;2014-01;0.28059829059829056;35162
1;2015-01;0.23849206349206348;35162
2;2016-01;0.4107142857142857;35162
3;2017-01;0.5607142857142857;35162
4;2018-01;0.3678571428571429;35162
5;2019-01;0.3761904761904762;35162
6;2020-01;0.5583333333333333;35162
7;2021-01;0.5583333333333333;35162
8;2022-01;0.625;35162
9;2023-01;0.6666666666666666;35162
10;2024-01;0.75;35162
0;2014-01;1.0;35094
1;2015-01;1.0;35094
2;2016-01;1.0;35094
3;2017-01;1.0;35094
4;2018-01;1.0;35094
5;2019-01;1.0;35094
6;2020-01;0.8333333333333334;35094
7;2021-01;0.875;35094
8;2022-01;0.75;35094
9;2023-01;0.6666666666666666;35094
10;2024-01;0.8333333333333334;35094
0;2014-01;0.6171171171171171;35063
1;2015-01;0.5546171171171171;35063
2;2016-01;0.5936936936936937;35063
3;2017-01;0.7416666666666667;35063
4;2018-01;0.775;35063
5;2019-01;0.75;35063
6;2020-01;0.6416666666666666;35063
7;2021-01;0.7444444444444445;35063
8;2022-01;0.7;35063
9;2023-01;0.7666666666666666;35063
10;2024-01;0.6721212121212121;35063
0;2014-01;0.6295238095238095;35143
1;2015-01;0.7495238095238095;35143
2;2016-01;0.6142857142857142;35143
3;2017-01;0.5972222222222222;35143
4;2018-01;0.611111111111111;35143
5;2019-01;0.7777777777777777;35143
6;2020-01;0.8055555555555556;35143
7;2021-01;0.875;35143
8;2022-01;0.7916666666666667;35143
9;2023-01;0.8333333333333334;35143
10;2024-01;0.8333333333333333;35143
0;2014-01;0.25;35065
1;2015-01;0.25;35065
2;2016-01;0.25;35065
3;2017-01;0.625;35065
4;2018-01;0.5833333333333334;35065
5;2019-01;0.8333333333333334;35065
6;2020-01;0.5;35065
7;2021-01;0.5;35065
8;2022-01;0.5;35065
9;2023-01;0.5;35065
10;2024-01;0.75;35065
0;2014-01;0.8888888888888888;35082
1;2015-01;0.8888888888888888;35082
2;2016-01;0.9166666666666666;35082
3;2017-01;0.9166666666666666;35082
4;2018-01;1.0;35082
5;2019-01;1.0;35082
6;2020-01;1.0;35082
7;2021-01;1.0;35082
8;2022-01;0.96;35082
9;2023-01;0.96;35082
10;2024-01;0.5083333333333333;35082
0;2014-01;0.7410714285714286;35102
1;2015-01;0.7410714285714286;35102
2;2016-01;0.6028571428571429;35102
3;2017-01;0.6;35102
4;2018-01;0.6;35102
5;2019-01;0.6;35102
6;2020-01;0.7666666666666666;35102
7;2021-01;0.7666666666666666;35102
8;2022-01;0.9333333333333332;35102
9;2023-01;1.0;35102
10;2024-01;1.0;35102
0;2014-01;0.9642857142857143;35104
1;2015-01;0.9714285714285713;35104
2;2016-01;1.0;35104
3;2017-01;0.5714285714285714;35104
4;2018-01;0.7142857142857143;35104
5;2019-01;0.7142857142857143;35104
6;2020-01;0.5476190476190476;35104
7;2021-01;0.5476190476190476;35104
8;2022-01;0.5476190476190476;35104
9;2023-01;0.8333333333333334;35104
10;2024-01;0.8333333333333334;35104
0;2014-01;0.9722222222222222;35033
1;2015-01;0.9722222222222222;35033
2;2016-01;0.9583333333333334;35033
3;2017-01;0.9375;35033
4;2018-01;0.8772727272727273;35033
5;2019-01;0.8872727272727273;35033
6;2020-01;0.8590909090909091;35033
7;2021-01;0.7965909090909091;35033
8;2022-01;0.5823051948051948;35033
9;2023-01;0.6448051948051948;35033
10;2024-01;0.6476190476190476;35033
0;2014-01;0.665072463768116;35174
1;2015-01;0.71;35174
2;2016-01;0.7533333333333333;35174
3;2017-01;0.82;35174
4;2018-01;0.7666666666666666;35174
5;2019-01;0.8444444444444444;35174
6;2020-01;0.8166666666666667;35174
7;2021-01;0.7694444444444445;35174
8;2022-01;0.7266666666666667;35174
9;2023-01;0.7266666666666667;35174
10;2024-01;0.8155555555555555;35174
0;2014-01;0.8099999999999999;35095
1;2015-01;0.8;35095
2;2016-01;0.8;35095
3;2017-01;0.85;35095
4;2018-01;0.85;35095
5;2019-01;0.8714285714285713;35095
6;2020-01;0.9714285714285713;35095
7;2021-01;0.6904761904761905;35095
8;2022-01;0.6130952380952381;35095
9;2023-01;0.6507936507936508;35095
10;2024-01;0.6507936507936508;35095
0;2014-01;0.5634920634920635;35173
1;2015-01;0.6488095238095238;35173
2;2016-01;0.6190476190476191;35173
3;2017-01;0.6190476190476191;35173
4;2018-01;0.6190476190476191;35173
5;2019-01;0.6190476190476191;35173
6;2020-01;0.719047619047619;35173
7;2021-01;0.719047619047619;35173
8;2022-01;0.8800000000000001;35173
9;2023-01;0.9800000000000001;35173
10;2024-01;0.8342857142857143;35173
0;2014-01;0.3333333333333333;35083
1;2015-01;0.3333333333333333;35083
2;2016-01;0.5;35083
3;2017-01;0.25;35083
4;2018-01;0.625;35083
5;2019-01;0.7083333333333333;35083
6;2020-01;0.8055555555555555;35083
7;2021-01;0.5833333333333333;35083
8;2022-01;0.7222222222222222;35083
9;2023-01;0.5277777777777778;35083
10;2024-01;0.5902777777777778;35083
0;2014-01;0.5;16001
1;2015-01;0.375;16001
2;2016-01;0.5833333333333334;16001
3;2017-01;0.5833333333333334;16001
4;2018-01;0.5833333333333334;16001
5;2019-01;0.6875;16001
6;2020-01;0.875;16001
7;2021-01;1.0;16001
8;2022-01;1.0;16001
9;2023-01;1.0;16001
10;2024-01;1.0;16001
0;2014-01;0.75;29024
1;2015-01;1.0;29024
2;2016-01;1.0;29024
3;2017-01;1.0;29024
4;2018-01;0.75;29024
5;2019-01;1.0;29024
6;2020-01;1.0;29024
7;2021-01;1.0;29024
8;2022-01;0.5;29024
9;2023-01;0.5;29024
10;2024-01;1.0;29024
0;2014-01;1.0;23019
1;2015-01;1.0;23019
2;2016-01;1.0;23019
3;2017-01;1.0;23019
4;2018-01;0.75;23019
5;2019-01;0.8333333333333334;23019
6;2020-01;0.875;23019
7;2021-01;1.0;23019
8;2022-01;1.0;23019
9;2023-01;0.8125;23019
10;2024-01;0.8125;23019
0;2014-01;0.8333333333333334;31010
1;2015-01;0.8333333333333334;31010
2;2016-01;1.0;31010
3;2017-01;1.0;31010
4;2018-01;1.0;31010
5;2019-01;1.0;31010
6;2020-01;1.0;31010
7;2021-01;1.0;31010
8;2022-01;1.0;31010
9;2023-01;1.0;31010
10;2024-01;1.0;31010
0;2014-01;1.0;31087
1;2015-01;1.0;31087
2;2016-01;1.0;31087
3;2017-01;1.0;31087
4;2018-01;1.0;31087
5;2019-01;1.0;31087
6;2020-01;1.0;31087
7;2021-01;1.0;31087
8;2022-01;1.0;31087
9;2023-01;1.0;31087
10;2024-01;0.7083333333333333;31087
0;2014-01;1.0;31076
1;2015-01;1.0;31076
2;2016-01;1.0;31076
3;2017-01;1.0;31076
4;2018-01;1.0;31076
5;2019-01;1.0;31076
6;2020-01;1.0;31076
7;2021-01;1.0;31076
8;2022-01;1.0;31076
9;2023-01;1.0;31076
10;2024-01;1.0;31076
0;2014-01;0.8333333333333334;31045
1;2015-01;0.8333333333333334;31045
2;2016-01;0.875;31045
3;2017-01;0.9;31045
4;2018-01;0.9;31045
5;2019-01;0.9;31045
6;2020-01;0.9;31045
7;2021-01;0.9;31045
8;2022-01;1.0;31045
9;2023-01;1.0;31045
10;2024-01;1.0;31045
0;2014-01;0.9038095238095238;31012
1;2015-01;0.9428571428571428;31012
2;2016-01;1.0;31012
3;2017-01;0.9;31012
4;2018-01;0.9;31012
5;2019-01;0.9;31012
6;2020-01;1.0;31012
7;2021-01;0.8333333333333333;31012
8;2022-01;0.8333333333333333;31012
9;2023-01;0.9166666666666666;31012
10;2024-01;0.9166666666666666;31012
0;2014-01;0.875;31008
1;2015-01;0.875;31008
2;2016-01;0.75;31008
3;2017-01;0.8;31008
4;2018-01;0.8;31008
5;2019-01;0.7333333333333333;31008
6;2020-01;0.8333333333333333;31008
7;2021-01;0.8333333333333333;31008
8;2022-01;0.7916666666666666;31008
9;2023-01;1.0;31008
10;2024-01;1.0;31008
0;2014-01;0.9444444444444445;31026
1;2015-01;0.8888888888888888;31026
2;2016-01;0.9444444444444445;31026
3;2017-01;0.8888888888888888;31026
4;2018-01;0.8888888888888888;31026
5;2019-01;0.9166666666666666;31026
6;2020-01;0.8666666666666666;31026
7;2021-01;0.7666666666666666;31026
8;2022-01;0.9583333333333334;31026
9;2023-01;0.8125;31026
10;2024-01;0.7897727272727273;31026
0;2014-01;1.0;31070
1;2015-01;1.0;31070
2;2016-01;1.0;31070
3;2017-01;1.0;31070
4;2018-01;1.0;31070
5;2019-01;1.0;31070
6;2020-01;1.0;31070
7;2021-01;1.0;31070
8;2022-01;1.0;31070
9;2023-01;1.0;31070
10;2024-01;0.95;31070
0;2014-01;0.4174710424710425;31035
1;2015-01;0.533976833976834;31035
2;2016-01;0.7285714285714285;31035
3;2017-01;0.7285714285714285;31035
4;2018-01;0.8;31035
5;2019-01;0.9705882352941176;31035
6;2020-01;0.8970588235294118;31035
7;2021-01;0.9176470588235294;31035
8;2022-01;0.9176470588235294;31035
9;2023-01;0.8658823529411764;31035
10;2024-01;0.48014492753623184;31035
0;2014-01;1.0;51003
1;2015-01;1.0;51003
2;2016-01;1.0;51003
3;2017-01;1.0;51003
4;2018-01;1.0;51003
5;2019-01;1.0;51003
6;2020-01;1.0;51003
7;2021-01;1.0;51003
8;2022-01;1.0;51003
9;2023-01;1.0;51003
10;2024-01;1.0;51003
0;2014-01;1.0;26007
1;2015-01;0.75;26007
2;2016-01;0.8333333333333334;26007
3;2017-01;0.8333333333333334;26007
4;2018-01;0.75;26007
5;2019-01;0.8333333333333334;26007
6;2020-01;0.875;26007
7;2021-01;0.6666666666666666;26007
8;2022-01;0.6666666666666666;26007
9;2023-01;0.8333333333333334;26007
10;2024-01;0.7916666666666666;26007
0;2014-01;0.75;26002
1;2015-01;0.5961538461538461;26002
2;2016-01;0.7596153846153846;26002
3;2017-01;0.7403846153846154;26002
4;2018-01;0.6153846153846154;26002
5;2019-01;0.5721153846153846;26002
6;2020-01;0.6153846153846154;26002
7;2021-01;0.6602564102564102;26002
8;2022-01;0.7451923076923077;26002
9;2023-01;0.9375;26002
10;2024-01;0.85;26002
0;2014-01;0.3333333333333333;41013
1;2015-01;0.6666666666666666;41013
2;2016-01;0.6666666666666666;41013
3;2017-01;0.7777777777777778;41013
4;2018-01;1.0;41013
5;2019-01;1.0;41013
6;2020-01;0.9166666666666666;41013
7;2021-01;0.8333333333333333;41013
8;2022-01;0.8333333333333333;41013
9;2023-01;0.9166666666666666;41013
10;2024-01;0.8087121212121212;41013
0;2014-01;0.6066666666666667;24002
1;2015-01;0.6733333333333333;24002
2;2016-01;0.73;24002
3;2017-01;0.8300000000000001;24002
4;2018-01;0.71;24002
5;2019-01;0.82;24002
6;2020-01;0.858095238095238;24002
7;2021-01;0.858095238095238;24002
8;2022-01;0.7714285714285715;24002
9;2023-01;0.7714285714285715;24002
10;2024-01;0.8047619047619048;24002
0;2014-01;1.0;17001
1;2015-01;1.0;17001
2;2016-01;1.0;17001
3;2017-01;1.0;17001
4;2018-01;1.0;17001
5;2019-01;1.0;17001
6;2020-01;1.0;17001
7;2021-01;0.9;17001
8;2022-01;0.9;17001
9;2023-01;1.0;17001
10;2024-01;1.0;17001
0;2014-01;1.0;27006
1;2015-01;0.5833333333333333;27006
2;2016-01;0.6375;27006
3;2017-01;0.5875;27006
4;2018-01;0.6125;27006
5;2019-01;0.61;27006
6;2020-01;0.6222222222222222;27006
7;2021-01;0.8888888888888888;27006
8;2022-01;0.7222222222222222;27006
9;2023-01;0.4916666666666667;27006
10;2024-01;0.38333333333333336;27006
0;2014-01;;27005
1;2015-01;1.0;27005
2;2016-01;1.0;27005
3;2017-01;0.75;27005
4;2018-01;0.8333333333333334;27005
5;2019-01;0.875;27005
6;2020-01;0.9;27005
7;2021-01;0.86;27005
8;2022-01;0.96;27005
9;2023-01;0.9199999999999999;27005
10;2024-01;0.7514285714285714;27005
0;2014-01;0.8333333333333333;21002
1;2015-01;0.6666666666666666;21002
2;2016-01;0.5;21002
3;2017-01;0.3333333333333333;21002
4;2018-01;0.6666666666666666;21002
5;2019-01;0.7777777777777778;21002
6;2020-01;1.0;21002
7;2021-01;0.3333333333333333;21002
8;2022-01;0.6666666666666666;21002
9;2023-01;0.6666666666666666;21002
10;2024-01;0.6666666666666666;21002
0;2014-01;1.0;21017
1;2015-01;1.0;21017
2;2016-01;0.9047619047619048;21017
3;2017-01;0.8571428571428571;21017
4;2018-01;0.7321428571428571;21017
5;2019-01;0.6071428571428571;21017
6;2020-01;0.6696428571428571;21017
7;2021-01;0.7625;21017
8;2022-01;0.6166666666666667;21017
9;2023-01;0.6166666666666667;21017
10;2024-01;0.6166666666666667;21017
0;2014-01;0.875;31088
1;2015-01;0.875;31088
2;2016-01;1.0;31088
3;2017-01;1.0;31088
4;2018-01;1.0;31088
5;2019-01;0.875;31088
6;2020-01;1.0;31088
7;2021-01;1.0;31088
8;2022-01;0.9;31088
9;2023-01;0.9;31088
10;2024-01;0.9;31088
0;2014-01;0.75;51001
1;2015-01;0.625;51001
2;2016-01;0.75;51001
3;2017-01;1.0;51001
4;2018-01;1.0;51001
5;2019-01;0.8333333333333334;51001
6;2020-01;0.75;51001
7;2021-01;0.75;51001
8;2022-01;0.8333333333333334;51001
9;2023-01;0.8333333333333334;51001
10;2024-01;0.875;51001
0;2014-01;0.6666666666666667;51014
1;2015-01;0.4666666666666666;51014
2;2016-01;0.5;51014
3;2017-01;0.5636363636363637;51014
4;2018-01;0.5424242424242424;51014
5;2019-01;0.634469696969697;51014
6;2020-01;0.709469696969697;51014
7;2021-01;0.7275757575757575;51014
8;2022-01;0.6458333333333334;51014
9;2023-01;0.5372727272727273;51014
10;2024-01;0.550909090909091;51014
0;2014-01;0.6571428571428571;24005
1;2015-01;0.5;24005
2;2016-01;0.6666666666666666;24005
3;2017-01;0.6666666666666666;24005
4;2018-01;0.7777777777777778;24005
5;2019-01;0.7777777777777778;24005
6;2020-01;0.8333333333333334;24005
7;2021-01;0.7666666666666667;24005
8;2022-01;0.7;24005
9;2023-01;0.6458333333333334;24005
10;2024-01;0.7023809523809524;24005
0;2014-01;0.5833333333333334;11003
1;2015-01;0.5375;11003
2;2016-01;0.48;11003
3;2017-01;0.58;11003
4;2018-01;0.6666666666666666;11003
5;2019-01;0.5555555555555556;11003
6;2020-01;0.6805555555555556;11003
7;2021-01;0.7262626262626263;11003
8;2022-01;0.6578282828282829;11003
9;2023-01;0.7262626262626263;11003
10;2024-01;0.8818181818181818;11003
0;2014-01;0.6777777777777779;42014
1;2015-01;0.5833333333333334;42014
2;2016-01;0.5833333333333334;42014
3;2017-01;0.7222222222222222;42014
4;2018-01;0.6666666666666666;42014
5;2019-01;0.20833333333333331;42014
6;2020-01;0.47222222222222227;42014
7;2021-01;0.6944444444444445;42014
8;2022-01;0.7916666666666666;42014
9;2023-01;0.8275;42014
10;2024-01;0.22916666666666666;42014
0;2014-01;1.0;35113
1;2015-01;0.75;35113
2;2016-01;0.5625;35113
3;2017-01;0.7083333333333334;35113
4;2018-01;1.0;35113
5;2019-01;1.0;35113
6;2020-01;0.125;35113
7;2021-01;0.125;35113
8;2022-01;;35113
9;2023-01;0.3333333333333333;35113
10;2024-01;0.6666666666666666;35113
0;2014-01;0.2727272727272727;17003
1;2015-01;0.2727272727272727;17003
2;2016-01;0.36363636363636365;17003
3;2017-01;0.6818181818181819;17003
4;2018-01;0.6818181818181819;17003
5;2019-01;0.2727272727272727;17003
6;2020-01;0.2727272727272727;17003
7;2021-01;0.2727272727272727;17003
8;2022-01;0.6363636363636364;17003
9;2023-01;0.7575757575757575;17003
10;2024-01;0.7575757575757575;17003
0;2014-01;0.7;17005
1;2015-01;0.2;17005
2;2016-01;0.2;17005
3;2017-01;0.2;17005
4;2018-01;0.2;17005
5;2019-01;0.6;17005
6;2020-01;0.6;17005
7;2021-01;1.0;17005
8;2022-01;1.0;17005
9;2023-01;1.0;17005
10;2024-01;1.0;17005
0;2014-01;1.0;17004
1;2015-01;1.0;17004
2;2016-01;1.0;17004
3;2017-01;1.0;17004
4;2018-01;1.0;17004
5;2019-01;1.0;17004
6;2020-01;1.0;17004
7;2021-01;1.0;17004
8;2022-01;;17004
9;2023-01;1.0;17004
10;2024-01;1.0;17004
0;2014-01;1.0;29013
1;2015-01;1.0;29013
2;2016-01;1.0;29013
3;2017-01;1.0;29013
4;2018-01;0.875;29013
5;2019-01;0.875;29013
6;2020-01;0.8333333333333334;29013
7;2021-01;1.0;29013
8;2022-01;1.0;29013
9;2023-01;0.8888888888888888;29013
10;2024-01;0.875;29013
0;2014-01;1.0;23006
1;2015-01;1.0;23006
2;2016-01;0.6666666666666666;23006
3;2017-01;0.625;23006
4;2018-01;0.8125;23006
5;2019-01;0.5833333333333334;23006
6;2020-01;0.5;23006
7;2021-01;0.5;23006
8;2022-01;0.6666666666666666;23006
9;2023-01;0.7000000000000001;23006
10;2024-01;0.6083333333333333;23006
0;2014-01;0.5625;23008
1;2015-01;0.7222222222222222;23008
2;2016-01;0.611111111111111;23008
3;2017-01;0.4444444444444444;23008
4;2018-01;0.4444444444444444;23008
5;2019-01;0.5;23008
6;2020-01;0.4181818181818182;23008
7;2021-01;0.4865800865800866;23008
8;2022-01;0.32435064935064933;23008
9;2023-01;0.45272727272727276;23008
10;2024-01;0.45064935064935063;23008
0;2014-01;;21001
1;2015-01;0.8333333333333334;21001
2;2016-01;0.5;21001
3;2017-01;0.16666666666666666;21001
4;2018-01;0.3333333333333333;21001
5;2019-01;0.25;21001
6;2020-01;0.25;21001
7;2021-01;0.7222222222222222;21001
8;2022-01;0.7083333333333334;21001
9;2023-01;0.7666666666666667;21001
10;2024-01;0.7666666666666667;21001
0;2014-01;0.7857142857142857;21004
1;2015-01;0.7857142857142857;21004
2;2016-01;0.7857142857142857;21004
3;2017-01;0.7857142857142857;21004
4;2018-01;0.7619047619047619;21004
5;2019-01;0.6428571428571428;21004
6;2020-01;0.5714285714285714;21004
7;2021-01;0.75;21004
8;2022-01;0.5;21004
9;2023-01;1.0;21004
10;2024-01;1.0;21004
0;2014-01;0.6666666666666666;21010
1;2015-01;0.6666666666666666;21010
2;2016-01;1.0;21010
3;2017-01;1.0;21010
4;2018-01;1.0;21010
5;2019-01;0.8333333333333334;21010
6;2020-01;0.8333333333333334;21010
7;2021-01;0.8333333333333334;21010
8;2022-01;0.75;21010
9;2023-01;0.8333333333333334;21010
10;2024-01;0.75;21010
0;2014-01;0.5923015873015873;28002
1;2015-01;0.6053968253968254;28002
2;2016-01;0.5877777777777778;28002
3;2017-01;0.7166666666666666;28002
4;2018-01;0.6122222222222222;28002
5;2019-01;0.6877777777777778;28002
6;2020-01;0.29583333333333334;28002
7;2021-01;0.44166666666666665;28002
8;2022-01;0.6666666666666666;28002
9;2023-01;0.6666666666666666;28002
10;2024-01;0.7333333333333333;28002
0;2014-01;0.5;13009
1;2015-01;0.75;13009
2;2016-01;0.8333333333333334;13009
3;2017-01;0.8333333333333334;13009
4;2018-01;0.6666666666666666;13009
5;2019-01;0.5;13009
6;2020-01;0.6666666666666666;13009
7;2021-01;0.5;13009
8;2022-01;0.23076923076923078;13009
9;2023-01;0.297008547008547;13009
10;2024-01;0.2171474358974359;13009
0;2014-01;0.6458333333333333;29021
1;2015-01;0.8125;29021
2;2016-01;0.7083333333333333;29021
3;2017-01;0.5833333333333333;29021
4;2018-01;0.4833333333333333;29021
5;2019-01;0.7166666666666666;29021
6;2020-01;0.8666666666666666;29021
7;2021-01;0.8666666666666666;29021
8;2022-01;0.8;29021
9;2023-01;0.6666666666666666;29021
10;2024-01;0.6666666666666666;29021
0;2014-01;0.5666666666666667;29008
1;2015-01;0.35;29008
2;2016-01;0.5666666666666667;29008
3;2017-01;0.35;29008
4;2018-01;0.35;29008
5;2019-01;1.0;29008
6;2020-01;1.0;29008
7;2021-01;;29008
8;2022-01;;29008
9;2023-01;1.0;29008
10;2024-01;1.0;29008
0;2014-01;1.0;29002
1;2015-01;1.0;29002
2;2016-01;1.0;29002
3;2017-01;0.875;29002
4;2018-01;0.8333333333333334;29002
5;2019-01;0.875;29002
6;2020-01;0.875;29002
7;2021-01;0.875;29002
8;2022-01;0.875;29002
9;2023-01;1.0;29002
10;2024-01;0.9166666666666666;29002
0;2014-01;0.625;52013
1;2015-01;0.71875;52013
2;2016-01;0.71875;52013
3;2017-01;0.71875;52013
4;2018-01;0.7008928571428571;52013
5;2019-01;0.84375;52013
6;2020-01;0.71875;52013
7;2021-01;0.736111111111111;52013
8;2022-01;0.611111111111111;52013
9;2023-01;0.8333333333333334;52013
10;2024-01;0.875;52013
0;2014-01;0.8333333333333334;43030
1;2015-01;0.7916666666666666;43030
2;2016-01;0.9166666666666666;43030
3;2017-01;0.6666666666666666;43030
4;2018-01;0.6;43030
5;2019-01;0.55;43030
6;2020-01;0.5833333333333333;43030
7;2021-01;0.6666666666666667;43030
8;2022-01;0.7666666666666667;43030
9;2023-01;0.9;43030
10;2024-01;0.7777777777777777;43030
0;2014-01;0.8;42015
1;2015-01;0.75;42015
2;2016-01;0.7666666666666666;42015
3;2017-01;0.7;42015
4;2018-01;0.8333333333333333;42015
5;2019-01;0.7;42015
6;2020-01;0.8;42015
7;2021-01;0.9333333333333332;42015
8;2022-01;0.9047619047619048;42015
9;2023-01;0.6461904761904762;42015
10;2024-01;0.6728571428571428;42015
0;2014-01;0.75;35153
1;2015-01;0.8333333333333334;35153
2;2016-01;0.7222222222222222;35153
3;2017-01;0.7777777777777778;35153
4;2018-01;0.8333333333333334;35153
5;2019-01;0.8333333333333334;35153
6;2020-01;0.8333333333333334;35153
7;2021-01;0.8666666666666666;35153
8;2022-01;0.8666666666666666;35153
9;2023-01;0.8666666666666666;35153
10;2024-01;1.0;35153
0;2014-01;0.6666666666666666;35154
1;2015-01;0.7333333333333334;35154
2;2016-01;0.5888888888888889;35154
3;2017-01;0.5333333333333333;35154
4;2018-01;0.6888888888888888;35154
5;2019-01;0.6888888888888888;35154
6;2020-01;0.7666666666666666;35154
7;2021-01;0.7666666666666666;35154
8;2022-01;0.85;35154
9;2023-01;1.0;35154
10;2024-01;1.0;35154
0;2014-01;0.875;29027
1;2015-01;0.8333333333333334;29027
2;2016-01;0.8333333333333334;29027
3;2017-01;0.5625;29027
4;2018-01;0.5;29027
5;2019-01;0.5;29027
6;2020-01;0.5;29027
7;2021-01;0.5;29027
8;2022-01;0.6666666666666666;29027
9;2023-01;0.6666666666666666;29027
10;2024-01;0.5833333333333333;29027
0;2014-01;0.875;31073
1;2015-01;1.0;31073
2;2016-01;1.0;31073
3;2017-01;0.875;31073
4;2018-01;0.875;31073
5;2019-01;0.875;31073
6;2020-01;0.7;31073
7;2021-01;0.7;31073
8;2022-01;0.8;31073
9;2023-01;0.8;31073
10;2024-01;0.9;31073
0;2014-01;1.0;31020
1;2015-01;1.0;31020
2;2016-01;0.8666666666666667;31020
3;2017-01;0.6333333333333333;31020
4;2018-01;0.8333333333333334;31020
5;2019-01;0.8333333333333334;31020
6;2020-01;0.6666666666666666;31020
7;2021-01;0.75;31020
8;2022-01;0.75;31020
9;2023-01;1.0;31020
10;2024-01;1.0;31020
0;2014-01;1.0;31030
1;2015-01;1.0;31030
2;2016-01;0.875;31030
3;2017-01;0.875;31030
4;2018-01;0.75;31030
5;2019-01;0.75;31030
6;2020-01;0.8333333333333334;31030
7;2021-01;0.6666666666666666;31030
8;2022-01;0.825;31030
9;2023-01;0.85;31030
10;2024-01;0.43333333333333335;31030
0;2014-01;1.0;31034
1;2015-01;1.0;31034
2;2016-01;0.9090909090909091;31034
3;2017-01;0.9545454545454546;31034
4;2018-01;0.9696969696969697;31034
5;2019-01;0.7727272727272727;31034
6;2020-01;0.7181818181818181;31034
7;2021-01;0.9166666666666666;31034
8;2022-01;1.0;31034
9;2023-01;1.0;31034
10;2024-01;1.0;31034
0;2014-01;0.875;31079
1;2015-01;0.875;31079
2;2016-01;0.875;31079
3;2017-01;0.8125;31079
4;2018-01;0.625;31079
5;2019-01;0.75;31079
6;2020-01;0.8333333333333334;31079
7;2021-01;0.875;31079
8;2022-01;0.8333333333333334;31079
9;2023-01;0.75;31079
10;2024-01;0.75;31079
0;2015-01;1.0;31042
1;2016-01;1.0;31042
2;2017-01;0.75;31042
3;2018-01;0.75;31042
4;2019-01;1.0;31042
5;2020-01;1.0;31042
6;2021-01;1.0;31042
7;2022-01;1.0;31042
8;2023-01;1.0;31042
9;2024-01;1.0;31042
0;2014-01;0.5694444444444444;31074
1;2015-01;0.5104166666666666;31074
2;2016-01;0.6083333333333333;31074
3;2017-01;0.6083333333333333;31074
4;2018-01;0.7416666666666666;31074
5;2019-01;0.8666666666666666;31074
6;2020-01;0.7333333333333333;31074
7;2021-01;0.8666666666666666;31074
8;2022-01;1.0;31074
9;2023-01;1.0;31074
10;2024-01;1.0;31074
0;2019-01;1.0;31081
1;2020-01;1.0;31081
2;2021-01;1.0;31081
3;2022-01;1.0;31081
4;2023-01;1.0;31081
5;2024-01;1.0;31081
0;2014-01;1.0;31011
1;2015-01;1.0;31011
2;2016-01;1.0;31011
3;2017-01;1.0;31011
4;2018-01;1.0;31011
5;2019-01;1.0;31011
6;2020-01;1.0;31011
7;2021-01;1.0;31011
8;2022-01;1.0;31011
9;2023-01;1.0;31011
10;2024-01;1.0;31011
0;2014-01;1.0;31061
1;2015-01;1.0;31061
2;2016-01;1.0;31061
3;2017-01;1.0;31061
4;2018-01;1.0;31061
5;2019-01;1.0;31061
6;2020-01;1.0;31061
7;2021-01;1.0;31061
8;2022-01;1.0;31061
9;2023-01;1.0;31061
10;2024-01;1.0;31061
0;2014-01;0.5277777777777778;51005
1;2015-01;0.48148148148148145;51005
2;2016-01;0.5555555555555555;51005
3;2017-01;0.7222222222222222;51005
4;2018-01;0.75;51005
5;2019-01;0.6333333333333333;51005
6;2020-01;0.7999999999999999;51005
7;2021-01;0.7;51005
8;2022-01;0.6;51005
9;2023-01;0.5833333333333334;51005
10;2024-01;0.75;51005
0;2014-01;1.0;51016
1;2015-01;1.0;51016
2;2016-01;;51016
3;2017-01;0.5;51016
4;2018-01;1.0;51016
5;2019-01;1.0;51016
6;2020-01;1.0;51016
7;2021-01;1.0;51016
8;2022-01;1.0;51016
9;2023-01;1.0;51016
10;2024-01;1.0;51016
0;2014-01;0.6388888888888888;51012
1;2015-01;0.7777777777777777;51012
2;2016-01;0.7777777777777777;51012
3;2017-01;0.7777777777777777;51012
4;2018-01;0.7777777777777777;51012
5;2019-01;0.8333333333333333;51012
6;2020-01;1.0;51012
7;2021-01;1.0;51012
8;2022-01;1.0;51012
9;2023-01;1.0;51012
10;2024-01;0.6666666666666666;51012
0;2014-01;1.0;21006
1;2015-01;1.0;21006
2;2016-01;1.0;21006
3;2017-01;0.5;21006
4;2018-01;;21006
5;2019-01;0.3333333333333333;21006
6;2020-01;0.3333333333333333;21006
7;2021-01;1.0;21006
8;2022-01;1.0;21006
9;2023-01;1.0;21006
10;2024-01;0.8333333333333333;21006
0;2014-01;0.7666666666666666;31028
1;2015-01;0.8166666666666667;31028
2;2016-01;0.7555555555555555;31028
3;2017-01;0.5222222222222223;31028
4;2018-01;0.5222222222222223;31028
5;2019-01;0.7222222222222222;31028
6;2020-01;0.7222222222222222;31028
7;2021-01;0.7222222222222222;31028
8;2022-01;0.7083333333333334;31028
9;2023-01;0.875;31028
10;2024-01;0.8333333333333334;31028
0;2014-01;0.5;50002
1;2015-01;0.5;50002
2;2016-01;0.5;50002
3;2017-01;0.5;50002
4;2018-01;0.5;50002
5;2019-01;0.5;50002
6;2020-01;0.5;50002
7;2021-01;0.5;50002
8;2022-01;0.5;50002
9;2023-01;0.75;50002
10;2024-01;0.75;50002
0;2014-01;1.0;29018
1;2015-01;1.0;29018
2;2016-01;1.0;29018
3;2017-01;1.0;29018
4;2018-01;1.0;29018
5;2019-01;1.0;29018
6;2020-01;1.0;29018
7;2021-01;1.0;29018
8;2022-01;1.0;29018
9;2023-01;1.0;29018
10;2024-01;1.0;29018
0;2014-01;0.8333333333333334;21012
1;2015-01;0.7916666666666666;21012
2;2016-01;0.611111111111111;21012
3;2017-01;0.611111111111111;21012
4;2018-01;0.6666666666666666;21012
5;2019-01;0.6944444444444445;21012
6;2020-01;0.611111111111111;21012
7;2021-01;0.625;21012
8;2022-01;0.3333333333333333;21012
9;2023-01;0.6666666666666666;21012
10;2024-01;0.6666666666666666;21012
0;2014-01;0.75;41004
1;2015-01;0.75;41004
2;2016-01;0.7333333333333333;41004
3;2017-01;0.8333333333333334;41004
4;2018-01;1.0;41004
5;2019-01;1.0;41004
6;2020-01;1.0;41004
7;2021-01;1.0;41004
8;2022-01;;41004
9;2023-01;1.0;41004
10;2024-01;1.0;41004
0;2014-01;0.5416666666666666;24001
1;2015-01;0.5416666666666666;24001
2;2016-01;0.7291666666666666;24001
3;2017-01;0.638888888888889;24001
4;2018-01;0.6666666666666666;24001
5;2019-01;0.7333333333333333;24001
6;2020-01;0.5833333333333333;24001
7;2021-01;0.7083333333333334;24001
8;2022-01;0.7083333333333334;24001
9;2023-01;0.611111111111111;24001
10;2024-01;0.3444444444444444;24001
0;2014-01;1.0;12003
1;2015-01;0.7777777777777777;12003
2;2016-01;0.6666666666666666;12003
3;2017-01;0.6666666666666666;12003
4;2018-01;0.6666666666666666;12003
5;2019-01;0.6666666666666666;12003
6;2020-01;0.8888888888888888;12003
7;2021-01;0.9166666666666666;12003
8;2022-01;0.9166666666666666;12003
9;2023-01;0.8333333333333333;12003
10;2024-01;0.7916666666666666;12003
0;2014-01;0.5833333333333333;23005
1;2015-01;0.5694444444444444;23005
2;2016-01;0.6770833333333334;23005
3;2017-01;0.8333333333333334;23005
4;2018-01;0.8888888888888888;23005
5;2019-01;0.6666666666666666;23005
6;2020-01;0.7333333333333333;23005
7;2021-01;0.7333333333333333;23005
8;2022-01;1.0;23005
9;2023-01;1.0;23005
10;2024-01;1.0;23005
0;2014-01;0.7333333333333334;15007
1;2015-01;0.5666666666666667;15007
2;2016-01;0.5666666666666667;15007
3;2017-01;0.5666666666666667;15007
4;2018-01;0.35;15007
5;2019-01;0.2;15007
6;2020-01;1.0;15007
7;2021-01;1.0;15007
8;2022-01;;15007
9;2023-01;1.0;15007
10;2024-01;1.0;15007
0;2014-01;0.7083333333333333;43018
1;2015-01;0.7666666666666666;43018
2;2016-01;0.75;43018
3;2017-01;0.75;43018
4;2018-01;1.0;43018
5;2019-01;1.0;43018
6;2020-01;1.0;43018
7;2021-01;1.0;43018
8;2022-01;1.0;43018
9;2023-01;0.95;43018
10;2024-01;0.775;43018
0;2014-01;0.75;13005
1;2015-01;0.75;13005
2;2016-01;0.75;13005
3;2017-01;0.75;13005
4;2018-01;0.375;13005
5;2019-01;0.5833333333333334;13005
6;2020-01;0.625;13005
7;2021-01;0.7;13005
8;2022-01;0.9375;13005
9;2023-01;0.75;13005
10;2024-01;0.6666666666666666;13005
0;2014-01;0.8333333333333334;52018
1;2015-01;0.75;52018
2;2016-01;1.0;52018
3;2017-01;1.0;52018
4;2018-01;1.0;52018
5;2019-01;1.0;52018
6;2020-01;1.0;52018
7;2021-01;0.8333333333333334;52018
8;2022-01;0.7333333333333334;52018
9;2023-01;0.5333333333333333;52018
10;2024-01;0.6;52018
0;2014-01;0.5;52014
1;2015-01;0.5;52014
2;2016-01;0.4166666666666667;52014
3;2017-01;0.4166666666666667;52014
4;2018-01;0.5833333333333334;52014
5;2019-01;0.8333333333333334;52014
6;2020-01;0.8333333333333334;52014
7;2021-01;1.0;52014
8;2022-01;1.0;52014
9;2023-01;0.9666666666666667;52014
10;2024-01;0.6107142857142858;52014
0;2014-01;0.39285714285714285;52008
1;2015-01;0.41666666666666663;52008
2;2016-01;0.5833333333333333;52008
3;2017-01;0.6666666666666667;52008
4;2018-01;0.5833333333333333;52008
5;2019-01;0.6666666666666666;52008
6;2020-01;0.6666666666666666;52008
7;2021-01;0.75;52008
8;2022-01;0.75;52008
9;2023-01;0.5;52008
10;2024-01;0.75;52008
0;2014-01;1.0;25004
1;2015-01;1.0;25004
2;2016-01;0.6666666666666666;25004
3;2017-01;0.611111111111111;25004
4;2018-01;0.611111111111111;25004
5;2019-01;0.7083333333333334;25004
6;2020-01;0.5833333333333334;25004
7;2021-01;0.5833333333333334;25004
8;2022-01;0.5833333333333334;25004
9;2023-01;0.6666666666666666;25004
10;2024-01;0.75;25004
0;2014-01;1.0;29017
1;2015-01;1.0;29017
2;2016-01;1.0;29017
3;2017-01;1.0;29017
4;2018-01;1.0;29017
5;2019-01;1.0;29017
6;2020-01;1.0;29017
7;2021-01;1.0;29017
8;2022-01;1.0;29017
9;2023-01;1.0;29017
10;2024-01;1.0;29017
0;2014-01;;23012
1;2015-01;1.0;23012
2;2016-01;;23012
3;2017-01;0.25;23012
4;2018-01;1.0;23012
5;2019-01;0.5;23012
6;2020-01;0.5;23012
7;2021-01;0.75;23012
8;2022-01;0.75;23012
9;2023-01;0.5;23012
10;2024-01;0.5;23012
0;2014-01;0.5833333333333334;23015
1;2015-01;0.611111111111111;23015
2;2016-01;0.611111111111111;23015
3;2017-01;0.625;23015
4;2018-01;1.0;23015
5;2019-01;1.0;23015
6;2020-01;1.0;23015
7;2021-01;0.625;23015
8;2022-01;0.6666666666666666;23015
9;2023-01;0.6875;23015
10;2024-01;0.6333333333333333;23015
0;2014-01;;31083
1;2015-01;1.0;31083
2;2016-01;;31083
3;2017-01;;31083
4;2018-01;;31083
5;2019-01;1.0;31083
6;2020-01;1.0;31083
7;2021-01;1.0;31083
8;2022-01;1.0;31083
9;2023-01;1.0;31083
10;2024-01;1.0;31083
0;2014-01;0.75;25008
1;2015-01;0.6944444444444445;25008
2;2016-01;0.5833333333333334;25008
3;2017-01;0.5833333333333334;25008
4;2018-01;0.5833333333333334;25008
5;2019-01;0.6875;25008
6;2020-01;0.6458333333333333;25008
7;2021-01;0.47916666666666663;25008
8;2022-01;0.4791666666666667;25008
9;2023-01;0.4791666666666667;25008
10;2024-01;0.4791666666666667;25008
0;2014-01;1.0;11006
1;2015-01;1.0;11006
2;2016-01;1.0;11006
3;2017-01;1.0;11006
4;2018-01;1.0;11006
5;2019-01;1.0;11006
6;2020-01;1.0;11006
7;2021-01;1.0;11006
8;2022-01;0.75;11006
9;2023-01;0.75;11006
10;2024-01;0.475;11006
0;2014-01;0.8333333333333334;28007
1;2015-01;0.8333333333333334;28007
2;2016-01;1.0;28007
3;2017-01;1.0;28007
4;2018-01;0.875;28007
5;2019-01;0.875;28007
6;2020-01;0.875;28007
7;2021-01;0.9;28007
8;2022-01;0.625;28007
9;2023-01;0.75;28007
10;2024-01;0.5;28007
0;2014-01;0.5;21014
1;2015-01;0.5833333333333333;21014
2;2016-01;0.5277777777777778;21014
3;2017-01;0.7777777777777778;21014
4;2018-01;1.0;21014
5;2019-01;0.7916666666666666;21014
6;2020-01;0.8333333333333333;21014
7;2021-01;0.7777777777777777;21014
8;2022-01;0.7777777777777777;21014
9;2023-01;0.611111111111111;21014
10;2024-01;0.5;21014
0;2014-01;;25014
1;2015-01;1.0;25014
2;2016-01;1.0;25014
3;2017-01;1.0;25014
4;2018-01;0.625;25014
5;2019-01;0.5833333333333334;25014
6;2020-01;0.5833333333333334;25014
7;2021-01;0.5875;25014
8;2022-01;0.55;25014
9;2023-01;0.4875;25014
10;2024-01;0.675;25014
0;2014-01;1.0;26001
1;2015-01;1.0;26001
2;2016-01;1.0;26001
3;2017-01;1.0;26001
4;2018-01;1.0;26001
5;2019-01;1.0;26001
6;2020-01;1.0;26001
7;2021-01;1.0;26001
8;2022-01;1.0;26001
9;2023-01;1.0;26001
10;2024-01;0.8333333333333334;26001
0;2014-01;0.875;22001
1;2015-01;0.875;22001
2;2016-01;0.7083333333333333;22001
3;2017-01;0.875;22001
4;2018-01;0.875;22001
5;2019-01;0.875;22001
6;2020-01;0.9166666666666666;22001
7;2021-01;0.9166666666666666;22001
8;2022-01;0.9166666666666666;22001
9;2023-01;1.0;22001
10;2024-01;1.0;22001
0;2014-01;0.5;29023
1;2015-01;0.75;29023
2;2016-01;0.75;29023
3;2017-01;0.8333333333333334;29023
4;2018-01;0.8333333333333334;29023
5;2019-01;0.6333333333333333;29023
6;2020-01;0.55;29023
7;2021-01;0.6904761904761904;29023
8;2022-01;0.7142857142857143;29023
9;2023-01;0.8571428571428571;29023
10;2024-01;0.8571428571428571;29023
0;2014-01;1.0;21019
1;2015-01;1.0;21019
2;2016-01;1.0;21019
3;2017-01;1.0;21019
4;2018-01;1.0;21019
5;2019-01;1.0;21019
6;2020-01;1.0;21019
7;2021-01;;21019
8;2022-01;0.75;21019
9;2023-01;0.75;21019
10;2024-01;0.8333333333333334;21019
0;2014-01;1.0;43019
1;2015-01;1.0;43019
2;2016-01;1.0;43019
3;2017-01;1.0;43019
4;2018-01;0.9285714285714286;43019
5;2019-01;0.9523809523809524;43019
6;2020-01;0.8571428571428571;43019
7;2021-01;0.8095238095238094;43019
8;2022-01;0.7142857142857143;43019
9;2023-01;0.5952380952380952;43019
10;2024-01;0.5952380952380952;43019
0;2014-01;0.5;35111
1;2015-01;0.5;35111
2;2016-01;0.5;35111
3;2017-01;0.6666666666666666;35111
4;2018-01;0.75;35111
5;2019-01;0.875;35111
6;2020-01;0.875;35111
7;2021-01;0.875;35111
8;2022-01;0.875;35111
9;2023-01;0.875;35111
10;2024-01;0.875;35111
0;2014-01;1.0;13008
1;2015-01;1.0;13008
2;2016-01;1.0;13008
3;2017-01;1.0;13008
4;2018-01;0.5;13008
5;2019-01;0.75;13008
6;2020-01;0.75;13008
7;2021-01;0.75;13008
8;2022-01;0.75;13008
9;2023-01;0.5833333333333334;13008
10;2024-01;0.7916666666666666;13008
0;2014-01;0.75;31077
1;2015-01;0.75;31077
2;2016-01;0.75;31077
3;2017-01;0.611111111111111;31077
4;2018-01;0.7777777777777777;31077
5;2019-01;0.7777777777777777;31077
6;2020-01;0.6666666666666666;31077
7;2021-01;0.7777777777777777;31077
8;2022-01;0.611111111111111;31077
9;2023-01;0.75;31077
10;2024-01;0.5;31077
0;2014-01;0.4444444444444444;31082
1;2015-01;0.4444444444444444;31082
2;2016-01;0.41666666666666663;31082
3;2017-01;0.41666666666666663;31082
4;2018-01;0.75;31082
5;2019-01;0.75;31082
6;2020-01;0.5;31082
7;2021-01;0.5;31082
8;2022-01;0.75;31082
9;2023-01;0.41666666666666663;31082
10;2024-01;0.6666666666666666;31082
0;2014-01;1.0;31041
1;2015-01;1.0;31041
2;2016-01;1.0;31041
3;2017-01;1.0;31041
4;2018-01;1.0;31041
5;2019-01;1.0;31041
6;2020-01;1.0;31041
7;2021-01;1.0;31041
8;2022-01;1.0;31041
9;2023-01;1.0;31041
10;2024-01;1.0;31041
0;2014-01;1.0;31090
1;2015-01;1.0;31090
2;2016-01;1.0;31090
3;2017-01;1.0;31090
4;2018-01;0.5;31090
5;2019-01;0.5;31090
6;2020-01;0.5;31090
7;2021-01;0.5;31090
8;2022-01;0.5;31090
9;2023-01;;31090
10;2024-01;;31090
0;2014-01;1.0;31091
1;2015-01;0.8333333333333333;31091
2;2016-01;0.8333333333333333;31091
3;2017-01;1.0;31091
4;2018-01;1.0;31091
5;2019-01;1.0;31091
6;2020-01;1.0;31091
7;2021-01;1.0;31091
8;2022-01;1.0;31091
9;2023-01;1.0;31091
10;2024-01;1.0;31091
0;2014-01;1.0;35052
1;2015-01;1.0;35052
2;2016-01;1.0;35052
3;2017-01;1.0;35052
4;2018-01;1.0;35052
5;2019-01;0.7333333333333334;35052
6;2020-01;0.79375;35052
7;2021-01;0.79375;35052
8;2022-01;1.0;35052
9;2023-01;1.0;35052
10;2024-01;1.0;35052
0;2014-01;1.0;29011
1;2015-01;0.8333333333333333;29011
2;2016-01;0.6666666666666666;29011
3;2017-01;0.6666666666666666;29011
4;2018-01;0.611111111111111;29011
5;2019-01;0.611111111111111;29011
6;2020-01;0.611111111111111;29011
7;2021-01;0.8333333333333334;29011
8;2022-01;0.6666666666666666;29011
9;2023-01;0.7222222222222222;29011
10;2024-01;0.6041666666666666;29011
0;2014-01;;52003
1;2015-01;;52003
2;2016-01;1.0;52003
3;2017-01;1.0;52003
4;2018-01;1.0;52003
5;2019-01;1.0;52003
6;2020-01;1.0;52003
7;2021-01;1.0;52003
8;2022-01;1.0;52003
9;2023-01;0.8333333333333334;52003
10;2024-01;0.6196428571428572;52003
0;2014-01;0.6666666666666666;31050
1;2015-01;0.3333333333333333;31050
2;2016-01;0.5416666666666666;31050
3;2017-01;0.5416666666666666;31050
4;2018-01;0.611111111111111;31050
5;2019-01;1.0;31050
6;2020-01;1.0;31050
7;2021-01;1.0;31050
8;2022-01;0.75;31050
9;2023-01;0.625;31050
10;2024-01;0.75;31050
0;2014-01;0.6875;25010
1;2015-01;0.8125;25010
2;2016-01;0.875;25010
3;2017-01;0.90625;25010
4;2018-01;0.6388888888888888;25010
5;2019-01;0.7291666666666666;25010
6;2020-01;0.6979166666666666;25010
7;2021-01;0.9166666666666666;25010
8;2022-01;0.9166666666666666;25010
9;2023-01;0.8888888888888888;25010
10;2024-01;0.8333333333333333;25010
0;2016-01;1.0;27002
1;2017-01;;27002
2;2018-01;;27002
3;2019-01;;27002
4;2020-01;;27002
5;2021-01;;27002
6;2022-01;;27002
7;2023-01;0.5555555555555556;27002
8;2024-01;0.7777777777777778;27002
0;2014-01;0.8333333333333333;23016
1;2015-01;0.8333333333333333;23016
2;2016-01;0.8333333333333333;23016
3;2017-01;0.8333333333333333;23016
4;2018-01;1.0;23016
5;2019-01;1.0;23016
6;2020-01;1.0;23016
7;2021-01;1.0;23016
8;2022-01;1.0;23016
9;2023-01;0.75;23016
10;2024-01;0.75;23016
0;2014-01;0.75;21018
1;2015-01;1.0;21018
2;2016-01;1.0;21018
3;2017-01;1.0;21018
4;2018-01;;21018
5;2019-01;;21018
6;2020-01;;21018
7;2021-01;;21018
8;2022-01;1.0;21018
9;2023-01;1.0;21018
10;2024-01;0.75;21018
0;2014-01;1.0;11005
1;2015-01;1.0;11005
2;2016-01;;11005
3;2017-01;1.0;11005
4;2018-01;1.0;11005
5;2019-01;1.0;11005
6;2020-01;1.0;11005
7;2021-01;1.0;11005
8;2022-01;1.0;11005
9;2023-01;0.75;11005
10;2024-01;0.8333333333333334;11005
0;2014-01;;17007
1;2015-01;;17007
2;2016-01;;17007
3;2017-01;;17007
4;2018-01;;17007
5;2019-01;;17007
6;2020-01;1.0;17007
7;2021-01;1.0;17007
8;2022-01;;17007
9;2023-01;1.0;17007
10;2024-01;1.0;17007
0;2014-01;1.0;31067
1;2015-01;1.0;31067
2;2016-01;1.0;31067
3;2017-01;0.75;31067
4;2018-01;1.0;31067
5;2019-01;0.5;31067
6;2020-01;0.75;31067
7;2021-01;0.75;31067
8;2022-01;0.75;31067
9;2023-01;1.0;31067
10;2024-01;1.0;31067
0;2014-01;0.6;22010
1;2015-01;0.6;22010
2;2016-01;0.6;22010
3;2017-01;0.4;22010
4;2018-01;0.2;22010
5;2019-01;0.2;22010
6;2020-01;0.2;22010
7;2021-01;0.2;22010
8;2022-01;0.2;22010
9;2023-01;0.2;22010
10;2024-01;0.2;22010
0;2014-01;0.5;23014
1;2015-01;0.75;23014
2;2016-01;0.75;23014
3;2017-01;0.75;23014
4;2018-01;1.0;23014
5;2019-01;1.0;23014
6;2020-01;1.0;23014
7;2021-01;1.0;23014
8;2022-01;1.0;23014
9;2023-01;1.0;23014
10;2024-01;1.0;23014
0;2014-01;0.6875;24003
1;2015-01;0.375;24003
2;2016-01;0.5;24003
3;2017-01;1.0;24003
4;2018-01;1.0;24003
5;2019-01;0.8333333333333333;24003
6;2020-01;0.7777777777777777;24003
7;2021-01;1.0;24003
8;2022-01;0.5888888888888889;24003
9;2023-01;0.475;24003
10;2024-01;0.425;24003
0;2014-01;0.625;24008
1;2015-01;0.625;24008
2;2016-01;0.625;24008
3;2017-01;1.0;24008
4;2018-01;0.75;24008
5;2019-01;0.625;24008
6;2020-01;0.625;24008
7;2021-01;1.0;24008
8;2022-01;1.0;24008
9;2023-01;1.0;24008
10;2024-01;1.0;24008
0;2014-01;;31062
1;2015-01;;31062
2;2016-01;;31062
3;2017-01;;31062
4;2018-01;;31062
5;2019-01;;31062
6;2020-01;;31062
7;2021-01;;31062
8;2022-01;;31062
9;2023-01;;31062
10;2024-01;;31062
0;2024-01;;35152
0;2014-01;1.0;31066
1;2015-01;1.0;31066
2;2016-01;1.0;31066
3;2017-01;1.0;31066
4;2018-01;;31066
5;2019-01;;31066
6;2020-01;;31066
7;2021-01;;31066
8;2022-01;;31066
9;2023-01;;31066
10;2024-01;1.0;31066
0;2014-01;0.75;31027
1;2015-01;0.75;31027
2;2016-01;0.75;31027
3;2017-01;0.75;31027
4;2018-01;0.75;31027
5;2019-01;0.75;31027
6;2020-01;0.875;31027
7;2021-01;0.875;31027
8;2022-01;0.875;31027
9;2023-01;0.875;31027
10;2024-01;0.875;31027
0;2016-01;0.5;12001
1;2017-01;0.5;12001
2;2018-01;0.5;12001
3;2019-01;0.75;12001
4;2020-01;0.8333333333333334;12001
5;2021-01;0.8333333333333334;12001
6;2022-01;0.75;12001
7;2023-01;0.625;12001
8;2024-01;0.75;12001
0;2014-01;1.0;25013
1;2015-01;1.0;25013
2;2016-01;0.75;25013
3;2017-01;0.6666666666666666;25013
4;2018-01;0.75;25013
5;2019-01;0.5;25013
6;2020-01;0.6666666666666666;25013
7;2021-01;0.8333333333333334;25013
8;2022-01;0.8333333333333334;25013
9;2023-01;0.75;25013
10;2024-01;1.0;25013
0;2014-01;1.0;51008
1;2015-01;1.0;51008
2;2016-01;;51008
3;2017-01;0.75;51008
4;2018-01;1.0;51008
5;2019-01;1.0;51008
6;2020-01;1.0;51008
7;2021-01;1.0;51008
8;2022-01;1.0;51008
9;2023-01;1.0;51008
10;2024-01;1.0;51008
0;2014-01;1.0;31038
1;2015-01;1.0;31038
2;2016-01;1.0;31038
3;2017-01;1.0;31038
4;2018-01;1.0;31038
5;2019-01;1.0;31038
6;2020-01;1.0;31038
7;2021-01;1.0;31038
8;2022-01;1.0;31038
9;2023-01;0.75;31038
10;2024-01;0.8333333333333334;31038
0;2014-01;0.75;31065
1;2015-01;0.75;31065
2;2016-01;0.5;31065
3;2017-01;0.75;31065
4;2018-01;0.75;31065
5;2019-01;0.5;31065
6;2020-01;0.75;31065
7;2021-01;1.0;31065
8;2022-01;1.0;31065
9;2023-01;1.0;31065
10;2024-01;0.5;31065
0;2014-01;0.75;31040
1;2015-01;0.5;31040
2;2016-01;0.75;31040
3;2017-01;0.5;31040
4;2018-01;0.75;31040
5;2019-01;0.875;31040
6;2020-01;0.875;31040
7;2021-01;0.875;31040
8;2022-01;0.875;31040
9;2023-01;0.75;31040
10;2024-01;0.6666666666666666;31040
0;2014-01;1.0;35115
1;2015-01;1.0;35115
2;2016-01;;35115
3;2017-01;;35115
4;2018-01;;35115
5;2019-01;;35115
6;2020-01;;35115
7;2021-01;;35115
8;2022-01;;35115
9;2023-01;1.0;35115
10;2024-01;;35115
0;2014-01;1.0;13004
1;2015-01;1.0;13004
2;2016-01;0.8333333333333333;13004
3;2017-01;0.8333333333333333;13004
4;2018-01;;13004
5;2019-01;0.6666666666666666;13004
6;2020-01;0.6444444444444445;13004
7;2021-01;0.4666666666666667;13004
8;2022-01;0.26666666666666666;13004
9;2023-01;0.35;13004
10;2024-01;0.35;13004
0;2014-01;0.5;52006
1;2015-01;0.5;52006
2;2016-01;0.5;52006
3;2017-01;0.5;52006
4;2018-01;0.5;52006
5;2019-01;0.5;52006
6;2020-01;0.75;52006
7;2021-01;0.5;52006
8;2022-01;0.75;52006
9;2023-01;1.0;52006
10;2024-01;1.0;52006
0;2014-01;0.75;52007
1;2015-01;0.8333333333333334;52007
2;2016-01;1.0;52007
3;2017-01;1.0;52007
4;2018-01;1.0;52007
5;2019-01;;52007
6;2020-01;;52007
7;2021-01;;52007
8;2022-01;1.0;52007
9;2023-01;1.0;52007
10;2024-01;0.75;52007
0;2014-01;0.6666666666666666;52010
1;2015-01;0.5;52010
2;2016-01;0.5;52010
3;2017-01;0.75;52010
4;2018-01;1.0;52010
5;2019-01;1.0;52010
6;2020-01;0.875;52010
7;2021-01;0.9;52010
8;2022-01;0.875;52010
9;2023-01;1.0;52010
10;2024-01;0.875;52010
0;2014-01;1.0;31080
1;2015-01;1.0;31080
2;2016-01;1.0;31080
3;2017-01;1.0;31080
4;2018-01;1.0;31080
5;2019-01;1.0;31080
6;2020-01;1.0;31080
7;2021-01;1.0;31080
8;2022-01;1.0;31080
9;2023-01;1.0;31080
10;2024-01;1.0;31080
0;2014-01;;17002
1;2015-01;;17002
2;2016-01;;17002
3;2017-01;;17002
4;2018-01;;17002
5;2019-01;1.0;17002
6;2020-01;1.0;17002
7;2021-01;;17002
8;2022-01;;17002
9;2023-01;1.0;17002
10;2024-01;0.5;17002
0;2014-01;0.6333333333333333;51006
1;2015-01;0.6333333333333333;51006
2;2016-01;0.6333333333333333;51006
3;2017-01;0.5666666666666667;51006
4;2018-01;0.39999999999999997;51006
5;2019-01;0.5;51006
6;2020-01;1.0;51006
7;2021-01;1.0;51006
8;2022-01;0.5;51006
9;2023-01;1.0;51006
10;2024-01;1.0;51006
0;2014-01;1.0;51015
1;2015-01;1.0;51015
2;2016-01;1.0;51015
3;2017-01;1.0;51015
4;2018-01;1.0;51015
5;2019-01;1.0;51015
6;2020-01;1.0;51015
7;2021-01;1.0;51015
8;2022-01;1.0;51015
9;2023-01;1.0;51015
10;2024-01;1.0;51015
0;2014-01;1.0;13007
1;2015-01;1.0;13007
2;2016-01;1.0;13007
3;2017-01;1.0;13007
4;2018-01;1.0;13007
5;2019-01;1.0;13007
6;2020-01;1.0;13007
7;2021-01;1.0;13007
8;2022-01;1.0;13007
9;2023-01;1.0;13007
10;2024-01;1.0;13007
0;2015-01;1.0;17008
1;2016-01;1.0;17008
2;2017-01;1.0;17008
3;2018-01;;17008
4;2019-01;;17008
5;2020-01;1.0;17008
6;2021-01;0.5;17008
7;2022-01;0.5;17008
8;2023-01;;17008
9;2024-01;0.5;17008
0;2014-01;1.0;31098
1;2015-01;1.0;31098
2;2016-01;1.0;31098
3;2017-01;1.0;31098
4;2018-01;1.0;31098
5;2019-01;1.0;31098
6;2020-01;1.0;31098
7;2021-01;1.0;31098
8;2022-01;1.0;31098
9;2023-01;1.0;31098
10;2024-01;1.0;31098
0;2014-01;1.0;16002
1;2015-01;1.0;16002
2;2016-01;1.0;16002
3;2017-01;1.0;16002
4;2018-01;1.0;16002
5;2019-01;;16002
6;2020-01;1.0;16002
7;2021-01;1.0;16002
8;2022-01;1.0;16002
9;2023-01;1.0;16002
10;2024-01;1.0;16002
0;2014-01;;51009
1;2015-01;;51009
2;2016-01;;51009
3;2017-01;;51009
4;2018-01;;51009
5;2019-01;1.0;51009
6;2020-01;;51009
7;2021-01;1.0;51009
8;2022-01;1.0;51009
9;2023-01;1.0;51009
10;2024-01;1.0;51009
0;2018-01;;15013
1;2019-01;;15013
2;2020-01;;15013
3;2021-01;;15013
4;2022-01;;15013
5;2023-01;;15013
6;2024-01;;15013
