;0;12;24;36;48;60;72;84;96;108;120;132;144;156;168;180;cod_regsaud
2009-01;9.0;6.0;6.0;6.0;2.0;1.0;;;;;;;;;;;12002
2010-01;12.0;12.0;10.0;5.0;5.0;5.0;5.0;4.0;4.0;4.0;3.0;2.0;1.0;1.0;2.0;;12002
2011-01;1.0;1.0;1.0;;;;;;;;;1.0;1.0;1.0;;;12002
2012-01;4.0;3.0;3.0;3.0;3.0;3.0;3.0;3.0;3.0;4.0;4.0;4.0;3.0;;;;12002
2013-01;2.0;1.0;1.0;1.0;1.0;1.0;1.0;1.0;1.0;1.0;1.0;1.0;;;;;12002
2014-01;5.0;3.0;1.0;1.0;1.0;1.0;;;;;;;;;;;12002
2015-01;1.0;1.0;1.0;1.0;1.0;1.0;1.0;1.0;1.0;1.0;;;;;;;12002
2017-01;1.0;1.0;1.0;1.0;1.0;1.0;1.0;1.0;;;;;;;;;12002
2018-01;4.0;3.0;3.0;3.0;3.0;3.0;4.0;;;;;;;;;;12002
2019-01;3.0;3.0;3.0;3.0;3.0;3.0;;;;;;;;;;;12002
2020-01;3.0;2.0;2.0;2.0;2.0;;;;;;;;;;;;12002
2021-01;5.0;4.0;4.0;4.0;;;;;;;;;;;;;12002
2022-01;8.0;4.0;5.0;;;;;;;;;;;;;;12002
2023-01;7.0;6.0;;;;;;;;;;;;;;;12002
2024-01;6.0;;;;;;;;;;;;;;;;12002
2009-01;1.0;1.0;1.0;1.0;1.0;1.0;1.0;1.0;1.0;1.0;1.0;1.0;1.0;1.0;1.0;1.0;27007
2010-01;1.0;1.0;;;;;;;;;;;;;;;27007
2011-01;5.0;5.0;4.0;4.0;2.0;2.0;4.0;4.0;4.0;4.0;4.0;4.0;4.0;4.0;;;27007
2012-01;1.0;;1.0;1.0;1.0;1.0;1.0;1.0;1.0;1.0;1.0;1.0;1.0;;;;27007
2015-01;1.0;1.0;1.0;1.0;1.0;1.0;1.0;1.0;1.0;1.0;;;;;;;27007
2016-01;1.0;1.0;1.0;1.0;1.0;1.0;1.0;1.0;1.0;;;;;;;;27007
2017-01;6.0;6.0;6.0;6.0;6.0;6.0;4.0;3.0;;;;;;;;;27007
2018-01;6.0;6.0;6.0;6.0;6.0;6.0;6.0;;;;;;;;;;27007
2019-01;3.0;3.0;3.0;3.0;3.0;2.0;;;;;;;;;;;27007
2020-01;4.0;3.0;3.0;3.0;3.0;;;;;;;;;;;;27007
2021-01;2.0;2.0;2.0;2.0;;;;;;;;;;;;;27007
2022-01;2.0;2.0;2.0;;;;;;;;;;;;;;27007
2023-01;1.0;1.0;;;;;;;;;;;;;;;27007
2009-01;7.0;7.0;6.0;6.0;6.0;6.0;7.0;5.0;5.0;4.0;3.0;2.0;2.0;2.0;2.0;2.0;27001
2010-01;10.0;8.0;6.0;5.0;5.0;5.0;5.0;5.0;5.0;5.0;4.0;4.0;4.0;4.0;4.0;;27001
2011-01;6.0;5.0;5.0;5.0;4.0;4.0;4.0;3.0;3.0;3.0;3.0;3.0;3.0;3.0;;;27001
2012-01;6.0;6.0;6.0;6.0;6.0;5.0;5.0;5.0;5.0;5.0;5.0;5.0;4.0;;;;27001
2013-01;2.0;2.0;2.0;2.0;2.0;2.0;1.0;;;;;;;;;;27001
2014-01;11.0;11.0;9.0;9.0;8.0;8.0;8.0;8.0;8.0;8.0;8.0;;;;;;27001
2015-01;7.0;7.0;4.0;4.0;4.0;4.0;3.0;3.0;3.0;3.0;;;;;;;27001
2016-01;18.0;17.0;15.0;13.0;13.0;14.0;14.0;14.0;14.0;;;;;;;;27001
2017-01;8.0;8.0;8.0;8.0;8.0;8.0;7.0;7.0;;;;;;;;;27001
2018-01;12.0;11.0;11.0;11.0;9.0;9.0;9.0;;;;;;;;;;27001
2019-01;13.0;12.0;10.0;10.0;10.0;10.0;;;;;;;;;;;27001
2020-01;20.0;19.0;19.0;18.0;17.0;;;;;;;;;;;;27001
2021-01;9.0;7.0;5.0;6.0;;;;;;;;;;;;;27001
2022-01;12.0;12.0;11.0;;;;;;;;;;;;;;27001
2023-01;23.0;18.0;;;;;;;;;;;;;;;27001
2024-01;12.0;;;;;;;;;;;;;;;;27001
2012-01;1.0;1.0;1.0;1.0;1.0;1.0;1.0;1.0;1.0;1.0;1.0;1.0;1.0;;;;27008
2016-01;1.0;1.0;1.0;1.0;1.0;1.0;1.0;1.0;1.0;;;;;;;;27008
2017-01;2.0;2.0;2.0;2.0;2.0;2.0;1.0;1.0;;;;;;;;;27008
2018-01;1.0;1.0;1.0;1.0;1.0;1.0;1.0;;;;;;;;;;27008
2022-01;1.0;1.0;1.0;;;;;;;;;;;;;;27008
2024-01;5.0;;;;;;;;;;;;;;;;27008
2010-01;1.0;;;;;;;;;;;;;;;;27009
2011-01;1.0;;;;;;;;;;;;;;;;27009
2012-01;3.0;2.0;2.0;2.0;2.0;2.0;2.0;2.0;1.0;1.0;1.0;1.0;1.0;;;;27009
2017-01;1.0;;;;;;;;;;;;;;;;27009
2020-01;1.0;1.0;;;;;;;;;;;;;;;27009
2021-01;1.0;1.0;1.0;1.0;;;;;;;;;;;;;27009
2023-01;1.0;1.0;;;;;;;;;;;;;;;27009
2009-01;2.0;;;;;;;;;;;;;;;;13003
2010-01;1.0;;;;;;;;;;;;;;;;13003
2011-01;1.0;1.0;;;;;;;;;;;;;;;13003
2012-01;1.0;1.0;1.0;1.0;1.0;1.0;1.0;1.0;1.0;1.0;;;;;;;13003
2013-01;1.0;1.0;1.0;1.0;1.0;;;;;;;;;;;;13003
2014-01;3.0;1.0;1.0;;;;;;;;;;;;;;13003
2015-01;1.0;1.0;1.0;1.0;;;;;;;;;;;;;13003
2017-01;1.0;1.0;1.0;1.0;1.0;1.0;1.0;1.0;;;;;;;;;13003
2018-01;2.0;1.0;1.0;1.0;1.0;1.0;1.0;;;;;;;;;;13003
2019-01;1.0;1.0;1.0;1.0;1.0;1.0;;;;;;;;;;;13003
2020-01;1.0;1.0;;;;;;;;;;;;;;;13003
2022-01;7.0;2.0;1.0;;;;;;;;;;;;;;13003
2024-01;3.0;;;;;;;;;;;;;;;;13003
2009-01;11.0;10.0;8.0;7.0;7.0;7.0;6.0;6.0;6.0;6.0;6.0;6.0;6.0;6.0;6.0;6.0;13001
2010-01;11.0;11.0;9.0;7.0;7.0;7.0;7.0;7.0;7.0;7.0;7.0;7.0;7.0;7.0;6.0;;13001
2011-01;11.0;9.0;7.0;3.0;7.0;5.0;5.0;5.0;5.0;5.0;5.0;5.0;5.0;5.0;;;13001
2012-01;7.0;5.0;5.0;6.0;5.0;5.0;6.0;5.0;3.0;3.0;3.0;3.0;3.0;;;;13001
2013-01;3.0;3.0;2.0;2.0;2.0;2.0;2.0;2.0;2.0;2.0;2.0;2.0;;;;;13001
2014-01;4.0;;;2.0;2.0;2.0;3.0;3.0;3.0;3.0;3.0;;;;;;13001
2015-01;14.0;11.0;8.0;12.0;11.0;12.0;12.0;12.0;12.0;11.0;;;;;;;13001
2016-01;14.0;12.0;13.0;12.0;10.0;11.0;12.0;12.0;11.0;;;;;;;;13001
2017-01;9.0;9.0;8.0;8.0;8.0;8.0;8.0;8.0;;;;;;;;;13001
2018-01;12.0;5.0;4.0;4.0;4.0;4.0;4.0;;;;;;;;;;13001
2019-01;11.0;10.0;8.0;7.0;7.0;7.0;;;;;;;;;;;13001
2020-01;18.0;18.0;16.0;16.0;16.0;;;;;;;;;;;;13001
2021-01;12.0;12.0;12.0;12.0;;;;;;;;;;;;;13001
2022-01;13.0;11.0;10.0;;;;;;;;;;;;;;13001
2023-01;16.0;15.0;;;;;;;;;;;;;;;13001
2024-01;19.0;;;;;;;;;;;;;;;;13001
2009-01;22.0;13.0;10.0;10.0;9.0;3.0;3.0;3.0;3.0;2.0;3.0;2.0;2.0;2.0;2.0;2.0;23004
2010-01;7.0;5.0;6.0;6.0;4.0;3.0;3.0;3.0;3.0;3.0;3.0;3.0;3.0;3.0;;;23004
2011-01;6.0;3.0;1.0;;;;;;;;;;;;;;23004
2012-01;1.0;1.0;;;;;;;;;;;;;;;23004
2013-01;1.0;;;;;;;;;;;;;;;;23004
2014-01;1.0;1.0;1.0;1.0;1.0;1.0;1.0;1.0;1.0;1.0;1.0;;;;;;23004
2015-01;1.0;1.0;1.0;1.0;1.0;1.0;1.0;1.0;1.0;1.0;;;;;;;23004
2020-01;3.0;;;;;;;;;;;;;;;;23004
2021-01;1.0;1.0;1.0;1.0;;;;;;;;;;;;;23004
2023-01;2.0;1.0;;;;;;;;;;;;;;;23004
2024-01;2.0;;;;;;;;;;;;;;;;23004
2009-01;5.0;5.0;5.0;4.0;2.0;2.0;1.0;1.0;2.0;2.0;2.0;2.0;2.0;;;;23002
2010-01;10.0;8.0;5.0;5.0;5.0;4.0;3.0;3.0;3.0;3.0;2.0;2.0;2.0;2.0;1.0;;23002
2011-01;2.0;2.0;2.0;1.0;1.0;;;;;;;;;;;;23002
2012-01;15.0;12.0;10.0;8.0;3.0;3.0;3.0;2.0;1.0;1.0;1.0;;;;;;23002
2013-01;5.0;4.0;4.0;;;;;;;;1.0;1.0;;;;;23002
2014-01;10.0;10.0;2.0;2.0;2.0;1.0;1.0;1.0;1.0;3.0;1.0;;;;;;23002
2015-01;1.0;1.0;1.0;;;;;;;;;;;;;;23002
2016-01;1.0;1.0;1.0;1.0;1.0;1.0;1.0;1.0;;;;;;;;;23002
2018-01;6.0;4.0;4.0;3.0;2.0;3.0;3.0;;;;;;;;;;23002
2020-01;2.0;1.0;1.0;1.0;;;;;;;;;;;;;23002
2021-01;1.0;1.0;1.0;1.0;;;;;;;;;;;;;23002
2023-01;21.0;12.0;;;;;;;;;;;;;;;23002
2024-01;10.0;;;;;;;;;;;;;;;;23002
2009-01;26.0;25.0;25.0;23.0;23.0;23.0;23.0;20.0;20.0;20.0;20.0;20.0;20.0;19.0;19.0;19.0;23001
2010-01;50.0;48.0;42.0;41.0;41.0;34.0;29.0;29.0;28.0;28.0;28.0;28.0;28.0;28.0;27.0;;23001
2011-01;25.0;25.0;25.0;25.0;25.0;24.0;24.0;23.0;23.0;22.0;22.0;22.0;23.0;22.0;;;23001
2012-01;26.0;26.0;26.0;25.0;25.0;24.0;24.0;24.0;23.0;23.0;24.0;24.0;24.0;;;;23001
2013-01;28.0;28.0;28.0;27.0;27.0;27.0;23.0;23.0;23.0;23.0;23.0;23.0;;;;;23001
2014-01;35.0;35.0;35.0;35.0;35.0;35.0;35.0;35.0;35.0;35.0;34.0;;;;;;23001
2015-01;34.0;32.0;32.0;32.0;31.0;31.0;31.0;31.0;31.0;31.0;;;;;;;23001
2016-01;37.0;37.0;37.0;37.0;37.0;37.0;37.0;37.0;37.0;;;;;;;;23001
2017-01;32.0;31.0;31.0;31.0;31.0;31.0;31.0;31.0;;;;;;;;;23001
2018-01;49.0;48.0;46.0;46.0;45.0;45.0;43.0;;;;;;;;;;23001
2019-01;46.0;43.0;42.0;44.0;44.0;44.0;;;;;;;;;;;23001
2020-01;42.0;41.0;40.0;40.0;39.0;;;;;;;;;;;;23001
2021-01;53.0;52.0;52.0;48.0;;;;;;;;;;;;;23001
2022-01;37.0;37.0;36.0;;;;;;;;;;;;;;23001
2023-01;58.0;55.0;;;;;;;;;;;;;;;23001
2024-01;42.0;;;;;;;;;;;;;;;;23001
2009-01;13.0;9.0;9.0;5.0;3.0;3.0;2.0;2.0;2.0;3.0;3.0;3.0;3.0;2.0;1.0;1.0;23013
2010-01;18.0;8.0;5.0;1.0;2.0;1.0;2.0;1.0;1.0;1.0;1.0;2.0;1.0;1.0;1.0;;23013
2011-01;5.0;1.0;1.0;1.0;1.0;;;;;;;;;;;;23013
2012-01;4.0;3.0;1.0;1.0;1.0;;;;;;;;;;;;23013
2013-01;4.0;1.0;1.0;1.0;1.0;1.0;;;;;;;;;;;23013
2014-01;8.0;4.0;3.0;2.0;;;;;;;1.0;;;;;;23013
2015-01;1.0;1.0;1.0;1.0;1.0;1.0;1.0;1.0;1.0;1.0;;;;;;;23013
2016-01;1.0;1.0;;;;;;;;;;;;;;;23013
2017-01;2.0;2.0;2.0;1.0;1.0;1.0;1.0;1.0;;;;;;;;;23013
2018-01;4.0;3.0;2.0;1.0;1.0;;;;;;;;;;;;23013
2019-01;14.0;3.0;1.0;;;;;;;;;;;;;;23013
2020-01;5.0;2.0;2.0;1.0;1.0;;;;;;;;;;;;23013
2021-01;4.0;4.0;3.0;3.0;;;;;;;;;;;;;23013
2022-01;2.0;2.0;1.0;;;;;;;;;;;;;;23013
2023-01;3.0;1.0;;;;;;;;;;;;;;;23013
2024-01;2.0;;;;;;;;;;;;;;;;23013
2009-01;3.0;3.0;3.0;3.0;3.0;2.0;2.0;2.0;2.0;1.0;1.0;1.0;;;;;23021
2010-01;7.0;5.0;4.0;2.0;2.0;2.0;2.0;2.0;2.0;2.0;2.0;2.0;2.0;2.0;2.0;;23021
2011-01;4.0;3.0;3.0;3.0;3.0;3.0;3.0;3.0;3.0;3.0;3.0;3.0;3.0;3.0;;;23021
2012-01;5.0;4.0;4.0;4.0;4.0;4.0;4.0;4.0;4.0;4.0;4.0;4.0;4.0;;;;23021
2013-01;3.0;3.0;3.0;3.0;3.0;3.0;3.0;2.0;2.0;2.0;2.0;2.0;;;;;23021
2014-01;5.0;5.0;5.0;5.0;5.0;3.0;4.0;4.0;4.0;4.0;4.0;;;;;;23021
2015-01;2.0;2.0;2.0;2.0;2.0;2.0;2.0;2.0;2.0;2.0;;;;;;;23021
2016-01;5.0;4.0;4.0;1.0;1.0;1.0;1.0;1.0;1.0;;;;;;;;23021
2017-01;3.0;3.0;3.0;3.0;3.0;3.0;3.0;2.0;;;;;;;;;23021
2018-01;9.0;9.0;9.0;9.0;8.0;7.0;7.0;;;;;;;;;;23021
2019-01;5.0;5.0;5.0;5.0;5.0;5.0;;;;;;;;;;;23021
2020-01;6.0;6.0;6.0;6.0;5.0;;;;;;;;;;;;23021
2021-01;8.0;8.0;8.0;8.0;;;;;;;;;;;;;23021
2022-01;4.0;4.0;4.0;;;;;;;;;;;;;;23021
2023-01;2.0;2.0;;;;;;;;;;;;;;;23021
2024-01;3.0;;;;;;;;;;;;;;;;23021
2009-01;4.0;4.0;3.0;2.0;2.0;2.0;2.0;2.0;2.0;3.0;3.0;3.0;3.0;3.0;3.0;2.0;23009
2010-01;2.0;2.0;1.0;1.0;1.0;1.0;1.0;1.0;1.0;1.0;1.0;1.0;1.0;1.0;1.0;;23009
2011-01;1.0;1.0;1.0;;;;;;;;;;;;;;23009
2013-01;2.0;1.0;1.0;;;;;;;;;;;;;;23009
2014-01;1.0;1.0;1.0;;1.0;1.0;1.0;1.0;;;;;;;;;23009
2017-01;1.0;;1.0;1.0;1.0;1.0;1.0;1.0;;;;;;;;;23009
2018-01;6.0;4.0;4.0;3.0;2.0;2.0;1.0;;;;;;;;;;23009
2019-01;4.0;4.0;4.0;2.0;1.0;1.0;;;;;;;;;;;23009
2020-01;3.0;3.0;2.0;2.0;2.0;;;;;;;;;;;;23009
2024-01;1.0;;;;;;;;;;;;;;;;23009
2009-01;7.0;3.0;2.0;2.0;3.0;3.0;3.0;3.0;2.0;2.0;1.0;1.0;2.0;2.0;2.0;2.0;23022
2010-01;3.0;1.0;;;;;;;;;;;;;;;23022
2011-01;4.0;1.0;1.0;;;;;;;;;;;;;;23022
2012-01;2.0;2.0;1.0;1.0;1.0;1.0;1.0;1.0;1.0;;;1.0;1.0;;;;23022
2013-01;1.0;;;1.0;1.0;;;;;;1.0;1.0;;;;;23022
2014-01;1.0;1.0;1.0;1.0;1.0;1.0;1.0;1.0;1.0;1.0;1.0;;;;;;23022
2015-01;3.0;2.0;2.0;1.0;1.0;1.0;1.0;1.0;1.0;;;;;;;;23022
2016-01;1.0;;;;;;;;;;;;;;;;23022
2017-01;1.0;;;;;;;;;;;;;;;;23022
2018-01;2.0;;;;;;;;;;;;;;;;23022
2019-01;5.0;4.0;3.0;4.0;3.0;;;;;;;;;;;;23022
2020-01;2.0;2.0;;;;;;;;;;;;;;;23022
2021-01;3.0;2.0;2.0;2.0;;;;;;;;;;;;;23022
2022-01;2.0;2.0;2.0;;;;;;;;;;;;;;23022
2023-01;3.0;2.0;;;;;;;;;;;;;;;23022
2024-01;2.0;;;;;;;;;;;;;;;;23022
2009-01;17.0;13.0;5.0;4.0;4.0;4.0;4.0;4.0;3.0;3.0;1.0;2.0;2.0;1.0;1.0;;23011
2011-01;4.0;4.0;3.0;3.0;3.0;3.0;3.0;3.0;3.0;3.0;3.0;3.0;3.0;3.0;;;23011
2012-01;4.0;4.0;4.0;4.0;4.0;4.0;4.0;4.0;4.0;4.0;4.0;3.0;2.0;;;;23011
2013-01;2.0;2.0;2.0;2.0;2.0;2.0;2.0;2.0;2.0;2.0;2.0;2.0;;;;;23011
2014-01;4.0;4.0;4.0;4.0;4.0;4.0;4.0;3.0;3.0;3.0;3.0;;;;;;23011
2015-01;2.0;2.0;2.0;2.0;2.0;2.0;2.0;2.0;2.0;1.0;;;;;;;23011
2016-01;4.0;4.0;3.0;3.0;3.0;3.0;3.0;2.0;2.0;;;;;;;;23011
2017-01;1.0;1.0;1.0;1.0;1.0;1.0;1.0;1.0;;;;;;;;;23011
2018-01;4.0;4.0;4.0;3.0;3.0;3.0;3.0;;;;;;;;;;23011
2019-01;3.0;2.0;2.0;2.0;2.0;1.0;;;;;;;;;;;23011
2020-01;7.0;7.0;6.0;6.0;4.0;;;;;;;;;;;;23011
2022-01;1.0;1.0;1.0;;;;;;;;;;;;;;23011
2023-01;6.0;6.0;;;;;;;;;;;;;;;23011
2024-01;3.0;;;;;;;;;;;;;;;;23011
2009-01;41.0;41.0;41.0;39.0;38.0;39.0;39.0;36.0;34.0;35.0;36.0;36.0;36.0;34.0;34.0;32.0;32002
2010-01;3.0;3.0;3.0;3.0;3.0;3.0;3.0;3.0;2.0;3.0;3.0;3.0;3.0;3.0;3.0;;32002
2011-01;11.0;11.0;11.0;11.0;10.0;9.0;9.0;8.0;8.0;7.0;7.0;7.0;7.0;7.0;;;32002
2012-01;5.0;4.0;4.0;4.0;4.0;4.0;4.0;4.0;4.0;4.0;4.0;4.0;2.0;;;;32002
2013-01;11.0;11.0;11.0;9.0;10.0;10.0;10.0;10.0;10.0;9.0;9.0;9.0;;;;;32002
2014-01;13.0;12.0;12.0;12.0;12.0;10.0;10.0;10.0;10.0;10.0;10.0;;;;;;32002
2015-01;11.0;10.0;10.0;10.0;10.0;9.0;10.0;9.0;9.0;9.0;;;;;;;32002
2016-01;20.0;20.0;20.0;18.0;18.0;18.0;18.0;18.0;18.0;;;;;;;;32002
2017-01;28.0;28.0;28.0;27.0;17.0;17.0;17.0;17.0;;;;;;;;;32002
2018-01;21.0;19.0;19.0;19.0;17.0;18.0;17.0;;;;;;;;;;32002
2019-01;18.0;17.0;17.0;17.0;14.0;14.0;;;;;;;;;;;32002
2020-01;22.0;22.0;19.0;18.0;18.0;;;;;;;;;;;;32002
2021-01;22.0;22.0;22.0;22.0;;;;;;;;;;;;;32002
2022-01;21.0;21.0;16.0;;;;;;;;;;;;;;32002
2023-01;26.0;25.0;;;;;;;;;;;;;;;32002
2024-01;7.0;;;;;;;;;;;;;;;;32002
2009-01;22.0;22.0;19.0;11.0;9.0;8.0;8.0;8.0;7.0;7.0;7.0;7.0;6.0;5.0;5.0;5.0;32004
2010-01;10.0;9.0;8.0;4.0;3.0;3.0;3.0;2.0;2.0;2.0;2.0;2.0;2.0;2.0;2.0;;32004
2011-01;4.0;4.0;4.0;3.0;3.0;3.0;3.0;3.0;2.0;2.0;2.0;2.0;2.0;2.0;;;32004
2012-01;5.0;2.0;1.0;1.0;1.0;;;;;;;;;;;;32004
2013-01;5.0;4.0;3.0;3.0;3.0;2.0;3.0;2.0;2.0;3.0;3.0;3.0;;;;;32004
2014-01;1.0;1.0;1.0;1.0;1.0;1.0;1.0;1.0;1.0;1.0;1.0;;;;;;32004
2015-01;2.0;2.0;2.0;2.0;2.0;2.0;2.0;2.0;2.0;1.0;;;;;;;32004
2016-01;5.0;5.0;5.0;4.0;4.0;4.0;3.0;3.0;3.0;;;;;;;;32004
2017-01;2.0;2.0;1.0;1.0;1.0;1.0;1.0;1.0;;;;;;;;;32004
2018-01;3.0;3.0;3.0;3.0;3.0;3.0;3.0;;;;;;;;;;32004
2020-01;1.0;1.0;1.0;1.0;1.0;;;;;;;;;;;;32004
2021-01;1.0;1.0;;1.0;;;;;;;;;;;;;32004
2022-01;4.0;4.0;4.0;;;;;;;;;;;;;;32004
2023-01;2.0;2.0;;;;;;;;;;;;;;;32004
2024-01;2.0;;;;;;;;;;;;;;;;32004
2009-01;19.0;18.0;15.0;13.0;10.0;8.0;9.0;9.0;10.0;7.0;7.0;6.0;5.0;5.0;5.0;5.0;32005
2010-01;11.0;7.0;7.0;6.0;6.0;6.0;6.0;5.0;5.0;5.0;3.0;3.0;4.0;4.0;4.0;;32005
2011-01;14.0;13.0;10.0;9.0;10.0;7.0;7.0;4.0;4.0;3.0;3.0;2.0;2.0;2.0;;;32005
2012-01;3.0;2.0;2.0;2.0;2.0;2.0;2.0;2.0;2.0;2.0;2.0;2.0;2.0;;;;32005
2013-01;4.0;1.0;1.0;1.0;1.0;1.0;1.0;;;;;;;;;;32005
2014-01;6.0;2.0;2.0;2.0;2.0;2.0;2.0;2.0;2.0;2.0;2.0;;;;;;32005
2015-01;19.0;6.0;7.0;4.0;4.0;4.0;4.0;3.0;3.0;3.0;;;;;;;32005
2016-01;8.0;4.0;;1.0;;;;;;;;;;;;;32005
2017-01;14.0;5.0;5.0;4.0;4.0;3.0;3.0;3.0;;;;;;;;;32005
2018-01;6.0;6.0;6.0;6.0;5.0;4.0;5.0;;;;;;;;;;32005
2019-01;20.0;5.0;5.0;3.0;4.0;4.0;;;;;;;;;;;32005
2020-01;4.0;4.0;3.0;3.0;3.0;;;;;;;;;;;;32005
2022-01;4.0;4.0;3.0;;;;;;;;;;;;;;32005
2023-01;4.0;3.0;;;;;;;;;;;;;;;32005
2024-01;12.0;;;;;;;;;;;;;;;;32005
2009-01;1.0;;;1.0;;;;;1.0;1.0;1.0;;;;;;21011
2010-01;3.0;3.0;2.0;2.0;;;;;;;;;;;;;21011
2013-01;1.0;1.0;1.0;1.0;;;;;;1.0;1.0;1.0;;;;;21011
2015-01;1.0;1.0;1.0;;;;;;;;;;;;;;21011
2016-01;1.0;1.0;;;;;;;;;;;;;;;21011
2018-01;2.0;2.0;1.0;1.0;1.0;1.0;1.0;;;;;;;;;;21011
2019-01;1.0;1.0;1.0;;;;;;;;;;;;;;21011
2020-01;5.0;5.0;4.0;4.0;4.0;;;;;;;;;;;;21011
2021-01;2.0;1.0;1.0;1.0;;;;;;;;;;;;;21011
2022-01;5.0;3.0;3.0;;;;;;;;;;;;;;21011
2023-01;2.0;2.0;;;;;;;;;;;;;;;21011
2009-01;3.0;3.0;2.0;1.0;1.0;1.0;1.0;2.0;2.0;2.0;2.0;2.0;2.0;2.0;2.0;2.0;21007
2010-01;1.0;1.0;1.0;1.0;1.0;1.0;1.0;1.0;1.0;;;;;;;;21007
2011-01;1.0;;;;;;;;;;;;;;;;21007
2012-01;2.0;2.0;2.0;1.0;;;;;;;;;;;;;21007
2013-01;4.0;4.0;3.0;2.0;1.0;;;;;;;;;;;;21007
2014-01;7.0;7.0;7.0;7.0;4.0;2.0;2.0;1.0;2.0;2.0;2.0;;;;;;21007
2015-01;1.0;1.0;1.0;1.0;1.0;1.0;1.0;;;;;;;;;;21007
2016-01;1.0;1.0;1.0;1.0;1.0;1.0;1.0;1.0;1.0;;;;;;;;21007
2017-01;2.0;;;;;;;;;;;;;;;;21007
2018-01;6.0;6.0;6.0;6.0;5.0;4.0;3.0;;;;;;;;;;21007
2020-01;2.0;;;;;;;;;;;;;;;;21007
2021-01;3.0;2.0;2.0;2.0;;;;;;;;;;;;;21007
2022-01;3.0;3.0;3.0;;;;;;;;;;;;;;21007
2023-01;2.0;2.0;;;;;;;;;;;;;;;21007
2009-01;4.0;3.0;3.0;3.0;4.0;3.0;3.0;3.0;3.0;2.0;2.0;2.0;2.0;2.0;2.0;2.0;21016
2010-01;2.0;2.0;2.0;2.0;2.0;2.0;2.0;2.0;2.0;1.0;1.0;1.0;1.0;2.0;2.0;;21016
2011-01;5.0;4.0;3.0;3.0;3.0;3.0;3.0;3.0;2.0;2.0;2.0;1.0;2.0;2.0;;;21016
2012-01;6.0;2.0;2.0;2.0;2.0;2.0;3.0;4.0;4.0;4.0;5.0;5.0;5.0;;;;21016
2013-01;3.0;3.0;3.0;2.0;2.0;2.0;2.0;2.0;2.0;2.0;2.0;2.0;;;;;21016
2014-01;2.0;2.0;2.0;2.0;2.0;2.0;2.0;2.0;2.0;2.0;2.0;;;;;;21016
2015-01;1.0;1.0;1.0;1.0;1.0;1.0;1.0;1.0;1.0;1.0;;;;;;;21016
2016-01;7.0;7.0;7.0;6.0;6.0;7.0;7.0;7.0;7.0;;;;;;;;21016
2017-01;8.0;8.0;8.0;8.0;8.0;8.0;7.0;6.0;;;;;;;;;21016
2018-01;6.0;6.0;6.0;6.0;6.0;6.0;6.0;;;;;;;;;;21016
2019-01;10.0;10.0;10.0;10.0;10.0;10.0;;;;;;;;;;;21016
2020-01;4.0;4.0;4.0;4.0;4.0;;;;;;;;;;;;21016
2021-01;2.0;1.0;1.0;1.0;;;;;;;;;;;;;21016
2022-01;19.0;18.0;18.0;;;;;;;;;;;;;;21016
2023-01;11.0;8.0;;;;;;;;;;;;;;;21016
2024-01;10.0;;;;;;;;;;;;;;;;21016
2009-01;142.0;138.0;127.0;108.0;108.0;106.0;103.0;98.0;97.0;93.0;89.0;92.0;90.0;88.0;87.0;88.0;31016
2010-01;98.0;95.0;83.0;75.0;71.0;69.0;61.0;60.0;58.0;58.0;58.0;58.0;57.0;57.0;57.0;;31016
2011-01;50.0;44.0;41.0;36.0;34.0;29.0;28.0;27.0;26.0;26.0;27.0;26.0;25.0;25.0;;;31016
2012-01;68.0;63.0;57.0;49.0;46.0;44.0;42.0;42.0;41.0;41.0;39.0;40.0;40.0;;;;31016
2013-01;51.0;50.0;46.0;36.0;37.0;37.0;38.0;38.0;37.0;36.0;36.0;35.0;;;;;31016
2014-01;51.0;49.0;44.0;40.0;39.0;37.0;37.0;38.0;38.0;38.0;38.0;;;;;;31016
2015-01;48.0;44.0;43.0;38.0;38.0;36.0;36.0;36.0;35.0;35.0;;;;;;;31016
2016-01;63.0;61.0;58.0;50.0;51.0;51.0;51.0;49.0;49.0;;;;;;;;31016
2017-01;72.0;71.0;67.0;63.0;60.0;56.0;53.0;55.0;;;;;;;;;31016
2018-01;106.0;100.0;94.0;88.0;85.0;85.0;84.0;;;;;;;;;;31016
2019-01;71.0;68.0;68.0;68.0;65.0;63.0;;;;;;;;;;;31016
2020-01;191.0;165.0;166.0;156.0;151.0;;;;;;;;;;;;31016
2021-01;323.0;303.0;294.0;284.0;;;;;;;;;;;;;31016
2022-01;87.0;80.0;79.0;;;;;;;;;;;;;;31016
2023-01;97.0;91.0;;;;;;;;;;;;;;;31016
2024-01;188.0;;;;;;;;;;;;;;;;31016
2009-01;4.0;3.0;3.0;1.0;1.0;1.0;1.0;1.0;1.0;1.0;1.0;1.0;1.0;1.0;1.0;1.0;31001
2010-01;11.0;11.0;4.0;3.0;3.0;3.0;3.0;3.0;3.0;3.0;3.0;3.0;3.0;3.0;3.0;;31001
2011-01;3.0;2.0;2.0;1.0;1.0;1.0;1.0;1.0;1.0;1.0;1.0;1.0;1.0;1.0;;;31001
2012-01;3.0;3.0;3.0;3.0;3.0;3.0;3.0;1.0;1.0;1.0;1.0;1.0;1.0;;;;31001
2014-01;7.0;5.0;2.0;2.0;2.0;2.0;2.0;;;;;;;;;;31001
2016-01;1.0;1.0;1.0;1.0;1.0;1.0;1.0;1.0;1.0;;;;;;;;31001
2017-01;2.0;2.0;2.0;2.0;1.0;1.0;1.0;1.0;;;;;;;;;31001
2018-01;1.0;1.0;1.0;1.0;1.0;1.0;1.0;;;;;;;;;;31001
2019-01;5.0;5.0;4.0;3.0;3.0;3.0;;;;;;;;;;;31001
2020-01;1.0;1.0;1.0;;;;;;;;;;;;;;31001
2021-01;4.0;4.0;4.0;4.0;;;;;;;;;;;;;31001
2022-01;5.0;5.0;5.0;;;;;;;;;;;;;;31001
2023-01;4.0;4.0;;;;;;;;;;;;;;;31001
2024-01;3.0;;;;;;;;;;;;;;;;31001
2009-01;3.0;3.0;2.0;1.0;1.0;2.0;2.0;1.0;1.0;1.0;1.0;;;;;;31094
2010-01;5.0;4.0;4.0;4.0;3.0;3.0;3.0;3.0;3.0;3.0;3.0;2.0;2.0;2.0;2.0;;31094
2011-01;2.0;;;;;;;;;;;;;;;;31094
2012-01;1.0;1.0;1.0;;;;;;;;;;;;;;31094
2015-01;1.0;1.0;1.0;1.0;;;;;;;;;;;;;31094
2016-01;1.0;1.0;1.0;;;;;;;;;;;;;;31094
2020-01;3.0;3.0;3.0;3.0;1.0;;;;;;;;;;;;31094
2021-01;1.0;1.0;1.0;1.0;;;;;;;;;;;;;31094
2023-01;1.0;1.0;;;;;;;;;;;;;;;31094
2024-01;1.0;;;;;;;;;;;;;;;;31094
2012-01;1.0;1.0;1.0;1.0;1.0;1.0;;;;;;;;;;;31071
2013-01;1.0;1.0;1.0;1.0;1.0;1.0;1.0;1.0;1.0;1.0;1.0;1.0;;;;;31071
2015-01;3.0;3.0;3.0;;1.0;1.0;1.0;1.0;1.0;1.0;;;;;;;31071
2016-01;2.0;2.0;2.0;1.0;1.0;1.0;1.0;1.0;1.0;;;;;;;;31071
2018-01;1.0;;;;;;;;;;;;;;;;31071
2019-01;2.0;2.0;2.0;2.0;2.0;2.0;;;;;;;;;;;31071
2021-01;5.0;;;;;;;;;;;;;;;;31071
2022-01;1.0;1.0;1.0;;;;;;;;;;;;;;31071
2024-01;4.0;;;;;;;;;;;;;;;;31071
2009-01;8.0;7.0;7.0;7.0;7.0;7.0;7.0;7.0;7.0;7.0;7.0;7.0;7.0;7.0;7.0;6.0;31037
2010-01;42.0;42.0;42.0;42.0;42.0;42.0;42.0;42.0;37.0;37.0;36.0;36.0;36.0;35.0;31.0;;31037
2011-01;3.0;3.0;3.0;3.0;3.0;3.0;3.0;3.0;3.0;2.0;3.0;3.0;3.0;3.0;;;31037
2012-01;9.0;8.0;8.0;8.0;8.0;8.0;6.0;6.0;6.0;6.0;6.0;5.0;5.0;;;;31037
2013-01;17.0;16.0;15.0;15.0;15.0;15.0;15.0;15.0;15.0;15.0;15.0;12.0;;;;;31037
2014-01;27.0;27.0;26.0;25.0;25.0;25.0;21.0;21.0;20.0;20.0;12.0;;;;;;31037
2015-01;32.0;32.0;32.0;29.0;26.0;25.0;25.0;24.0;24.0;22.0;;;;;;;31037
2016-01;27.0;26.0;25.0;24.0;23.0;21.0;21.0;21.0;15.0;;;;;;;;31037
2017-01;23.0;22.0;22.0;21.0;20.0;20.0;20.0;10.0;;;;;;;;;31037
2018-01;49.0;47.0;47.0;47.0;47.0;46.0;35.0;;;;;;;;;;31037
2019-01;22.0;21.0;20.0;21.0;20.0;17.0;;;;;;;;;;;31037
2020-01;31.0;31.0;30.0;29.0;24.0;;;;;;;;;;;;31037
2021-01;12.0;12.0;12.0;10.0;;;;;;;;;;;;;31037
2022-01;31.0;30.0;22.0;;;;;;;;;;;;;;31037
2023-01;16.0;13.0;;;;;;;;;;;;;;;31037
2024-01;25.0;;;;;;;;;;;;;;;;31037
2009-01;6.0;5.0;5.0;3.0;3.0;4.0;4.0;4.0;4.0;4.0;4.0;4.0;3.0;3.0;3.0;3.0;31031
2010-01;2.0;2.0;;;;;;;;;;;;;;;31031
2011-01;3.0;3.0;3.0;3.0;3.0;3.0;3.0;3.0;3.0;1.0;1.0;1.0;1.0;1.0;;;31031
2012-01;1.0;1.0;1.0;1.0;1.0;1.0;1.0;1.0;;;;;;;;;31031
2014-01;1.0;1.0;1.0;1.0;1.0;1.0;1.0;1.0;1.0;1.0;1.0;;;;;;31031
2024-01;1.0;;;;;;;;;;;;;;;;31031
2009-01;1.0;1.0;1.0;1.0;1.0;1.0;1.0;1.0;1.0;1.0;1.0;1.0;1.0;;;;31004
2010-01;9.0;8.0;1.0;1.0;1.0;1.0;1.0;1.0;1.0;1.0;1.0;1.0;1.0;1.0;1.0;;31004
2011-01;1.0;1.0;1.0;1.0;1.0;1.0;1.0;1.0;1.0;1.0;1.0;1.0;1.0;1.0;;;31004
2013-01;1.0;1.0;1.0;1.0;1.0;1.0;1.0;1.0;1.0;1.0;1.0;1.0;;;;;31004
2015-01;1.0;1.0;1.0;1.0;1.0;1.0;1.0;1.0;1.0;1.0;;;;;;;31004
2018-01;3.0;2.0;2.0;2.0;1.0;1.0;1.0;;;;;;;;;;31004
2019-01;1.0;1.0;1.0;1.0;1.0;1.0;;;;;;;;;;;31004
2020-01;1.0;1.0;1.0;1.0;1.0;;;;;;;;;;;;31004
2021-01;2.0;2.0;2.0;2.0;;;;;;;;;;;;;31004
2022-01;1.0;;;;;;;;;;;;;;;;31004
2023-01;3.0;3.0;;;;;;;;;;;;;;;31004
2024-01;1.0;;;;;;;;;;;;;;;;31004
2009-01;6.0;5.0;5.0;5.0;5.0;4.0;3.0;4.0;4.0;4.0;4.0;4.0;4.0;5.0;5.0;3.0;31059
2010-01;2.0;2.0;1.0;2.0;2.0;2.0;2.0;2.0;2.0;2.0;2.0;2.0;2.0;1.0;1.0;;31059
2011-01;2.0;2.0;2.0;2.0;2.0;2.0;2.0;2.0;2.0;2.0;2.0;2.0;2.0;2.0;;;31059
2012-01;3.0;3.0;3.0;2.0;2.0;1.0;1.0;1.0;1.0;1.0;1.0;;;;;;31059
2013-01;1.0;1.0;1.0;1.0;1.0;1.0;1.0;1.0;1.0;1.0;1.0;1.0;;;;;31059
2014-01;5.0;5.0;5.0;3.0;2.0;2.0;2.0;1.0;1.0;1.0;1.0;;;;;;31059
2015-01;7.0;7.0;7.0;5.0;5.0;2.0;2.0;1.0;1.0;1.0;;;;;;;31059
2018-01;1.0;1.0;;;;;;;;;;;;;;;31059
2019-01;3.0;3.0;3.0;3.0;2.0;1.0;;;;;;;;;;;31059
2020-01;4.0;4.0;4.0;4.0;4.0;;;;;;;;;;;;31059
2022-01;2.0;2.0;;;;;;;;;;;;;;;31059
2023-01;3.0;3.0;;;;;;;;;;;;;;;31059
2024-01;7.0;;;;;;;;;;;;;;;;31059
2009-01;5.0;5.0;5.0;5.0;5.0;4.0;4.0;4.0;4.0;4.0;4.0;4.0;4.0;4.0;4.0;4.0;31009
2010-01;2.0;2.0;2.0;2.0;;;;;;;;;;;;;31009
2013-01;1.0;1.0;1.0;1.0;1.0;1.0;1.0;;;;;;;;;;31009
2014-01;2.0;2.0;1.0;1.0;1.0;1.0;1.0;1.0;1.0;1.0;1.0;;;;;;31009
2015-01;1.0;1.0;;;;;;;;;;;;;;;31009
2019-01;1.0;;;;;;;;;;;;;;;;31009
2022-01;2.0;2.0;2.0;;;;;;;;;;;;;;31009
2024-01;2.0;;;;;;;;;;;;;;;;31009
2009-01;3.0;3.0;2.0;2.0;2.0;1.0;1.0;1.0;1.0;1.0;1.0;1.0;1.0;1.0;1.0;1.0;31003
2010-01;1.0;1.0;1.0;1.0;1.0;1.0;1.0;;;;;;;;;;31003
2011-01;1.0;1.0;;;;;;;;;;;;;;;31003
2013-01;2.0;2.0;2.0;2.0;2.0;2.0;2.0;2.0;2.0;2.0;1.0;1.0;;;;;31003
2015-01;2.0;2.0;2.0;2.0;2.0;2.0;2.0;2.0;2.0;2.0;;;;;;;31003
2016-01;2.0;2.0;2.0;1.0;1.0;1.0;1.0;1.0;1.0;;;;;;;;31003
2017-01;2.0;2.0;1.0;1.0;1.0;1.0;1.0;1.0;;;;;;;;;31003
2018-01;1.0;1.0;1.0;1.0;1.0;1.0;1.0;;;;;;;;;;31003
2019-01;4.0;4.0;4.0;4.0;4.0;2.0;;;;;;;;;;;31003
2020-01;2.0;1.0;1.0;1.0;1.0;;;;;;;;;;;;31003
2022-01;1.0;1.0;1.0;;;;;;;;;;;;;;31003
2024-01;3.0;;;;;;;;;;;;;;;;31003
2009-01;3.0;3.0;3.0;2.0;1.0;;;;;;;;;;;;31057
2010-01;3.0;2.0;2.0;2.0;2.0;2.0;2.0;1.0;1.0;1.0;2.0;2.0;2.0;2.0;2.0;;31057
2011-01;2.0;1.0;1.0;1.0;1.0;1.0;1.0;1.0;1.0;1.0;1.0;1.0;1.0;1.0;;;31057
2014-01;4.0;4.0;3.0;3.0;2.0;2.0;3.0;3.0;3.0;3.0;3.0;;;;;;31057
2015-01;3.0;3.0;3.0;3.0;2.0;3.0;3.0;3.0;2.0;2.0;;;;;;;31057
2017-01;1.0;1.0;1.0;1.0;1.0;1.0;;;;;;;;;;;31057
2018-01;4.0;4.0;4.0;4.0;4.0;3.0;3.0;;;;;;;;;;31057
2019-01;4.0;3.0;2.0;2.0;2.0;2.0;;;;;;;;;;;31057
2020-01;4.0;3.0;3.0;3.0;3.0;;;;;;;;;;;;31057
2021-01;1.0;1.0;;1.0;;;;;;;;;;;;;31057
2022-01;2.0;1.0;1.0;;;;;;;;;;;;;;31057
2023-01;5.0;4.0;;;;;;;;;;;;;;;31057
2024-01;6.0;;;;;;;;;;;;;;;;31057
2009-01;4.0;4.0;3.0;3.0;3.0;3.0;3.0;3.0;3.0;3.0;3.0;3.0;3.0;3.0;3.0;3.0;31006
2010-01;1.0;1.0;1.0;1.0;1.0;1.0;1.0;1.0;1.0;1.0;1.0;1.0;1.0;1.0;1.0;;31006
2012-01;1.0;1.0;1.0;1.0;1.0;1.0;1.0;1.0;1.0;1.0;1.0;1.0;1.0;;;;31006
2014-01;1.0;1.0;1.0;1.0;1.0;1.0;1.0;1.0;1.0;1.0;1.0;;;;;;31006
2016-01;2.0;2.0;1.0;;;;;;;;;;;;;;31006
2017-01;1.0;1.0;1.0;;;;;;;;;;;;;;31006
2018-01;2.0;2.0;2.0;2.0;2.0;2.0;2.0;;;;;;;;;;31006
2019-01;1.0;1.0;1.0;1.0;1.0;1.0;;;;;;;;;;;31006
2020-01;2.0;2.0;2.0;2.0;2.0;;;;;;;;;;;;31006
2021-01;1.0;1.0;1.0;1.0;;;;;;;;;;;;;31006
2022-01;3.0;2.0;2.0;;;;;;;;;;;;;;31006
2023-01;3.0;1.0;;;;;;;;;;;;;;;31006
2024-01;1.0;;;;;;;;;;;;;;;;31006
2009-01;2.0;2.0;2.0;1.0;1.0;1.0;1.0;1.0;1.0;1.0;1.0;1.0;1.0;1.0;1.0;1.0;31092
2010-01;2.0;2.0;2.0;2.0;2.0;2.0;2.0;2.0;2.0;2.0;2.0;2.0;2.0;2.0;2.0;;31092
2012-01;2.0;2.0;2.0;2.0;1.0;1.0;1.0;1.0;1.0;1.0;1.0;1.0;1.0;;;;31092
2013-01;1.0;1.0;1.0;1.0;1.0;1.0;1.0;1.0;1.0;1.0;1.0;1.0;;;;;31092
2017-01;1.0;1.0;1.0;1.0;1.0;1.0;1.0;1.0;;;;;;;;;31092
2019-01;1.0;1.0;;;;;;;;;;;;;;;31092
2020-01;3.0;3.0;3.0;3.0;3.0;;;;;;;;;;;;31092
2021-01;1.0;1.0;1.0;1.0;;;;;;;;;;;;;31092
2023-01;2.0;2.0;;;;;;;;;;;;;;;31092
2024-01;4.0;;;;;;;;;;;;;;;;31092
2009-01;19.0;17.0;14.0;9.0;8.0;7.0;7.0;3.0;3.0;2.0;1.0;1.0;1.0;1.0;1.0;1.0;31024
2010-01;5.0;4.0;3.0;3.0;3.0;3.0;1.0;1.0;1.0;1.0;1.0;1.0;1.0;1.0;1.0;;31024
2011-01;5.0;5.0;3.0;1.0;1.0;1.0;1.0;1.0;;;;;;;;;31024
2012-01;3.0;3.0;3.0;3.0;3.0;3.0;3.0;3.0;2.0;2.0;2.0;2.0;1.0;;;;31024
2013-01;1.0;1.0;1.0;;;;;;;;;;;;;;31024
2014-01;2.0;2.0;2.0;1.0;1.0;1.0;1.0;1.0;1.0;1.0;1.0;;;;;;31024
2015-01;4.0;2.0;2.0;2.0;2.0;2.0;2.0;2.0;2.0;2.0;;;;;;;31024
2016-01;4.0;3.0;4.0;3.0;3.0;3.0;3.0;3.0;3.0;;;;;;;;31024
2017-01;1.0;;;;;;;;;;;;;;;;31024
2018-01;9.0;5.0;4.0;3.0;2.0;2.0;2.0;;;;;;;;;;31024
2019-01;4.0;3.0;2.0;2.0;1.0;;;;;;;;;;;;31024
2020-01;3.0;3.0;3.0;3.0;3.0;;;;;;;;;;;;31024
2021-01;1.0;1.0;1.0;1.0;;;;;;;;;;;;;31024
2022-01;1.0;;;;;;;;;;;;;;;;31024
2023-01;2.0;2.0;;;;;;;;;;;;;;;31024
2024-01;3.0;;;;;;;;;;;;;;;;31024
2009-01;1.0;1.0;1.0;1.0;1.0;1.0;1.0;1.0;1.0;1.0;1.0;1.0;1.0;1.0;1.0;1.0;31099
2010-01;1.0;1.0;1.0;1.0;1.0;1.0;1.0;;;;1.0;1.0;;;;;31099
2011-01;1.0;;;;;;;;;;;;;;;;31099
2012-01;1.0;1.0;1.0;1.0;1.0;1.0;1.0;1.0;1.0;1.0;1.0;;;;;;31099
2013-01;1.0;1.0;1.0;1.0;1.0;1.0;1.0;1.0;1.0;1.0;1.0;1.0;;;;;31099
2014-01;1.0;1.0;1.0;1.0;1.0;;;;;;;;;;;;31099
2015-01;1.0;;;;;;;;;;;;;;;;31099
2016-01;1.0;1.0;1.0;1.0;;;;;;;;;;;;;31099
2017-01;2.0;2.0;1.0;1.0;1.0;1.0;1.0;1.0;;;;;;;;;31099
2018-01;2.0;2.0;2.0;2.0;2.0;2.0;2.0;;;;;;;;;;31099
2019-01;2.0;2.0;1.0;1.0;1.0;1.0;;;;;;;;;;;31099
2020-01;1.0;;;;;;;;;;;;;;;;31099
2021-01;1.0;1.0;1.0;1.0;;;;;;;;;;;;;31099
2023-01;1.0;1.0;;;;;;;;;;;;;;;31099
2024-01;1.0;;;;;;;;;;;;;;;;31099
2009-01;13.0;9.0;9.0;10.0;8.0;8.0;8.0;8.0;8.0;8.0;8.0;8.0;8.0;8.0;8.0;8.0;31075
2010-01;12.0;11.0;10.0;9.0;9.0;9.0;9.0;8.0;8.0;8.0;8.0;8.0;8.0;8.0;8.0;;31075
2011-01;3.0;3.0;3.0;3.0;3.0;3.0;3.0;3.0;3.0;3.0;3.0;3.0;3.0;3.0;;;31075
2012-01;6.0;6.0;5.0;4.0;5.0;5.0;5.0;5.0;5.0;5.0;5.0;5.0;5.0;;;;31075
2013-01;2.0;2.0;2.0;2.0;;;;;;;;;;;;;31075
2014-01;4.0;4.0;4.0;4.0;4.0;4.0;4.0;4.0;4.0;4.0;4.0;;;;;;31075
2015-01;8.0;7.0;7.0;7.0;7.0;7.0;7.0;7.0;7.0;7.0;;;;;;;31075
2016-01;15.0;15.0;14.0;14.0;13.0;13.0;13.0;13.0;13.0;;;;;;;;31075
2017-01;1.0;1.0;1.0;1.0;1.0;1.0;1.0;1.0;;;;;;;;;31075
2018-01;10.0;10.0;9.0;9.0;8.0;8.0;8.0;;;;;;;;;;31075
2019-01;8.0;8.0;8.0;6.0;6.0;7.0;;;;;;;;;;;31075
2020-01;15.0;14.0;13.0;12.0;13.0;;;;;;;;;;;;31075
2021-01;12.0;6.0;7.0;8.0;;;;;;;;;;;;;31075
2022-01;27.0;25.0;24.0;;;;;;;;;;;;;;31075
2023-01;13.0;13.0;;;;;;;;;;;;;;;31075
2024-01;10.0;;;;;;;;;;;;;;;;31075
2009-01;6.0;5.0;3.0;3.0;3.0;2.0;2.0;1.0;1.0;1.0;1.0;1.0;1.0;1.0;2.0;2.0;31064
2011-01;3.0;2.0;2.0;1.0;1.0;1.0;1.0;1.0;;;;;;;;;31064
2012-01;1.0;1.0;1.0;1.0;1.0;1.0;1.0;1.0;1.0;;;;;;;;31064
2014-01;3.0;2.0;2.0;2.0;1.0;1.0;;;;;;;;;;;31064
2020-01;2.0;2.0;;;;;;;;;;;;;;;31064
2021-01;1.0;1.0;1.0;1.0;;;;;;;;;;;;;31064
2009-01;3.0;2.0;2.0;2.0;2.0;2.0;2.0;2.0;2.0;2.0;2.0;2.0;2.0;2.0;2.0;;31055
2010-01;2.0;2.0;1.0;1.0;1.0;1.0;1.0;1.0;1.0;1.0;1.0;1.0;1.0;1.0;1.0;;31055
2012-01;1.0;1.0;1.0;;;;;;;;;;;;;;31055
2015-01;2.0;1.0;1.0;1.0;1.0;1.0;1.0;1.0;1.0;1.0;;;;;;;31055
2021-01;1.0;1.0;1.0;1.0;;;;;;;;;;;;;31055
2022-01;1.0;1.0;1.0;;;;;;;;;;;;;;31055
2009-01;1.0;1.0;1.0;1.0;1.0;1.0;1.0;1.0;1.0;1.0;1.0;1.0;1.0;1.0;1.0;1.0;31086
2010-01;3.0;3.0;3.0;3.0;3.0;3.0;3.0;3.0;3.0;3.0;3.0;3.0;3.0;3.0;3.0;;31086
2011-01;2.0;2.0;2.0;2.0;2.0;;;;;;1.0;1.0;1.0;1.0;;;31086
2013-01;2.0;1.0;1.0;1.0;1.0;1.0;1.0;1.0;1.0;1.0;1.0;1.0;;;;;31086
2014-01;1.0;1.0;1.0;1.0;1.0;1.0;1.0;1.0;1.0;1.0;1.0;;;;;;31086
2016-01;2.0;2.0;2.0;2.0;2.0;2.0;2.0;2.0;2.0;;;;;;;;31086
2017-01;1.0;1.0;;;;;;;;;;;;;;;31086
2018-01;3.0;3.0;3.0;3.0;3.0;3.0;3.0;;;;;;;;;;31086
2019-01;1.0;1.0;1.0;1.0;1.0;1.0;;;;;;;;;;;31086
2020-01;1.0;1.0;1.0;1.0;1.0;;;;;;;;;;;;31086
2021-01;7.0;6.0;5.0;6.0;;;;;;;;;;;;;31086
2022-01;3.0;3.0;3.0;;;;;;;;;;;;;;31086
2023-01;2.0;2.0;;;;;;;;;;;;;;;31086
2024-01;9.0;;;;;;;;;;;;;;;;31086
2009-01;3.0;3.0;3.0;2.0;2.0;2.0;2.0;2.0;2.0;2.0;2.0;2.0;2.0;2.0;2.0;2.0;31002
2010-01;3.0;3.0;3.0;2.0;2.0;2.0;2.0;2.0;2.0;2.0;2.0;2.0;2.0;2.0;2.0;;31002
2012-01;1.0;1.0;1.0;1.0;1.0;1.0;1.0;1.0;1.0;1.0;1.0;1.0;1.0;;;;31002
2016-01;1.0;1.0;1.0;1.0;1.0;;;;;;;;;;;;31002
2021-01;1.0;1.0;1.0;1.0;;;;;;;;;;;;;31002
2022-01;1.0;1.0;1.0;;;;;;;;;;;;;;31002
2023-01;2.0;2.0;;;;;;;;;;;;;;;31002
2009-01;5.0;3.0;3.0;1.0;1.0;;;;;;;;;;;;31022
2010-01;2.0;1.0;;1.0;;;;;;;;;;;;;31022
2011-01;3.0;2.0;1.0;;;;;;;;;;;;;;31022
2012-01;2.0;2.0;2.0;1.0;1.0;1.0;1.0;1.0;1.0;1.0;1.0;1.0;1.0;;;;31022
2013-01;7.0;4.0;4.0;4.0;3.0;3.0;2.0;2.0;2.0;2.0;2.0;2.0;;;;;31022
2014-01;2.0;1.0;1.0;;;;;;;1.0;;;;;;;31022
2015-01;1.0;1.0;1.0;1.0;1.0;1.0;1.0;1.0;1.0;1.0;;;;;;;31022
2016-01;3.0;2.0;2.0;2.0;2.0;2.0;2.0;1.0;1.0;;;;;;;;31022
2017-01;1.0;1.0;1.0;1.0;1.0;;;;;;;;;;;;31022
2018-01;3.0;2.0;2.0;2.0;2.0;1.0;;;;;;;;;;;31022
2019-01;4.0;4.0;4.0;4.0;2.0;;;;;;;;;;;;31022
2020-01;8.0;8.0;5.0;4.0;3.0;;;;;;;;;;;;31022
2021-01;4.0;3.0;3.0;1.0;;;;;;;;;;;;;31022
2022-01;2.0;2.0;2.0;;;;;;;;;;;;;;31022
2023-01;6.0;3.0;;;;;;;;;;;;;;;31022
2024-01;6.0;;;;;;;;;;;;;;;;31022
2010-01;2.0;2.0;1.0;;;;;;;;1.0;1.0;1.0;1.0;1.0;;31096
2011-01;2.0;2.0;2.0;2.0;2.0;2.0;2.0;2.0;2.0;2.0;2.0;2.0;2.0;2.0;;;31096
2015-01;1.0;;;;;;;;;;;;;;;;31096
2009-01;3.0;3.0;3.0;3.0;3.0;3.0;3.0;3.0;3.0;3.0;3.0;3.0;3.0;3.0;3.0;3.0;31007
2010-01;1.0;;;;;;;1.0;1.0;1.0;1.0;1.0;1.0;1.0;1.0;;31007
2011-01;2.0;2.0;2.0;2.0;2.0;2.0;2.0;2.0;2.0;2.0;2.0;2.0;2.0;2.0;;;31007
2012-01;1.0;1.0;;;;;;;;;;;;;;;31007
2013-01;1.0;1.0;1.0;1.0;1.0;1.0;1.0;1.0;1.0;1.0;1.0;1.0;;;;;31007
2014-01;4.0;3.0;3.0;3.0;3.0;3.0;3.0;3.0;3.0;3.0;3.0;;;;;;31007
2015-01;3.0;3.0;3.0;2.0;2.0;2.0;2.0;2.0;1.0;1.0;;;;;;;31007
2017-01;6.0;6.0;6.0;6.0;6.0;6.0;6.0;6.0;;;;;;;;;31007
2018-01;2.0;2.0;2.0;2.0;2.0;1.0;1.0;;;;;;;;;;31007
2019-01;2.0;2.0;1.0;1.0;;1.0;;;;;;;;;;;31007
2020-01;3.0;2.0;2.0;2.0;2.0;;;;;;;;;;;;31007
2021-01;4.0;3.0;2.0;2.0;;;;;;;;;;;;;31007
2022-01;5.0;2.0;2.0;;;;;;;;;;;;;;31007
2023-01;5.0;5.0;;;;;;;;;;;;;;;31007
2024-01;5.0;;;;;;;;;;;;;;;;31007
2009-01;1.0;1.0;1.0;1.0;1.0;1.0;;;;;;;;;;;31052
2010-01;1.0;1.0;1.0;1.0;;;1.0;1.0;1.0;;;;;;;;31052
2011-01;3.0;3.0;3.0;2.0;2.0;2.0;2.0;2.0;2.0;2.0;2.0;2.0;2.0;2.0;;;31052
2012-01;1.0;1.0;1.0;;;;;;;;;;;;;;31052
2014-01;1.0;1.0;1.0;1.0;1.0;1.0;1.0;1.0;1.0;1.0;1.0;;;;;;31052
2015-01;1.0;1.0;1.0;1.0;1.0;1.0;;;;;;;;;;;31052
2017-01;4.0;4.0;;;;;;;;;;;;;;;31052
2018-01;2.0;1.0;;;;;;;;;;;;;;;31052
2019-01;4.0;3.0;3.0;3.0;3.0;3.0;;;;;;;;;;;31052
2020-01;1.0;1.0;1.0;1.0;1.0;;;;;;;;;;;;31052
2021-01;2.0;1.0;1.0;1.0;;;;;;;;;;;;;31052
2022-01;1.0;1.0;1.0;;;;;;;;;;;;;;31052
2023-01;3.0;3.0;;;;;;;;;;;;;;;31052
2024-01;7.0;;;;;;;;;;;;;;;;31052
2010-01;6.0;6.0;5.0;5.0;4.0;3.0;3.0;3.0;1.0;1.0;1.0;1.0;1.0;1.0;1.0;;31023
2012-01;1.0;1.0;1.0;1.0;;;;;;;;;;;;;31023
2017-01;1.0;1.0;1.0;;;;;;;;;;;;;;31023
2018-01;1.0;1.0;1.0;1.0;;;;;;;;;;;;;31023
2020-01;1.0;1.0;1.0;1.0;1.0;;;;;;;;;;;;31023
2022-01;1.0;1.0;1.0;;;;;;;;;;;;;;31023
2009-01;10.0;7.0;5.0;5.0;5.0;5.0;5.0;4.0;4.0;4.0;4.0;4.0;4.0;4.0;4.0;5.0;31097
2010-01;4.0;3.0;4.0;4.0;3.0;3.0;3.0;3.0;3.0;3.0;3.0;3.0;3.0;3.0;3.0;;31097
2011-01;2.0;2.0;1.0;1.0;1.0;1.0;1.0;1.0;1.0;1.0;1.0;1.0;1.0;1.0;;;31097
2012-01;3.0;2.0;2.0;2.0;2.0;2.0;2.0;2.0;2.0;2.0;1.0;1.0;1.0;;;;31097
2013-01;5.0;5.0;5.0;5.0;5.0;5.0;5.0;5.0;5.0;5.0;5.0;5.0;;;;;31097
2014-01;12.0;9.0;9.0;8.0;8.0;7.0;7.0;7.0;7.0;7.0;7.0;;;;;;31097
2015-01;5.0;3.0;3.0;3.0;3.0;4.0;4.0;4.0;4.0;4.0;;;;;;;31097
2016-01;15.0;15.0;15.0;13.0;11.0;12.0;10.0;10.0;9.0;;;;;;;;31097
2017-01;19.0;18.0;18.0;15.0;15.0;12.0;11.0;11.0;;;;;;;;;31097
2018-01;9.0;7.0;6.0;6.0;5.0;5.0;5.0;;;;;;;;;;31097
2019-01;9.0;9.0;9.0;8.0;7.0;7.0;;;;;;;;;;;31097
2020-01;17.0;16.0;16.0;13.0;13.0;;;;;;;;;;;;31097
2021-01;11.0;11.0;11.0;10.0;;;;;;;;;;;;;31097
2022-01;17.0;16.0;16.0;;;;;;;;;;;;;;31097
2023-01;11.0;11.0;;;;;;;;;;;;;;;31097
2024-01;14.0;;;;;;;;;;;;;;;;31097
2009-01;6.0;6.0;3.0;2.0;2.0;2.0;2.0;2.0;2.0;;;;;;;;31025
2010-01;9.0;7.0;3.0;4.0;4.0;4.0;4.0;4.0;3.0;3.0;3.0;3.0;3.0;3.0;3.0;;31025
2011-01;4.0;2.0;2.0;2.0;2.0;2.0;2.0;;;;;;;;;;31025
2012-01;6.0;4.0;2.0;2.0;2.0;2.0;1.0;1.0;1.0;;;;;;;;31025
2013-01;6.0;6.0;6.0;6.0;6.0;4.0;4.0;4.0;4.0;3.0;1.0;1.0;;;;;31025
2014-01;5.0;5.0;4.0;4.0;3.0;3.0;3.0;2.0;2.0;;;;;;;;31025
2017-01;5.0;5.0;3.0;2.0;2.0;2.0;1.0;1.0;;;;;;;;;31025
2018-01;18.0;15.0;13.0;12.0;9.0;1.0;1.0;;;;;;;;;;31025
2019-01;4.0;3.0;3.0;2.0;;;;;;;;;;;;;31025
2020-01;12.0;12.0;8.0;1.0;2.0;;;;;;;;;;;;31025
2021-01;6.0;4.0;2.0;2.0;;;;;;;;;;;;;31025
2022-01;12.0;4.0;4.0;;;;;;;;;;;;;;31025
2023-01;5.0;4.0;;;;;;;;;;;;;;;31025
2024-01;10.0;;;;;;;;;;;;;;;;31025
2009-01;1.0;1.0;1.0;1.0;1.0;;;;;;;;;;;;31044
2010-01;2.0;2.0;1.0;1.0;1.0;1.0;1.0;1.0;1.0;1.0;1.0;1.0;1.0;1.0;1.0;;31044
2011-01;2.0;2.0;2.0;2.0;2.0;2.0;2.0;2.0;2.0;2.0;2.0;2.0;2.0;2.0;;;31044
2016-01;1.0;1.0;1.0;1.0;1.0;1.0;1.0;1.0;1.0;;;;;;;;31044
2018-01;1.0;1.0;;;;;;;;;;;;;;;31044
2019-01;1.0;;;;;;;;;;;;;;;;31044
2020-01;1.0;1.0;1.0;1.0;1.0;;;;;;;;;;;;31044
2022-01;1.0;1.0;1.0;;;;;;;;;;;;;;31044
2023-01;1.0;1.0;;;;;;;;;;;;;;;31044
2009-01;25.0;24.0;13.0;12.0;11.0;8.0;9.0;6.0;6.0;5.0;5.0;6.0;6.0;7.0;6.0;5.0;31017
2010-01;8.0;5.0;2.0;1.0;;1.0;1.0;1.0;1.0;;;;;;;;31017
2011-01;6.0;6.0;6.0;3.0;3.0;3.0;3.0;3.0;4.0;4.0;4.0;4.0;3.0;2.0;;;31017
2012-01;10.0;7.0;4.0;3.0;3.0;3.0;3.0;3.0;3.0;3.0;2.0;2.0;2.0;;;;31017
2013-01;2.0;1.0;1.0;1.0;1.0;1.0;1.0;1.0;1.0;1.0;1.0;1.0;;;;;31017
2014-01;5.0;5.0;4.0;4.0;4.0;3.0;3.0;3.0;3.0;3.0;3.0;;;;;;31017
2015-01;81.0;77.0;64.0;53.0;4.0;4.0;4.0;4.0;4.0;4.0;;;;;;;31017
2016-01;88.0;65.0;56.0;8.0;11.0;11.0;11.0;8.0;8.0;;;;;;;;31017
2017-01;83.0;70.0;14.0;14.0;13.0;14.0;14.0;14.0;;;;;;;;;31017
2018-01;54.0;16.0;16.0;16.0;14.0;14.0;14.0;;;;;;;;;;31017
2019-01;95.0;90.0;86.0;84.0;78.0;76.0;;;;;;;;;;;31017
2020-01;61.0;58.0;52.0;48.0;47.0;;;;;;;;;;;;31017
2021-01;34.0;30.0;28.0;27.0;;;;;;;;;;;;;31017
2022-01;48.0;44.0;43.0;;;;;;;;;;;;;;31017
2023-01;50.0;50.0;;;;;;;;;;;;;;;31017
2024-01;41.0;;;;;;;;;;;;;;;;31017
2009-01;20.0;20.0;20.0;19.0;19.0;19.0;19.0;19.0;19.0;18.0;17.0;16.0;16.0;16.0;15.0;15.0;31084
2010-01;19.0;19.0;18.0;18.0;18.0;17.0;17.0;15.0;15.0;15.0;14.0;14.0;14.0;14.0;13.0;;31084
2011-01;11.0;10.0;10.0;10.0;10.0;9.0;10.0;10.0;10.0;9.0;9.0;9.0;9.0;9.0;;;31084
2012-01;12.0;12.0;11.0;11.0;10.0;10.0;10.0;10.0;10.0;10.0;10.0;10.0;10.0;;;;31084
2013-01;3.0;3.0;3.0;2.0;2.0;2.0;2.0;2.0;2.0;2.0;2.0;2.0;;;;;31084
2014-01;5.0;5.0;4.0;3.0;3.0;3.0;3.0;3.0;3.0;3.0;3.0;;;;;;31084
2015-01;10.0;10.0;6.0;7.0;7.0;7.0;7.0;7.0;7.0;7.0;;;;;;;31084
2016-01;68.0;66.0;66.0;66.0;64.0;64.0;64.0;64.0;64.0;;;;;;;;31084
2017-01;16.0;15.0;15.0;15.0;15.0;14.0;14.0;14.0;;;;;;;;;31084
2018-01;26.0;24.0;24.0;24.0;23.0;23.0;23.0;;;;;;;;;;31084
2019-01;19.0;16.0;16.0;16.0;16.0;16.0;;;;;;;;;;;31084
2020-01;10.0;10.0;10.0;9.0;8.0;;;;;;;;;;;;31084
2021-01;8.0;8.0;8.0;8.0;;;;;;;;;;;;;31084
2022-01;22.0;22.0;20.0;;;;;;;;;;;;;;31084
2023-01;8.0;7.0;;;;;;;;;;;;;;;31084
2024-01;8.0;;;;;;;;;;;;;;;;31084
2014-01;1.0;1.0;;;;;;;;;;;;;;;31046
2015-01;1.0;;;;;;;;;;;;;;;;31046
2018-01;1.0;1.0;1.0;;;;;;;;;;;;;;31046
2022-01;1.0;1.0;1.0;;;;;;;;;;;;;;31046
2023-01;1.0;1.0;;;;;;;;;;;;;;;31046
2009-01;2.0;2.0;2.0;2.0;2.0;2.0;1.0;1.0;2.0;2.0;2.0;2.0;2.0;2.0;2.0;2.0;31072
2010-01;10.0;9.0;5.0;5.0;4.0;3.0;2.0;2.0;2.0;2.0;2.0;2.0;2.0;2.0;2.0;;31072
2012-01;4.0;4.0;4.0;4.0;4.0;4.0;4.0;4.0;3.0;3.0;3.0;3.0;3.0;;;;31072
2014-01;4.0;1.0;1.0;1.0;1.0;1.0;1.0;1.0;1.0;1.0;1.0;;;;;;31072
2015-01;3.0;2.0;2.0;2.0;2.0;2.0;2.0;2.0;2.0;2.0;;;;;;;31072
2016-01;17.0;12.0;12.0;8.0;6.0;5.0;5.0;5.0;5.0;;;;;;;;31072
2017-01;7.0;7.0;6.0;2.0;2.0;2.0;2.0;2.0;;;;;;;;;31072
2018-01;7.0;7.0;7.0;4.0;3.0;2.0;2.0;;;;;;;;;;31072
2019-01;7.0;6.0;6.0;2.0;2.0;2.0;;;;;;;;;;;31072
2020-01;7.0;6.0;6.0;4.0;4.0;;;;;;;;;;;;31072
2021-01;8.0;8.0;7.0;4.0;;;;;;;;;;;;;31072
2022-01;8.0;5.0;5.0;;;;;;;;;;;;;;31072
2023-01;4.0;4.0;;;;;;;;;;;;;;;31072
2024-01;2.0;;;;;;;;;;;;;;;;31072
2009-01;25.0;23.0;22.0;21.0;20.0;19.0;16.0;17.0;17.0;15.0;15.0;15.0;14.0;13.0;13.0;13.0;50001
2010-01;28.0;24.0;22.0;18.0;16.0;12.0;13.0;13.0;9.0;5.0;5.0;5.0;5.0;4.0;4.0;;50001
2011-01;17.0;13.0;12.0;9.0;9.0;7.0;7.0;5.0;4.0;4.0;4.0;4.0;3.0;2.0;;;50001
2012-01;14.0;13.0;11.0;9.0;8.0;8.0;8.0;8.0;8.0;8.0;7.0;6.0;6.0;;;;50001
2013-01;11.0;11.0;9.0;9.0;8.0;7.0;7.0;7.0;7.0;7.0;6.0;5.0;;;;;50001
2014-01;14.0;13.0;12.0;11.0;10.0;10.0;7.0;7.0;7.0;7.0;6.0;;;;;;50001
2015-01;10.0;10.0;8.0;8.0;7.0;6.0;6.0;8.0;8.0;8.0;;;;;;;50001
2016-01;7.0;5.0;5.0;5.0;4.0;4.0;3.0;3.0;3.0;;;;;;;;50001
2017-01;24.0;20.0;18.0;16.0;8.0;8.0;9.0;8.0;;;;;;;;;50001
2018-01;20.0;16.0;14.0;14.0;9.0;9.0;9.0;;;;;;;;;;50001
2019-01;17.0;15.0;15.0;13.0;12.0;12.0;;;;;;;;;;;50001
2020-01;13.0;13.0;12.0;10.0;10.0;;;;;;;;;;;;50001
2021-01;10.0;9.0;9.0;9.0;;;;;;;;;;;;;50001
2022-01;12.0;11.0;10.0;;;;;;;;;;;;;;50001
2023-01;13.0;11.0;;;;;;;;;;;;;;;50001
2024-01;19.0;;;;;;;;;;;;;;;;50001
2009-01;15.0;13.0;11.0;10.0;10.0;10.0;10.0;9.0;9.0;9.0;9.0;9.0;9.0;8.0;8.0;8.0;50003
2010-01;26.0;18.0;18.0;14.0;14.0;16.0;13.0;11.0;11.0;9.0;9.0;10.0;10.0;9.0;10.0;;50003
2011-01;14.0;7.0;6.0;7.0;6.0;4.0;5.0;4.0;3.0;3.0;3.0;3.0;3.0;2.0;;;50003
2012-01;11.0;7.0;8.0;6.0;5.0;3.0;2.0;3.0;3.0;3.0;3.0;3.0;3.0;;;;50003
2013-01;12.0;9.0;8.0;6.0;6.0;5.0;5.0;5.0;5.0;5.0;4.0;4.0;;;;;50003
2014-01;6.0;3.0;2.0;2.0;1.0;1.0;1.0;1.0;1.0;2.0;1.0;;;;;;50003
2015-01;13.0;5.0;5.0;3.0;3.0;3.0;2.0;2.0;3.0;2.0;;;;;;;50003
2016-01;7.0;5.0;4.0;4.0;3.0;3.0;2.0;2.0;2.0;;;;;;;;50003
2017-01;15.0;8.0;7.0;6.0;6.0;7.0;5.0;4.0;;;;;;;;;50003
2018-01;20.0;12.0;9.0;10.0;9.0;10.0;8.0;;;;;;;;;;50003
2019-01;3.0;3.0;3.0;3.0;2.0;2.0;;;;;;;;;;;50003
2020-01;9.0;7.0;7.0;6.0;6.0;;;;;;;;;;;;50003
2021-01;6.0;6.0;4.0;3.0;;;;;;;;;;;;;50003
2022-01;4.0;3.0;;;;;;;;;;;;;;;50003
2023-01;12.0;9.0;;;;;;;;;;;;;;;50003
2024-01;16.0;;;;;;;;;;;;;;;;50003
2009-01;2.0;1.0;1.0;1.0;1.0;;;;;;;;;;;;50004
2010-01;7.0;6.0;1.0;1.0;;1.0;1.0;1.0;1.0;1.0;1.0;1.0;1.0;1.0;1.0;;50004
2011-01;3.0;3.0;2.0;2.0;1.0;1.0;1.0;1.0;1.0;1.0;1.0;1.0;1.0;1.0;;;50004
2012-01;3.0;2.0;1.0;1.0;1.0;1.0;1.0;1.0;1.0;1.0;1.0;1.0;1.0;;;;50004
2014-01;3.0;1.0;2.0;1.0;1.0;1.0;1.0;1.0;1.0;1.0;1.0;;;;;;50004
2015-01;2.0;2.0;2.0;1.0;1.0;1.0;1.0;1.0;1.0;1.0;;;;;;;50004
2016-01;1.0;1.0;;;;;;;;;;;;;;;50004
2017-01;3.0;1.0;1.0;1.0;1.0;1.0;;;;;;;;;;;50004
2018-01;2.0;2.0;2.0;2.0;2.0;2.0;2.0;;;;;;;;;;50004
2019-01;1.0;1.0;1.0;1.0;1.0;1.0;;;;;;;;;;;50004
2020-01;2.0;2.0;2.0;2.0;2.0;;;;;;;;;;;;50004
2021-01;1.0;1.0;1.0;1.0;;;;;;;;;;;;;50004
2022-01;2.0;2.0;2.0;;;;;;;;;;;;;;50004
2023-01;8.0;8.0;;;;;;;;;;;;;;;50004
2024-01;3.0;;;;;;;;;;;;;;;;50004
2009-01;35.0;34.0;34.0;34.0;34.0;34.0;34.0;31.0;31.0;31.0;31.0;31.0;30.0;30.0;30.0;21.0;15006
2010-01;3.0;3.0;1.0;1.0;1.0;1.0;1.0;1.0;1.0;1.0;1.0;1.0;1.0;1.0;1.0;;15006
2011-01;18.0;17.0;17.0;16.0;16.0;16.0;16.0;16.0;16.0;16.0;16.0;16.0;16.0;6.0;;;15006
2012-01;7.0;7.0;7.0;7.0;7.0;7.0;7.0;7.0;7.0;7.0;6.0;7.0;4.0;;;;15006
2013-01;12.0;12.0;12.0;12.0;12.0;12.0;12.0;12.0;12.0;12.0;12.0;7.0;;;;;15006
2014-01;4.0;4.0;4.0;4.0;2.0;1.0;2.0;2.0;2.0;2.0;2.0;;;;;;15006
2015-01;10.0;10.0;9.0;9.0;8.0;8.0;7.0;7.0;7.0;4.0;;;;;;;15006
2016-01;5.0;5.0;5.0;4.0;4.0;4.0;4.0;4.0;4.0;;;;;;;;15006
2017-01;11.0;10.0;10.0;11.0;10.0;11.0;11.0;7.0;;;;;;;;;15006
2018-01;17.0;17.0;17.0;15.0;15.0;15.0;13.0;;;;;;;;;;15006
2019-01;31.0;18.0;18.0;18.0;18.0;17.0;;;;;;;;;;;15006
2020-01;19.0;18.0;18.0;17.0;14.0;;;;;;;;;;;;15006
2021-01;27.0;26.0;26.0;18.0;;;;;;;;;;;;;15006
2022-01;16.0;15.0;14.0;;;;;;;;;;;;;;15006
2023-01;26.0;20.0;;;;;;;;;;;;;;;15006
2024-01;11.0;;;;;;;;;;;;;;;;15006
2009-01;9.0;7.0;6.0;3.0;2.0;2.0;2.0;2.0;2.0;2.0;1.0;1.0;1.0;1.0;1.0;1.0;15003
2010-01;11.0;8.0;3.0;2.0;1.0;1.0;1.0;1.0;;;;;;;;;15003
2011-01;9.0;2.0;1.0;1.0;1.0;1.0;1.0;1.0;1.0;1.0;1.0;1.0;1.0;1.0;;;15003
2012-01;7.0;4.0;2.0;2.0;2.0;2.0;2.0;1.0;1.0;2.0;2.0;2.0;2.0;;;;15003
2013-01;3.0;2.0;2.0;2.0;1.0;;;;;;;;;;;;15003
2014-01;14.0;8.0;7.0;5.0;4.0;4.0;3.0;3.0;3.0;4.0;3.0;;;;;;15003
2015-01;2.0;1.0;1.0;;;;;;;;;;;;;;15003
2016-01;5.0;2.0;2.0;2.0;2.0;2.0;3.0;3.0;2.0;;;;;;;;15003
2017-01;9.0;4.0;4.0;4.0;4.0;4.0;4.0;4.0;;;;;;;;;15003
2018-01;4.0;2.0;2.0;2.0;2.0;2.0;2.0;;;;;;;;;;15003
2019-01;1.0;;;;;;;;;;;;;;;;15003
2020-01;2.0;1.0;1.0;1.0;1.0;;;;;;;;;;;;15003
2021-01;1.0;1.0;1.0;1.0;;;;;;;;;;;;;15003
2022-01;5.0;4.0;4.0;;;;;;;;;;;;;;15003
2023-01;7.0;6.0;;;;;;;;;;;;;;;15003
2024-01;17.0;;;;;;;;;;;;;;;;15003
2009-01;8.0;8.0;7.0;5.0;5.0;3.0;3.0;3.0;3.0;4.0;2.0;2.0;2.0;2.0;3.0;3.0;15002
2010-01;12.0;8.0;10.0;10.0;10.0;9.0;6.0;6.0;6.0;5.0;5.0;4.0;3.0;3.0;3.0;;15002
2011-01;8.0;2.0;1.0;;;;;;;;;;;;;;15002
2012-01;8.0;5.0;4.0;4.0;3.0;2.0;2.0;2.0;2.0;2.0;2.0;2.0;2.0;;;;15002
2013-01;6.0;5.0;4.0;3.0;2.0;2.0;1.0;1.0;1.0;1.0;1.0;1.0;;;;;15002
2014-01;5.0;2.0;2.0;2.0;2.0;2.0;2.0;2.0;2.0;2.0;2.0;;;;;;15002
2015-01;5.0;5.0;4.0;4.0;5.0;5.0;5.0;5.0;5.0;5.0;;;;;;;15002
2016-01;2.0;2.0;1.0;1.0;1.0;1.0;1.0;1.0;1.0;;;;;;;;15002
2017-01;3.0;1.0;;;;;;;;;;;;;;;15002
2018-01;14.0;7.0;4.0;3.0;2.0;2.0;2.0;;;;;;;;;;15002
2019-01;7.0;5.0;5.0;5.0;6.0;5.0;;;;;;;;;;;15002
2020-01;7.0;7.0;3.0;4.0;4.0;;;;;;;;;;;;15002
2021-01;1.0;1.0;;;;;;;;;;;;;;;15002
2022-01;3.0;2.0;2.0;;;;;;;;;;;;;;15002
2023-01;5.0;5.0;;;;;;;;;;;;;;;15002
2024-01;2.0;;;;;;;;;;;;;;;;15002
2009-01;15.0;8.0;7.0;6.0;5.0;5.0;5.0;3.0;;;;1.0;1.0;;;;25002
2010-01;1.0;1.0;1.0;1.0;1.0;;;;;;;;;;;;25002
2012-01;1.0;1.0;1.0;1.0;1.0;;;;;;;;;;;;25002
2016-01;5.0;5.0;4.0;4.0;1.0;1.0;1.0;1.0;1.0;;;;;;;;25002
2017-01;4.0;3.0;2.0;1.0;1.0;1.0;1.0;1.0;;;;;;;;;25002
2018-01;4.0;3.0;;;;;;;;;;;;;;;25002
2020-01;3.0;3.0;1.0;2.0;2.0;;;;;;;;;;;;25002
2021-01;1.0;;;;;;;;;;;;;;;;25002
2022-01;1.0;1.0;;;;;;;;;;;;;;;25002
2023-01;1.0;1.0;;;;;;;;;;;;;;;25002
2024-01;4.0;;;;;;;;;;;;;;;;25002
2009-01;21.0;20.0;17.0;16.0;15.0;15.0;15.0;12.0;11.0;11.0;10.0;10.0;10.0;8.0;8.0;6.0;25001
2010-01;9.0;9.0;7.0;8.0;8.0;8.0;7.0;7.0;7.0;7.0;8.0;8.0;8.0;8.0;8.0;;25001
2011-01;7.0;6.0;6.0;6.0;6.0;6.0;7.0;7.0;6.0;6.0;6.0;6.0;6.0;6.0;;;25001
2012-01;9.0;8.0;7.0;6.0;5.0;5.0;5.0;5.0;5.0;5.0;5.0;4.0;5.0;;;;25001
2013-01;7.0;7.0;6.0;6.0;6.0;6.0;5.0;4.0;4.0;4.0;4.0;4.0;;;;;25001
2014-01;16.0;15.0;15.0;14.0;13.0;13.0;12.0;12.0;12.0;12.0;13.0;;;;;;25001
2015-01;8.0;7.0;7.0;6.0;7.0;7.0;7.0;7.0;7.0;7.0;;;;;;;25001
2016-01;9.0;8.0;7.0;7.0;7.0;8.0;6.0;6.0;6.0;;;;;;;;25001
2017-01;16.0;13.0;11.0;12.0;12.0;12.0;12.0;11.0;;;;;;;;;25001
2018-01;12.0;11.0;10.0;9.0;9.0;9.0;9.0;;;;;;;;;;25001
2019-01;14.0;13.0;12.0;12.0;12.0;12.0;;;;;;;;;;;25001
2020-01;19.0;19.0;19.0;19.0;19.0;;;;;;;;;;;;25001
2021-01;14.0;14.0;14.0;14.0;;;;;;;;;;;;;25001
2022-01;9.0;8.0;7.0;;;;;;;;;;;;;;25001
2023-01;13.0;10.0;;;;;;;;;;;;;;;25001
2024-01;19.0;;;;;;;;;;;;;;;;25001
2009-01;3.0;3.0;2.0;1.0;1.0;1.0;1.0;1.0;1.0;1.0;1.0;1.0;1.0;1.0;1.0;1.0;25005
2010-01;1.0;1.0;;;;;;;;;;;;;;;25005
2016-01;3.0;;1.0;1.0;1.0;1.0;1.0;;;;;;;;;;25005
2018-01;1.0;1.0;1.0;;;;;;;;;;;;;;25005
2022-01;1.0;1.0;1.0;;;;;;;;;;;;;;25005
2024-01;1.0;;;;;;;;;;;;;;;;25005
2009-01;14.0;13.0;14.0;13.0;12.0;12.0;12.0;9.0;9.0;9.0;8.0;8.0;7.0;7.0;8.0;8.0;26003
2010-01;8.0;6.0;2.0;2.0;2.0;2.0;2.0;2.0;2.0;2.0;2.0;2.0;2.0;2.0;2.0;;26003
2011-01;9.0;7.0;5.0;4.0;4.0;4.0;4.0;4.0;4.0;3.0;2.0;1.0;2.0;2.0;;;26003
2012-01;1.0;;;;;;;;;;;;;;;;26003
2013-01;6.0;6.0;5.0;4.0;4.0;4.0;4.0;4.0;4.0;4.0;4.0;4.0;;;;;26003
2014-01;7.0;4.0;5.0;5.0;3.0;3.0;3.0;3.0;3.0;3.0;3.0;;;;;;26003
2015-01;5.0;3.0;3.0;3.0;3.0;3.0;3.0;3.0;3.0;3.0;;;;;;;26003
2016-01;16.0;15.0;14.0;14.0;14.0;14.0;14.0;10.0;11.0;;;;;;;;26003
2017-01;4.0;4.0;4.0;4.0;4.0;4.0;4.0;4.0;;;;;;;;;26003
2018-01;15.0;15.0;15.0;14.0;9.0;9.0;9.0;;;;;;;;;;26003
2019-01;10.0;9.0;9.0;8.0;5.0;5.0;;;;;;;;;;;26003
2020-01;9.0;8.0;8.0;8.0;8.0;;;;;;;;;;;;26003
2021-01;6.0;5.0;5.0;5.0;;;;;;;;;;;;;26003
2022-01;11.0;11.0;9.0;;;;;;;;;;;;;;26003
2023-01;9.0;8.0;;;;;;;;;;;;;;;26003
2024-01;14.0;;;;;;;;;;;;;;;;26003
2009-01;131.0;129.0;126.0;121.0;117.0;116.0;114.0;111.0;111.0;107.0;107.0;106.0;104.0;99.0;99.0;96.0;26010
2010-01;17.0;17.0;11.0;11.0;11.0;11.0;10.0;10.0;10.0;11.0;11.0;11.0;11.0;11.0;11.0;;26010
2011-01;19.0;17.0;18.0;18.0;18.0;18.0;18.0;17.0;17.0;17.0;17.0;15.0;15.0;15.0;;;26010
2012-01;26.0;23.0;24.0;24.0;22.0;21.0;18.0;18.0;18.0;18.0;18.0;18.0;18.0;;;;26010
2013-01;45.0;45.0;42.0;37.0;36.0;36.0;35.0;36.0;35.0;35.0;35.0;34.0;;;;;26010
2014-01;46.0;45.0;42.0;35.0;37.0;37.0;39.0;39.0;37.0;37.0;36.0;;;;;;26010
2015-01;34.0;33.0;33.0;31.0;30.0;29.0;29.0;29.0;29.0;29.0;;;;;;;26010
2016-01;43.0;42.0;42.0;38.0;38.0;38.0;39.0;39.0;38.0;;;;;;;;26010
2017-01;47.0;45.0;42.0;41.0;41.0;41.0;39.0;36.0;;;;;;;;;26010
2018-01;43.0;43.0;42.0;40.0;39.0;39.0;39.0;;;;;;;;;;26010
2019-01;50.0;48.0;47.0;46.0;44.0;44.0;;;;;;;;;;;26010
2020-01;43.0;42.0;42.0;40.0;40.0;;;;;;;;;;;;26010
2021-01;43.0;42.0;40.0;40.0;;;;;;;;;;;;;26010
2022-01;50.0;49.0;49.0;;;;;;;;;;;;;;26010
2023-01;47.0;45.0;;;;;;;;;;;;;;;26010
2024-01;49.0;;;;;;;;;;;;;;;;26010
2009-01;6.0;6.0;6.0;4.0;4.0;3.0;3.0;3.0;1.0;1.0;1.0;1.0;1.0;1.0;1.0;1.0;22011
2010-01;1.0;1.0;1.0;1.0;1.0;1.0;1.0;;;;;;;;;;22011
2013-01;1.0;1.0;1.0;1.0;1.0;1.0;1.0;1.0;1.0;1.0;1.0;;;;;;22011
2014-01;1.0;1.0;1.0;1.0;1.0;1.0;;;;;;;;;;;22011
2015-01;2.0;2.0;;;;;;;;;;;;;;;22011
2019-01;1.0;;;1.0;1.0;1.0;;;;;;;;;;;22011
2020-01;2.0;1.0;1.0;1.0;1.0;;;;;;;;;;;;22011
2022-01;1.0;1.0;1.0;;;;;;;;;;;;;;22011
2009-01;8.0;8.0;7.0;6.0;6.0;5.0;6.0;4.0;4.0;4.0;3.0;3.0;4.0;3.0;3.0;2.0;22003
2010-01;1.0;1.0;;;;;;;;;;;;;;;22003
2014-01;4.0;3.0;2.0;1.0;1.0;1.0;1.0;1.0;1.0;1.0;1.0;;;;;;22003
2016-01;2.0;1.0;1.0;1.0;1.0;1.0;1.0;1.0;1.0;;;;;;;;22003
2017-01;1.0;1.0;1.0;1.0;;;;;;;;;;;;;22003
2018-01;2.0;;;;;;;;;;;;;;;;22003
2020-01;3.0;3.0;3.0;3.0;3.0;;;;;;;;;;;;22003
2022-01;4.0;4.0;4.0;;;;;;;;;;;;;;22003
2024-01;2.0;;;;;;;;;;;;;;;;22003
2009-01;56.0;49.0;46.0;44.0;42.0;41.0;39.0;38.0;39.0;38.0;36.0;36.0;37.0;36.0;34.0;34.0;41002
2010-01;37.0;25.0;23.0;24.0;22.0;22.0;19.0;19.0;19.0;17.0;15.0;14.0;15.0;15.0;16.0;;41002
2011-01;25.0;20.0;21.0;19.0;17.0;15.0;15.0;16.0;17.0;18.0;17.0;16.0;16.0;16.0;;;41002
2012-01;36.0;25.0;24.0;23.0;23.0;23.0;24.0;23.0;23.0;25.0;25.0;26.0;26.0;;;;41002
2013-01;15.0;10.0;8.0;7.0;6.0;6.0;7.0;7.0;7.0;5.0;5.0;5.0;;;;;41002
2014-01;130.0;122.0;113.0;112.0;112.0;108.0;105.0;90.0;78.0;75.0;76.0;;;;;;41002
2015-01;20.0;19.0;17.0;17.0;17.0;17.0;17.0;16.0;15.0;17.0;;;;;;;41002
2016-01;24.0;22.0;22.0;21.0;20.0;20.0;18.0;18.0;18.0;;;;;;;;41002
2017-01;34.0;31.0;31.0;29.0;28.0;27.0;26.0;25.0;;;;;;;;;41002
2018-01;24.0;21.0;22.0;22.0;20.0;19.0;19.0;;;;;;;;;;41002
2019-01;35.0;31.0;29.0;30.0;29.0;28.0;;;;;;;;;;;41002
2020-01;40.0;39.0;35.0;35.0;35.0;;;;;;;;;;;;41002
2021-01;584.0;546.0;498.0;483.0;;;;;;;;;;;;;41002
2022-01;99.0;87.0;85.0;;;;;;;;;;;;;;41002
2023-01;42.0;38.0;;;;;;;;;;;;;;;41002
2024-01;58.0;;;;;;;;;;;;;;;;41002
2009-01;62.0;55.0;50.0;42.0;41.0;39.0;30.0;30.0;28.0;22.0;22.0;21.0;20.0;20.0;16.0;15.0;41010
2010-01;12.0;8.0;5.0;4.0;5.0;3.0;2.0;1.0;1.0;1.0;1.0;1.0;1.0;1.0;1.0;;41010
2011-01;12.0;6.0;4.0;4.0;3.0;3.0;3.0;3.0;3.0;3.0;3.0;3.0;3.0;3.0;;;41010
2012-01;8.0;3.0;3.0;3.0;2.0;3.0;1.0;1.0;1.0;1.0;1.0;1.0;1.0;;;;41010
2013-01;7.0;2.0;2.0;2.0;2.0;2.0;2.0;2.0;2.0;2.0;2.0;1.0;;;;;41010
2014-01;15.0;8.0;6.0;5.0;6.0;6.0;6.0;6.0;6.0;6.0;6.0;;;;;;41010
2015-01;3.0;3.0;3.0;3.0;3.0;3.0;3.0;3.0;3.0;3.0;;;;;;;41010
2016-01;6.0;6.0;6.0;5.0;5.0;5.0;5.0;5.0;5.0;;;;;;;;41010
2017-01;3.0;2.0;2.0;2.0;2.0;2.0;2.0;2.0;;;;;;;;;41010
2018-01;4.0;3.0;3.0;3.0;3.0;3.0;3.0;;;;;;;;;;41010
2019-01;4.0;3.0;3.0;3.0;3.0;3.0;;;;;;;;;;;41010
2020-01;8.0;6.0;5.0;5.0;5.0;;;;;;;;;;;;41010
2021-01;5.0;5.0;5.0;5.0;;;;;;;;;;;;;41010
2022-01;10.0;9.0;9.0;;;;;;;;;;;;;;41010
2023-01;6.0;6.0;;;;;;;;;;;;;;;41010
2024-01;8.0;;;;;;;;;;;;;;;;41010
2009-01;22.0;19.0;17.0;10.0;9.0;9.0;9.0;5.0;5.0;5.0;5.0;5.0;5.0;5.0;5.0;5.0;41015
2010-01;17.0;16.0;13.0;12.0;11.0;11.0;6.0;5.0;2.0;5.0;4.0;4.0;4.0;4.0;3.0;;41015
2011-01;14.0;9.0;9.0;9.0;7.0;5.0;5.0;5.0;5.0;5.0;5.0;5.0;5.0;5.0;;;41015
2012-01;1.0;1.0;1.0;1.0;1.0;1.0;1.0;1.0;1.0;1.0;1.0;1.0;1.0;;;;41015
2013-01;1.0;1.0;1.0;1.0;1.0;1.0;1.0;1.0;1.0;1.0;1.0;1.0;;;;;41015
2014-01;4.0;4.0;4.0;4.0;2.0;3.0;3.0;4.0;4.0;4.0;4.0;;;;;;41015
2015-01;8.0;8.0;7.0;6.0;6.0;6.0;6.0;6.0;5.0;5.0;;;;;;;41015
2016-01;8.0;8.0;6.0;6.0;6.0;6.0;6.0;6.0;6.0;;;;;;;;41015
2017-01;6.0;6.0;6.0;6.0;6.0;6.0;5.0;5.0;;;;;;;;;41015
2018-01;10.0;10.0;9.0;6.0;7.0;7.0;7.0;;;;;;;;;;41015
2019-01;4.0;4.0;4.0;4.0;4.0;4.0;;;;;;;;;;;41015
2020-01;6.0;6.0;6.0;6.0;6.0;;;;;;;;;;;;41015
2021-01;6.0;6.0;6.0;6.0;;;;;;;;;;;;;41015
2022-01;14.0;13.0;13.0;;;;;;;;;;;;;;41015
2023-01;10.0;10.0;;;;;;;;;;;;;;;41015
2024-01;12.0;;;;;;;;;;;;;;;;41015
2009-01;16.0;16.0;15.0;12.0;10.0;9.0;10.0;9.0;8.0;6.0;5.0;4.0;2.0;2.0;2.0;2.0;41008
2010-01;2.0;1.0;1.0;1.0;1.0;2.0;1.0;1.0;1.0;1.0;1.0;;;;;;41008
2011-01;7.0;6.0;6.0;6.0;5.0;4.0;3.0;3.0;3.0;3.0;3.0;3.0;3.0;2.0;;;41008
2012-01;2.0;2.0;2.0;2.0;2.0;1.0;1.0;1.0;1.0;1.0;1.0;;;;;;41008
2013-01;3.0;2.0;2.0;2.0;;;;;;;;;;;;;41008
2014-01;4.0;3.0;3.0;3.0;1.0;2.0;1.0;1.0;1.0;1.0;1.0;;;;;;41008
2015-01;31.0;27.0;23.0;4.0;3.0;2.0;2.0;2.0;2.0;2.0;;;;;;;41008
2016-01;2.0;2.0;1.0;1.0;1.0;1.0;1.0;1.0;1.0;;;;;;;;41008
2017-01;4.0;4.0;3.0;3.0;3.0;2.0;2.0;2.0;;;;;;;;;41008
2018-01;5.0;4.0;2.0;1.0;1.0;1.0;1.0;;;;;;;;;;41008
2019-01;9.0;6.0;5.0;4.0;3.0;3.0;;;;;;;;;;;41008
2020-01;5.0;3.0;2.0;1.0;1.0;;;;;;;;;;;;41008
2021-01;3.0;3.0;3.0;3.0;;;;;;;;;;;;;41008
2022-01;2.0;2.0;2.0;;;;;;;;;;;;;;41008
2023-01;2.0;2.0;;;;;;;;;;;;;;;41008
2024-01;3.0;;;;;;;;;;;;;;;;41008
2009-01;39.0;34.0;31.0;24.0;23.0;20.0;22.0;21.0;20.0;20.0;20.0;20.0;20.0;19.0;19.0;19.0;41017
2010-01;15.0;13.0;2.0;3.0;2.0;2.0;1.0;2.0;2.0;2.0;2.0;2.0;2.0;2.0;2.0;;41017
2011-01;15.0;13.0;10.0;8.0;7.0;8.0;7.0;7.0;8.0;8.0;8.0;8.0;8.0;8.0;;;41017
2012-01;8.0;6.0;5.0;5.0;4.0;2.0;2.0;2.0;2.0;2.0;2.0;2.0;2.0;;;;41017
2013-01;5.0;4.0;4.0;3.0;3.0;4.0;4.0;3.0;3.0;2.0;2.0;2.0;;;;;41017
2014-01;12.0;12.0;10.0;8.0;8.0;8.0;8.0;8.0;8.0;8.0;8.0;;;;;;41017
2015-01;8.0;6.0;5.0;5.0;5.0;5.0;5.0;5.0;5.0;5.0;;;;;;;41017
2016-01;19.0;18.0;18.0;14.0;14.0;12.0;12.0;12.0;12.0;;;;;;;;41017
2017-01;26.0;26.0;25.0;22.0;22.0;22.0;20.0;20.0;;;;;;;;;41017
2018-01;23.0;22.0;21.0;18.0;16.0;17.0;17.0;;;;;;;;;;41017
2019-01;35.0;31.0;26.0;23.0;22.0;21.0;;;;;;;;;;;41017
2020-01;50.0;41.0;34.0;31.0;30.0;;;;;;;;;;;;41017
2021-01;21.0;17.0;16.0;14.0;;;;;;;;;;;;;41017
2022-01;15.0;15.0;15.0;;;;;;;;;;;;;;41017
2023-01;19.0;18.0;;;;;;;;;;;;;;;41017
2024-01;21.0;;;;;;;;;;;;;;;;41017
2009-01;12.0;8.0;7.0;7.0;6.0;5.0;4.0;4.0;3.0;3.0;3.0;3.0;3.0;3.0;3.0;3.0;41014
2010-01;3.0;2.0;1.0;1.0;1.0;1.0;1.0;1.0;1.0;1.0;1.0;1.0;1.0;1.0;1.0;;41014
2011-01;2.0;1.0;1.0;1.0;1.0;1.0;1.0;;;;;;;1.0;;;41014
2012-01;2.0;;;;;;;;;;;;;;;;41014
2013-01;3.0;3.0;3.0;3.0;3.0;3.0;3.0;3.0;3.0;3.0;3.0;3.0;;;;;41014
2014-01;1.0;1.0;1.0;1.0;;;;;;;;;;;;;41014
2016-01;2.0;1.0;1.0;1.0;1.0;1.0;1.0;1.0;1.0;;;;;;;;41014
2017-01;1.0;1.0;1.0;1.0;1.0;1.0;1.0;;;;;;;;;;41014
2018-01;2.0;2.0;2.0;2.0;2.0;2.0;2.0;;;;;;;;;;41014
2020-01;1.0;1.0;1.0;1.0;1.0;;;;;;;;;;;;41014
2021-01;1.0;1.0;1.0;1.0;;;;;;;;;;;;;41014
2023-01;2.0;2.0;;;;;;;;;;;;;;;41014
2009-01;2.0;2.0;1.0;1.0;1.0;1.0;1.0;1.0;1.0;;;;;;;;41018
2011-01;1.0;1.0;1.0;1.0;1.0;1.0;1.0;1.0;1.0;;1.0;1.0;1.0;1.0;;;41018
2013-01;1.0;1.0;;;;;;;;;;;;;;;41018
2014-01;1.0;1.0;1.0;1.0;1.0;1.0;1.0;1.0;1.0;1.0;1.0;;;;;;41018
2017-01;1.0;1.0;1.0;;;;;;;;;;;;;;41018
2018-01;2.0;2.0;1.0;1.0;1.0;1.0;1.0;;;;;;;;;;41018
2019-01;3.0;2.0;2.0;2.0;2.0;2.0;;;;;;;;;;;41018
2020-01;1.0;1.0;1.0;1.0;1.0;;;;;;;;;;;;41018
2021-01;1.0;1.0;1.0;1.0;;;;;;;;;;;;;41018
2024-01;3.0;;;;;;;;;;;;;;;;41018
2009-01;8.0;7.0;6.0;3.0;3.0;4.0;4.0;2.0;1.0;1.0;;;;;;;41005
2010-01;5.0;5.0;3.0;1.0;1.0;1.0;1.0;1.0;1.0;1.0;1.0;1.0;1.0;1.0;1.0;;41005
2011-01;3.0;1.0;1.0;1.0;;;;;;;;;;;;;41005
2012-01;3.0;2.0;;;1.0;1.0;1.0;1.0;1.0;1.0;1.0;1.0;1.0;;;;41005
2013-01;1.0;;;;;;;;;;;;;;;;41005
2014-01;5.0;4.0;3.0;2.0;2.0;2.0;2.0;1.0;1.0;1.0;1.0;;;;;;41005
2015-01;4.0;2.0;2.0;2.0;1.0;1.0;1.0;1.0;1.0;1.0;;;;;;;41005
2016-01;1.0;1.0;1.0;1.0;;;;;;;;;;;;;41005
2017-01;2.0;2.0;2.0;2.0;2.0;1.0;1.0;1.0;;;;;;;;;41005
2018-01;1.0;1.0;1.0;1.0;1.0;1.0;1.0;;;;;;;;;;41005
2019-01;3.0;2.0;2.0;1.0;1.0;1.0;;;;;;;;;;;41005
2020-01;2.0;2.0;2.0;2.0;1.0;;;;;;;;;;;;41005
2021-01;3.0;3.0;;;;;;;;;;;;;;;41005
2022-01;2.0;1.0;1.0;;;;;;;;;;;;;;41005
2023-01;1.0;1.0;;;;;;;;;;;;;;;41005
2024-01;3.0;;;;;;;;;;;;;;;;41005
2009-01;12.0;9.0;8.0;8.0;8.0;8.0;7.0;6.0;6.0;6.0;6.0;5.0;5.0;1.0;;;41007
2010-01;2.0;2.0;2.0;2.0;1.0;1.0;1.0;1.0;1.0;1.0;1.0;1.0;1.0;1.0;1.0;;41007
2011-01;1.0;;;;;;;;;;;;;;;;41007
2012-01;7.0;4.0;1.0;2.0;1.0;1.0;1.0;1.0;1.0;1.0;1.0;1.0;1.0;;;;41007
2013-01;2.0;1.0;1.0;;;;;;;1.0;1.0;1.0;;;;;41007
2014-01;2.0;2.0;1.0;1.0;1.0;1.0;1.0;1.0;1.0;1.0;1.0;;;;;;41007
2015-01;3.0;3.0;3.0;3.0;3.0;3.0;2.0;2.0;2.0;2.0;;;;;;;41007
2016-01;3.0;3.0;2.0;2.0;2.0;2.0;2.0;2.0;2.0;;;;;;;;41007
2017-01;3.0;3.0;3.0;3.0;3.0;3.0;3.0;3.0;;;;;;;;;41007
2018-01;1.0;1.0;;;;;;;;;;;;;;;41007
2019-01;2.0;2.0;1.0;;;;;;;;;;;;;;41007
2020-01;3.0;2.0;;;;;;;;;;;;;;;41007
2021-01;4.0;1.0;1.0;1.0;;;;;;;;;;;;;41007
2022-01;7.0;6.0;6.0;;;;;;;;;;;;;;41007
2023-01;3.0;3.0;;;;;;;;;;;;;;;41007
2009-01;12.0;11.0;9.0;7.0;6.0;5.0;5.0;5.0;5.0;5.0;5.0;4.0;4.0;5.0;5.0;5.0;41001
2010-01;3.0;3.0;1.0;1.0;1.0;1.0;1.0;1.0;1.0;;;;;;;;41001
2011-01;4.0;1.0;1.0;1.0;1.0;1.0;1.0;1.0;1.0;1.0;1.0;1.0;1.0;1.0;;;41001
2012-01;1.0;1.0;1.0;1.0;1.0;1.0;1.0;1.0;1.0;;;;;;;;41001
2018-01;4.0;4.0;4.0;4.0;4.0;4.0;4.0;;;;;;;;;;41001
2019-01;2.0;2.0;2.0;2.0;2.0;2.0;;;;;;;;;;;41001
2020-01;2.0;1.0;2.0;1.0;1.0;;;;;;;;;;;;41001
2022-01;8.0;8.0;8.0;;;;;;;;;;;;;;41001
2023-01;2.0;1.0;;;;;;;;;;;;;;;41001
2024-01;2.0;;;;;;;;;;;;;;;;41001
2009-01;6.0;5.0;3.0;2.0;2.0;2.0;2.0;3.0;3.0;3.0;3.0;2.0;2.0;2.0;2.0;2.0;41003
2010-01;7.0;6.0;6.0;6.0;6.0;5.0;3.0;3.0;2.0;2.0;2.0;1.0;1.0;1.0;1.0;;41003
2011-01;3.0;3.0;3.0;3.0;3.0;3.0;3.0;3.0;3.0;2.0;2.0;2.0;2.0;2.0;;;41003
2012-01;3.0;3.0;2.0;2.0;2.0;2.0;2.0;2.0;2.0;2.0;2.0;2.0;2.0;;;;41003
2013-01;2.0;2.0;2.0;2.0;2.0;2.0;2.0;2.0;2.0;2.0;2.0;2.0;;;;;41003
2014-01;2.0;1.0;;;;;1.0;1.0;1.0;1.0;1.0;;;;;;41003
2015-01;4.0;4.0;4.0;4.0;4.0;4.0;4.0;4.0;4.0;4.0;;;;;;;41003
2016-01;1.0;1.0;1.0;1.0;1.0;1.0;1.0;1.0;1.0;;;;;;;;41003
2017-01;8.0;8.0;8.0;6.0;6.0;6.0;6.0;6.0;;;;;;;;;41003
2018-01;5.0;5.0;3.0;3.0;3.0;3.0;3.0;;;;;;;;;;41003
2019-01;5.0;5.0;5.0;5.0;5.0;5.0;;;;;;;;;;;41003
2020-01;2.0;1.0;;;;;;;;;;;;;;;41003
2021-01;6.0;5.0;2.0;2.0;;;;;;;;;;;;;41003
2022-01;4.0;4.0;4.0;;;;;;;;;;;;;;41003
2023-01;6.0;6.0;;;;;;;;;;;;;;;41003
2024-01;3.0;;;;;;;;;;;;;;;;41003
2009-01;5.0;5.0;2.0;2.0;2.0;4.0;2.0;2.0;2.0;2.0;1.0;1.0;2.0;2.0;2.0;1.0;41011
2010-01;2.0;2.0;1.0;1.0;;;;;;;;;;;;;41011
2012-01;3.0;3.0;;;;;;;;;;;;;;;41011
2013-01;1.0;;;;;;;;;;;;;;;;41011
2014-01;4.0;4.0;2.0;2.0;;;;;;;;;;;;;41011
2015-01;2.0;2.0;1.0;;;;;;;;;;;;;;41011
2017-01;2.0;2.0;2.0;2.0;2.0;2.0;2.0;2.0;;;;;;;;;41011
2018-01;2.0;1.0;1.0;1.0;1.0;1.0;1.0;;;;;;;;;;41011
2019-01;7.0;4.0;4.0;3.0;2.0;2.0;;;;;;;;;;;41011
2020-01;2.0;2.0;2.0;2.0;2.0;;;;;;;;;;;;41011
2022-01;2.0;2.0;2.0;;;;;;;;;;;;;;41011
2023-01;4.0;4.0;;;;;;;;;;;;;;;41011
2024-01;2.0;;;;;;;;;;;;;;;;41011
2009-01;15.0;15.0;15.0;12.0;12.0;10.0;5.0;5.0;4.0;1.0;1.0;1.0;1.0;1.0;1.0;1.0;41020
2010-01;5.0;4.0;4.0;2.0;2.0;2.0;2.0;2.0;2.0;2.0;2.0;2.0;2.0;1.0;;;41020
2011-01;3.0;2.0;2.0;1.0;1.0;1.0;1.0;1.0;1.0;1.0;1.0;1.0;1.0;1.0;;;41020
2012-01;5.0;4.0;4.0;2.0;2.0;2.0;2.0;2.0;2.0;2.0;2.0;2.0;2.0;;;;41020
2014-01;2.0;1.0;1.0;1.0;1.0;1.0;1.0;1.0;1.0;1.0;1.0;;;;;;41020
2015-01;5.0;5.0;4.0;4.0;4.0;3.0;3.0;3.0;2.0;1.0;;;;;;;41020
2017-01;3.0;3.0;1.0;1.0;1.0;1.0;1.0;1.0;;;;;;;;;41020
2018-01;2.0;2.0;;1.0;;;;;;;;;;;;;41020
2019-01;4.0;3.0;4.0;4.0;3.0;3.0;;;;;;;;;;;41020
2020-01;5.0;5.0;5.0;5.0;5.0;;;;;;;;;;;;41020
2021-01;2.0;2.0;2.0;2.0;;;;;;;;;;;;;41020
2022-01;6.0;5.0;4.0;;;;;;;;;;;;;;41020
2023-01;2.0;2.0;;;;;;;;;;;;;;;41020
2024-01;2.0;;;;;;;;;;;;;;;;41020
2009-01;4.0;1.0;;1.0;1.0;1.0;1.0;1.0;1.0;1.0;1.0;1.0;1.0;1.0;1.0;1.0;41006
2011-01;1.0;1.0;1.0;1.0;1.0;1.0;1.0;1.0;1.0;1.0;1.0;1.0;1.0;1.0;;;41006
2014-01;1.0;1.0;1.0;1.0;1.0;1.0;1.0;1.0;1.0;1.0;1.0;;;;;;41006
2015-01;1.0;1.0;1.0;1.0;1.0;1.0;1.0;1.0;1.0;1.0;;;;;;;41006
2016-01;1.0;1.0;1.0;1.0;1.0;1.0;1.0;1.0;1.0;;;;;;;;41006
2022-01;9.0;1.0;1.0;;;;;;;;;;;;;;41006
2023-01;4.0;4.0;;;;;;;;;;;;;;;41006
2024-01;1.0;;;;;;;;;;;;;;;;41006
2009-01;9.0;7.0;5.0;4.0;5.0;5.0;4.0;3.0;2.0;3.0;3.0;3.0;2.0;2.0;2.0;2.0;14001
2010-01;6.0;6.0;3.0;3.0;3.0;2.0;2.0;2.0;2.0;2.0;1.0;1.0;1.0;1.0;1.0;;14001
2011-01;1.0;1.0;1.0;;;;;;;;;;;;;;14001
2012-01;4.0;4.0;2.0;2.0;2.0;2.0;2.0;2.0;1.0;1.0;1.0;1.0;1.0;;;;14001
2013-01;2.0;1.0;1.0;1.0;1.0;1.0;1.0;1.0;1.0;1.0;1.0;1.0;;;;;14001
2014-01;1.0;1.0;;;1.0;1.0;1.0;1.0;1.0;1.0;1.0;;;;;;14001
2015-01;3.0;1.0;1.0;1.0;1.0;1.0;1.0;1.0;1.0;1.0;;;;;;;14001
2016-01;6.0;6.0;6.0;6.0;6.0;5.0;4.0;4.0;4.0;;;;;;;;14001
2017-01;2.0;2.0;1.0;1.0;1.0;1.0;1.0;1.0;;;;;;;;;14001
2018-01;2.0;1.0;1.0;1.0;1.0;1.0;1.0;;;;;;;;;;14001
2019-01;1.0;1.0;1.0;1.0;1.0;1.0;;;;;;;;;;;14001
2020-01;2.0;2.0;2.0;2.0;2.0;;;;;;;;;;;;14001
2021-01;5.0;2.0;3.0;3.0;;;;;;;;;;;;;14001
2022-01;3.0;2.0;2.0;;;;;;;;;;;;;;14001
2023-01;2.0;1.0;;;;;;;;;;;;;;;14001
2024-01;8.0;;;;;;;;;;;;;;;;14001
2009-01;1.0;;;;;;;;;;;;;;;;14002
2011-01;1.0;1.0;1.0;1.0;1.0;1.0;1.0;1.0;1.0;1.0;;;;;;;14002
2015-01;1.0;;;1.0;1.0;1.0;;;;;;;;;;;14002
2016-01;1.0;1.0;1.0;1.0;1.0;1.0;1.0;1.0;1.0;;;;;;;;14002
2017-01;2.0;;;;;;;;;;;;;;;;14002
2018-01;1.0;;;;;;;;;;;;;;;;14002
2021-01;5.0;4.0;3.0;2.0;;;;;;;;;;;;;14002
2022-01;2.0;2.0;2.0;;;;;;;;;;;;;;14002
2023-01;2.0;2.0;;;;;;;;;;;;;;;14002
2009-01;4.0;4.0;4.0;4.0;3.0;2.0;2.0;2.0;2.0;2.0;2.0;2.0;2.0;2.0;2.0;2.0;43014
2010-01;6.0;4.0;5.0;5.0;5.0;4.0;1.0;1.0;1.0;1.0;1.0;1.0;1.0;1.0;1.0;;43014
2012-01;1.0;;;;;;;;;;;;;;;;43014
2013-01;4.0;3.0;2.0;2.0;2.0;2.0;2.0;2.0;2.0;2.0;2.0;2.0;;;;;43014
2014-01;1.0;1.0;1.0;1.0;1.0;1.0;1.0;1.0;1.0;1.0;;;;;;;43014
2015-01;2.0;1.0;1.0;1.0;1.0;1.0;1.0;1.0;1.0;1.0;;;;;;;43014
2016-01;1.0;1.0;;;;;;;;;;;;;;;43014
2018-01;5.0;4.0;2.0;2.0;1.0;1.0;1.0;;;;;;;;;;43014
2019-01;5.0;3.0;3.0;3.0;2.0;1.0;;;;;;;;;;;43014
2020-01;4.0;4.0;4.0;4.0;3.0;;;;;;;;;;;;43014
2021-01;1.0;1.0;;;;;;;;;;;;;;;43014
2022-01;4.0;4.0;4.0;;;;;;;;;;;;;;43014
2023-01;3.0;2.0;;;;;;;;;;;;;;;43014
2024-01;4.0;;;;;;;;;;;;;;;;43014
2009-01;7.0;7.0;7.0;6.0;6.0;6.0;6.0;3.0;3.0;3.0;2.0;2.0;2.0;2.0;2.0;2.0;43027
2011-01;1.0;1.0;1.0;1.0;1.0;;;;;;;;;;;;43027
2013-01;1.0;1.0;1.0;1.0;1.0;1.0;1.0;1.0;1.0;1.0;1.0;1.0;;;;;43027
2014-01;2.0;2.0;2.0;2.0;2.0;2.0;2.0;2.0;2.0;2.0;1.0;;;;;;43027
2015-01;47.0;42.0;40.0;39.0;39.0;34.0;32.0;31.0;30.0;24.0;;;;;;;43027
2016-01;4.0;4.0;4.0;3.0;4.0;4.0;4.0;4.0;4.0;;;;;;;;43027
2017-01;9.0;8.0;7.0;6.0;5.0;5.0;5.0;4.0;;;;;;;;;43027
2018-01;3.0;3.0;3.0;3.0;3.0;3.0;3.0;;;;;;;;;;43027
2020-01;1.0;1.0;1.0;1.0;1.0;;;;;;;;;;;;43027
2021-01;2.0;2.0;2.0;1.0;;;;;;;;;;;;;43027
2022-01;3.0;3.0;3.0;;;;;;;;;;;;;;43027
2023-01;4.0;3.0;;;;;;;;;;;;;;;43027
2024-01;3.0;;;;;;;;;;;;;;;;43027
2009-01;2.0;2.0;1.0;1.0;;;;;;;;;;;;;43004
2010-01;1.0;1.0;;;;;;;;;;;;;;;43004
2011-01;4.0;3.0;3.0;2.0;1.0;;1.0;1.0;1.0;;;;;;;;43004
2012-01;1.0;1.0;1.0;;;;;;;;;;;;;;43004
2013-01;1.0;1.0;1.0;1.0;1.0;1.0;1.0;1.0;1.0;1.0;1.0;1.0;;;;;43004
2018-01;2.0;1.0;1.0;;;;;;;;;;;;;;43004
2019-01;7.0;7.0;6.0;2.0;2.0;1.0;;;;;;;;;;;43004
2020-01;4.0;3.0;3.0;3.0;2.0;;;;;;;;;;;;43004
2021-01;1.0;;;;;;;;;;;;;;;;43004
2022-01;1.0;1.0;1.0;;;;;;;;;;;;;;43004
2024-01;1.0;;;;;;;;;;;;;;;;43004
2009-01;1.0;1.0;1.0;1.0;1.0;1.0;1.0;1.0;1.0;1.0;1.0;1.0;1.0;1.0;1.0;1.0;43023
2010-01;6.0;6.0;6.0;6.0;6.0;6.0;5.0;5.0;5.0;5.0;5.0;5.0;5.0;5.0;5.0;;43023
2011-01;4.0;4.0;4.0;4.0;4.0;4.0;4.0;4.0;4.0;4.0;4.0;4.0;4.0;4.0;;;43023
2012-01;12.0;11.0;11.0;11.0;11.0;11.0;11.0;11.0;11.0;11.0;11.0;10.0;8.0;;;;43023
2013-01;5.0;5.0;5.0;4.0;4.0;4.0;4.0;4.0;4.0;3.0;3.0;3.0;;;;;43023
2014-01;9.0;8.0;7.0;7.0;7.0;6.0;6.0;6.0;6.0;6.0;6.0;;;;;;43023
2015-01;7.0;7.0;7.0;7.0;7.0;7.0;7.0;7.0;7.0;7.0;;;;;;;43023
2016-01;1.0;1.0;1.0;1.0;1.0;1.0;1.0;1.0;1.0;;;;;;;;43023
2017-01;10.0;10.0;10.0;10.0;10.0;10.0;10.0;10.0;;;;;;;;;43023
2018-01;5.0;5.0;5.0;5.0;5.0;5.0;5.0;;;;;;;;;;43023
2019-01;8.0;8.0;7.0;7.0;7.0;7.0;;;;;;;;;;;43023
2020-01;12.0;12.0;12.0;11.0;11.0;;;;;;;;;;;;43023
2021-01;8.0;7.0;6.0;6.0;;;;;;;;;;;;;43023
2022-01;7.0;7.0;6.0;;;;;;;;;;;;;;43023
2023-01;7.0;7.0;;;;;;;;;;;;;;;43023
2024-01;7.0;;;;;;;;;;;;;;;;43023
2009-01;22.0;22.0;18.0;6.0;11.0;11.0;11.0;10.0;9.0;9.0;9.0;9.0;9.0;9.0;9.0;9.0;43001
2010-01;88.0;79.0;13.0;9.0;9.0;10.0;5.0;5.0;5.0;6.0;6.0;6.0;5.0;5.0;4.0;;43001
2011-01;34.0;12.0;11.0;6.0;6.0;5.0;5.0;6.0;6.0;6.0;6.0;4.0;4.0;5.0;;;43001
2012-01;7.0;7.0;7.0;6.0;6.0;6.0;5.0;5.0;2.0;1.0;1.0;1.0;1.0;;;;43001
2013-01;14.0;14.0;14.0;8.0;8.0;8.0;8.0;4.0;4.0;4.0;4.0;4.0;;;;;43001
2014-01;16.0;15.0;11.0;7.0;7.0;7.0;5.0;4.0;4.0;5.0;5.0;;;;;;43001
2015-01;9.0;8.0;8.0;5.0;5.0;5.0;5.0;4.0;4.0;4.0;;;;;;;43001
2016-01;20.0;15.0;12.0;9.0;9.0;11.0;8.0;8.0;8.0;;;;;;;;43001
2017-01;11.0;11.0;10.0;8.0;8.0;8.0;8.0;8.0;;;;;;;;;43001
2018-01;7.0;6.0;6.0;5.0;5.0;5.0;5.0;;;;;;;;;;43001
2019-01;9.0;7.0;5.0;3.0;4.0;2.0;;;;;;;;;;;43001
2020-01;12.0;11.0;5.0;4.0;4.0;;;;;;;;;;;;43001
2021-01;11.0;8.0;7.0;7.0;;;;;;;;;;;;;43001
2022-01;7.0;7.0;7.0;;;;;;;;;;;;;;43001
2023-01;9.0;8.0;;;;;;;;;;;;;;;43001
2024-01;2.0;;;;;;;;;;;;;;;;43001
2009-01;99.0;90.0;90.0;82.0;78.0;79.0;78.0;73.0;75.0;76.0;75.0;75.0;76.0;76.0;76.0;74.0;43010
2010-01;19.0;17.0;12.0;15.0;14.0;14.0;14.0;15.0;15.0;15.0;13.0;14.0;14.0;15.0;15.0;;43010
2011-01;27.0;21.0;17.0;19.0;18.0;17.0;18.0;19.0;19.0;17.0;17.0;17.0;16.0;17.0;;;43010
2012-01;22.0;17.0;17.0;20.0;18.0;19.0;18.0;18.0;17.0;17.0;17.0;17.0;16.0;;;;43010
2013-01;28.0;27.0;26.0;24.0;25.0;25.0;24.0;22.0;21.0;21.0;21.0;21.0;;;;;43010
2014-01;29.0;28.0;28.0;28.0;28.0;27.0;25.0;25.0;25.0;25.0;25.0;;;;;;43010
2015-01;39.0;36.0;38.0;39.0;37.0;37.0;37.0;37.0;36.0;34.0;;;;;;;43010
2016-01;44.0;44.0;43.0;42.0;41.0;42.0;42.0;42.0;42.0;;;;;;;;43010
2017-01;67.0;66.0;64.0;61.0;61.0;61.0;61.0;59.0;;;;;;;;;43010
2018-01;40.0;38.0;37.0;37.0;37.0;38.0;38.0;;;;;;;;;;43010
2019-01;47.0;44.0;46.0;46.0;45.0;43.0;;;;;;;;;;;43010
2020-01;70.0;68.0;67.0;64.0;61.0;;;;;;;;;;;;43010
2021-01;43.0;41.0;43.0;42.0;;;;;;;;;;;;;43010
2022-01;45.0;43.0;41.0;;;;;;;;;;;;;;43010
2023-01;48.0;40.0;;;;;;;;;;;;;;;43010
2024-01;43.0;;;;;;;;;;;;;;;;43010
2009-01;31.0;25.0;17.0;18.0;18.0;13.0;14.0;10.0;12.0;11.0;9.0;8.0;7.0;6.0;6.0;7.0;43008
2010-01;21.0;13.0;13.0;13.0;12.0;12.0;11.0;11.0;11.0;7.0;7.0;4.0;4.0;5.0;6.0;;43008
2011-01;15.0;15.0;13.0;7.0;6.0;6.0;5.0;5.0;5.0;5.0;5.0;3.0;4.0;4.0;;;43008
2012-01;23.0;22.0;10.0;11.0;3.0;5.0;5.0;2.0;2.0;2.0;2.0;2.0;2.0;;;;43008
2013-01;20.0;16.0;14.0;13.0;13.0;7.0;6.0;7.0;6.0;7.0;5.0;5.0;;;;;43008
2014-01;15.0;14.0;11.0;11.0;10.0;9.0;8.0;7.0;7.0;7.0;8.0;;;;;;43008
2015-01;141.0;115.0;108.0;93.0;54.0;45.0;26.0;25.0;8.0;8.0;;;;;;;43008
2016-01;90.0;85.0;78.0;46.0;38.0;13.0;13.0;10.0;10.0;;;;;;;;43008
2017-01;46.0;41.0;26.0;24.0;18.0;18.0;12.0;12.0;;;;;;;;;43008
2018-01;31.0;24.0;21.0;20.0;15.0;12.0;12.0;;;;;;;;;;43008
2019-01;34.0;30.0;27.0;22.0;14.0;15.0;;;;;;;;;;;43008
2020-01;34.0;29.0;25.0;21.0;19.0;;;;;;;;;;;;43008
2021-01;30.0;25.0;19.0;17.0;;;;;;;;;;;;;43008
2022-01;31.0;30.0;25.0;;;;;;;;;;;;;;43008
2023-01;42.0;41.0;;;;;;;;;;;;;;;43008
2024-01;21.0;;;;;;;;;;;;;;;;43008
2009-01;4.0;4.0;4.0;3.0;3.0;3.0;3.0;3.0;3.0;3.0;3.0;3.0;3.0;3.0;3.0;3.0;43017
2010-01;9.0;7.0;6.0;5.0;6.0;6.0;5.0;5.0;5.0;5.0;5.0;5.0;5.0;5.0;5.0;;43017
2011-01;3.0;3.0;3.0;3.0;3.0;3.0;3.0;3.0;3.0;3.0;3.0;3.0;3.0;3.0;;;43017
2012-01;4.0;4.0;4.0;3.0;3.0;3.0;2.0;3.0;3.0;3.0;3.0;3.0;3.0;;;;43017
2013-01;4.0;4.0;3.0;3.0;3.0;3.0;3.0;3.0;3.0;3.0;3.0;3.0;;;;;43017
2014-01;3.0;2.0;2.0;2.0;2.0;2.0;2.0;2.0;2.0;2.0;2.0;;;;;;43017
2015-01;4.0;4.0;4.0;4.0;3.0;3.0;3.0;3.0;3.0;3.0;;;;;;;43017
2016-01;7.0;7.0;7.0;7.0;6.0;6.0;6.0;6.0;6.0;;;;;;;;43017
2017-01;5.0;5.0;5.0;5.0;5.0;5.0;5.0;5.0;;;;;;;;;43017
2018-01;6.0;5.0;5.0;5.0;4.0;4.0;4.0;;;;;;;;;;43017
2019-01;8.0;7.0;7.0;6.0;6.0;5.0;;;;;;;;;;;43017
2020-01;10.0;10.0;10.0;10.0;10.0;;;;;;;;;;;;43017
2021-01;9.0;9.0;8.0;8.0;;;;;;;;;;;;;43017
2022-01;3.0;2.0;2.0;;;;;;;;;;;;;;43017
2023-01;6.0;6.0;;;;;;;;;;;;;;;43017
2024-01;4.0;;;;;;;;;;;;;;;;43017
2009-01;9.0;8.0;8.0;7.0;7.0;7.0;7.0;7.0;6.0;6.0;6.0;6.0;6.0;6.0;5.0;5.0;43028
2010-01;4.0;4.0;4.0;4.0;4.0;4.0;4.0;4.0;4.0;4.0;4.0;4.0;4.0;4.0;4.0;;43028
2011-01;1.0;1.0;1.0;1.0;1.0;1.0;1.0;1.0;1.0;1.0;1.0;1.0;1.0;1.0;;;43028
2012-01;2.0;2.0;2.0;2.0;2.0;2.0;2.0;2.0;2.0;1.0;1.0;1.0;1.0;;;;43028
2013-01;2.0;2.0;2.0;2.0;2.0;2.0;2.0;2.0;2.0;2.0;2.0;2.0;;;;;43028
2014-01;2.0;1.0;1.0;1.0;1.0;1.0;1.0;1.0;1.0;1.0;1.0;;;;;;43028
2015-01;2.0;2.0;2.0;2.0;2.0;2.0;1.0;1.0;1.0;1.0;;;;;;;43028
2016-01;3.0;3.0;3.0;2.0;2.0;2.0;2.0;1.0;1.0;;;;;;;;43028
2017-01;4.0;2.0;1.0;1.0;1.0;1.0;1.0;1.0;;;;;;;;;43028
2018-01;3.0;3.0;3.0;3.0;3.0;3.0;3.0;;;;;;;;;;43028
2019-01;2.0;2.0;2.0;2.0;2.0;2.0;;;;;;;;;;;43028
2020-01;4.0;4.0;3.0;3.0;3.0;;;;;;;;;;;;43028
2021-01;4.0;3.0;3.0;2.0;;;;;;;;;;;;;43028
2022-01;1.0;1.0;1.0;;;;;;;;;;;;;;43028
2023-01;4.0;2.0;;;;;;;;;;;;;;;43028
2024-01;3.0;;;;;;;;;;;;;;;;43028
2009-01;31.0;22.0;19.0;19.0;18.0;10.0;5.0;5.0;4.0;4.0;4.0;4.0;4.0;4.0;3.0;3.0;43007
2010-01;17.0;15.0;12.0;8.0;7.0;6.0;5.0;5.0;5.0;5.0;6.0;6.0;6.0;6.0;6.0;;43007
2011-01;15.0;14.0;11.0;7.0;7.0;7.0;6.0;5.0;5.0;6.0;6.0;6.0;6.0;7.0;;;43007
2012-01;6.0;4.0;2.0;1.0;1.0;;;;;;;;;;;;43007
2013-01;12.0;3.0;3.0;2.0;1.0;2.0;1.0;2.0;2.0;2.0;2.0;4.0;;;;;43007
2014-01;11.0;4.0;3.0;3.0;3.0;3.0;4.0;3.0;3.0;2.0;3.0;;;;;;43007
2015-01;5.0;4.0;4.0;3.0;3.0;3.0;3.0;3.0;3.0;3.0;;;;;;;43007
2016-01;18.0;18.0;12.0;11.0;10.0;10.0;10.0;10.0;10.0;;;;;;;;43007
2017-01;6.0;6.0;5.0;4.0;4.0;3.0;3.0;4.0;;;;;;;;;43007
2018-01;13.0;12.0;12.0;10.0;10.0;11.0;9.0;;;;;;;;;;43007
2019-01;5.0;5.0;5.0;5.0;5.0;5.0;;;;;;;;;;;43007
2020-01;15.0;14.0;12.0;11.0;12.0;;;;;;;;;;;;43007
2021-01;20.0;17.0;17.0;15.0;;;;;;;;;;;;;43007
2022-01;18.0;17.0;16.0;;;;;;;;;;;;;;43007
2023-01;7.0;7.0;;;;;;;;;;;;;;;43007
2024-01;37.0;;;;;;;;;;;;;;;;43007
2009-01;4.0;3.0;3.0;3.0;3.0;1.0;2.0;;;;;;;;;;43005
2010-01;1.0;1.0;1.0;1.0;1.0;1.0;1.0;;;;;;;;;;43005
2011-01;1.0;;;;;;;;;;;;;;;;43005
2013-01;2.0;2.0;2.0;1.0;1.0;1.0;1.0;1.0;1.0;1.0;1.0;1.0;;;;;43005
2015-01;2.0;1.0;;;;;;;;;;;;;;;43005
2017-01;3.0;3.0;2.0;2.0;1.0;1.0;1.0;1.0;;;;;;;;;43005
2018-01;3.0;2.0;2.0;2.0;;;;;;;;;;;;;43005
2019-01;3.0;3.0;3.0;2.0;;;;;;;;;;;;;43005
2020-01;4.0;4.0;3.0;1.0;1.0;;;;;;;;;;;;43005
2021-01;3.0;2.0;1.0;1.0;;;;;;;;;;;;;43005
2022-01;1.0;;;;;;;;;;;;;;;;43005
2023-01;3.0;3.0;;;;;;;;;;;;;;;43005
2009-01;2.0;2.0;1.0;;;;;;;;;;;;;;43016
2011-01;1.0;1.0;1.0;1.0;1.0;1.0;1.0;1.0;1.0;1.0;1.0;1.0;1.0;1.0;;;43016
2012-01;1.0;1.0;1.0;1.0;1.0;1.0;1.0;;;;;;;;;;43016
2013-01;2.0;2.0;2.0;2.0;2.0;;;;;;;;;;;;43016
2014-01;2.0;1.0;1.0;1.0;1.0;1.0;1.0;1.0;1.0;1.0;1.0;;;;;;43016
2015-01;1.0;1.0;1.0;1.0;1.0;1.0;1.0;1.0;1.0;1.0;;;;;;;43016
2016-01;2.0;2.0;2.0;1.0;1.0;1.0;1.0;1.0;1.0;;;;;;;;43016
2017-01;3.0;3.0;2.0;2.0;1.0;1.0;1.0;1.0;;;;;;;;;43016
2018-01;2.0;2.0;1.0;1.0;1.0;1.0;1.0;;;;;;;;;;43016
2019-01;2.0;2.0;1.0;1.0;1.0;1.0;;;;;;;;;;;43016
2020-01;2.0;2.0;2.0;2.0;2.0;;;;;;;;;;;;43016
2021-01;1.0;1.0;1.0;1.0;;;;;;;;;;;;;43016
2022-01;1.0;1.0;1.0;;;;;;;;;;;;;;43016
2023-01;2.0;1.0;;;;;;;;;;;;;;;43016
2024-01;1.0;;;;;;;;;;;;;;;;43016
2009-01;12.0;11.0;11.0;11.0;11.0;11.0;11.0;6.0;6.0;6.0;6.0;6.0;6.0;6.0;6.0;6.0;43026
2012-01;1.0;1.0;1.0;1.0;;;;;;;;;;;;;43026
2013-01;1.0;1.0;1.0;1.0;1.0;1.0;1.0;1.0;1.0;;;;;;;;43026
2014-01;3.0;3.0;3.0;3.0;3.0;3.0;3.0;3.0;3.0;2.0;1.0;;;;;;43026
2015-01;2.0;2.0;2.0;2.0;2.0;2.0;2.0;2.0;2.0;2.0;;;;;;;43026
2017-01;2.0;2.0;2.0;2.0;2.0;2.0;2.0;2.0;;;;;;;;;43026
2018-01;3.0;2.0;2.0;2.0;2.0;1.0;1.0;;;;;;;;;;43026
2020-01;2.0;2.0;2.0;;;;;;;;;;;;;;43026
2021-01;2.0;2.0;1.0;1.0;;;;;;;;;;;;;43026
2022-01;3.0;3.0;3.0;;;;;;;;;;;;;;43026
2023-01;8.0;8.0;;;;;;;;;;;;;;;43026
2009-01;10.0;9.0;9.0;9.0;8.0;8.0;8.0;8.0;8.0;7.0;7.0;7.0;7.0;7.0;8.0;8.0;43029
2010-01;56.0;55.0;53.0;52.0;52.0;52.0;47.0;47.0;47.0;46.0;45.0;45.0;40.0;40.0;40.0;;43029
2011-01;8.0;8.0;8.0;8.0;8.0;7.0;7.0;7.0;6.0;6.0;6.0;4.0;4.0;4.0;;;43029
2012-01;1.0;1.0;1.0;1.0;1.0;1.0;1.0;1.0;1.0;1.0;1.0;1.0;1.0;;;;43029
2013-01;1.0;1.0;1.0;1.0;1.0;1.0;1.0;1.0;1.0;1.0;1.0;1.0;;;;;43029
2014-01;1.0;1.0;1.0;1.0;1.0;1.0;1.0;1.0;1.0;1.0;1.0;;;;;;43029
2015-01;3.0;3.0;3.0;3.0;3.0;3.0;3.0;3.0;3.0;3.0;;;;;;;43029
2016-01;4.0;3.0;3.0;3.0;3.0;3.0;2.0;2.0;2.0;;;;;;;;43029
2017-01;3.0;2.0;2.0;2.0;2.0;2.0;2.0;1.0;;;;;;;;;43029
2018-01;4.0;3.0;3.0;3.0;3.0;3.0;3.0;;;;;;;;;;43029
2020-01;2.0;2.0;1.0;1.0;1.0;;;;;;;;;;;;43029
2021-01;7.0;7.0;7.0;7.0;;;;;;;;;;;;;43029
2022-01;4.0;4.0;4.0;;;;;;;;;;;;;;43029
2023-01;3.0;3.0;;;;;;;;;;;;;;;43029
2024-01;2.0;;;;;;;;;;;;;;;;43029
2009-01;28.0;24.0;24.0;24.0;7.0;6.0;6.0;5.0;3.0;3.0;3.0;3.0;3.0;3.0;3.0;3.0;43021
2010-01;5.0;2.0;2.0;1.0;1.0;1.0;1.0;1.0;1.0;1.0;1.0;1.0;1.0;1.0;1.0;;43021
2011-01;4.0;3.0;1.0;2.0;2.0;2.0;2.0;2.0;2.0;1.0;;;;;;;43021
2012-01;4.0;2.0;2.0;2.0;2.0;1.0;1.0;1.0;1.0;2.0;1.0;1.0;1.0;;;;43021
2013-01;3.0;3.0;3.0;3.0;3.0;2.0;2.0;2.0;2.0;2.0;2.0;2.0;;;;;43021
2014-01;2.0;2.0;2.0;2.0;2.0;2.0;2.0;2.0;2.0;2.0;2.0;;;;;;43021
2015-01;5.0;5.0;5.0;5.0;5.0;5.0;5.0;5.0;5.0;5.0;;;;;;;43021
2016-01;4.0;4.0;4.0;4.0;4.0;4.0;4.0;4.0;4.0;;;;;;;;43021
2017-01;4.0;3.0;3.0;3.0;2.0;2.0;2.0;2.0;;;;;;;;;43021
2018-01;5.0;5.0;5.0;5.0;4.0;4.0;4.0;;;;;;;;;;43021
2019-01;3.0;1.0;1.0;1.0;1.0;2.0;;;;;;;;;;;43021
2020-01;8.0;6.0;4.0;3.0;5.0;;;;;;;;;;;;43021
2021-01;4.0;4.0;4.0;4.0;;;;;;;;;;;;;43021
2022-01;4.0;3.0;3.0;;;;;;;;;;;;;;43021
2023-01;6.0;6.0;;;;;;;;;;;;;;;43021
2024-01;4.0;;;;;;;;;;;;;;;;43021
2009-01;1.0;1.0;1.0;1.0;1.0;1.0;1.0;1.0;1.0;1.0;1.0;1.0;1.0;1.0;1.0;1.0;43002
2010-01;3.0;3.0;2.0;2.0;2.0;2.0;2.0;2.0;2.0;2.0;2.0;2.0;;;;;43002
2011-01;1.0;1.0;1.0;1.0;1.0;1.0;1.0;1.0;1.0;1.0;1.0;1.0;;;;;43002
2012-01;1.0;1.0;1.0;1.0;1.0;1.0;1.0;1.0;1.0;1.0;1.0;1.0;1.0;;;;43002
2013-01;1.0;1.0;1.0;1.0;1.0;1.0;1.0;1.0;1.0;1.0;1.0;1.0;;;;;43002
2014-01;1.0;1.0;;;;;;;;;;;;;;;43002
2018-01;1.0;1.0;1.0;1.0;1.0;1.0;1.0;;;;;;;;;;43002
2019-01;1.0;1.0;1.0;1.0;1.0;1.0;;;;;;;;;;;43002
2021-01;1.0;1.0;1.0;1.0;;;;;;;;;;;;;43002
2022-01;1.0;1.0;1.0;;;;;;;;;;;;;;43002
2023-01;1.0;1.0;;;;;;;;;;;;;;;43002
2009-01;10.0;10.0;10.0;9.0;9.0;9.0;7.0;6.0;6.0;6.0;6.0;5.0;5.0;5.0;3.0;3.0;43011
2010-01;2.0;;;;;;;;;;;;;;;;43011
2011-01;2.0;1.0;1.0;1.0;1.0;1.0;1.0;1.0;1.0;1.0;1.0;;;;;;43011
2012-01;14.0;12.0;10.0;10.0;7.0;7.0;7.0;7.0;6.0;6.0;6.0;5.0;5.0;;;;43011
2013-01;5.0;5.0;4.0;1.0;1.0;1.0;1.0;1.0;1.0;1.0;1.0;1.0;;;;;43011
2014-01;10.0;9.0;3.0;4.0;4.0;3.0;3.0;3.0;3.0;3.0;3.0;;;;;;43011
2015-01;12.0;7.0;7.0;7.0;4.0;4.0;4.0;4.0;4.0;4.0;;;;;;;43011
2016-01;15.0;14.0;13.0;9.0;9.0;9.0;8.0;5.0;5.0;;;;;;;;43011
2017-01;8.0;8.0;6.0;4.0;3.0;3.0;2.0;2.0;;;;;;;;;43011
2018-01;17.0;12.0;9.0;9.0;9.0;9.0;9.0;;;;;;;;;;43011
2019-01;9.0;7.0;7.0;7.0;4.0;3.0;;;;;;;;;;;43011
2020-01;3.0;3.0;3.0;2.0;2.0;;;;;;;;;;;;43011
2021-01;7.0;7.0;7.0;6.0;;;;;;;;;;;;;43011
2022-01;6.0;6.0;4.0;;;;;;;;;;;;;;43011
2023-01;10.0;6.0;;;;;;;;;;;;;;;43011
2024-01;7.0;;;;;;;;;;;;;;;;43011
2009-01;4.0;4.0;4.0;4.0;4.0;3.0;2.0;2.0;2.0;3.0;3.0;3.0;2.0;2.0;2.0;2.0;43006
2011-01;2.0;2.0;1.0;1.0;1.0;1.0;1.0;1.0;1.0;1.0;1.0;1.0;1.0;;;;43006
2013-01;2.0;2.0;1.0;1.0;1.0;1.0;1.0;1.0;1.0;1.0;1.0;1.0;;;;;43006
2014-01;3.0;2.0;1.0;1.0;1.0;1.0;1.0;1.0;1.0;1.0;1.0;;;;;;43006
2015-01;2.0;2.0;2.0;2.0;2.0;2.0;2.0;2.0;2.0;2.0;;;;;;;43006
2016-01;21.0;4.0;3.0;3.0;3.0;3.0;3.0;3.0;2.0;;;;;;;;43006
2017-01;1.0;1.0;1.0;1.0;1.0;1.0;1.0;1.0;;;;;;;;;43006
2018-01;10.0;9.0;2.0;1.0;1.0;1.0;;;;;;;;;;;43006
2019-01;8.0;2.0;2.0;2.0;2.0;1.0;;;;;;;;;;;43006
2020-01;4.0;3.0;3.0;3.0;;;;;;;;;;;;;43006
2021-01;12.0;11.0;9.0;2.0;;;;;;;;;;;;;43006
2022-01;5.0;5.0;4.0;;;;;;;;;;;;;;43006
2023-01;9.0;5.0;;;;;;;;;;;;;;;43006
2024-01;6.0;;;;;;;;;;;;;;;;43006
2009-01;3.0;3.0;3.0;2.0;3.0;3.0;3.0;2.0;2.0;2.0;2.0;2.0;2.0;2.0;1.0;1.0;42013
2010-01;4.0;4.0;1.0;1.0;1.0;1.0;1.0;1.0;1.0;1.0;1.0;1.0;1.0;1.0;1.0;;42013
2011-01;1.0;1.0;1.0;1.0;1.0;1.0;1.0;1.0;1.0;1.0;1.0;1.0;1.0;1.0;;;42013
2012-01;1.0;1.0;;;;;;;;;;;;;;;42013
2013-01;2.0;1.0;1.0;;;;;;;;;;;;;;42013
2014-01;3.0;3.0;1.0;1.0;1.0;1.0;1.0;1.0;1.0;1.0;1.0;;;;;;42013
2015-01;1.0;1.0;1.0;1.0;1.0;1.0;1.0;1.0;1.0;1.0;;;;;;;42013
2016-01;1.0;1.0;1.0;1.0;1.0;1.0;1.0;1.0;1.0;;;;;;;;42013
2017-01;2.0;1.0;1.0;1.0;1.0;1.0;1.0;1.0;;;;;;;;;42013
2018-01;4.0;4.0;4.0;4.0;4.0;4.0;4.0;;;;;;;;;;42013
2020-01;5.0;5.0;5.0;4.0;4.0;;;;;;;;;;;;42013
2021-01;2.0;2.0;2.0;1.0;;;;;;;;;;;;;42013
2022-01;6.0;6.0;6.0;;;;;;;;;;;;;;42013
2023-01;4.0;2.0;;;;;;;;;;;;;;;42013
2024-01;4.0;;;;;;;;;;;;;;;;42013
2009-01;12.0;8.0;7.0;5.0;5.0;5.0;5.0;5.0;5.0;4.0;4.0;4.0;4.0;4.0;3.0;3.0;42002
2010-01;3.0;2.0;2.0;1.0;1.0;1.0;1.0;1.0;1.0;1.0;1.0;1.0;1.0;1.0;1.0;;42002
2011-01;5.0;5.0;5.0;5.0;5.0;5.0;5.0;5.0;4.0;4.0;4.0;4.0;4.0;4.0;;;42002
2012-01;1.0;1.0;1.0;1.0;1.0;1.0;;;;;;;;;;;42002
2013-01;4.0;4.0;3.0;3.0;3.0;3.0;3.0;3.0;3.0;3.0;3.0;3.0;;;;;42002
2014-01;5.0;5.0;3.0;3.0;2.0;2.0;4.0;4.0;4.0;4.0;4.0;;;;;;42002
2015-01;2.0;2.0;2.0;2.0;2.0;2.0;2.0;2.0;2.0;2.0;;;;;;;42002
2016-01;4.0;3.0;3.0;1.0;1.0;1.0;1.0;2.0;2.0;;;;;;;;42002
2018-01;6.0;6.0;6.0;6.0;6.0;6.0;6.0;;;;;;;;;;42002
2019-01;6.0;6.0;5.0;5.0;5.0;5.0;;;;;;;;;;;42002
2020-01;11.0;11.0;11.0;11.0;10.0;;;;;;;;;;;;42002
2021-01;4.0;4.0;4.0;3.0;;;;;;;;;;;;;42002
2022-01;4.0;4.0;4.0;;;;;;;;;;;;;;42002
2023-01;13.0;13.0;;;;;;;;;;;;;;;42002
2024-01;7.0;;;;;;;;;;;;;;;;42002
2010-01;16.0;16.0;15.0;15.0;15.0;15.0;15.0;14.0;14.0;14.0;14.0;14.0;14.0;;;;42008
2011-01;3.0;1.0;2.0;2.0;1.0;1.0;;1.0;1.0;1.0;1.0;1.0;;;;;42008
2012-01;4.0;4.0;4.0;4.0;4.0;4.0;4.0;4.0;4.0;4.0;4.0;1.0;1.0;;;;42008
2013-01;18.0;18.0;17.0;15.0;13.0;12.0;13.0;13.0;13.0;12.0;2.0;2.0;;;;;42008
2014-01;19.0;17.0;13.0;11.0;11.0;11.0;11.0;11.0;11.0;;;;;;;;42008
2015-01;12.0;9.0;8.0;8.0;8.0;8.0;8.0;8.0;2.0;2.0;;;;;;;42008
2016-01;20.0;17.0;15.0;16.0;15.0;14.0;14.0;;;;;;;;;;42008
2017-01;16.0;16.0;16.0;16.0;16.0;16.0;5.0;5.0;;;;;;;;;42008
2018-01;12.0;12.0;11.0;10.0;10.0;;;;;;;;;;;;42008
2019-01;34.0;33.0;33.0;32.0;;;;;;;;;;;;;42008
2020-01;67.0;58.0;57.0;3.0;1.0;;;;;;;;;;;;42008
2021-01;21.0;21.0;2.0;2.0;;;;;;;;;;;;;42008
2022-01;17.0;2.0;1.0;;;;;;;;;;;;;;42008
2023-01;1.0;1.0;;;;;;;;;;;;;;;42008
2024-01;5.0;;;;;;;;;;;;;;;;42008
2009-01;1.0;1.0;1.0;1.0;1.0;1.0;1.0;1.0;1.0;1.0;1.0;1.0;1.0;1.0;1.0;1.0;42011
2010-01;6.0;5.0;5.0;5.0;5.0;4.0;4.0;4.0;3.0;3.0;3.0;3.0;3.0;3.0;3.0;;42011
2011-01;6.0;5.0;5.0;5.0;4.0;4.0;4.0;4.0;4.0;4.0;4.0;3.0;3.0;3.0;;;42011
2012-01;2.0;2.0;1.0;1.0;1.0;1.0;1.0;1.0;1.0;1.0;1.0;1.0;1.0;;;;42011
2013-01;2.0;2.0;1.0;1.0;1.0;1.0;1.0;1.0;1.0;1.0;1.0;2.0;;;;;42011
2014-01;5.0;5.0;5.0;4.0;4.0;4.0;4.0;4.0;4.0;4.0;4.0;;;;;;42011
2015-01;3.0;3.0;3.0;;;;;1.0;1.0;1.0;;;;;;;42011
2016-01;9.0;8.0;7.0;7.0;7.0;7.0;7.0;6.0;6.0;;;;;;;;42011
2017-01;8.0;8.0;7.0;7.0;6.0;6.0;6.0;6.0;;;;;;;;;42011
2018-01;11.0;11.0;11.0;11.0;11.0;6.0;6.0;;;;;;;;;;42011
2019-01;13.0;12.0;12.0;10.0;5.0;5.0;;;;;;;;;;;42011
2020-01;5.0;4.0;3.0;3.0;3.0;;;;;;;;;;;;42011
2021-01;8.0;7.0;5.0;5.0;;;;;;;;;;;;;42011
2022-01;9.0;6.0;7.0;;;;;;;;;;;;;;42011
2023-01;11.0;11.0;;;;;;;;;;;;;;;42011
2024-01;10.0;;;;;;;;;;;;;;;;42011
2010-01;2.0;2.0;2.0;2.0;2.0;2.0;2.0;2.0;2.0;2.0;2.0;2.0;2.0;2.0;2.0;;42012
2011-01;13.0;12.0;12.0;11.0;10.0;10.0;10.0;10.0;10.0;10.0;10.0;10.0;10.0;9.0;;;42012
2012-01;14.0;13.0;11.0;10.0;10.0;10.0;10.0;10.0;10.0;10.0;9.0;9.0;8.0;;;;42012
2013-01;1.0;1.0;1.0;1.0;1.0;1.0;1.0;1.0;1.0;1.0;1.0;1.0;;;;;42012
2014-01;2.0;2.0;1.0;1.0;1.0;1.0;1.0;1.0;;;1.0;;;;;;42012
2015-01;15.0;13.0;13.0;13.0;13.0;13.0;12.0;12.0;12.0;12.0;;;;;;;42012
2016-01;8.0;7.0;7.0;6.0;6.0;7.0;7.0;6.0;6.0;;;;;;;;42012
2017-01;7.0;7.0;7.0;7.0;7.0;7.0;7.0;7.0;;;;;;;;;42012
2018-01;20.0;20.0;18.0;17.0;17.0;17.0;16.0;;;;;;;;;;42012
2019-01;29.0;27.0;26.0;26.0;25.0;23.0;;;;;;;;;;;42012
2020-01;64.0;62.0;63.0;61.0;58.0;;;;;;;;;;;;42012
2021-01;53.0;52.0;50.0;49.0;;;;;;;;;;;;;42012
2022-01;42.0;40.0;40.0;;;;;;;;;;;;;;42012
2023-01;37.0;35.0;;;;;;;;;;;;;;;42012
2024-01;11.0;;;;;;;;;;;;;;;;42012
2009-01;16.0;16.0;15.0;13.0;13.0;12.0;9.0;9.0;9.0;9.0;9.0;9.0;8.0;8.0;7.0;7.0;42004
2010-01;7.0;6.0;4.0;4.0;3.0;2.0;2.0;2.0;3.0;3.0;2.0;2.0;2.0;2.0;2.0;;42004
2011-01;6.0;4.0;2.0;2.0;2.0;2.0;2.0;2.0;2.0;2.0;2.0;2.0;2.0;1.0;;;42004
2012-01;1.0;1.0;1.0;;;;;;;;;;;;;;42004
2013-01;11.0;9.0;7.0;6.0;6.0;6.0;6.0;6.0;5.0;5.0;5.0;5.0;;;;;42004
2014-01;9.0;7.0;7.0;7.0;6.0;6.0;6.0;6.0;6.0;6.0;6.0;;;;;;42004
2015-01;4.0;3.0;3.0;3.0;3.0;2.0;1.0;1.0;1.0;1.0;;;;;;;42004
2016-01;1.0;1.0;;;;;;;;;;;;;;;42004
2017-01;3.0;3.0;3.0;3.0;3.0;3.0;3.0;3.0;;;;;;;;;42004
2018-01;2.0;1.0;1.0;1.0;1.0;1.0;1.0;;;;;;;;;;42004
2019-01;5.0;4.0;3.0;3.0;3.0;3.0;;;;;;;;;;;42004
2020-01;16.0;16.0;16.0;16.0;14.0;;;;;;;;;;;;42004
2021-01;5.0;4.0;2.0;2.0;;;;;;;;;;;;;42004
2022-01;6.0;5.0;2.0;;;;;;;;;;;;;;42004
2023-01;2.0;2.0;;;;;;;;;;;;;;;42004
2024-01;4.0;;;;;;;;;;;;;;;;42004
2009-01;9.0;7.0;5.0;5.0;5.0;3.0;3.0;3.0;3.0;3.0;3.0;3.0;3.0;3.0;3.0;3.0;42005
2010-01;8.0;6.0;4.0;4.0;3.0;3.0;4.0;4.0;2.0;2.0;1.0;1.0;1.0;1.0;1.0;;42005
2011-01;5.0;5.0;5.0;5.0;4.0;4.0;4.0;5.0;5.0;4.0;3.0;3.0;3.0;3.0;;;42005
2012-01;8.0;8.0;6.0;7.0;6.0;6.0;6.0;6.0;5.0;6.0;6.0;7.0;6.0;;;;42005
2013-01;8.0;7.0;6.0;6.0;6.0;6.0;6.0;6.0;5.0;5.0;5.0;5.0;;;;;42005
2014-01;2.0;2.0;2.0;2.0;2.0;1.0;1.0;1.0;1.0;1.0;1.0;;;;;;42005
2015-01;5.0;5.0;5.0;5.0;5.0;5.0;5.0;5.0;5.0;5.0;;;;;;;42005
2016-01;2.0;2.0;2.0;2.0;2.0;2.0;2.0;2.0;2.0;;;;;;;;42005
2017-01;7.0;6.0;6.0;6.0;6.0;5.0;5.0;5.0;;;;;;;;;42005
2018-01;33.0;30.0;25.0;25.0;24.0;25.0;25.0;;;;;;;;;;42005
2019-01;9.0;8.0;8.0;8.0;8.0;7.0;;;;;;;;;;;42005
2020-01;11.0;9.0;9.0;9.0;9.0;;;;;;;;;;;;42005
2021-01;13.0;13.0;11.0;11.0;;;;;;;;;;;;;42005
2022-01;8.0;7.0;7.0;;;;;;;;;;;;;;42005
2023-01;15.0;14.0;;;;;;;;;;;;;;;42005
2024-01;11.0;;;;;;;;;;;;;;;;42005
2009-01;7.0;6.0;6.0;6.0;6.0;5.0;6.0;6.0;6.0;6.0;6.0;6.0;6.0;6.0;6.0;6.0;42006
2010-01;9.0;8.0;7.0;7.0;7.0;7.0;7.0;3.0;3.0;2.0;1.0;1.0;1.0;1.0;1.0;;42006
2011-01;8.0;6.0;5.0;5.0;5.0;5.0;4.0;3.0;2.0;3.0;3.0;3.0;2.0;2.0;;;42006
2012-01;11.0;11.0;8.0;9.0;8.0;7.0;7.0;6.0;6.0;6.0;6.0;6.0;6.0;;;;42006
2013-01;4.0;2.0;4.0;4.0;4.0;4.0;2.0;2.0;2.0;2.0;2.0;2.0;;;;;42006
2014-01;8.0;8.0;8.0;7.0;7.0;5.0;4.0;4.0;4.0;4.0;3.0;;;;;;42006
2015-01;5.0;5.0;5.0;5.0;5.0;5.0;3.0;3.0;3.0;3.0;;;;;;;42006
2016-01;11.0;10.0;5.0;3.0;3.0;4.0;4.0;4.0;5.0;;;;;;;;42006
2017-01;5.0;5.0;5.0;5.0;4.0;4.0;4.0;4.0;;;;;;;;;42006
2018-01;6.0;5.0;5.0;5.0;5.0;4.0;4.0;;;;;;;;;;42006
2019-01;22.0;9.0;7.0;8.0;6.0;6.0;;;;;;;;;;;42006
2020-01;12.0;9.0;9.0;8.0;9.0;;;;;;;;;;;;42006
2021-01;13.0;12.0;8.0;9.0;;;;;;;;;;;;;42006
2022-01;9.0;6.0;6.0;;;;;;;;;;;;;;42006
2023-01;6.0;6.0;;;;;;;;;;;;;;;42006
2024-01;11.0;;;;;;;;;;;;;;;;42006
2009-01;39.0;37.0;37.0;36.0;36.0;35.0;34.0;33.0;33.0;33.0;33.0;8.0;8.0;8.0;8.0;8.0;42007
2010-01;16.0;15.0;15.0;12.0;11.0;11.0;10.0;10.0;9.0;9.0;8.0;8.0;8.0;7.0;7.0;;42007
2011-01;35.0;33.0;32.0;28.0;27.0;26.0;24.0;24.0;22.0;21.0;19.0;19.0;18.0;17.0;;;42007
2012-01;13.0;13.0;13.0;13.0;13.0;13.0;13.0;12.0;12.0;12.0;11.0;11.0;11.0;;;;42007
2013-01;8.0;5.0;5.0;5.0;4.0;3.0;3.0;3.0;3.0;3.0;3.0;3.0;;;;;42007
2014-01;9.0;8.0;7.0;7.0;7.0;7.0;7.0;7.0;7.0;7.0;7.0;;;;;;42007
2015-01;17.0;15.0;15.0;15.0;15.0;14.0;15.0;15.0;15.0;15.0;;;;;;;42007
2016-01;15.0;12.0;11.0;12.0;13.0;13.0;13.0;12.0;12.0;;;;;;;;42007
2017-01;26.0;24.0;16.0;14.0;14.0;13.0;13.0;13.0;;;;;;;;;42007
2018-01;14.0;14.0;13.0;13.0;12.0;12.0;11.0;;;;;;;;;;42007
2019-01;25.0;22.0;20.0;18.0;17.0;16.0;;;;;;;;;;;42007
2020-01;37.0;33.0;30.0;30.0;28.0;;;;;;;;;;;;42007
2021-01;26.0;23.0;19.0;16.0;;;;;;;;;;;;;42007
2022-01;37.0;35.0;34.0;;;;;;;;;;;;;;42007
2023-01;29.0;27.0;;;;;;;;;;;;;;;42007
2024-01;33.0;;;;;;;;;;;;;;;;42007
2009-01;19.0;15.0;11.0;10.0;9.0;7.0;4.0;3.0;3.0;4.0;4.0;4.0;4.0;2.0;1.0;1.0;42001
2010-01;9.0;6.0;4.0;2.0;2.0;3.0;3.0;3.0;2.0;2.0;2.0;2.0;2.0;2.0;2.0;;42001
2011-01;9.0;4.0;4.0;1.0;;;;1.0;1.0;1.0;1.0;1.0;1.0;1.0;;;42001
2012-01;12.0;7.0;7.0;5.0;5.0;5.0;4.0;4.0;4.0;3.0;4.0;4.0;4.0;;;;42001
2013-01;5.0;1.0;1.0;;;;;;;;;;;;;;42001
2014-01;4.0;2.0;1.0;1.0;1.0;1.0;1.0;1.0;1.0;1.0;1.0;;;;;;42001
2015-01;3.0;2.0;2.0;1.0;1.0;1.0;1.0;1.0;1.0;1.0;;;;;;;42001
2016-01;2.0;2.0;1.0;1.0;1.0;1.0;1.0;1.0;1.0;;;;;;;;42001
2017-01;2.0;2.0;2.0;1.0;1.0;1.0;1.0;1.0;;;;;;;;;42001
2018-01;5.0;5.0;5.0;5.0;5.0;3.0;3.0;;;;;;;;;;42001
2019-01;5.0;4.0;3.0;3.0;3.0;3.0;;;;;;;;;;;42001
2020-01;4.0;2.0;2.0;2.0;2.0;;;;;;;;;;;;42001
2021-01;10.0;9.0;8.0;7.0;;;;;;;;;;;;;42001
2022-01;5.0;3.0;3.0;;;;;;;;;;;;;;42001
2023-01;5.0;4.0;;;;;;;;;;;;;;;42001
2024-01;6.0;;;;;;;;;;;;;;;;42001
2009-01;2.0;2.0;2.0;2.0;2.0;2.0;2.0;1.0;1.0;1.0;1.0;1.0;1.0;1.0;1.0;1.0;42017
2010-01;6.0;6.0;5.0;5.0;5.0;4.0;4.0;4.0;4.0;4.0;4.0;4.0;4.0;4.0;4.0;;42017
2011-01;1.0;1.0;1.0;1.0;1.0;1.0;1.0;1.0;1.0;1.0;1.0;1.0;1.0;1.0;;;42017
2013-01;3.0;3.0;3.0;3.0;3.0;2.0;2.0;2.0;2.0;2.0;2.0;3.0;;;;;42017
2014-01;3.0;3.0;3.0;3.0;3.0;3.0;3.0;3.0;3.0;3.0;3.0;;;;;;42017
2016-01;1.0;1.0;1.0;;;;;;;;;;;;;;42017
2017-01;20.0;16.0;16.0;2.0;2.0;2.0;2.0;2.0;;;;;;;;;42017
2018-01;3.0;3.0;2.0;2.0;2.0;2.0;2.0;;;;;;;;;;42017
2019-01;4.0;4.0;4.0;4.0;4.0;4.0;;;;;;;;;;;42017
2020-01;2.0;2.0;1.0;1.0;1.0;;;;;;;;;;;;42017
2021-01;1.0;1.0;1.0;1.0;;;;;;;;;;;;;42017
2022-01;4.0;2.0;2.0;;;;;;;;;;;;;;42017
2023-01;5.0;5.0;;;;;;;;;;;;;;;42017
2024-01;4.0;;;;;;;;;;;;;;;;42017
2009-01;5.0;3.0;3.0;1.0;1.0;1.0;1.0;1.0;1.0;1.0;1.0;1.0;1.0;1.0;1.0;1.0;42016
2010-01;12.0;10.0;10.0;6.0;5.0;6.0;6.0;5.0;5.0;5.0;2.0;1.0;1.0;1.0;1.0;;42016
2011-01;7.0;4.0;2.0;2.0;2.0;2.0;2.0;2.0;2.0;2.0;2.0;2.0;2.0;2.0;;;42016
2012-01;2.0;2.0;;1.0;;;;;;;;;;;;;42016
2014-01;7.0;6.0;6.0;5.0;5.0;5.0;5.0;4.0;4.0;4.0;4.0;;;;;;42016
2015-01;4.0;4.0;3.0;3.0;3.0;3.0;3.0;3.0;3.0;3.0;;;;;;;42016
2017-01;3.0;3.0;3.0;1.0;1.0;1.0;1.0;1.0;;;;;;;;;42016
2018-01;6.0;5.0;3.0;3.0;3.0;3.0;3.0;;;;;;;;;;42016
2019-01;27.0;3.0;3.0;3.0;2.0;2.0;;;;;;;;;;;42016
2020-01;11.0;9.0;8.0;6.0;6.0;;;;;;;;;;;;42016
2021-01;10.0;10.0;8.0;8.0;;;;;;;;;;;;;42016
2022-01;5.0;2.0;2.0;;;;;;;;;;;;;;42016
2023-01;7.0;6.0;;;;;;;;;;;;;;;42016
2024-01;4.0;;;;;;;;;;;;;;;;42016
2009-01;12.0;12.0;11.0;10.0;10.0;8.0;8.0;8.0;8.0;8.0;8.0;8.0;8.0;8.0;8.0;8.0;42003
2010-01;1.0;;;;;;;;;;;;;;;;42003
2011-01;3.0;2.0;2.0;2.0;2.0;1.0;1.0;1.0;1.0;1.0;1.0;1.0;1.0;1.0;;;42003
2013-01;1.0;1.0;1.0;;;;;;;;;;;;;;42003
2014-01;1.0;1.0;;;;;;;;;;;;;;;42003
2016-01;3.0;2.0;2.0;2.0;2.0;2.0;2.0;2.0;2.0;;;;;;;;42003
2017-01;1.0;1.0;1.0;1.0;1.0;1.0;1.0;;;;;;;;;;42003
2018-01;3.0;3.0;3.0;3.0;2.0;2.0;2.0;;;;;;;;;;42003
2019-01;2.0;2.0;1.0;1.0;1.0;1.0;;;;;;;;;;;42003
2020-01;9.0;7.0;7.0;6.0;4.0;;;;;;;;;;;;42003
2021-01;3.0;3.0;3.0;2.0;;;;;;;;;;;;;42003
2022-01;6.0;5.0;2.0;;;;;;;;;;;;;;42003
2023-01;14.0;13.0;;;;;;;;;;;;;;;42003
2024-01;4.0;;;;;;;;;;;;;;;;42003
2009-01;39.0;38.0;38.0;35.0;35.0;35.0;35.0;32.0;31.0;30.0;29.0;29.0;29.0;28.0;27.0;26.0;28001
2010-01;256.0;244.0;155.0;148.0;143.0;143.0;136.0;134.0;128.0;127.0;124.0;124.0;103.0;99.0;95.0;;28001
2011-01;69.0;64.0;64.0;62.0;60.0;51.0;51.0;51.0;49.0;47.0;47.0;44.0;40.0;38.0;;;28001
2012-01;16.0;13.0;13.0;13.0;14.0;14.0;13.0;13.0;13.0;12.0;10.0;10.0;10.0;;;;28001
2013-01;23.0;23.0;23.0;21.0;19.0;19.0;18.0;18.0;18.0;17.0;17.0;17.0;;;;;28001
2014-01;36.0;34.0;30.0;32.0;31.0;31.0;29.0;28.0;28.0;28.0;25.0;;;;;;28001
2015-01;22.0;20.0;20.0;19.0;16.0;15.0;15.0;16.0;16.0;16.0;;;;;;;28001
2016-01;15.0;15.0;13.0;13.0;13.0;12.0;12.0;12.0;12.0;;;;;;;;28001
2017-01;6.0;6.0;6.0;6.0;6.0;6.0;6.0;6.0;;;;;;;;;28001
2018-01;12.0;12.0;12.0;12.0;12.0;12.0;12.0;;;;;;;;;;28001
2019-01;18.0;15.0;15.0;15.0;14.0;14.0;;;;;;;;;;;28001
2020-01;10.0;9.0;9.0;9.0;9.0;;;;;;;;;;;;28001
2021-01;13.0;12.0;12.0;12.0;;;;;;;;;;;;;28001
2022-01;14.0;13.0;13.0;;;;;;;;;;;;;;28001
2023-01;12.0;12.0;;;;;;;;;;;;;;;28001
2024-01;10.0;;;;;;;;;;;;;;;;28001
2009-01;11.0;11.0;6.0;3.0;4.0;4.0;3.0;3.0;3.0;3.0;3.0;3.0;3.0;2.0;1.0;;28006
2010-01;2.0;1.0;1.0;1.0;1.0;1.0;1.0;1.0;1.0;1.0;1.0;1.0;1.0;;;;28006
2011-01;2.0;1.0;1.0;1.0;1.0;1.0;1.0;1.0;1.0;1.0;1.0;;;;;;28006
2012-01;2.0;2.0;2.0;2.0;2.0;2.0;2.0;2.0;2.0;2.0;1.0;2.0;;;;;28006
2013-01;18.0;18.0;15.0;14.0;14.0;14.0;13.0;13.0;13.0;7.0;13.0;;;;;;28006
2014-01;15.0;15.0;1.0;1.0;1.0;1.0;1.0;1.0;1.0;1.0;;;;;;;28006
2016-01;3.0;3.0;3.0;3.0;3.0;3.0;3.0;2.0;;;;;;;;;28006
2023-01;7.0;6.0;;;;;;;;;;;;;;;28006
2024-01;5.0;;;;;;;;;;;;;;;;28006
2009-01;9.0;9.0;9.0;9.0;9.0;9.0;9.0;8.0;7.0;5.0;5.0;5.0;5.0;5.0;5.0;5.0;28003
2010-01;3.0;3.0;3.0;3.0;3.0;3.0;;;;;;;;;;;28003
2011-01;6.0;5.0;5.0;5.0;5.0;5.0;5.0;2.0;2.0;1.0;1.0;1.0;1.0;1.0;;;28003
2012-01;10.0;9.0;9.0;9.0;5.0;5.0;4.0;4.0;4.0;4.0;4.0;3.0;3.0;;;;28003
2013-01;11.0;11.0;11.0;8.0;7.0;3.0;3.0;3.0;3.0;3.0;3.0;3.0;;;;;28003
2014-01;6.0;6.0;6.0;6.0;2.0;2.0;2.0;2.0;2.0;2.0;2.0;;;;;;28003
2015-01;5.0;5.0;4.0;4.0;4.0;4.0;4.0;4.0;4.0;4.0;;;;;;;28003
2016-01;2.0;2.0;2.0;2.0;2.0;2.0;2.0;2.0;2.0;;;;;;;;28003
2019-01;5.0;5.0;5.0;5.0;5.0;5.0;;;;;;;;;;;28003
2020-01;5.0;5.0;5.0;5.0;5.0;;;;;;;;;;;;28003
2022-01;3.0;3.0;3.0;;;;;;;;;;;;;;28003
2023-01;4.0;4.0;;;;;;;;;;;;;;;28003
2024-01;8.0;;;;;;;;;;;;;;;;28003
2009-01;11.0;11.0;11.0;2.0;2.0;2.0;1.0;;;;;;;;;;28004
2010-01;2.0;2.0;1.0;1.0;1.0;;;;;;;;;;;;28004
2011-01;4.0;2.0;2.0;2.0;2.0;1.0;1.0;1.0;1.0;1.0;1.0;1.0;1.0;1.0;;;28004
2012-01;6.0;5.0;2.0;2.0;2.0;2.0;2.0;2.0;1.0;1.0;1.0;1.0;1.0;;;;28004
2013-01;4.0;3.0;2.0;2.0;2.0;1.0;1.0;1.0;1.0;1.0;1.0;1.0;;;;;28004
2014-01;1.0;1.0;1.0;1.0;1.0;1.0;1.0;1.0;1.0;1.0;1.0;;;;;;28004
2015-01;1.0;1.0;1.0;1.0;1.0;1.0;1.0;1.0;1.0;1.0;;;;;;;28004
2016-01;1.0;1.0;1.0;1.0;1.0;1.0;1.0;;;;;;;;;;28004
2017-01;1.0;1.0;1.0;;;;;;;;;;;;;;28004
2018-01;3.0;3.0;3.0;2.0;1.0;1.0;1.0;;;;;;;;;;28004
2019-01;4.0;4.0;4.0;3.0;3.0;3.0;;;;;;;;;;;28004
2020-01;10.0;8.0;8.0;2.0;1.0;;;;;;;;;;;;28004
2021-01;4.0;4.0;3.0;2.0;;;;;;;;;;;;;28004
2022-01;6.0;5.0;5.0;;;;;;;;;;;;;;28004
2023-01;8.0;7.0;;;;;;;;;;;;;;;28004
2024-01;1.0;;;;;;;;;;;;;;;;28004
2009-01;1.0;1.0;1.0;1.0;1.0;1.0;1.0;1.0;1.0;1.0;1.0;;;;;;35074
2010-01;1.0;1.0;1.0;1.0;1.0;;1.0;1.0;1.0;1.0;1.0;1.0;;;;;35074
2011-01;1.0;;;;;;;;;;;;;;;;35074
2012-01;1.0;1.0;1.0;1.0;1.0;1.0;;;;;;;;;;;35074
2013-01;3.0;3.0;3.0;3.0;2.0;1.0;1.0;1.0;;;;;;;;;35074
2014-01;1.0;1.0;1.0;1.0;1.0;;;;;;;;;;;;35074
2015-01;1.0;1.0;1.0;1.0;1.0;1.0;1.0;1.0;1.0;1.0;;;;;;;35074
2016-01;10.0;10.0;3.0;;;;;;1.0;;;;;;;;35074
2017-01;15.0;9.0;4.0;1.0;;;;;;;;;;;;;35074
2018-01;7.0;6.0;4.0;4.0;4.0;3.0;1.0;;;;;;;;;;35074
2019-01;5.0;2.0;2.0;2.0;1.0;1.0;;;;;;;;;;;35074
2020-01;11.0;2.0;1.0;1.0;;;;;;;;;;;;;35074
2021-01;6.0;3.0;2.0;2.0;;;;;;;;;;;;;35074
2022-01;3.0;3.0;1.0;;;;;;;;;;;;;;35074
2023-01;2.0;1.0;;;;;;;;;;;;;;;35074
2024-01;1.0;;;;;;;;;;;;;;;;35074
2009-01;11.0;8.0;7.0;7.0;6.0;5.0;5.0;5.0;5.0;4.0;4.0;4.0;4.0;4.0;2.0;2.0;35172
2010-01;11.0;5.0;4.0;4.0;4.0;2.0;1.0;1.0;;;;;;;;;35172
2011-01;8.0;4.0;4.0;5.0;3.0;2.0;2.0;2.0;2.0;2.0;1.0;1.0;1.0;1.0;;;35172
2012-01;3.0;3.0;3.0;2.0;1.0;1.0;1.0;1.0;1.0;1.0;1.0;;;;;;35172
2013-01;3.0;3.0;3.0;3.0;2.0;2.0;2.0;2.0;2.0;2.0;1.0;1.0;;;;;35172
2014-01;1.0;1.0;;;;;;;;;;;;;;;35172
2015-01;1.0;1.0;1.0;;;;;;;;;;;;;;35172
2016-01;1.0;1.0;1.0;1.0;1.0;1.0;1.0;1.0;1.0;;;;;;;;35172
2017-01;3.0;1.0;;;;;;;;;;;;;;;35172
2018-01;2.0;2.0;2.0;2.0;2.0;2.0;1.0;;;;;;;;;;35172
2019-01;2.0;1.0;1.0;1.0;1.0;1.0;;;;;;;;;;;35172
2020-01;1.0;1.0;1.0;1.0;1.0;;;;;;;;;;;;35172
2021-01;4.0;3.0;2.0;2.0;;;;;;;;;;;;;35172
2022-01;4.0;1.0;1.0;;;;;;;;;;;;;;35172
2023-01;4.0;4.0;;;;;;;;;;;;;;;35172
2024-01;1.0;;;;;;;;;;;;;;;;35172
2009-01;66.0;65.0;65.0;63.0;62.0;62.0;58.0;56.0;55.0;54.0;53.0;51.0;51.0;51.0;10.0;10.0;35021
2010-01;16.0;16.0;14.0;12.0;12.0;10.0;10.0;9.0;9.0;9.0;7.0;7.0;7.0;2.0;2.0;;35021
2011-01;10.0;10.0;10.0;10.0;8.0;8.0;6.0;6.0;5.0;3.0;3.0;3.0;1.0;1.0;;;35021
2012-01;6.0;6.0;6.0;6.0;6.0;6.0;6.0;6.0;6.0;6.0;6.0;2.0;2.0;;;;35021
2013-01;13.0;12.0;10.0;9.0;10.0;10.0;10.0;10.0;10.0;10.0;2.0;2.0;;;;;35021
2014-01;1.0;1.0;1.0;1.0;1.0;1.0;1.0;1.0;1.0;1.0;1.0;;;;;;35021
2015-01;3.0;3.0;3.0;3.0;3.0;2.0;2.0;2.0;1.0;1.0;;;;;;;35021
2016-01;1.0;1.0;1.0;1.0;1.0;1.0;;;;;;;;;;;35021
2017-01;24.0;24.0;23.0;13.0;13.0;12.0;4.0;4.0;;;;;;;;;35021
2018-01;46.0;41.0;25.0;24.0;24.0;7.0;5.0;;;;;;;;;;35021
2019-01;9.0;6.0;6.0;6.0;1.0;1.0;;;;;;;;;;;35021
2020-01;5.0;5.0;5.0;4.0;4.0;;;;;;;;;;;;35021
2021-01;1.0;1.0;1.0;1.0;;;;;;;;;;;;;35021
2023-01;1.0;1.0;;;;;;;;;;;;;;;35021
2024-01;1.0;;;;;;;;;;;;;;;;35021
2009-01;4.0;4.0;2.0;1.0;1.0;1.0;1.0;1.0;1.0;1.0;1.0;1.0;1.0;1.0;1.0;1.0;35051
2010-01;7.0;6.0;6.0;5.0;5.0;5.0;4.0;4.0;4.0;2.0;2.0;3.0;2.0;2.0;2.0;;35051
2011-01;27.0;26.0;25.0;25.0;24.0;24.0;24.0;24.0;3.0;3.0;2.0;2.0;1.0;1.0;;;35051
2012-01;14.0;10.0;10.0;7.0;7.0;7.0;6.0;2.0;2.0;2.0;2.0;2.0;2.0;;;;35051
2013-01;24.0;23.0;21.0;21.0;22.0;20.0;6.0;6.0;6.0;6.0;6.0;6.0;;;;;35051
2014-01;7.0;7.0;7.0;7.0;6.0;1.0;1.0;1.0;1.0;1.0;1.0;;;;;;35051
2015-01;11.0;10.0;10.0;10.0;2.0;2.0;3.0;3.0;2.0;2.0;;;;;;;35051
2016-01;9.0;9.0;8.0;3.0;3.0;3.0;3.0;2.0;2.0;;;;;;;;35051
2017-01;8.0;8.0;1.0;1.0;2.0;2.0;1.0;1.0;;;;;;;;;35051
2018-01;13.0;8.0;7.0;3.0;3.0;3.0;3.0;;;;;;;;;;35051
2019-01;9.0;8.0;8.0;8.0;7.0;7.0;;;;;;;;;;;35051
2020-01;14.0;14.0;10.0;7.0;7.0;;;;;;;;;;;;35051
2021-01;13.0;13.0;7.0;6.0;;;;;;;;;;;;;35051
2022-01;17.0;15.0;14.0;;;;;;;;;;;;;;35051
2023-01;11.0;11.0;;;;;;;;;;;;;;;35051
2024-01;10.0;;;;;;;;;;;;;;;;35051
2009-01;2.0;2.0;2.0;2.0;2.0;2.0;2.0;2.0;2.0;2.0;2.0;2.0;2.0;2.0;2.0;2.0;35031
2010-01;3.0;2.0;2.0;2.0;2.0;2.0;2.0;2.0;2.0;2.0;2.0;2.0;2.0;2.0;2.0;;35031
2011-01;11.0;11.0;11.0;11.0;11.0;10.0;10.0;5.0;5.0;5.0;5.0;3.0;3.0;3.0;;;35031
2012-01;29.0;26.0;24.0;24.0;18.0;18.0;4.0;4.0;4.0;4.0;3.0;3.0;3.0;;;;35031
2013-01;30.0;29.0;29.0;17.0;17.0;8.0;8.0;8.0;8.0;2.0;2.0;2.0;;;;;35031
2014-01;5.0;4.0;3.0;3.0;3.0;3.0;2.0;2.0;2.0;2.0;2.0;;;;;;35031
2015-01;3.0;3.0;3.0;3.0;3.0;3.0;3.0;3.0;3.0;3.0;;;;;;;35031
2016-01;9.0;9.0;8.0;8.0;8.0;8.0;6.0;6.0;6.0;;;;;;;;35031
2019-01;1.0;1.0;1.0;1.0;1.0;1.0;;;;;;;;;;;35031
2020-01;2.0;2.0;2.0;2.0;2.0;;;;;;;;;;;;35031
2021-01;1.0;1.0;1.0;1.0;;;;;;;;;;;;;35031
2022-01;13.0;13.0;13.0;;;;;;;;;;;;;;35031
2024-01;3.0;;;;;;;;;;;;;;;;35031
2009-01;5.0;5.0;5.0;5.0;5.0;4.0;4.0;4.0;4.0;4.0;4.0;4.0;4.0;4.0;4.0;4.0;35071
2010-01;15.0;12.0;11.0;11.0;11.0;11.0;10.0;9.0;9.0;8.0;8.0;8.0;8.0;7.0;7.0;;35071
2011-01;6.0;6.0;6.0;6.0;6.0;6.0;6.0;6.0;6.0;6.0;6.0;6.0;5.0;5.0;;;35071
2012-01;4.0;4.0;3.0;2.0;2.0;2.0;2.0;2.0;2.0;2.0;2.0;2.0;2.0;;;;35071
2013-01;4.0;4.0;4.0;3.0;3.0;4.0;4.0;4.0;4.0;4.0;4.0;4.0;;;;;35071
2014-01;3.0;3.0;3.0;3.0;3.0;3.0;3.0;3.0;1.0;1.0;1.0;;;;;;35071
2015-01;3.0;3.0;3.0;3.0;3.0;3.0;3.0;3.0;3.0;3.0;;;;;;;35071
2016-01;3.0;3.0;3.0;3.0;3.0;3.0;3.0;3.0;3.0;;;;;;;;35071
2017-01;4.0;3.0;3.0;3.0;3.0;3.0;3.0;3.0;;;;;;;;;35071
2018-01;8.0;7.0;8.0;8.0;7.0;6.0;6.0;;;;;;;;;;35071
2019-01;7.0;6.0;6.0;6.0;7.0;7.0;;;;;;;;;;;35071
2020-01;1.0;1.0;1.0;1.0;1.0;;;;;;;;;;;;35071
2021-01;6.0;6.0;5.0;5.0;;;;;;;;;;;;;35071
2022-01;3.0;2.0;2.0;;;;;;;;;;;;;;35071
2023-01;9.0;9.0;;;;;;;;;;;;;;;35071
2024-01;12.0;;;;;;;;;;;;;;;;35071
2009-01;7.0;7.0;1.0;1.0;;;;;;;;;;;;;35133
2010-01;16.0;11.0;8.0;9.0;9.0;7.0;7.0;7.0;7.0;7.0;7.0;7.0;6.0;6.0;6.0;;35133
2011-01;17.0;9.0;9.0;9.0;1.0;;;;;1.0;1.0;1.0;1.0;1.0;;;35133
2012-01;10.0;10.0;10.0;3.0;2.0;1.0;;;;;;;;;;;35133
2013-01;7.0;7.0;3.0;1.0;;;;;;;;;;;;;35133
2014-01;8.0;8.0;7.0;1.0;;;;;;;;;;;;;35133
2015-01;6.0;6.0;1.0;;;;;;;;;;;;;;35133
2016-01;13.0;12.0;;;;;;;;;;;;;;;35133
2017-01;12.0;;;;;;;;;;;;;;;;35133
2018-01;16.0;2.0;;;;;;;;;;;;;;;35133
2019-01;11.0;;;;;1.0;;;;;;;;;;;35133
2020-01;13.0;13.0;13.0;;;;;;;;;;;;;;35133
2021-01;19.0;19.0;;;;;;;;;;;;;;;35133
2022-01;14.0;4.0;4.0;;;;;;;;;;;;;;35133
2023-01;12.0;12.0;;;;;;;;;;;;;;;35133
2024-01;6.0;;;;;;;;;;;;;;;;35133
2009-01;52.0;49.0;41.0;41.0;41.0;40.0;36.0;36.0;37.0;36.0;35.0;32.0;34.0;33.0;32.0;32.0;35072
2010-01;45.0;26.0;24.0;24.0;23.0;19.0;17.0;18.0;18.0;19.0;19.0;15.0;14.0;14.0;13.0;;35072
2011-01;23.0;22.0;21.0;14.0;15.0;15.0;15.0;13.0;12.0;11.0;11.0;11.0;12.0;13.0;;;35072
2012-01;28.0;25.0;20.0;16.0;17.0;14.0;14.0;14.0;15.0;16.0;15.0;15.0;15.0;;;;35072
2013-01;47.0;44.0;42.0;38.0;9.0;7.0;8.0;8.0;7.0;8.0;8.0;8.0;;;;;35072
2014-01;25.0;23.0;15.0;13.0;11.0;10.0;8.0;9.0;9.0;10.0;10.0;;;;;;35072
2015-01;16.0;10.0;10.0;9.0;6.0;8.0;8.0;7.0;7.0;7.0;;;;;;;35072
2016-01;24.0;20.0;18.0;16.0;15.0;16.0;15.0;14.0;11.0;;;;;;;;35072
2017-01;30.0;19.0;17.0;17.0;17.0;14.0;14.0;13.0;;;;;;;;;35072
2018-01;14.0;14.0;13.0;13.0;13.0;13.0;11.0;;;;;;;;;;35072
2019-01;29.0;26.0;27.0;22.0;21.0;18.0;;;;;;;;;;;35072
2020-01;42.0;38.0;33.0;28.0;26.0;;;;;;;;;;;;35072
2021-01;63.0;57.0;55.0;51.0;;;;;;;;;;;;;35072
2022-01;37.0;21.0;15.0;;;;;;;;;;;;;;35072
2023-01;51.0;41.0;;;;;;;;;;;;;;;35072
2024-01;41.0;;;;;;;;;;;;;;;;35072
2009-01;26.0;17.0;12.0;9.0;10.0;9.0;9.0;10.0;9.0;6.0;6.0;3.0;2.0;2.0;2.0;2.0;35161
2010-01;16.0;12.0;9.0;8.0;7.0;6.0;6.0;4.0;6.0;5.0;1.0;1.0;1.0;1.0;;;35161
2011-01;8.0;4.0;2.0;3.0;3.0;3.0;1.0;3.0;3.0;2.0;2.0;2.0;2.0;2.0;;;35161
2012-01;7.0;5.0;4.0;4.0;4.0;3.0;2.0;2.0;2.0;2.0;2.0;3.0;3.0;;;;35161
2013-01;5.0;3.0;3.0;2.0;2.0;2.0;1.0;1.0;1.0;1.0;1.0;1.0;;;;;35161
2014-01;2.0;2.0;1.0;;;;;;;;;;;;;;35161
2016-01;1.0;1.0;1.0;;;;;;;;;;;;;;35161
2017-01;1.0;1.0;;;;;;;;;;;;;;;35161
2018-01;20.0;8.0;1.0;2.0;2.0;1.0;1.0;;;;;;;;;;35161
2019-01;7.0;2.0;3.0;2.0;1.0;1.0;;;;;;;;;;;35161
2020-01;2.0;2.0;2.0;2.0;2.0;;;;;;;;;;;;35161
2021-01;8.0;8.0;1.0;;;;;;;;;;;;;;35161
2022-01;4.0;3.0;;;;;;;;;;;;;;;35161
2023-01;7.0;3.0;;;;;;;;;;;;;;;35161
2024-01;3.0;;;;;;;;;;;;;;;;35161
2009-01;11.0;11.0;9.0;9.0;9.0;9.0;9.0;9.0;9.0;8.0;8.0;8.0;8.0;8.0;8.0;9.0;35151
2010-01;4.0;4.0;3.0;3.0;3.0;2.0;2.0;2.0;1.0;1.0;1.0;1.0;2.0;2.0;2.0;;35151
2011-01;3.0;2.0;2.0;2.0;2.0;2.0;2.0;1.0;1.0;1.0;1.0;1.0;1.0;1.0;;;35151
2012-01;10.0;9.0;7.0;5.0;4.0;4.0;3.0;3.0;3.0;3.0;;;;;;;35151
2013-01;8.0;2.0;1.0;1.0;1.0;1.0;1.0;1.0;1.0;1.0;1.0;1.0;;;;;35151
2014-01;2.0;2.0;1.0;1.0;1.0;1.0;1.0;1.0;1.0;1.0;1.0;;;;;;35151
2015-01;4.0;4.0;4.0;3.0;3.0;3.0;2.0;1.0;1.0;1.0;;;;;;;35151
2016-01;3.0;2.0;2.0;1.0;1.0;1.0;1.0;1.0;1.0;;;;;;;;35151
2017-01;6.0;3.0;3.0;3.0;2.0;1.0;1.0;1.0;;;;;;;;;35151
2018-01;10.0;5.0;6.0;5.0;4.0;3.0;3.0;;;;;;;;;;35151
2019-01;10.0;8.0;5.0;2.0;1.0;3.0;;;;;;;;;;;35151
2020-01;5.0;3.0;1.0;;;;;;;;;;;;;;35151
2021-01;9.0;4.0;3.0;3.0;;;;;;;;;;;;;35151
2022-01;12.0;9.0;8.0;;;;;;;;;;;;;;35151
2023-01;6.0;6.0;;;;;;;;;;;;;;;35151
2024-01;14.0;;;;;;;;;;;;;;;;35151
2009-01;39.0;36.0;35.0;24.0;20.0;21.0;21.0;20.0;19.0;17.0;17.0;17.0;17.0;18.0;18.0;12.0;35013
2010-01;21.0;17.0;8.0;5.0;6.0;4.0;4.0;4.0;4.0;5.0;4.0;4.0;4.0;4.0;2.0;;35013
2011-01;21.0;7.0;5.0;3.0;3.0;1.0;2.0;4.0;2.0;2.0;2.0;2.0;3.0;3.0;;;35013
2012-01;7.0;5.0;2.0;2.0;3.0;2.0;3.0;3.0;3.0;2.0;2.0;2.0;1.0;;;;35013
2013-01;32.0;20.0;10.0;10.0;9.0;9.0;9.0;9.0;8.0;7.0;4.0;2.0;;;;;35013
2014-01;32.0;18.0;10.0;7.0;4.0;4.0;6.0;4.0;4.0;3.0;1.0;;;;;;35013
2015-01;36.0;24.0;11.0;2.0;2.0;1.0;2.0;2.0;2.0;1.0;;;;;;;35013
2016-01;42.0;26.0;16.0;13.0;12.0;11.0;10.0;9.0;5.0;;;;;;;;35013
2017-01;32.0;11.0;2.0;1.0;;1.0;1.0;;;;;;;;;;35013
2018-01;18.0;12.0;12.0;7.0;8.0;3.0;4.0;;;;;;;;;;35013
2019-01;9.0;7.0;7.0;5.0;4.0;4.0;;;;;;;;;;;35013
2020-01;13.0;10.0;7.0;4.0;4.0;;;;;;;;;;;;35013
2021-01;45.0;37.0;33.0;19.0;;;;;;;;;;;;;35013
2022-01;36.0;28.0;15.0;;;;;;;;;;;;;;35013
2023-01;76.0;33.0;;;;;;;;;;;;;;;35013
2024-01;65.0;;;;;;;;;;;;;;;;35013
2009-01;26.0;19.0;17.0;15.0;14.0;12.0;12.0;11.0;11.0;11.0;12.0;11.0;10.0;11.0;11.0;10.0;35041
2010-01;10.0;9.0;6.0;6.0;6.0;4.0;3.0;3.0;3.0;3.0;2.0;2.0;2.0;2.0;2.0;;35041
2011-01;24.0;18.0;17.0;17.0;15.0;11.0;10.0;10.0;10.0;10.0;10.0;9.0;9.0;8.0;;;35041
2012-01;9.0;7.0;7.0;4.0;3.0;3.0;3.0;2.0;1.0;1.0;1.0;1.0;1.0;;;;35041
2013-01;20.0;19.0;17.0;5.0;5.0;5.0;7.0;7.0;7.0;6.0;5.0;6.0;;;;;35041
2014-01;11.0;11.0;11.0;2.0;2.0;1.0;1.0;1.0;1.0;1.0;1.0;;;;;;35041
2015-01;11.0;11.0;11.0;5.0;4.0;4.0;4.0;4.0;4.0;4.0;;;;;;;35041
2016-01;23.0;23.0;19.0;16.0;13.0;12.0;12.0;11.0;11.0;;;;;;;;35041
2017-01;21.0;21.0;19.0;8.0;7.0;7.0;7.0;7.0;;;;;;;;;35041
2018-01;104.0;100.0;85.0;74.0;53.0;48.0;39.0;;;;;;;;;;35041
2019-01;54.0;49.0;47.0;24.0;23.0;20.0;;;;;;;;;;;35041
2020-01;23.0;21.0;18.0;18.0;14.0;;;;;;;;;;;;35041
2021-01;36.0;34.0;31.0;28.0;;;;;;;;;;;;;35041
2022-01;49.0;44.0;42.0;;;;;;;;;;;;;;35041
2023-01;46.0;41.0;;;;;;;;;;;;;;;35041
2024-01;153.0;;;;;;;;;;;;;;;;35041
2009-01;15.0;15.0;15.0;15.0;15.0;15.0;14.0;14.0;14.0;9.0;9.0;7.0;5.0;4.0;4.0;3.0;35141
2010-01;30.0;30.0;30.0;29.0;27.0;26.0;24.0;23.0;11.0;10.0;10.0;10.0;10.0;9.0;8.0;;35141
2011-01;14.0;14.0;12.0;12.0;12.0;10.0;10.0;1.0;1.0;;;;;;;;35141
2012-01;1.0;1.0;1.0;1.0;;;;;;;;;;;;;35141
2013-01;3.0;3.0;3.0;1.0;1.0;1.0;1.0;1.0;1.0;1.0;1.0;1.0;;;;;35141
2014-01;6.0;5.0;4.0;4.0;3.0;3.0;2.0;2.0;2.0;2.0;2.0;;;;;;35141
2015-01;7.0;7.0;7.0;7.0;7.0;5.0;5.0;5.0;5.0;5.0;;;;;;;35141
2016-01;8.0;8.0;8.0;8.0;7.0;7.0;7.0;6.0;4.0;;;;;;;;35141
2017-01;1.0;1.0;1.0;1.0;1.0;1.0;1.0;1.0;;;;;;;;;35141
2019-01;5.0;4.0;4.0;4.0;4.0;4.0;;;;;;;;;;;35141
2020-01;5.0;5.0;5.0;5.0;4.0;;;;;;;;;;;;35141
2021-01;2.0;2.0;2.0;2.0;;;;;;;;;;;;;35141
2023-01;1.0;1.0;;;;;;;;;;;;;;;35141
2024-01;3.0;;;;;;;;;;;;;;;;35141
2009-01;83.0;73.0;66.0;43.0;34.0;34.0;31.0;25.0;26.0;25.0;27.0;21.0;17.0;19.0;18.0;16.0;35011
2010-01;62.0;61.0;44.0;35.0;30.0;26.0;26.0;14.0;18.0;18.0;15.0;13.0;14.0;7.0;14.0;;35011
2011-01;34.0;20.0;17.0;14.0;11.0;11.0;10.0;10.0;9.0;7.0;5.0;4.0;3.0;2.0;;;35011
2012-01;29.0;23.0;20.0;13.0;10.0;10.0;11.0;11.0;3.0;3.0;3.0;3.0;2.0;;;;35011
2013-01;40.0;18.0;18.0;17.0;16.0;16.0;16.0;6.0;5.0;6.0;5.0;5.0;;;;;35011
2014-01;39.0;34.0;23.0;20.0;21.0;18.0;9.0;11.0;10.0;8.0;8.0;;;;;;35011
2015-01;41.0;36.0;28.0;26.0;25.0;17.0;13.0;14.0;11.0;9.0;;;;;;;35011
2016-01;27.0;22.0;21.0;20.0;9.0;7.0;5.0;2.0;2.0;;;;;;;;35011
2017-01;62.0;56.0;55.0;36.0;35.0;31.0;18.0;17.0;;;;;;;;;35011
2018-01;67.0;48.0;34.0;30.0;24.0;14.0;14.0;;;;;;;;;;35011
2019-01;85.0;59.0;53.0;50.0;33.0;30.0;;;;;;;;;;;35011
2020-01;55.0;48.0;46.0;30.0;19.0;;;;;;;;;;;;35011
2021-01;56.0;52.0;28.0;22.0;;;;;;;;;;;;;35011
2022-01;78.0;44.0;37.0;;;;;;;;;;;;;;35011
2023-01;73.0;59.0;;;;;;;;;;;;;;;35011
2024-01;103.0;;;;;;;;;;;;;;;;35011
2009-01;91.0;90.0;79.0;23.0;20.0;20.0;19.0;17.0;17.0;17.0;16.0;16.0;16.0;16.0;16.0;15.0;35163
2010-01;65.0;56.0;14.0;10.0;10.0;8.0;7.0;8.0;7.0;7.0;8.0;7.0;7.0;7.0;6.0;;35163
2011-01;40.0;16.0;15.0;14.0;11.0;11.0;10.0;9.0;9.0;9.0;9.0;9.0;9.0;8.0;;;35163
2012-01;8.0;6.0;6.0;3.0;3.0;3.0;3.0;4.0;4.0;3.0;4.0;4.0;4.0;;;;35163
2013-01;20.0;20.0;16.0;14.0;14.0;12.0;12.0;12.0;12.0;12.0;11.0;11.0;;;;;35163
2014-01;19.0;18.0;17.0;13.0;10.0;10.0;10.0;8.0;8.0;8.0;8.0;;;;;;35163
2015-01;16.0;15.0;14.0;11.0;11.0;12.0;10.0;9.0;10.0;10.0;;;;;;;35163
2016-01;17.0;15.0;11.0;7.0;7.0;6.0;5.0;4.0;4.0;;;;;;;;35163
2017-01;18.0;13.0;11.0;11.0;11.0;10.0;9.0;7.0;;;;;;;;;35163
2018-01;20.0;19.0;18.0;17.0;10.0;10.0;9.0;;;;;;;;;;35163
2019-01;65.0;60.0;28.0;24.0;24.0;22.0;;;;;;;;;;;35163
2020-01;59.0;33.0;29.0;25.0;27.0;;;;;;;;;;;;35163
2021-01;13.0;11.0;8.0;7.0;;;;;;;;;;;;;35163
2022-01;42.0;23.0;21.0;;;;;;;;;;;;;;35163
2023-01;25.0;22.0;;;;;;;;;;;;;;;35163
2024-01;74.0;;;;;;;;;;;;;;;;35163
2009-01;10.0;8.0;8.0;8.0;8.0;8.0;7.0;6.0;5.0;5.0;5.0;4.0;4.0;4.0;4.0;5.0;35171
2010-01;15.0;14.0;13.0;13.0;13.0;11.0;10.0;10.0;8.0;8.0;8.0;8.0;8.0;7.0;7.0;;35171
2011-01;6.0;3.0;3.0;1.0;2.0;3.0;3.0;3.0;3.0;2.0;2.0;2.0;2.0;2.0;;;35171
2012-01;6.0;5.0;4.0;3.0;3.0;3.0;2.0;1.0;1.0;1.0;1.0;1.0;1.0;;;;35171
2013-01;3.0;3.0;3.0;3.0;3.0;3.0;3.0;3.0;3.0;3.0;3.0;3.0;;;;;35171
2014-01;7.0;7.0;5.0;5.0;5.0;5.0;5.0;5.0;5.0;5.0;5.0;;;;;;35171
2015-01;5.0;5.0;5.0;5.0;5.0;5.0;5.0;5.0;5.0;5.0;;;;;;;35171
2016-01;8.0;8.0;7.0;8.0;8.0;8.0;8.0;8.0;8.0;;;;;;;;35171
2017-01;3.0;3.0;3.0;3.0;2.0;2.0;2.0;2.0;;;;;;;;;35171
2018-01;8.0;8.0;7.0;8.0;7.0;7.0;8.0;;;;;;;;;;35171
2019-01;46.0;42.0;36.0;30.0;30.0;29.0;;;;;;;;;;;35171
2020-01;20.0;18.0;17.0;14.0;14.0;;;;;;;;;;;;35171
2021-01;13.0;11.0;10.0;8.0;;;;;;;;;;;;;35171
2022-01;14.0;14.0;14.0;;;;;;;;;;;;;;35171
2023-01;19.0;18.0;;;;;;;;;;;;;;;35171
2024-01;20.0;;;;;;;;;;;;;;;;35171
2009-01;25.0;25.0;24.0;23.0;23.0;23.0;23.0;21.0;21.0;21.0;20.0;20.0;19.0;19.0;19.0;19.0;35064
2010-01;44.0;44.0;34.0;35.0;36.0;37.0;37.0;37.0;37.0;37.0;37.0;37.0;37.0;37.0;37.0;;35064
2011-01;3.0;2.0;2.0;2.0;2.0;2.0;2.0;2.0;2.0;2.0;2.0;2.0;2.0;2.0;;;35064
2012-01;4.0;4.0;4.0;3.0;3.0;3.0;3.0;3.0;3.0;3.0;3.0;3.0;3.0;;;;35064
2013-01;7.0;6.0;5.0;4.0;4.0;4.0;4.0;4.0;4.0;4.0;4.0;4.0;;;;;35064
2014-01;12.0;12.0;11.0;11.0;11.0;11.0;11.0;11.0;11.0;10.0;10.0;;;;;;35064
2015-01;5.0;4.0;4.0;4.0;4.0;4.0;4.0;4.0;4.0;4.0;;;;;;;35064
2016-01;12.0;10.0;10.0;9.0;9.0;9.0;8.0;8.0;8.0;;;;;;;;35064
2017-01;20.0;18.0;18.0;16.0;16.0;16.0;16.0;16.0;;;;;;;;;35064
2018-01;16.0;16.0;14.0;13.0;13.0;13.0;12.0;;;;;;;;;;35064
2019-01;20.0;20.0;19.0;11.0;10.0;10.0;;;;;;;;;;;35064
2020-01;11.0;10.0;7.0;7.0;7.0;;;;;;;;;;;;35064
2021-01;15.0;14.0;14.0;14.0;;;;;;;;;;;;;35064
2022-01;13.0;9.0;7.0;;;;;;;;;;;;;;35064
2023-01;14.0;11.0;;;;;;;;;;;;;;;35064
2024-01;7.0;;;;;;;;;;;;;;;;35064
2009-01;9.0;9.0;9.0;9.0;9.0;9.0;8.0;6.0;6.0;6.0;5.0;3.0;3.0;3.0;3.0;3.0;35022
2010-01;7.0;7.0;6.0;6.0;6.0;5.0;2.0;2.0;;;;;;;;;35022
2011-01;4.0;1.0;1.0;1.0;1.0;;;;;;;;;;;;35022
2012-01;1.0;;;;;;;;;;;;;;;;35022
2013-01;1.0;1.0;1.0;1.0;;;;;;;;;;;;;35022
2014-01;2.0;;;;;;;;;;;;;;;;35022
2015-01;2.0;2.0;2.0;1.0;1.0;1.0;1.0;1.0;1.0;1.0;;;;;;;35022
2017-01;5.0;4.0;4.0;3.0;1.0;1.0;1.0;1.0;;;;;;;;;35022
2018-01;2.0;2.0;1.0;;;1.0;1.0;;;;;;;;;;35022
2019-01;5.0;4.0;4.0;3.0;;;;;;;;;;;;;35022
2020-01;2.0;2.0;2.0;2.0;;;;;;;;;;;;;35022
2022-01;1.0;;;;;;;;;;;;;;;;35022
2023-01;3.0;3.0;;;;;;;;;;;;;;;35022
2024-01;1.0;;;;;;;;;;;;;;;;35022
2009-01;66.0;47.0;42.0;31.0;29.0;25.0;24.0;17.0;14.0;11.0;10.0;11.0;11.0;12.0;11.0;11.0;35014
2010-01;41.0;35.0;26.0;21.0;19.0;14.0;11.0;7.0;9.0;8.0;8.0;8.0;6.0;6.0;6.0;;35014
2011-01;21.0;14.0;11.0;9.0;9.0;6.0;5.0;3.0;3.0;3.0;4.0;5.0;5.0;5.0;;;35014
2012-01;19.0;15.0;14.0;7.0;5.0;3.0;3.0;3.0;4.0;5.0;5.0;5.0;5.0;;;;35014
2013-01;37.0;31.0;26.0;10.0;7.0;5.0;2.0;3.0;2.0;4.0;4.0;4.0;;;;;35014
2014-01;36.0;32.0;22.0;19.0;16.0;14.0;14.0;13.0;11.0;8.0;8.0;;;;;;35014
2015-01;17.0;11.0;8.0;3.0;2.0;1.0;1.0;2.0;2.0;2.0;;;;;;;35014
2016-01;33.0;26.0;21.0;20.0;20.0;16.0;16.0;11.0;11.0;;;;;;;;35014
2017-01;37.0;21.0;16.0;13.0;12.0;13.0;8.0;9.0;;;;;;;;;35014
2018-01;31.0;28.0;21.0;18.0;16.0;7.0;8.0;;;;;;;;;;35014
2019-01;43.0;37.0;20.0;18.0;16.0;15.0;;;;;;;;;;;35014
2020-01;27.0;26.0;17.0;11.0;10.0;;;;;;;;;;;;35014
2021-01;56.0;41.0;37.0;34.0;;;;;;;;;;;;;35014
2022-01;64.0;42.0;29.0;;;;;;;;;;;;;;35014
2023-01;28.0;20.0;;;;;;;;;;;;;;;35014
2024-01;47.0;;;;;;;;;;;;;;;;35014
2010-01;1.0;;;;;;;;;;;;;;;;35121
2011-01;2.0;1.0;;1.0;;;;;;;;;;;;;35121
2012-01;1.0;1.0;1.0;1.0;1.0;1.0;1.0;1.0;1.0;1.0;1.0;1.0;1.0;;;;35121
2013-01;1.0;;;;;;;;;;;;;;;;35121
2015-01;1.0;1.0;1.0;1.0;1.0;1.0;1.0;1.0;1.0;1.0;;;;;;;35121
2016-01;1.0;1.0;1.0;1.0;1.0;1.0;1.0;1.0;1.0;;;;;;;;35121
2018-01;5.0;3.0;3.0;3.0;3.0;3.0;3.0;;;;;;;;;;35121
2019-01;7.0;5.0;5.0;4.0;3.0;3.0;;;;;;;;;;;35121
2020-01;15.0;8.0;5.0;5.0;3.0;;;;;;;;;;;;35121
2021-01;1.0;;;;;;;;;;;;;;;;35121
2023-01;3.0;;;;;;;;;;;;;;;;35121
2024-01;4.0;;;;;;;;;;;;;;;;35121
2009-01;23.0;21.0;20.0;9.0;9.0;9.0;9.0;7.0;7.0;6.0;6.0;5.0;5.0;4.0;4.0;4.0;35103
2010-01;29.0;27.0;10.0;10.0;10.0;11.0;10.0;10.0;10.0;10.0;10.0;10.0;10.0;10.0;9.0;;35103
2011-01;7.0;4.0;4.0;2.0;2.0;2.0;2.0;2.0;1.0;1.0;1.0;1.0;1.0;1.0;;;35103
2012-01;5.0;5.0;2.0;2.0;1.0;;;;;;;;;;;;35103
2013-01;7.0;3.0;3.0;2.0;2.0;2.0;2.0;2.0;2.0;2.0;2.0;2.0;;;;;35103
2014-01;3.0;3.0;3.0;3.0;3.0;3.0;3.0;3.0;2.0;2.0;2.0;;;;;;35103
2015-01;11.0;11.0;11.0;10.0;10.0;10.0;10.0;10.0;10.0;7.0;;;;;;;35103
2017-01;13.0;3.0;3.0;3.0;3.0;3.0;3.0;3.0;;;;;;;;;35103
2018-01;10.0;9.0;6.0;5.0;5.0;5.0;4.0;;;;;;;;;;35103
2019-01;40.0;33.0;27.0;27.0;24.0;19.0;;;;;;;;;;;35103
2020-01;19.0;17.0;17.0;16.0;15.0;;;;;;;;;;;;35103
2021-01;23.0;22.0;22.0;19.0;;;;;;;;;;;;;35103
2022-01;3.0;3.0;3.0;;;;;;;;;;;;;;35103
2023-01;33.0;33.0;;;;;;;;;;;;;;;35103
2024-01;13.0;;;;;;;;;;;;;;;;35103
2009-01;10.0;6.0;5.0;4.0;4.0;2.0;2.0;2.0;2.0;2.0;2.0;2.0;2.0;2.0;2.0;2.0;35112
2011-01;8.0;8.0;6.0;5.0;4.0;3.0;3.0;2.0;1.0;1.0;1.0;1.0;1.0;1.0;;;35112
2012-01;3.0;1.0;2.0;2.0;2.0;2.0;2.0;2.0;2.0;2.0;2.0;2.0;2.0;;;;35112
2013-01;13.0;8.0;5.0;4.0;3.0;3.0;3.0;3.0;3.0;3.0;3.0;3.0;;;;;35112
2014-01;3.0;3.0;3.0;;;;;;;;;;;;;;35112
2015-01;5.0;4.0;1.0;1.0;1.0;1.0;1.0;1.0;1.0;1.0;;;;;;;35112
2016-01;7.0;7.0;7.0;7.0;7.0;6.0;6.0;6.0;6.0;;;;;;;;35112
2017-01;2.0;2.0;2.0;2.0;2.0;2.0;2.0;2.0;;;;;;;;;35112
2018-01;2.0;2.0;2.0;1.0;1.0;1.0;1.0;;;;;;;;;;35112
2019-01;1.0;1.0;1.0;1.0;1.0;1.0;;;;;;;;;;;35112
2020-01;3.0;3.0;3.0;3.0;3.0;;;;;;;;;;;;35112
2021-01;2.0;2.0;2.0;2.0;;;;;;;;;;;;;35112
2022-01;1.0;1.0;1.0;;;;;;;;;;;;;;35112
2023-01;2.0;2.0;;;;;;;;;;;;;;;35112
2024-01;1.0;;;;;;;;;;;;;;;;35112
2009-01;35.0;32.0;30.0;12.0;10.0;10.0;11.0;9.0;9.0;9.0;9.0;9.0;9.0;9.0;8.0;8.0;35132
2010-01;33.0;18.0;3.0;7.0;10.0;9.0;9.0;9.0;9.0;9.0;9.0;10.0;10.0;10.0;7.0;;35132
2011-01;25.0;9.0;21.0;16.0;14.0;12.0;13.0;13.0;13.0;13.0;15.0;15.0;15.0;16.0;;;35132
2012-01;2.0;1.0;1.0;;;;;;;;;;;;;;35132
2013-01;3.0;2.0;2.0;1.0;1.0;1.0;1.0;1.0;1.0;1.0;1.0;1.0;;;;;35132
2014-01;17.0;17.0;14.0;13.0;13.0;12.0;12.0;12.0;12.0;12.0;12.0;;;;;;35132
2015-01;21.0;19.0;18.0;18.0;18.0;18.0;18.0;18.0;18.0;18.0;;;;;;;35132
2016-01;11.0;9.0;7.0;7.0;8.0;8.0;8.0;8.0;8.0;;;;;;;;35132
2017-01;3.0;2.0;2.0;2.0;2.0;2.0;2.0;2.0;;;;;;;;;35132
2018-01;10.0;9.0;8.0;9.0;9.0;7.0;7.0;;;;;;;;;;35132
2019-01;15.0;13.0;10.0;10.0;9.0;8.0;;;;;;;;;;;35132
2020-01;6.0;6.0;6.0;6.0;6.0;;;;;;;;;;;;35132
2021-01;26.0;25.0;25.0;23.0;;;;;;;;;;;;;35132
2022-01;10.0;9.0;10.0;;;;;;;;;;;;;;35132
2023-01;27.0;25.0;;;;;;;;;;;;;;;35132
2024-01;20.0;;;;;;;;;;;;;;;;35132
2009-01;30.0;24.0;23.0;20.0;20.0;17.0;11.0;11.0;10.0;10.0;10.0;6.0;6.0;6.0;6.0;6.0;35015
2010-01;45.0;33.0;27.0;22.0;10.0;8.0;10.0;9.0;10.0;8.0;6.0;6.0;6.0;6.0;6.0;;35015
2011-01;39.0;32.0;21.0;12.0;11.0;11.0;11.0;11.0;11.0;11.0;11.0;11.0;11.0;10.0;;;35015
2012-01;19.0;18.0;15.0;15.0;13.0;12.0;12.0;12.0;11.0;12.0;12.0;11.0;10.0;;;;35015
2013-01;13.0;13.0;12.0;11.0;9.0;10.0;9.0;9.0;8.0;7.0;7.0;7.0;;;;;35015
2014-01;14.0;11.0;11.0;12.0;12.0;9.0;9.0;8.0;8.0;7.0;6.0;;;;;;35015
2015-01;40.0;37.0;29.0;29.0;28.0;27.0;27.0;25.0;26.0;25.0;;;;;;;35015
2016-01;36.0;26.0;22.0;21.0;21.0;20.0;19.0;19.0;19.0;;;;;;;;35015
2017-01;51.0;41.0;29.0;27.0;25.0;24.0;21.0;17.0;;;;;;;;;35015
2018-01;124.0;80.0;72.0;74.0;69.0;54.0;46.0;;;;;;;;;;35015
2019-01;87.0;78.0;75.0;68.0;65.0;47.0;;;;;;;;;;;35015
2020-01;42.0;37.0;33.0;31.0;15.0;;;;;;;;;;;;35015
2021-01;156.0;120.0;117.0;89.0;;;;;;;;;;;;;35015
2022-01;138.0;121.0;85.0;;;;;;;;;;;;;;35015
2023-01;108.0;93.0;;;;;;;;;;;;;;;35015
2024-01;63.0;;;;;;;;;;;;;;;;35015
2009-01;4.0;3.0;3.0;3.0;2.0;2.0;2.0;2.0;2.0;2.0;2.0;2.0;1.0;1.0;1.0;1.0;35142
2011-01;4.0;4.0;4.0;3.0;3.0;3.0;3.0;3.0;3.0;3.0;3.0;3.0;3.0;3.0;;;35142
2012-01;4.0;3.0;3.0;3.0;3.0;3.0;3.0;3.0;3.0;3.0;3.0;3.0;3.0;;;;35142
2013-01;5.0;1.0;;;;;;;;;;;;;;;35142
2014-01;4.0;3.0;3.0;2.0;2.0;2.0;2.0;2.0;2.0;2.0;2.0;;;;;;35142
2015-01;1.0;1.0;1.0;1.0;1.0;1.0;1.0;1.0;1.0;1.0;;;;;;;35142
2016-01;2.0;2.0;1.0;1.0;1.0;1.0;1.0;1.0;1.0;;;;;;;;35142
2017-01;1.0;;1.0;;;;;;;;;;;;;;35142
2018-01;5.0;4.0;3.0;3.0;2.0;2.0;2.0;;;;;;;;;;35142
2019-01;3.0;2.0;1.0;1.0;1.0;;;;;;;;;;;;35142
2020-01;2.0;1.0;1.0;1.0;2.0;;;;;;;;;;;;35142
2021-01;6.0;5.0;1.0;1.0;;;;;;;;;;;;;35142
2022-01;7.0;4.0;4.0;;;;;;;;;;;;;;35142
2023-01;6.0;6.0;;;;;;;;;;;;;;;35142
2024-01;2.0;;;;;;;;;;;;;;;;35142
2009-01;32.0;26.0;18.0;7.0;7.0;7.0;7.0;7.0;7.0;6.0;6.0;5.0;5.0;5.0;5.0;5.0;35155
2010-01;11.0;10.0;7.0;6.0;6.0;6.0;4.0;4.0;4.0;4.0;4.0;4.0;4.0;4.0;4.0;;35155
2011-01;2.0;2.0;2.0;1.0;1.0;1.0;1.0;1.0;1.0;1.0;1.0;1.0;1.0;1.0;;;35155
2012-01;3.0;2.0;;;;;;;;;;;;;;;35155
2013-01;4.0;3.0;3.0;3.0;3.0;3.0;3.0;3.0;3.0;3.0;3.0;3.0;;;;;35155
2014-01;21.0;11.0;7.0;8.0;8.0;8.0;9.0;9.0;9.0;10.0;9.0;;;;;;35155
2015-01;2.0;1.0;1.0;1.0;1.0;1.0;1.0;1.0;1.0;1.0;;;;;;;35155
2016-01;2.0;2.0;2.0;2.0;2.0;2.0;2.0;2.0;2.0;;;;;;;;35155
2017-01;8.0;4.0;1.0;1.0;1.0;1.0;1.0;1.0;;;;;;;;;35155
2018-01;5.0;5.0;5.0;5.0;5.0;4.0;4.0;;;;;;;;;;35155
2019-01;8.0;7.0;7.0;7.0;7.0;7.0;;;;;;;;;;;35155
2020-01;17.0;16.0;15.0;14.0;15.0;;;;;;;;;;;;35155
2021-01;7.0;7.0;7.0;7.0;;;;;;;;;;;;;35155
2022-01;13.0;11.0;10.0;;;;;;;;;;;;;;35155
2023-01;13.0;12.0;;;;;;;;;;;;;;;35155
2024-01;10.0;;;;;;;;;;;;;;;;35155
2009-01;226.0;210.0;175.0;144.0;127.0;122.0;121.0;111.0;115.0;119.0;116.0;109.0;112.0;103.0;101.0;103.0;35016
2010-01;261.0;233.0;198.0;142.0;135.0;131.0;118.0;122.0;125.0;131.0;122.0;124.0;121.0;114.0;111.0;;35016
2011-01;205.0;176.0;148.0;149.0;143.0;113.0;113.0;114.0;117.0;114.0;119.0;115.0;116.0;112.0;;;35016
2012-01;196.0;146.0;153.0;121.0;99.0;96.0;93.0;94.0;93.0;94.0;90.0;86.0;87.0;;;;35016
2013-01;82.0;67.0;62.0;47.0;41.0;40.0;44.0;43.0;38.0;32.0;32.0;32.0;;;;;35016
2014-01;186.0;163.0;128.0;118.0;119.0;110.0;103.0;99.0;94.0;95.0;98.0;;;;;;35016
2015-01;242.0;201.0;171.0;149.0;148.0;128.0;129.0;122.0;113.0;117.0;;;;;;;35016
2016-01;167.0;137.0;124.0;116.0;112.0;107.0;99.0;94.0;96.0;;;;;;;;35016
2017-01;183.0;153.0;139.0;133.0;120.0;110.0;106.0;104.0;;;;;;;;;35016
2018-01;266.0;218.0;209.0;189.0;162.0;154.0;152.0;;;;;;;;;;35016
2019-01;264.0;232.0;199.0;192.0;181.0;170.0;;;;;;;;;;;35016
2020-01;277.0;244.0;193.0;190.0;181.0;;;;;;;;;;;;35016
2021-01;380.0;324.0;312.0;293.0;;;;;;;;;;;;;35016
2022-01;316.0;265.0;234.0;;;;;;;;;;;;;;35016
2023-01;447.0;394.0;;;;;;;;;;;;;;;35016
2024-01;524.0;;;;;;;;;;;;;;;;35016
2009-01;3.0;3.0;2.0;1.0;1.0;1.0;1.0;1.0;1.0;1.0;1.0;1.0;1.0;1.0;1.0;1.0;27010
2010-01;1.0;1.0;1.0;1.0;1.0;1.0;;;;;;;;;;;27010
2023-01;19.0;10.0;;;;;;;;;;;;;;;27010
2024-01;13.0;;;;;;;;;;;;;;;;27010
2009-01;3.0;3.0;3.0;1.0;1.0;1.0;1.0;1.0;1.0;1.0;;;;;;;16003
2010-01;1.0;1.0;;;;;;;;;;;;;;;16003
2013-01;1.0;1.0;1.0;1.0;1.0;1.0;1.0;1.0;1.0;1.0;1.0;1.0;;;;;16003
2017-01;1.0;1.0;1.0;1.0;1.0;1.0;1.0;;;;;;;;;;16003
2018-01;2.0;2.0;2.0;;;;;;;;;;;;;;16003
2019-01;1.0;1.0;1.0;1.0;1.0;1.0;;;;;;;;;;;16003
2021-01;3.0;2.0;1.0;1.0;;;;;;;;;;;;;16003
2022-01;1.0;1.0;1.0;;;;;;;;;;;;;;16003
2023-01;1.0;;;;;;;;;;;;;;;;16003
2024-01;1.0;;;;;;;;;;;;;;;;16003
2009-01;3.0;3.0;2.0;1.0;1.0;1.0;1.0;1.0;1.0;1.0;1.0;1.0;1.0;;;;29006
2010-01;3.0;3.0;2.0;2.0;2.0;2.0;2.0;1.0;2.0;2.0;2.0;;1.0;;;;29006
2011-01;3.0;2.0;2.0;2.0;2.0;2.0;2.0;2.0;2.0;2.0;2.0;2.0;2.0;2.0;;;29006
2012-01;10.0;8.0;7.0;7.0;6.0;6.0;5.0;5.0;5.0;4.0;4.0;4.0;4.0;;;;29006
2013-01;5.0;3.0;3.0;2.0;2.0;1.0;1.0;1.0;;;;;;;;;29006
2014-01;2.0;2.0;1.0;1.0;1.0;1.0;1.0;1.0;1.0;1.0;1.0;;;;;;29006
2015-01;2.0;2.0;1.0;;;;;;;;;;;;;;29006
2016-01;4.0;3.0;2.0;1.0;1.0;1.0;1.0;1.0;1.0;;;;;;;;29006
2017-01;6.0;4.0;3.0;3.0;3.0;3.0;3.0;3.0;;;;;;;;;29006
2018-01;10.0;10.0;7.0;6.0;6.0;6.0;5.0;;;;;;;;;;29006
2019-01;6.0;5.0;6.0;5.0;5.0;5.0;;;;;;;;;;;29006
2020-01;3.0;2.0;2.0;2.0;2.0;;;;;;;;;;;;29006
2021-01;4.0;4.0;3.0;3.0;;;;;;;;;;;;;29006
2022-01;4.0;3.0;2.0;;;;;;;;;;;;;;29006
2023-01;10.0;10.0;;;;;;;;;;;;;;;29006
2024-01;15.0;;;;;;;;;;;;;;;;29006
2009-01;2.0;1.0;1.0;1.0;1.0;1.0;1.0;1.0;1.0;1.0;1.0;1.0;1.0;1.0;1.0;1.0;29007
2011-01;3.0;3.0;3.0;2.0;2.0;2.0;2.0;2.0;2.0;2.0;2.0;2.0;2.0;2.0;;;29007
2012-01;1.0;1.0;1.0;1.0;1.0;1.0;1.0;1.0;1.0;1.0;1.0;1.0;1.0;;;;29007
2014-01;3.0;2.0;2.0;2.0;2.0;2.0;1.0;2.0;2.0;2.0;2.0;;;;;;29007
2015-01;2.0;2.0;2.0;2.0;2.0;2.0;2.0;2.0;2.0;2.0;;;;;;;29007
2016-01;1.0;1.0;1.0;1.0;1.0;1.0;1.0;1.0;1.0;;;;;;;;29007
2018-01;5.0;5.0;5.0;3.0;1.0;2.0;2.0;;;;;;;;;;29007
2019-01;1.0;1.0;1.0;1.0;1.0;1.0;;;;;;;;;;;29007
2020-01;3.0;3.0;2.0;2.0;2.0;;;;;;;;;;;;29007
2022-01;5.0;5.0;5.0;;;;;;;;;;;;;;29007
2023-01;3.0;3.0;;;;;;;;;;;;;;;29007
2024-01;8.0;;;;;;;;;;;;;;;;29007
2009-01;8.0;7.0;7.0;6.0;5.0;4.0;4.0;4.0;4.0;4.0;4.0;4.0;4.0;4.0;4.0;4.0;29012
2011-01;2.0;;1.0;1.0;1.0;1.0;;;;;;;;;;;29012
2012-01;2.0;1.0;1.0;1.0;1.0;1.0;1.0;1.0;1.0;1.0;1.0;1.0;1.0;;;;29012
2013-01;2.0;2.0;2.0;2.0;;;;;;;;;;;;;29012
2014-01;3.0;3.0;2.0;2.0;2.0;2.0;3.0;3.0;3.0;3.0;3.0;;;;;;29012
2015-01;45.0;42.0;41.0;40.0;40.0;40.0;40.0;40.0;40.0;40.0;;;;;;;29012
2016-01;72.0;66.0;64.0;62.0;60.0;59.0;56.0;55.0;54.0;;;;;;;;29012
2017-01;2.0;2.0;2.0;2.0;2.0;2.0;2.0;2.0;;;;;;;;;29012
2018-01;2.0;2.0;2.0;2.0;2.0;2.0;2.0;;;;;;;;;;29012
2019-01;2.0;2.0;2.0;;;;;;;;;;;;;;29012
2020-01;2.0;2.0;1.0;2.0;2.0;;;;;;;;;;;;29012
2022-01;1.0;1.0;1.0;;;;;;;;;;;;;;29012
2023-01;9.0;9.0;;;;;;;;;;;;;;;29012
2024-01;1.0;;;;;;;;;;;;;;;;29012
2009-01;4.0;4.0;3.0;2.0;2.0;2.0;2.0;2.0;1.0;1.0;1.0;1.0;1.0;1.0;1.0;1.0;29016
2010-01;4.0;4.0;3.0;3.0;3.0;2.0;1.0;2.0;2.0;2.0;2.0;2.0;2.0;2.0;1.0;;29016
2011-01;5.0;3.0;2.0;2.0;2.0;2.0;1.0;1.0;;1.0;;;1.0;1.0;;;29016
2012-01;8.0;7.0;6.0;6.0;6.0;5.0;5.0;2.0;2.0;2.0;1.0;1.0;1.0;;;;29016
2013-01;7.0;5.0;4.0;4.0;4.0;4.0;4.0;5.0;5.0;5.0;5.0;5.0;;;;;29016
2014-01;3.0;3.0;2.0;2.0;1.0;1.0;1.0;2.0;2.0;2.0;1.0;;;;;;29016
2015-01;3.0;1.0;1.0;1.0;1.0;1.0;1.0;1.0;1.0;1.0;;;;;;;29016
2016-01;1.0;1.0;1.0;1.0;1.0;1.0;1.0;1.0;1.0;;;;;;;;29016
2017-01;1.0;1.0;;;;;;;;;;;;;;;29016
2018-01;2.0;1.0;1.0;1.0;1.0;1.0;1.0;;;;;;;;;;29016
2019-01;7.0;7.0;6.0;5.0;6.0;5.0;;;;;;;;;;;29016
2020-01;4.0;2.0;2.0;2.0;2.0;;;;;;;;;;;;29016
2021-01;1.0;1.0;1.0;1.0;;;;;;;;;;;;;29016
2022-01;3.0;3.0;3.0;;;;;;;;;;;;;;29016
2023-01;6.0;6.0;;;;;;;;;;;;;;;29016
2024-01;4.0;;;;;;;;;;;;;;;;29016
2009-01;80.0;73.0;70.0;63.0;61.0;56.0;54.0;48.0;46.0;48.0;47.0;45.0;47.0;43.0;43.0;43.0;29020
2010-01;27.0;23.0;23.0;21.0;19.0;18.0;15.0;16.0;15.0;17.0;17.0;17.0;17.0;16.0;15.0;;29020
2011-01;59.0;56.0;52.0;44.0;43.0;40.0;40.0;40.0;37.0;36.0;37.0;35.0;35.0;35.0;;;29020
2012-01;28.0;25.0;17.0;17.0;13.0;13.0;13.0;13.0;12.0;12.0;12.0;11.0;9.0;;;;29020
2013-01;19.0;16.0;16.0;16.0;16.0;16.0;14.0;14.0;14.0;12.0;12.0;12.0;;;;;29020
2014-01;24.0;20.0;15.0;14.0;14.0;13.0;13.0;13.0;13.0;12.0;12.0;;;;;;29020
2015-01;35.0;30.0;31.0;29.0;26.0;25.0;24.0;21.0;19.0;19.0;;;;;;;29020
2016-01;29.0;27.0;24.0;25.0;24.0;24.0;24.0;19.0;19.0;;;;;;;;29020
2017-01;26.0;25.0;21.0;22.0;22.0;21.0;19.0;19.0;;;;;;;;;29020
2018-01;42.0;37.0;35.0;33.0;32.0;31.0;30.0;;;;;;;;;;29020
2019-01;75.0;72.0;64.0;61.0;53.0;52.0;;;;;;;;;;;29020
2020-01;52.0;47.0;48.0;44.0;41.0;;;;;;;;;;;;29020
2021-01;37.0;35.0;31.0;31.0;;;;;;;;;;;;;29020
2022-01;46.0;42.0;36.0;;;;;;;;;;;;;;29020
2023-01;56.0;52.0;;;;;;;;;;;;;;;29020
2024-01;52.0;;;;;;;;;;;;;;;;29020
2009-01;2.0;2.0;2.0;2.0;2.0;2.0;2.0;2.0;2.0;2.0;2.0;2.0;2.0;2.0;2.0;2.0;29028
2010-01;3.0;3.0;2.0;2.0;2.0;2.0;2.0;2.0;1.0;1.0;1.0;1.0;1.0;1.0;1.0;;29028
2011-01;2.0;2.0;2.0;2.0;2.0;2.0;2.0;2.0;2.0;2.0;2.0;2.0;2.0;2.0;;;29028
2012-01;1.0;1.0;1.0;1.0;1.0;1.0;1.0;;;;;;;;;;29028
2013-01;4.0;3.0;3.0;3.0;3.0;3.0;3.0;3.0;3.0;3.0;3.0;3.0;;;;;29028
2014-01;7.0;5.0;5.0;4.0;4.0;4.0;4.0;4.0;4.0;4.0;4.0;;;;;;29028
2015-01;7.0;5.0;5.0;5.0;5.0;5.0;5.0;5.0;5.0;5.0;;;;;;;29028
2016-01;2.0;2.0;2.0;2.0;2.0;2.0;2.0;2.0;2.0;;;;;;;;29028
2017-01;3.0;2.0;2.0;2.0;2.0;2.0;2.0;2.0;;;;;;;;;29028
2018-01;5.0;5.0;5.0;5.0;5.0;5.0;5.0;;;;;;;;;;29028
2019-01;3.0;3.0;3.0;3.0;3.0;2.0;;;;;;;;;;;29028
2020-01;3.0;3.0;2.0;2.0;2.0;;;;;;;;;;;;29028
2021-01;2.0;2.0;2.0;2.0;;;;;;;;;;;;;29028
2022-01;5.0;5.0;5.0;;;;;;;;;;;;;;29028
2023-01;8.0;8.0;;;;;;;;;;;;;;;29028
2024-01;11.0;;;;;;;;;;;;;;;;29028
2009-01;3.0;3.0;2.0;1.0;1.0;1.0;1.0;1.0;1.0;2.0;2.0;2.0;3.0;3.0;3.0;3.0;29001
2010-01;2.0;2.0;1.0;1.0;1.0;1.0;1.0;1.0;1.0;1.0;1.0;1.0;1.0;1.0;1.0;;29001
2011-01;6.0;4.0;4.0;4.0;1.0;;;;1.0;1.0;;1.0;1.0;;;;29001
2012-01;4.0;2.0;1.0;1.0;;;;;;;;;;;;;29001
2014-01;1.0;1.0;1.0;1.0;;;;;;;;;;;;;29001
2015-01;1.0;1.0;1.0;1.0;;;;;;;;;;;;;29001
2016-01;2.0;1.0;1.0;1.0;1.0;1.0;1.0;1.0;1.0;;;;;;;;29001
2018-01;1.0;1.0;1.0;1.0;;;;;;;;;;;;;29001
2019-01;4.0;3.0;3.0;3.0;2.0;1.0;;;;;;;;;;;29001
2020-01;2.0;2.0;2.0;2.0;2.0;;;;;;;;;;;;29001
2021-01;6.0;5.0;6.0;3.0;;;;;;;;;;;;;29001
2022-01;3.0;3.0;2.0;;;;;;;;;;;;;;29001
2023-01;6.0;2.0;;;;;;;;;;;;;;;29001
2024-01;2.0;;;;;;;;;;;;;;;;29001
2009-01;2.0;1.0;;;;1.0;;;;;;;;;;;29003
2010-01;4.0;4.0;4.0;4.0;3.0;3.0;1.0;1.0;1.0;1.0;1.0;1.0;1.0;1.0;1.0;;29003
2011-01;1.0;;;;;;;;;;;;;;;;29003
2012-01;1.0;1.0;1.0;1.0;1.0;1.0;1.0;1.0;1.0;1.0;1.0;1.0;1.0;;;;29003
2013-01;1.0;1.0;1.0;1.0;1.0;1.0;1.0;1.0;1.0;1.0;1.0;1.0;;;;;29003
2014-01;1.0;1.0;1.0;1.0;;;;;;;;;;;;;29003
2015-01;2.0;;;;;;;;;;;;;;;;29003
2016-01;3.0;3.0;3.0;2.0;2.0;2.0;2.0;1.0;1.0;;;;;;;;29003
2018-01;2.0;1.0;1.0;1.0;1.0;1.0;1.0;;;;;;;;;;29003
2019-01;1.0;1.0;1.0;1.0;1.0;1.0;;;;;;;;;;;29003
2022-01;3.0;3.0;2.0;;;;;;;;;;;;;;29003
2023-01;4.0;3.0;;;;;;;;;;;;;;;29003
2024-01;1.0;;;;;;;;;;;;;;;;29003
2009-01;9.0;8.0;8.0;6.0;4.0;4.0;4.0;4.0;4.0;4.0;4.0;4.0;2.0;;;;29014
2010-01;3.0;3.0;2.0;3.0;3.0;2.0;3.0;2.0;2.0;2.0;2.0;2.0;2.0;2.0;2.0;;29014
2011-01;2.0;;1.0;1.0;1.0;1.0;;;;;;;;;;;29014
2012-01;1.0;1.0;;;;;;;;;;;;;;;29014
2014-01;4.0;3.0;2.0;1.0;1.0;1.0;;;1.0;;;;;;;;29014
2015-01;2.0;1.0;1.0;;;1.0;1.0;;;;;;;;;;29014
2016-01;4.0;;;;;;;;;;;;;;;;29014
2017-01;2.0;;;;;;;;;;;;;;;;29014
2018-01;2.0;2.0;2.0;1.0;1.0;1.0;1.0;;;;;;;;;;29014
2020-01;1.0;1.0;1.0;1.0;1.0;;;;;;;;;;;;29014
2021-01;1.0;1.0;1.0;;;;;;;;;;;;;;29014
2022-01;2.0;2.0;2.0;;;;;;;;;;;;;;29014
2023-01;2.0;1.0;;;;;;;;;;;;;;;29014
2024-01;3.0;;;;;;;;;;;;;;;;29014
2009-01;3.0;3.0;3.0;2.0;2.0;2.0;2.0;2.0;1.0;1.0;1.0;1.0;1.0;1.0;1.0;1.0;29026
2010-01;5.0;5.0;2.0;2.0;2.0;2.0;2.0;2.0;2.0;2.0;2.0;2.0;2.0;2.0;2.0;;29026
2011-01;1.0;;;;;;;;;;;;;;;;29026
2012-01;3.0;2.0;2.0;2.0;2.0;2.0;2.0;2.0;2.0;2.0;2.0;2.0;2.0;;;;29026
2013-01;1.0;;;;;1.0;1.0;1.0;1.0;1.0;1.0;1.0;;;;;29026
2014-01;2.0;2.0;2.0;1.0;;;;;;;;;;;;;29026
2015-01;1.0;1.0;1.0;1.0;1.0;1.0;1.0;1.0;1.0;;;;;;;;29026
2016-01;1.0;1.0;1.0;1.0;1.0;1.0;1.0;1.0;1.0;;;;;;;;29026
2017-01;2.0;2.0;1.0;1.0;1.0;1.0;1.0;1.0;;;;;;;;;29026
2019-01;2.0;2.0;2.0;2.0;1.0;1.0;;;;;;;;;;;29026
2021-01;1.0;1.0;1.0;;;;;;;;;;;;;;29026
2022-01;2.0;2.0;1.0;;;;;;;;;;;;;;29026
2023-01;1.0;1.0;;;;;;;;;;;;;;;29026
2009-01;13.0;12.0;8.0;5.0;5.0;4.0;3.0;3.0;2.0;4.0;3.0;2.0;2.0;2.0;2.0;2.0;29025
2010-01;3.0;3.0;2.0;2.0;2.0;2.0;2.0;2.0;2.0;2.0;2.0;2.0;2.0;2.0;2.0;;29025
2012-01;3.0;3.0;2.0;2.0;2.0;2.0;2.0;1.0;1.0;1.0;1.0;1.0;1.0;;;;29025
2013-01;2.0;1.0;1.0;1.0;1.0;1.0;1.0;1.0;1.0;1.0;1.0;1.0;;;;;29025
2014-01;1.0;1.0;1.0;;;;;;;;;;;;;;29025
2015-01;2.0;1.0;1.0;1.0;;;;;;;;;;;;;29025
2016-01;3.0;2.0;2.0;2.0;2.0;2.0;2.0;2.0;1.0;;;;;;;;29025
2017-01;2.0;1.0;1.0;1.0;1.0;;;;;;;;;;;;29025
2018-01;1.0;;;;;;;;;;;;;;;;29025
2019-01;2.0;2.0;2.0;2.0;2.0;1.0;;;;;;;;;;;29025
2020-01;3.0;3.0;3.0;3.0;3.0;;;;;;;;;;;;29025
2022-01;3.0;3.0;2.0;;;;;;;;;;;;;;29025
2023-01;5.0;4.0;;;;;;;;;;;;;;;29025
2024-01;2.0;;;;;;;;;;;;;;;;29025
2010-01;1.0;1.0;;;;;;;;;;;;;;;29019
2013-01;1.0;;;;;;;;;;;;;;;;29019
2014-01;4.0;4.0;4.0;4.0;4.0;4.0;4.0;4.0;2.0;2.0;2.0;;;;;;29019
2015-01;1.0;;;;;;;;;;;;;;;;29019
2017-01;2.0;1.0;1.0;1.0;1.0;;;;;;;;;;;;29019
2019-01;1.0;1.0;1.0;1.0;1.0;1.0;;;;;;;;;;;29019
2020-01;1.0;1.0;1.0;;;;;;;;;;;;;;29019
2021-01;1.0;1.0;1.0;1.0;;;;;;;;;;;;;29019
2023-01;5.0;3.0;;;;;;;;;;;;;;;29019
2024-01;6.0;;;;;;;;;;;;;;;;29019
2009-01;2.0;2.0;2.0;1.0;1.0;1.0;1.0;1.0;1.0;1.0;1.0;1.0;1.0;1.0;1.0;1.0;52005
2010-01;1.0;1.0;1.0;1.0;1.0;1.0;1.0;1.0;1.0;1.0;1.0;1.0;1.0;1.0;1.0;;52005
2012-01;1.0;1.0;;;;;;;;;;;;;;;52005
2014-01;1.0;1.0;1.0;1.0;;;;;;;;;;;;;52005
2015-01;1.0;1.0;;;;;;;;;;;;;;;52005
2017-01;2.0;1.0;1.0;1.0;1.0;1.0;1.0;1.0;;;;;;;;;52005
2018-01;1.0;1.0;1.0;1.0;1.0;1.0;1.0;;;;;;;;;;52005
2022-01;3.0;3.0;2.0;;;;;;;;;;;;;;52005
2024-01;1.0;;;;;;;;;;;;;;;;52005
2009-01;299.0;285.0;277.0;265.0;264.0;259.0;259.0;250.0;250.0;247.0;241.0;238.0;238.0;237.0;229.0;223.0;52001
2010-01;20.0;20.0;19.0;19.0;15.0;15.0;13.0;13.0;12.0;11.0;10.0;10.0;10.0;11.0;12.0;;52001
2011-01;25.0;20.0;18.0;17.0;17.0;17.0;17.0;17.0;17.0;17.0;17.0;17.0;16.0;16.0;;;52001
2012-01;17.0;15.0;15.0;15.0;12.0;12.0;12.0;12.0;12.0;11.0;11.0;11.0;11.0;;;;52001
2013-01;27.0;26.0;26.0;26.0;25.0;23.0;23.0;23.0;23.0;22.0;22.0;22.0;;;;;52001
2014-01;24.0;23.0;20.0;20.0;19.0;18.0;18.0;19.0;19.0;18.0;18.0;;;;;;52001
2015-01;16.0;14.0;14.0;14.0;14.0;14.0;14.0;13.0;12.0;12.0;;;;;;;52001
2016-01;37.0;35.0;34.0;33.0;32.0;31.0;30.0;30.0;29.0;;;;;;;;52001
2017-01;28.0;28.0;26.0;24.0;24.0;24.0;24.0;23.0;;;;;;;;;52001
2018-01;34.0;33.0;31.0;31.0;30.0;29.0;30.0;;;;;;;;;;52001
2019-01;36.0;33.0;32.0;32.0;30.0;29.0;;;;;;;;;;;52001
2020-01;34.0;34.0;34.0;33.0;33.0;;;;;;;;;;;;52001
2021-01;41.0;40.0;39.0;38.0;;;;;;;;;;;;;52001
2022-01;42.0;39.0;37.0;;;;;;;;;;;;;;52001
2023-01;48.0;46.0;;;;;;;;;;;;;;;52001
2024-01;41.0;;;;;;;;;;;;;;;;52001
2009-01;4.0;2.0;2.0;1.0;1.0;2.0;2.0;2.0;1.0;1.0;1.0;;;;1.0;;52004
2010-01;4.0;2.0;2.0;2.0;1.0;1.0;1.0;1.0;1.0;1.0;1.0;;;;;;52004
2012-01;1.0;1.0;1.0;1.0;1.0;1.0;1.0;1.0;1.0;1.0;;1.0;1.0;;;;52004
2013-01;1.0;1.0;1.0;1.0;;;;;;;;;;;;;52004
2015-01;1.0;1.0;;;;;;;;;;;;;;;52004
2017-01;3.0;1.0;1.0;1.0;1.0;;;;;;;;;;;;52004
2018-01;2.0;1.0;;;;;;;;;;;;;;;52004
2019-01;2.0;1.0;1.0;1.0;1.0;1.0;;;;;;;;;;;52004
2021-01;3.0;2.0;2.0;2.0;;;;;;;;;;;;;52004
2022-01;1.0;1.0;1.0;;;;;;;;;;;;;;52004
2023-01;18.0;10.0;;;;;;;;;;;;;;;52004
2024-01;14.0;;;;;;;;;;;;;;;;52004
2009-01;11.0;8.0;7.0;3.0;3.0;3.0;4.0;3.0;3.0;2.0;4.0;4.0;4.0;3.0;2.0;2.0;52015
2010-01;13.0;10.0;4.0;4.0;5.0;3.0;3.0;3.0;4.0;4.0;3.0;3.0;3.0;3.0;3.0;;52015
2011-01;7.0;3.0;3.0;3.0;3.0;3.0;3.0;3.0;3.0;3.0;3.0;3.0;3.0;3.0;;;52015
2012-01;11.0;8.0;5.0;4.0;3.0;3.0;1.0;1.0;1.0;1.0;1.0;1.0;1.0;;;;52015
2013-01;9.0;6.0;5.0;4.0;4.0;3.0;2.0;2.0;2.0;2.0;2.0;2.0;;;;;52015
2014-01;31.0;12.0;8.0;8.0;8.0;3.0;4.0;4.0;4.0;2.0;2.0;;;;;;52015
2015-01;12.0;10.0;8.0;4.0;3.0;2.0;2.0;1.0;1.0;1.0;;;;;;;52015
2016-01;10.0;10.0;8.0;2.0;3.0;3.0;3.0;3.0;3.0;;;;;;;;52015
2017-01;4.0;3.0;1.0;1.0;1.0;1.0;1.0;1.0;;;;;;;;;52015
2018-01;2.0;2.0;2.0;2.0;2.0;2.0;2.0;;;;;;;;;;52015
2019-01;6.0;4.0;1.0;1.0;1.0;1.0;;;;;;;;;;;52015
2020-01;2.0;2.0;1.0;1.0;1.0;;;;;;;;;;;;52015
2021-01;6.0;2.0;2.0;2.0;;;;;;;;;;;;;52015
2022-01;16.0;16.0;16.0;;;;;;;;;;;;;;52015
2023-01;1.0;1.0;;;;;;;;;;;;;;;52015
2024-01;7.0;;;;;;;;;;;;;;;;52015
2009-01;2.0;2.0;2.0;1.0;2.0;2.0;2.0;2.0;2.0;2.0;2.0;2.0;2.0;2.0;1.0;1.0;52016
2010-01;13.0;11.0;5.0;4.0;4.0;4.0;4.0;4.0;4.0;1.0;1.0;1.0;1.0;1.0;1.0;;52016
2011-01;3.0;2.0;1.0;1.0;1.0;1.0;1.0;1.0;;;;;;;;;52016
2012-01;1.0;1.0;1.0;1.0;1.0;1.0;1.0;1.0;1.0;1.0;1.0;1.0;1.0;;;;52016
2013-01;2.0;1.0;1.0;1.0;;;;;;;;;;;;;52016
2015-01;1.0;1.0;;1.0;1.0;1.0;;;;;;;;;;;52016
2016-01;2.0;2.0;2.0;2.0;2.0;2.0;2.0;2.0;2.0;;;;;;;;52016
2018-01;1.0;1.0;;;;;;;;;;;;;;;52016
2019-01;3.0;3.0;1.0;1.0;2.0;2.0;;;;;;;;;;;52016
2020-01;1.0;;1.0;1.0;1.0;;;;;;;;;;;;52016
2021-01;3.0;2.0;2.0;2.0;;;;;;;;;;;;;52016
2022-01;2.0;2.0;2.0;;;;;;;;;;;;;;52016
2023-01;1.0;1.0;;;;;;;;;;;;;;;52016
2024-01;4.0;;;;;;;;;;;;;;;;52016
2009-01;1.0;1.0;1.0;;;;;;;;;;;;;;21013
2010-01;2.0;2.0;1.0;;;;;;;;;;;;;;21013
2013-01;7.0;5.0;2.0;2.0;2.0;1.0;1.0;1.0;1.0;1.0;1.0;1.0;;;;;21013
2014-01;1.0;1.0;1.0;1.0;1.0;1.0;1.0;1.0;1.0;1.0;1.0;;;;;;21013
2009-01;2.0;2.0;2.0;2.0;2.0;2.0;2.0;2.0;2.0;2.0;1.0;1.0;1.0;1.0;1.0;1.0;21015
2016-01;1.0;;;;;;;;;;;;;;;;21015
2017-01;1.0;;;;;;;;;;;;;;;;21015
2018-01;1.0;1.0;1.0;;;;;;;;;;;;;;21015
2019-01;1.0;;;;;;;;;;;;;;;;21015
2020-01;2.0;1.0;1.0;;;;;;;;;;;;;;21015
2022-01;1.0;;;;;;;;;;;;;;;;21015
2024-01;1.0;;;;;;;;;;;;;;;;21015
2009-01;3.0;2.0;2.0;1.0;1.0;;;;;;;;;;;;31068
2010-01;6.0;1.0;;;;1.0;1.0;;;;;;;;;;31068
2012-01;1.0;1.0;1.0;1.0;1.0;;;;;;;;;;;;31068
2013-01;1.0;1.0;1.0;1.0;1.0;1.0;1.0;1.0;;;;;;;;;31068
2014-01;2.0;1.0;;;;1.0;1.0;1.0;;;;;;;;;31068
2015-01;1.0;1.0;;;;;;;;;;;;;;;31068
2019-01;2.0;2.0;2.0;1.0;;;;;;;;;;;;;31068
2022-01;1.0;1.0;1.0;;;;;;;;;;;;;;31068
2023-01;1.0;1.0;;;;;;;;;;;;;;;31068
2024-01;1.0;;;;;;;;;;;;;;;;31068
2009-01;2.0;1.0;1.0;1.0;1.0;1.0;1.0;1.0;1.0;1.0;1.0;1.0;1.0;1.0;1.0;;31013
2010-01;13.0;6.0;2.0;1.0;1.0;1.0;1.0;1.0;1.0;1.0;1.0;1.0;1.0;1.0;1.0;;31013
2011-01;8.0;3.0;1.0;1.0;1.0;1.0;1.0;1.0;1.0;1.0;1.0;1.0;1.0;;;;31013
2012-01;1.0;1.0;1.0;1.0;1.0;1.0;1.0;1.0;1.0;1.0;;;;;;;31013
2013-01;5.0;4.0;3.0;3.0;3.0;3.0;3.0;3.0;2.0;2.0;2.0;2.0;;;;;31013
2014-01;1.0;1.0;1.0;1.0;1.0;1.0;1.0;1.0;;;;;;;;;31013
2015-01;4.0;4.0;3.0;2.0;1.0;1.0;1.0;1.0;1.0;1.0;;;;;;;31013
2016-01;4.0;4.0;2.0;2.0;2.0;1.0;1.0;1.0;1.0;;;;;;;;31013
2017-01;2.0;2.0;2.0;2.0;2.0;1.0;1.0;1.0;;;;;;;;;31013
2018-01;2.0;1.0;1.0;1.0;1.0;1.0;1.0;;;;;;;;;;31013
2019-01;1.0;1.0;1.0;1.0;;;;;;;;;;;;;31013
2020-01;4.0;3.0;2.0;1.0;1.0;;;;;;;;;;;;31013
2021-01;1.0;1.0;1.0;1.0;;;;;;;;;;;;;31013
2022-01;3.0;3.0;2.0;;;;;;;;;;;;;;31013
2023-01;3.0;1.0;;;;;;;;;;;;;;;31013
2024-01;3.0;;;;;;;;;;;;;;;;31013
2009-01;3.0;3.0;3.0;3.0;2.0;1.0;1.0;;;;;;;;;;31078
2010-01;2.0;2.0;1.0;1.0;;;;;;;;;;;;;31078
2011-01;7.0;3.0;3.0;2.0;2.0;2.0;2.0;2.0;2.0;3.0;3.0;2.0;2.0;2.0;;;31078
2013-01;1.0;1.0;1.0;1.0;1.0;1.0;;;;;;;;;;;31078
2014-01;1.0;1.0;1.0;;;;;;;;;;;;;;31078
2015-01;2.0;2.0;2.0;1.0;;;;;;;;;;;;;31078
2017-01;2.0;;;;;;;;;;;;;;;;31078
2018-01;6.0;5.0;5.0;5.0;1.0;1.0;1.0;;;;;;;;;;31078
2019-01;3.0;2.0;2.0;;;;;;;;;;;;;;31078
2020-01;16.0;16.0;7.0;7.0;2.0;;;;;;;;;;;;31078
2021-01;2.0;2.0;2.0;1.0;;;;;;;;;;;;;31078
2022-01;7.0;4.0;1.0;;;;;;;;;;;;;;31078
2023-01;14.0;9.0;;;;;;;;;;;;;;;31078
2024-01;6.0;;;;;;;;;;;;;;;;31078
2009-01;2.0;1.0;1.0;1.0;1.0;1.0;1.0;1.0;1.0;1.0;1.0;1.0;1.0;1.0;1.0;1.0;31036
2010-01;2.0;1.0;1.0;1.0;1.0;1.0;1.0;1.0;1.0;1.0;1.0;1.0;1.0;1.0;1.0;;31036
2011-01;1.0;1.0;1.0;1.0;1.0;1.0;1.0;1.0;1.0;1.0;1.0;1.0;1.0;1.0;;;31036
2013-01;2.0;2.0;2.0;2.0;2.0;2.0;2.0;2.0;2.0;2.0;2.0;2.0;;;;;31036
2014-01;3.0;3.0;3.0;2.0;2.0;2.0;1.0;1.0;1.0;1.0;1.0;;;;;;31036
2015-01;7.0;7.0;6.0;6.0;6.0;5.0;5.0;4.0;4.0;4.0;;;;;;;31036
2016-01;1.0;1.0;1.0;1.0;1.0;1.0;1.0;1.0;1.0;;;;;;;;31036
2017-01;1.0;1.0;1.0;1.0;1.0;;;;;;;;;;;;31036
2018-01;3.0;3.0;3.0;3.0;3.0;3.0;3.0;;;;;;;;;;31036
2019-01;3.0;3.0;3.0;3.0;3.0;3.0;;;;;;;;;;;31036
2020-01;4.0;4.0;3.0;3.0;3.0;;;;;;;;;;;;31036
2021-01;2.0;2.0;2.0;2.0;;;;;;;;;;;;;31036
2022-01;3.0;3.0;3.0;;;;;;;;;;;;;;31036
2023-01;3.0;3.0;;;;;;;;;;;;;;;31036
2024-01;3.0;;;;;;;;;;;;;;;;31036
2009-01;11.0;7.0;4.0;2.0;2.0;2.0;2.0;2.0;2.0;2.0;2.0;2.0;2.0;2.0;2.0;2.0;31021
2010-01;9.0;4.0;6.0;6.0;5.0;5.0;3.0;3.0;3.0;3.0;3.0;3.0;3.0;3.0;3.0;;31021
2011-01;7.0;6.0;6.0;4.0;2.0;2.0;2.0;2.0;1.0;1.0;1.0;1.0;1.0;2.0;;;31021
2012-01;7.0;7.0;5.0;5.0;3.0;3.0;3.0;;;;1.0;1.0;1.0;;;;31021
2013-01;1.0;1.0;1.0;1.0;1.0;1.0;1.0;1.0;1.0;1.0;1.0;1.0;;;;;31021
2015-01;3.0;3.0;3.0;3.0;3.0;3.0;3.0;2.0;2.0;2.0;;;;;;;31021
2017-01;72.0;70.0;70.0;68.0;47.0;46.0;44.0;43.0;;;;;;;;;31021
2018-01;11.0;11.0;11.0;7.0;7.0;7.0;7.0;;;;;;;;;;31021
2019-01;36.0;35.0;31.0;29.0;29.0;29.0;;;;;;;;;;;31021
2020-01;20.0;16.0;15.0;15.0;15.0;;;;;;;;;;;;31021
2021-01;10.0;9.0;9.0;9.0;;;;;;;;;;;;;31021
2022-01;16.0;14.0;14.0;;;;;;;;;;;;;;31021
2023-01;6.0;6.0;;;;;;;;;;;;;;;31021
2024-01;22.0;;;;;;;;;;;;;;;;31021
2009-01;1.0;1.0;;;;;;;;;;;;;;;31015
2010-01;2.0;2.0;1.0;1.0;;;;;;;;;;;;;31015
2011-01;1.0;1.0;1.0;;;;;;;;;;;;;;31015
2013-01;3.0;3.0;3.0;3.0;3.0;2.0;2.0;2.0;2.0;2.0;2.0;2.0;;;;;31015
2014-01;2.0;2.0;;;;;;;;;;;;;;;31015
2015-01;1.0;1.0;1.0;1.0;1.0;1.0;1.0;1.0;1.0;;;;;;;;31015
2016-01;3.0;3.0;3.0;3.0;2.0;2.0;2.0;2.0;2.0;;;;;;;;31015
2017-01;4.0;3.0;3.0;3.0;3.0;3.0;3.0;3.0;;;;;;;;;31015
2018-01;2.0;2.0;;;;;;;;;;;;;;;31015
2019-01;4.0;4.0;4.0;3.0;2.0;3.0;;;;;;;;;;;31015
2020-01;3.0;3.0;3.0;3.0;3.0;;;;;;;;;;;;31015
2021-01;2.0;2.0;;;;;;;;;;;;;;;31015
2022-01;2.0;2.0;2.0;;;;;;;;;;;;;;31015
2023-01;2.0;2.0;;;;;;;;;;;;;;;31015
2024-01;8.0;;;;;;;;;;;;;;;;31015
2009-01;21.0;20.0;20.0;18.0;17.0;17.0;17.0;17.0;16.0;16.0;16.0;16.0;16.0;16.0;16.0;14.0;31018
2010-01;7.0;6.0;4.0;2.0;2.0;2.0;2.0;2.0;2.0;2.0;2.0;2.0;2.0;1.0;1.0;;31018
2011-01;14.0;14.0;13.0;12.0;12.0;12.0;12.0;12.0;12.0;12.0;12.0;11.0;11.0;11.0;;;31018
2012-01;3.0;3.0;2.0;2.0;2.0;2.0;2.0;2.0;2.0;2.0;2.0;2.0;2.0;;;;31018
2013-01;15.0;12.0;12.0;11.0;11.0;11.0;11.0;10.0;11.0;11.0;10.0;8.0;;;;;31018
2014-01;4.0;4.0;4.0;4.0;4.0;4.0;3.0;3.0;3.0;3.0;3.0;;;;;;31018
2015-01;4.0;4.0;4.0;4.0;4.0;4.0;4.0;4.0;4.0;4.0;;;;;;;31018
2016-01;4.0;4.0;3.0;3.0;3.0;3.0;3.0;2.0;1.0;;;;;;;;31018
2017-01;5.0;5.0;5.0;4.0;4.0;3.0;3.0;3.0;;;;;;;;;31018
2018-01;11.0;9.0;8.0;8.0;7.0;8.0;7.0;;;;;;;;;;31018
2019-01;3.0;1.0;1.0;2.0;2.0;1.0;;;;;;;;;;;31018
2020-01;15.0;13.0;7.0;8.0;5.0;;;;;;;;;;;;31018
2021-01;30.0;17.0;17.0;15.0;;;;;;;;;;;;;31018
2022-01;15.0;15.0;12.0;;;;;;;;;;;;;;31018
2023-01;91.0;81.0;;;;;;;;;;;;;;;31018
2024-01;35.0;;;;;;;;;;;;;;;;31018
2010-01;2.0;2.0;2.0;;;;;;;;;;;;;;31085
2011-01;2.0;2.0;1.0;;;;;;;;;;;;;;31085
2012-01;1.0;1.0;1.0;1.0;1.0;1.0;1.0;1.0;1.0;1.0;1.0;1.0;1.0;;;;31085
2013-01;2.0;2.0;1.0;1.0;1.0;;;;;;;;;;;;31085
2015-01;1.0;1.0;1.0;1.0;;;;;;;;;;;;;31085
2016-01;1.0;1.0;;;;;;;;;;;;;;;31085
2018-01;2.0;2.0;1.0;1.0;1.0;;;;;;;;;;;;31085
2020-01;1.0;;;;;;;;;;;;;;;;31085
2021-01;1.0;1.0;;;;;;;;;;;;;;;31085
2023-01;4.0;4.0;;;;;;;;;;;;;;;31085
2010-01;3.0;2.0;2.0;2.0;2.0;2.0;2.0;;;;;;;;;;31049
2011-01;1.0;1.0;1.0;1.0;1.0;1.0;1.0;;;;;;;;;;31049
2012-01;1.0;1.0;1.0;;;;;;;;;;;;;;31049
2015-01;1.0;;;;;;;;;;;;;;;;31049
2016-01;2.0;2.0;2.0;1.0;1.0;1.0;1.0;1.0;;;;;;;;;31049
2017-01;1.0;1.0;1.0;1.0;1.0;;;;;;;;;;;;31049
2019-01;3.0;3.0;2.0;2.0;2.0;2.0;;;;;;;;;;;31049
2020-01;2.0;2.0;2.0;2.0;2.0;;;;;;;;;;;;31049
2022-01;1.0;1.0;;;;;;;;;;;;;;;31049
2023-01;2.0;2.0;;;;;;;;;;;;;;;31049
2009-01;11.0;7.0;6.0;6.0;5.0;3.0;3.0;3.0;2.0;2.0;4.0;4.0;3.0;3.0;3.0;3.0;15010
2010-01;7.0;6.0;5.0;4.0;4.0;3.0;3.0;3.0;1.0;1.0;2.0;2.0;1.0;1.0;1.0;;15010
2011-01;5.0;4.0;4.0;2.0;3.0;3.0;3.0;3.0;3.0;3.0;3.0;2.0;2.0;1.0;;;15010
2012-01;3.0;3.0;1.0;1.0;;;;;;;;;;;;;15010
2013-01;2.0;1.0;;;;;;;;;;;;;;;15010
2014-01;5.0;3.0;3.0;3.0;3.0;3.0;3.0;;1.0;1.0;1.0;;;;;;15010
2015-01;3.0;2.0;1.0;;;;;;;;;;;;;;15010
2016-01;2.0;1.0;;;1.0;1.0;1.0;1.0;1.0;;;;;;;;15010
2017-01;1.0;;;;;;;;;;;;;;;;15010
2018-01;3.0;3.0;2.0;1.0;;;;;;;;;;;;;15010
2020-01;1.0;;1.0;1.0;1.0;;;;;;;;;;;;15010
2021-01;3.0;1.0;1.0;1.0;;;;;;;;;;;;;15010
2022-01;13.0;12.0;6.0;;;;;;;;;;;;;;15010
2023-01;5.0;2.0;;;;;;;;;;;;;;;15010
2024-01;6.0;;;;;;;;;;;;;;;;15010
2009-01;12.0;9.0;8.0;4.0;4.0;4.0;4.0;3.0;3.0;3.0;3.0;3.0;;1.0;;;15004
2010-01;7.0;6.0;3.0;3.0;2.0;2.0;2.0;2.0;2.0;2.0;1.0;1.0;1.0;1.0;1.0;;15004
2011-01;1.0;1.0;1.0;1.0;1.0;1.0;1.0;;;;;;;;;;15004
2012-01;3.0;3.0;2.0;2.0;1.0;2.0;1.0;1.0;1.0;1.0;1.0;1.0;1.0;;;;15004
2013-01;2.0;2.0;1.0;;;;;;;;;;;;;;15004
2014-01;4.0;4.0;4.0;4.0;3.0;3.0;3.0;3.0;1.0;3.0;3.0;;;;;;15004
2015-01;4.0;3.0;3.0;3.0;1.0;1.0;1.0;1.0;1.0;2.0;;;;;;;15004
2016-01;1.0;1.0;;;;;;;;;;;;;;;15004
2017-01;4.0;1.0;1.0;;1.0;1.0;1.0;1.0;;;;;;;;;15004
2018-01;7.0;5.0;1.0;1.0;;;;;;;;;;;;;15004
2020-01;5.0;5.0;4.0;2.0;2.0;;;;;;;;;;;;15004
2021-01;1.0;1.0;;;;;;;;;;;;;;;15004
2022-01;15.0;6.0;4.0;;;;;;;;;;;;;;15004
2023-01;4.0;1.0;;;;;;;;;;;;;;;15004
2024-01;3.0;;;;;;;;;;;;;;;;15004
2009-01;12.0;8.0;4.0;;;;;;;;;1.0;;;;;15008
2010-01;5.0;4.0;4.0;4.0;3.0;3.0;2.0;;;;;;;;;;15008
2012-01;8.0;6.0;6.0;6.0;6.0;5.0;4.0;4.0;4.0;4.0;3.0;3.0;3.0;;;;15008
2013-01;3.0;2.0;1.0;1.0;1.0;1.0;1.0;1.0;1.0;1.0;1.0;1.0;;;;;15008
2014-01;3.0;3.0;3.0;2.0;1.0;1.0;1.0;1.0;1.0;1.0;1.0;;;;;;15008
2015-01;4.0;4.0;4.0;4.0;3.0;2.0;2.0;2.0;2.0;2.0;;;;;;;15008
2016-01;3.0;2.0;1.0;1.0;1.0;1.0;;;;;;;;;;;15008
2017-01;2.0;2.0;2.0;2.0;2.0;2.0;2.0;2.0;;;;;;;;;15008
2018-01;2.0;1.0;1.0;1.0;1.0;1.0;1.0;;;;;;;;;;15008
2019-01;2.0;1.0;1.0;1.0;1.0;1.0;;;;;;;;;;;15008
2020-01;8.0;7.0;6.0;5.0;4.0;;;;;;;;;;;;15008
2021-01;7.0;6.0;6.0;4.0;;;;;;;;;;;;;15008
2022-01;11.0;7.0;4.0;;;;;;;;;;;;;;15008
2023-01;6.0;6.0;;;;;;;;;;;;;;;15008
2024-01;24.0;;;;;;;;;;;;;;;;15008
2009-01;2.0;2.0;1.0;1.0;1.0;1.0;1.0;2.0;1.0;2.0;1.0;1.0;1.0;1.0;;;15011
2010-01;7.0;4.0;3.0;4.0;4.0;3.0;2.0;1.0;1.0;;;;;;;;15011
2011-01;3.0;3.0;1.0;1.0;;;;;;;;;;1.0;;;15011
2012-01;1.0;;;;;;;;;;;;1.0;;;;15011
2013-01;2.0;2.0;2.0;2.0;2.0;2.0;;;;;;;;;;;15011
2014-01;1.0;1.0;1.0;1.0;;;;;;;;;;;;;15011
2015-01;4.0;3.0;3.0;;;;;;;1.0;;;;;;;15011
2016-01;3.0;3.0;1.0;1.0;1.0;1.0;1.0;1.0;1.0;;;;;;;;15011
2017-01;1.0;1.0;1.0;;;;;;;;;;;;;;15011
2018-01;6.0;6.0;6.0;5.0;4.0;4.0;3.0;;;;;;;;;;15011
2019-01;3.0;1.0;1.0;1.0;1.0;;;;;;;;;;;;15011
2020-01;17.0;15.0;9.0;9.0;8.0;;;;;;;;;;;;15011
2021-01;5.0;1.0;;;;;;;;;;;;;;;15011
2022-01;1.0;1.0;1.0;;;;;;;;;;;;;;15011
2023-01;3.0;2.0;;;;;;;;;;;;;;;15011
2024-01;4.0;;;;;;;;;;;;;;;;15011
2010-01;2.0;2.0;1.0;1.0;1.0;1.0;1.0;1.0;1.0;1.0;1.0;1.0;1.0;1.0;1.0;;25007
2011-01;3.0;1.0;1.0;;;;;;;;;;;;;;25007
2012-01;3.0;2.0;1.0;1.0;;;1.0;1.0;1.0;1.0;1.0;1.0;1.0;;;;25007
2013-01;2.0;2.0;2.0;2.0;2.0;2.0;2.0;2.0;2.0;2.0;2.0;2.0;;;;;25007
2014-01;1.0;1.0;1.0;1.0;;;;;;;;;;;;;25007
2018-01;2.0;1.0;1.0;1.0;1.0;1.0;1.0;;;;;;;;;;25007
2023-01;1.0;1.0;;;;;;;;;;;;;;;25007
2024-01;1.0;;;;;;;;;;;;;;;;25007
2009-01;6.0;5.0;5.0;4.0;3.0;2.0;2.0;2.0;2.0;2.0;2.0;2.0;2.0;1.0;1.0;1.0;25006
2010-01;2.0;2.0;1.0;1.0;1.0;1.0;1.0;1.0;1.0;1.0;1.0;1.0;1.0;1.0;1.0;;25006
2012-01;2.0;1.0;;;;;;;;;;;;;;;25006
2018-01;1.0;1.0;;;;;;;;;;;;;;;25006
2020-01;1.0;1.0;1.0;;;;;;;;;;;;;;25006
2022-01;5.0;5.0;4.0;;;;;;;;;;;;;;25006
2023-01;3.0;3.0;;;;;;;;;;;;;;;25006
2024-01;1.0;;;;;;;;;;;;;;;;25006
2009-01;5.0;5.0;4.0;4.0;2.0;2.0;2.0;2.0;2.0;2.0;2.0;2.0;2.0;2.0;2.0;2.0;25009
2011-01;1.0;1.0;1.0;1.0;1.0;;;;;;;;;;;;25009
2012-01;2.0;1.0;1.0;1.0;1.0;1.0;1.0;1.0;1.0;1.0;1.0;1.0;1.0;;;;25009
2013-01;2.0;2.0;2.0;1.0;1.0;1.0;1.0;1.0;1.0;1.0;;1.0;;;;;25009
2015-01;2.0;1.0;1.0;1.0;1.0;;;;;;;;;;;;25009
2016-01;1.0;1.0;1.0;1.0;1.0;1.0;1.0;1.0;1.0;;;;;;;;25009
2017-01;2.0;1.0;1.0;;;;;;;;;;;;;;25009
2019-01;2.0;2.0;2.0;2.0;1.0;1.0;;;;;;;;;;;25009
2020-01;9.0;7.0;6.0;3.0;2.0;;;;;;;;;;;;25009
2021-01;1.0;1.0;1.0;;;;;;;;;;;;;;25009
2022-01;2.0;2.0;1.0;;;;;;;;;;;;;;25009
2024-01;4.0;;;;;;;;;;;;;;;;25009
2009-01;4.0;4.0;4.0;4.0;4.0;4.0;4.0;4.0;4.0;3.0;3.0;3.0;3.0;2.0;2.0;2.0;25016
2010-01;3.0;3.0;3.0;3.0;3.0;3.0;3.0;2.0;2.0;2.0;2.0;2.0;2.0;2.0;2.0;;25016
2011-01;14.0;14.0;14.0;12.0;12.0;10.0;9.0;8.0;8.0;8.0;6.0;6.0;6.0;6.0;;;25016
2012-01;16.0;15.0;15.0;13.0;12.0;12.0;10.0;9.0;8.0;8.0;6.0;6.0;6.0;;;;25016
2013-01;2.0;2.0;2.0;2.0;2.0;2.0;2.0;2.0;2.0;2.0;2.0;2.0;;;;;25016
2014-01;4.0;3.0;3.0;3.0;3.0;3.0;2.0;2.0;2.0;2.0;2.0;;;;;;25016
2015-01;5.0;5.0;4.0;4.0;3.0;3.0;2.0;2.0;2.0;2.0;;;;;;;25016
2016-01;8.0;8.0;5.0;5.0;5.0;5.0;5.0;5.0;5.0;;;;;;;;25016
2017-01;7.0;7.0;7.0;7.0;7.0;7.0;7.0;7.0;;;;;;;;;25016
2018-01;7.0;7.0;6.0;6.0;4.0;4.0;4.0;;;;;;;;;;25016
2019-01;19.0;19.0;19.0;16.0;16.0;15.0;;;;;;;;;;;25016
2020-01;5.0;5.0;5.0;4.0;4.0;;;;;;;;;;;;25016
2021-01;4.0;2.0;1.0;1.0;;;;;;;;;;;;;25016
2022-01;8.0;8.0;8.0;;;;;;;;;;;;;;25016
2023-01;6.0;5.0;;;;;;;;;;;;;;;25016
2024-01;10.0;;;;;;;;;;;;;;;;25016
2010-01;1.0;1.0;1.0;1.0;1.0;1.0;1.0;1.0;1.0;;1.0;;;;;;25011
2012-01;1.0;1.0;1.0;1.0;;;;;;;;;;;;;25011
2016-01;1.0;1.0;1.0;1.0;1.0;1.0;1.0;;;;;;;;;;25011
2021-01;1.0;1.0;1.0;;;;;;;;;;;;;;25011
2022-01;1.0;1.0;1.0;;;;;;;;;;;;;;25011
2023-01;1.0;;;;;;;;;;;;;;;;25011
2024-01;3.0;;;;;;;;;;;;;;;;25011
2009-01;7.0;5.0;4.0;;;;;;;;;;;;;;26006
2010-01;3.0;2.0;;;;;;;;;;;;;;;26006
2011-01;8.0;6.0;7.0;5.0;3.0;2.0;3.0;3.0;3.0;4.0;4.0;4.0;4.0;4.0;;;26006
2012-01;2.0;1.0;1.0;1.0;1.0;1.0;;;;1.0;1.0;1.0;1.0;;;;26006
2013-01;1.0;1.0;1.0;1.0;1.0;1.0;1.0;1.0;1.0;1.0;1.0;1.0;;;;;26006
2014-01;2.0;2.0;2.0;2.0;1.0;1.0;1.0;1.0;1.0;1.0;1.0;;;;;;26006
2015-01;1.0;;;;;;;;;;;;;;;;26006
2017-01;2.0;2.0;1.0;1.0;1.0;1.0;1.0;1.0;;;;;;;;;26006
2018-01;4.0;2.0;1.0;1.0;1.0;1.0;;;;;;;;;;;26006
2019-01;2.0;1.0;1.0;1.0;1.0;1.0;;;;;;;;;;;26006
2020-01;4.0;4.0;4.0;4.0;4.0;;;;;;;;;;;;26006
2021-01;3.0;3.0;1.0;1.0;;;;;;;;;;;;;26006
2023-01;4.0;1.0;;;;;;;;;;;;;;;26006
2024-01;3.0;;;;;;;;;;;;;;;;26006
2010-01;4.0;4.0;1.0;1.0;1.0;;;;;;;;;;;;26008
2011-01;2.0;1.0;;;;;;;;;;;;;;;26008
2012-01;1.0;1.0;1.0;1.0;1.0;1.0;;;;;;;;;;;26008
2013-01;10.0;8.0;7.0;5.0;3.0;3.0;2.0;1.0;1.0;2.0;2.0;1.0;;;;;26008
2014-01;3.0;2.0;3.0;3.0;3.0;1.0;;;;;;;;;;;26008
2015-01;3.0;3.0;2.0;2.0;;;;;;;;;;;;;26008
2016-01;2.0;1.0;;;;;;;;;;;;;;;26008
2017-01;4.0;2.0;1.0;1.0;1.0;1.0;;;;;;;;;;;26008
2018-01;1.0;;;;;;;;;;;;;;;;26008
2019-01;6.0;2.0;2.0;1.0;1.0;1.0;;;;;;;;;;;26008
2020-01;7.0;5.0;2.0;2.0;2.0;;;;;;;;;;;;26008
2021-01;8.0;8.0;7.0;6.0;;;;;;;;;;;;;26008
2022-01;6.0;3.0;2.0;;;;;;;;;;;;;;26008
2023-01;9.0;2.0;;;;;;;;;;;;;;;26008
2024-01;10.0;;;;;;;;;;;;;;;;26008
2009-01;1.0;;1.0;1.0;1.0;;;;;;;;;;;;26009
2010-01;2.0;2.0;1.0;1.0;1.0;1.0;1.0;1.0;1.0;1.0;1.0;1.0;1.0;1.0;1.0;;26009
2011-01;3.0;3.0;3.0;3.0;3.0;3.0;3.0;3.0;3.0;3.0;3.0;3.0;3.0;3.0;;;26009
2012-01;2.0;2.0;2.0;2.0;1.0;2.0;2.0;1.0;1.0;1.0;1.0;1.0;1.0;;;;26009
2013-01;1.0;1.0;1.0;1.0;1.0;1.0;1.0;1.0;1.0;1.0;1.0;1.0;;;;;26009
2014-01;2.0;2.0;2.0;2.0;1.0;1.0;1.0;1.0;1.0;1.0;1.0;;;;;;26009
2015-01;4.0;4.0;4.0;4.0;4.0;3.0;3.0;3.0;3.0;3.0;;;;;;;26009
2016-01;5.0;4.0;5.0;4.0;4.0;4.0;3.0;4.0;4.0;;;;;;;;26009
2017-01;3.0;3.0;3.0;2.0;3.0;3.0;3.0;3.0;;;;;;;;;26009
2018-01;3.0;1.0;1.0;1.0;1.0;1.0;1.0;;;;;;;;;;26009
2019-01;8.0;7.0;6.0;4.0;5.0;5.0;;;;;;;;;;;26009
2020-01;5.0;3.0;5.0;4.0;5.0;;;;;;;;;;;;26009
2021-01;6.0;6.0;5.0;5.0;;;;;;;;;;;;;26009
2022-01;6.0;6.0;5.0;;;;;;;;;;;;;;26009
2023-01;4.0;4.0;;;;;;;;;;;;;;;26009
2024-01;9.0;;;;;;;;;;;;;;;;26009
2009-01;2.0;2.0;1.0;1.0;1.0;1.0;1.0;1.0;1.0;1.0;1.0;1.0;1.0;1.0;1.0;1.0;26012
2010-01;2.0;2.0;2.0;2.0;;;;;;;;;;;;;26012
2011-01;1.0;;;;;;;;1.0;1.0;1.0;1.0;1.0;1.0;;;26012
2014-01;3.0;2.0;2.0;1.0;2.0;2.0;2.0;2.0;2.0;2.0;2.0;;;;;;26012
2017-01;1.0;1.0;1.0;1.0;1.0;1.0;1.0;1.0;;;;;;;;;26012
2019-01;3.0;2.0;2.0;2.0;2.0;2.0;;;;;;;;;;;26012
2020-01;1.0;1.0;1.0;1.0;1.0;;;;;;;;;;;;26012
2021-01;1.0;1.0;1.0;1.0;;;;;;;;;;;;;26012
2023-01;3.0;3.0;;;;;;;;;;;;;;;26012
2024-01;7.0;;;;;;;;;;;;;;;;26012
2009-01;12.0;12.0;11.0;11.0;11.0;11.0;10.0;10.0;10.0;10.0;10.0;10.0;10.0;10.0;10.0;10.0;22004
2010-01;7.0;7.0;5.0;5.0;5.0;5.0;5.0;5.0;5.0;5.0;5.0;5.0;4.0;4.0;4.0;;22004
2011-01;6.0;6.0;6.0;6.0;6.0;5.0;4.0;4.0;4.0;4.0;4.0;4.0;4.0;4.0;;;22004
2012-01;4.0;4.0;3.0;3.0;3.0;3.0;3.0;3.0;3.0;3.0;3.0;3.0;3.0;;;;22004
2013-01;7.0;7.0;7.0;7.0;7.0;7.0;7.0;7.0;6.0;6.0;6.0;6.0;;;;;22004
2014-01;8.0;8.0;8.0;8.0;8.0;8.0;8.0;8.0;8.0;8.0;8.0;;;;;;22004
2015-01;13.0;12.0;12.0;12.0;13.0;12.0;12.0;12.0;12.0;12.0;;;;;;;22004
2016-01;18.0;18.0;17.0;17.0;17.0;17.0;16.0;16.0;15.0;;;;;;;;22004
2017-01;12.0;12.0;11.0;11.0;11.0;11.0;11.0;11.0;;;;;;;;;22004
2018-01;22.0;22.0;20.0;19.0;20.0;20.0;19.0;;;;;;;;;;22004
2019-01;14.0;13.0;11.0;12.0;12.0;11.0;;;;;;;;;;;22004
2020-01;16.0;14.0;14.0;14.0;13.0;;;;;;;;;;;;22004
2021-01;16.0;16.0;16.0;15.0;;;;;;;;;;;;;22004
2022-01;14.0;14.0;14.0;;;;;;;;;;;;;;22004
2023-01;14.0;14.0;;;;;;;;;;;;;;;22004
2024-01;17.0;;;;;;;;;;;;;;;;22004
2009-01;2.0;2.0;2.0;1.0;1.0;1.0;1.0;1.0;1.0;1.0;1.0;1.0;1.0;1.0;1.0;1.0;22005
2010-01;1.0;1.0;1.0;1.0;1.0;1.0;1.0;1.0;1.0;1.0;1.0;1.0;1.0;1.0;1.0;;22005
2012-01;1.0;1.0;1.0;1.0;1.0;1.0;1.0;1.0;1.0;1.0;1.0;1.0;1.0;;;;22005
2013-01;1.0;1.0;1.0;1.0;1.0;1.0;1.0;1.0;1.0;1.0;1.0;1.0;;;;;22005
2014-01;2.0;2.0;2.0;2.0;2.0;2.0;2.0;2.0;2.0;2.0;2.0;;;;;;22005
2018-01;1.0;1.0;1.0;1.0;1.0;1.0;1.0;;;;;;;;;;22005
2020-01;1.0;;;;;;;;;;;;;;;;22005
2023-01;1.0;1.0;;;;;;;;;;;;;;;22005
2009-01;17.0;16.0;16.0;11.0;11.0;10.0;9.0;8.0;7.0;6.0;6.0;6.0;6.0;6.0;6.0;5.0;22006
2010-01;1.0;1.0;1.0;1.0;1.0;1.0;1.0;1.0;;;;;;;;;22006
2011-01;1.0;1.0;1.0;;;;;;;;;;;;;;22006
2014-01;1.0;1.0;1.0;1.0;1.0;1.0;1.0;1.0;1.0;1.0;;;;;;;22006
2009-01;13.0;9.0;9.0;7.0;7.0;8.0;8.0;8.0;4.0;4.0;3.0;3.0;3.0;3.0;4.0;4.0;41019
2010-01;8.0;6.0;5.0;4.0;4.0;4.0;4.0;4.0;4.0;4.0;4.0;4.0;4.0;4.0;3.0;;41019
2011-01;3.0;3.0;2.0;2.0;2.0;1.0;1.0;1.0;1.0;1.0;1.0;1.0;1.0;1.0;;;41019
2012-01;8.0;8.0;8.0;8.0;8.0;8.0;8.0;7.0;7.0;7.0;2.0;;;;;;41019
2014-01;3.0;2.0;2.0;2.0;;;;;;;;;;;;;41019
2015-01;1.0;1.0;1.0;1.0;1.0;1.0;1.0;1.0;1.0;1.0;;;;;;;41019
2018-01;1.0;;;;;;;;;;;;;;;;41019
2019-01;1.0;1.0;1.0;1.0;1.0;1.0;;;;;;;;;;;41019
2020-01;1.0;1.0;1.0;1.0;;;;;;;;;;;;;41019
2021-01;2.0;1.0;1.0;1.0;;;;;;;;;;;;;41019
2022-01;3.0;3.0;2.0;;;;;;;;;;;;;;41019
2023-01;3.0;3.0;;;;;;;;;;;;;;;41019
2024-01;2.0;;;;;;;;;;;;;;;;41019
2009-01;5.0;5.0;3.0;3.0;3.0;3.0;3.0;1.0;2.0;2.0;2.0;2.0;2.0;2.0;2.0;1.0;24004
2010-01;6.0;4.0;2.0;2.0;1.0;2.0;2.0;2.0;2.0;2.0;2.0;2.0;1.0;1.0;1.0;;24004
2011-01;3.0;3.0;2.0;1.0;1.0;1.0;1.0;1.0;1.0;1.0;1.0;1.0;1.0;1.0;;;24004
2012-01;1.0;;;;;;;;;;;;;;;;24004
2013-01;3.0;;;;;;;1.0;1.0;1.0;1.0;1.0;;;;;24004
2014-01;2.0;2.0;1.0;;;;;;;;;;;;;;24004
2017-01;3.0;3.0;3.0;2.0;1.0;;;;;;;;;;;;24004
2018-01;2.0;2.0;1.0;1.0;1.0;1.0;1.0;;;;;;;;;;24004
2019-01;2.0;2.0;2.0;2.0;2.0;2.0;;;;;;;;;;;24004
2020-01;2.0;1.0;;;;;;;;;;;;;;;24004
2021-01;3.0;3.0;3.0;3.0;;;;;;;;;;;;;24004
2022-01;2.0;2.0;2.0;;;;;;;;;;;;;;24004
2023-01;6.0;5.0;;;;;;;;;;;;;;;24004
2024-01;1.0;;;;;;;;;;;;;;;;24004
2009-01;65.0;61.0;62.0;37.0;35.0;37.0;35.0;33.0;27.0;30.0;30.0;29.0;29.0;28.0;27.0;27.0;24007
2010-01;19.0;19.0;16.0;16.0;16.0;16.0;15.0;15.0;14.0;14.0;14.0;14.0;14.0;13.0;13.0;;24007
2011-01;10.0;7.0;7.0;7.0;6.0;5.0;4.0;4.0;4.0;4.0;4.0;4.0;4.0;4.0;;;24007
2012-01;18.0;14.0;14.0;13.0;13.0;13.0;13.0;13.0;13.0;13.0;13.0;13.0;14.0;;;;24007
2013-01;11.0;11.0;11.0;11.0;11.0;11.0;11.0;11.0;11.0;11.0;11.0;11.0;;;;;24007
2014-01;19.0;19.0;18.0;18.0;18.0;18.0;18.0;17.0;18.0;18.0;18.0;;;;;;24007
2015-01;16.0;16.0;16.0;16.0;16.0;16.0;16.0;16.0;16.0;16.0;;;;;;;24007
2016-01;19.0;19.0;15.0;15.0;14.0;14.0;14.0;13.0;13.0;;;;;;;;24007
2017-01;17.0;17.0;16.0;17.0;17.0;16.0;15.0;15.0;;;;;;;;;24007
2018-01;18.0;16.0;16.0;16.0;16.0;16.0;16.0;;;;;;;;;;24007
2019-01;13.0;12.0;13.0;13.0;12.0;11.0;;;;;;;;;;;24007
2020-01;21.0;21.0;20.0;20.0;20.0;;;;;;;;;;;;24007
2021-01;17.0;17.0;17.0;16.0;;;;;;;;;;;;;24007
2022-01;22.0;20.0;20.0;;;;;;;;;;;;;;24007
2023-01;30.0;28.0;;;;;;;;;;;;;;;24007
2024-01;16.0;;;;;;;;;;;;;;;;24007
2009-01;5.0;3.0;4.0;2.0;2.0;1.0;1.0;1.0;1.0;1.0;1.0;;;1.0;1.0;1.0;24006
2010-01;11.0;9.0;2.0;1.0;1.0;1.0;1.0;2.0;2.0;2.0;1.0;1.0;1.0;1.0;1.0;;24006
2011-01;2.0;1.0;1.0;1.0;1.0;1.0;1.0;1.0;1.0;1.0;1.0;1.0;1.0;1.0;;;24006
2012-01;10.0;5.0;4.0;3.0;3.0;3.0;3.0;3.0;2.0;2.0;2.0;2.0;2.0;;;;24006
2013-01;3.0;3.0;2.0;2.0;2.0;1.0;1.0;1.0;1.0;1.0;1.0;1.0;;;;;24006
2014-01;6.0;5.0;4.0;2.0;2.0;2.0;2.0;2.0;2.0;2.0;2.0;;;;;;24006
2015-01;5.0;4.0;3.0;1.0;;;;2.0;1.0;1.0;;;;;;;24006
2016-01;1.0;1.0;;;;;;;;;;;;;;;24006
2017-01;2.0;2.0;2.0;2.0;2.0;1.0;1.0;1.0;;;;;;;;;24006
2018-01;5.0;3.0;3.0;2.0;2.0;3.0;3.0;;;;;;;;;;24006
2019-01;6.0;4.0;4.0;3.0;3.0;3.0;;;;;;;;;;;24006
2020-01;6.0;5.0;3.0;3.0;4.0;;;;;;;;;;;;24006
2021-01;2.0;1.0;1.0;;;;;;;;;;;;;;24006
2022-01;1.0;1.0;;;;;;;;;;;;;;;24006
2023-01;4.0;3.0;;;;;;;;;;;;;;;24006
2024-01;5.0;;;;;;;;;;;;;;;;24006
2009-01;2.0;2.0;2.0;2.0;2.0;2.0;2.0;2.0;2.0;2.0;2.0;2.0;1.0;1.0;1.0;1.0;11002
2011-01;4.0;4.0;4.0;4.0;4.0;3.0;3.0;2.0;2.0;2.0;2.0;2.0;2.0;2.0;;;11002
2012-01;2.0;1.0;1.0;1.0;1.0;1.0;1.0;1.0;1.0;1.0;1.0;1.0;1.0;;;;11002
2013-01;1.0;1.0;;;;;;;;;;;;;;;11002
2014-01;29.0;27.0;25.0;25.0;24.0;24.0;21.0;19.0;19.0;7.0;8.0;;;;;;11002
2015-01;9.0;8.0;8.0;6.0;6.0;4.0;4.0;3.0;3.0;2.0;;;;;;;11002
2016-01;5.0;5.0;4.0;4.0;4.0;4.0;4.0;1.0;1.0;;;;;;;;11002
2017-01;2.0;2.0;2.0;2.0;2.0;2.0;1.0;1.0;;;;;;;;;11002
2018-01;10.0;7.0;7.0;4.0;2.0;2.0;1.0;;;;;;;;;;11002
2019-01;1.0;1.0;1.0;1.0;1.0;1.0;;;;;;;;;;;11002
2020-01;5.0;3.0;3.0;3.0;3.0;;;;;;;;;;;;11002
2021-01;6.0;6.0;4.0;4.0;;;;;;;;;;;;;11002
2022-01;8.0;8.0;8.0;;;;;;;;;;;;;;11002
2023-01;17.0;13.0;;;;;;;;;;;;;;;11002
2024-01;14.0;;;;;;;;;;;;;;;;11002
2009-01;9.0;9.0;8.0;7.0;7.0;7.0;7.0;7.0;6.0;6.0;6.0;4.0;5.0;5.0;5.0;5.0;11004
2010-01;7.0;6.0;5.0;5.0;5.0;4.0;4.0;4.0;4.0;4.0;4.0;4.0;4.0;4.0;4.0;;11004
2011-01;8.0;5.0;3.0;3.0;4.0;4.0;4.0;3.0;2.0;2.0;2.0;2.0;2.0;2.0;;;11004
2012-01;6.0;4.0;2.0;2.0;2.0;2.0;2.0;2.0;2.0;2.0;2.0;2.0;2.0;;;;11004
2013-01;8.0;8.0;7.0;7.0;5.0;5.0;4.0;3.0;4.0;4.0;5.0;5.0;;;;;11004
2014-01;19.0;18.0;17.0;17.0;13.0;13.0;8.0;7.0;6.0;6.0;6.0;;;;;;11004
2015-01;3.0;3.0;3.0;3.0;3.0;3.0;2.0;2.0;2.0;2.0;;;;;;;11004
2016-01;7.0;6.0;5.0;4.0;3.0;3.0;3.0;3.0;3.0;;;;;;;;11004
2017-01;55.0;6.0;6.0;4.0;5.0;5.0;5.0;5.0;;;;;;;;;11004
2018-01;11.0;10.0;10.0;9.0;9.0;9.0;8.0;;;;;;;;;;11004
2019-01;10.0;10.0;10.0;10.0;9.0;9.0;;;;;;;;;;;11004
2020-01;8.0;8.0;8.0;8.0;7.0;;;;;;;;;;;;11004
2021-01;14.0;14.0;14.0;13.0;;;;;;;;;;;;;11004
2022-01;17.0;10.0;9.0;;;;;;;;;;;;;;11004
2023-01;10.0;8.0;;;;;;;;;;;;;;;11004
2024-01;13.0;;;;;;;;;;;;;;;;11004
2011-01;1.0;1.0;1.0;1.0;1.0;1.0;1.0;1.0;1.0;1.0;1.0;;;1.0;;;43012
2013-01;2.0;2.0;2.0;2.0;2.0;2.0;2.0;2.0;1.0;2.0;2.0;2.0;;;;;43012
2015-01;3.0;3.0;3.0;3.0;2.0;2.0;2.0;2.0;2.0;2.0;;;;;;;43012
2016-01;2.0;2.0;2.0;2.0;2.0;2.0;;1.0;1.0;;;;;;;;43012
2017-01;2.0;2.0;2.0;2.0;2.0;;1.0;1.0;;;;;;;;;43012
2018-01;1.0;1.0;1.0;1.0;;;;;;;;;;;;;43012
2019-01;4.0;3.0;1.0;;;;;;;;;;;;;;43012
2020-01;7.0;6.0;3.0;2.0;2.0;;;;;;;;;;;;43012
2022-01;3.0;3.0;1.0;;;;;;;;;;;;;;43012
2023-01;4.0;3.0;;;;;;;;;;;;;;;43012
2024-01;2.0;;;;;;;;;;;;;;;;43012
2009-01;8.0;8.0;8.0;6.0;6.0;6.0;6.0;3.0;2.0;2.0;1.0;1.0;1.0;1.0;1.0;1.0;43013
2010-01;8.0;8.0;4.0;4.0;3.0;3.0;1.0;1.0;1.0;1.0;1.0;2.0;1.0;1.0;1.0;;43013
2011-01;5.0;5.0;5.0;4.0;3.0;;;;;;;;;;;;43013
2013-01;3.0;3.0;2.0;;;;;;1.0;;;;;;;;43013
2015-01;5.0;2.0;2.0;1.0;1.0;1.0;2.0;1.0;1.0;1.0;;;;;;;43013
2016-01;5.0;5.0;4.0;4.0;4.0;4.0;4.0;4.0;3.0;;;;;;;;43013
2017-01;7.0;4.0;5.0;4.0;4.0;3.0;3.0;3.0;;;;;;;;;43013
2018-01;5.0;3.0;1.0;1.0;1.0;;;;;;;;;;;;43013
2019-01;7.0;6.0;5.0;3.0;3.0;2.0;;;;;;;;;;;43013
2020-01;3.0;2.0;;;;;;;;;;;;;;;43013
2021-01;3.0;3.0;3.0;3.0;;;;;;;;;;;;;43013
2022-01;4.0;3.0;2.0;;;;;;;;;;;;;;43013
2023-01;6.0;3.0;;;;;;;;;;;;;;;43013
2024-01;3.0;;;;;;;;;;;;;;;;43013
2009-01;11.0;10.0;7.0;7.0;7.0;7.0;7.0;7.0;7.0;7.0;6.0;6.0;6.0;;;;42010
2010-01;7.0;7.0;5.0;5.0;4.0;5.0;5.0;5.0;5.0;4.0;3.0;3.0;3.0;3.0;3.0;;42010
2011-01;8.0;3.0;2.0;1.0;1.0;1.0;1.0;2.0;2.0;2.0;2.0;1.0;1.0;1.0;;;42010
2012-01;2.0;1.0;1.0;1.0;1.0;1.0;1.0;1.0;1.0;1.0;1.0;1.0;1.0;;;;42010
2013-01;2.0;1.0;1.0;;;;;;;;;;;;;;42010
2014-01;3.0;3.0;2.0;2.0;2.0;1.0;1.0;1.0;;;;;;;;;42010
2016-01;4.0;3.0;3.0;3.0;3.0;3.0;3.0;3.0;3.0;;;;;;;;42010
2017-01;1.0;1.0;1.0;1.0;1.0;1.0;1.0;1.0;;;;;;;;;42010
2018-01;2.0;2.0;1.0;;;;;;;;;;;;;;42010
2019-01;2.0;1.0;1.0;1.0;1.0;1.0;;;;;;;;;;;42010
2020-01;7.0;6.0;6.0;6.0;6.0;;;;;;;;;;;;42010
2021-01;5.0;4.0;4.0;4.0;;;;;;;;;;;;;42010
2022-01;2.0;;;;;;;;;;;;;;;;42010
2023-01;4.0;4.0;;;;;;;;;;;;;;;42010
2024-01;2.0;;;;;;;;;;;;;;;;42010
2009-01;2.0;2.0;2.0;2.0;2.0;2.0;1.0;1.0;;;;;;;;;42009
2010-01;16.0;16.0;7.0;2.0;2.0;2.0;1.0;1.0;1.0;;;;;1.0;1.0;;42009
2011-01;4.0;2.0;;;;;;;;;;;;;;;42009
2012-01;2.0;2.0;2.0;2.0;2.0;2.0;2.0;2.0;2.0;2.0;1.0;1.0;2.0;;;;42009
2014-01;2.0;2.0;2.0;1.0;1.0;;;;;;;;;;;;42009
2015-01;1.0;1.0;1.0;1.0;1.0;1.0;1.0;1.0;1.0;1.0;;;;;;;42009
2016-01;2.0;2.0;2.0;2.0;2.0;2.0;2.0;2.0;2.0;;;;;;;;42009
2017-01;2.0;2.0;2.0;2.0;2.0;2.0;2.0;2.0;;;;;;;;;42009
2019-01;2.0;1.0;1.0;1.0;1.0;1.0;;;;;;;;;;;42009
2020-01;5.0;4.0;4.0;4.0;3.0;;;;;;;;;;;;42009
2021-01;3.0;3.0;3.0;3.0;;;;;;;;;;;;;42009
2023-01;1.0;1.0;;;;;;;;;;;;;;;42009
2024-01;1.0;;;;;;;;;;;;;;;;42009
2009-01;5.0;2.0;1.0;;1.0;;;;;;;;;;;;35091
2011-01;1.0;1.0;1.0;1.0;;;;;;;;;;;;;35091
2012-01;2.0;2.0;2.0;;;;;;;;;;;;;;35091
2013-01;1.0;1.0;1.0;;;;;;;;;;;;;;35091
2014-01;2.0;2.0;2.0;2.0;;;;;;;;;;;;;35091
2018-01;1.0;1.0;;;;;;;;;;;;;;;35091
2019-01;4.0;4.0;4.0;3.0;2.0;2.0;;;;;;;;;;;35091
2022-01;1.0;1.0;1.0;;;;;;;;;;;;;;35091
2009-01;76.0;71.0;61.0;51.0;51.0;48.0;46.0;44.0;44.0;43.0;23.0;25.0;25.0;18.0;16.0;7.0;35023
2010-01;12.0;11.0;8.0;7.0;6.0;5.0;5.0;4.0;4.0;3.0;3.0;3.0;1.0;1.0;1.0;;35023
2011-01;9.0;4.0;5.0;5.0;3.0;3.0;3.0;3.0;2.0;2.0;2.0;1.0;1.0;1.0;;;35023
2012-01;3.0;3.0;3.0;2.0;2.0;2.0;2.0;1.0;1.0;1.0;1.0;1.0;;;;;35023
2013-01;9.0;9.0;9.0;8.0;8.0;8.0;5.0;5.0;5.0;4.0;4.0;3.0;;;;;35023
2014-01;4.0;3.0;3.0;3.0;2.0;1.0;2.0;2.0;1.0;1.0;1.0;;;;;;35023
2015-01;3.0;3.0;3.0;2.0;2.0;2.0;2.0;2.0;2.0;;;;;;;;35023
2016-01;7.0;7.0;7.0;5.0;5.0;5.0;4.0;4.0;4.0;;;;;;;;35023
2017-01;1.0;;;;;;;;;;;;;;;;35023
2018-01;3.0;1.0;1.0;1.0;;;;;;;;;;;;;35023
2019-01;6.0;6.0;5.0;5.0;4.0;2.0;;;;;;;;;;;35023
2020-01;7.0;7.0;7.0;6.0;3.0;;;;;;;;;;;;35023
2022-01;7.0;7.0;4.0;;;;;;;;;;;;;;35023
2023-01;10.0;3.0;;;;;;;;;;;;;;;35023
2024-01;3.0;;;;;;;;;;;;;;;;35023
2009-01;1.0;1.0;1.0;1.0;1.0;1.0;1.0;1.0;1.0;;;;;;;;35081
2010-01;4.0;4.0;4.0;4.0;4.0;4.0;4.0;4.0;4.0;4.0;4.0;2.0;3.0;4.0;4.0;;35081
2011-01;1.0;1.0;1.0;1.0;1.0;1.0;1.0;1.0;1.0;1.0;1.0;1.0;1.0;1.0;;;35081
2012-01;2.0;2.0;2.0;2.0;2.0;1.0;1.0;1.0;1.0;1.0;1.0;1.0;1.0;;;;35081
2013-01;7.0;7.0;;;;;;;;;;;;;;;35081
2014-01;3.0;;;;;;;;;;;;;;;;35081
2015-01;4.0;4.0;3.0;3.0;3.0;2.0;2.0;1.0;1.0;1.0;;;;;;;35081
2017-01;1.0;1.0;;;;;;;;;;;;;;;35081
2019-01;4.0;2.0;2.0;2.0;2.0;2.0;;;;;;;;;;;35081
2020-01;3.0;3.0;3.0;3.0;3.0;;;;;;;;;;;;35081
2021-01;3.0;2.0;2.0;2.0;;;;;;;;;;;;;35081
2022-01;1.0;1.0;1.0;;;;;;;;;;;;;;35081
2023-01;1.0;1.0;;;;;;;;;;;;;;;35081
2024-01;11.0;;;;;;;;;;;;;;;;35081
2009-01;29.0;21.0;18.0;9.0;2.0;2.0;;1.0;1.0;1.0;1.0;;;;1.0;1.0;35012
2010-01;10.0;10.0;5.0;5.0;5.0;5.0;4.0;4.0;4.0;5.0;5.0;5.0;3.0;3.0;3.0;;35012
2011-01;18.0;1.0;1.0;1.0;;;;;;;;;;;;;35012
2012-01;21.0;17.0;12.0;8.0;6.0;6.0;6.0;6.0;6.0;2.0;2.0;1.0;1.0;;;;35012
2013-01;21.0;12.0;7.0;6.0;6.0;7.0;6.0;5.0;3.0;2.0;4.0;4.0;;;;;35012
2014-01;7.0;4.0;3.0;3.0;3.0;3.0;2.0;2.0;2.0;2.0;2.0;;;;;;35012
2015-01;9.0;4.0;2.0;2.0;2.0;2.0;;;;;;;;;;;35012
2016-01;9.0;4.0;2.0;2.0;2.0;1.0;;;1.0;;;;;;;;35012
2017-01;16.0;10.0;9.0;8.0;5.0;4.0;3.0;3.0;;;;;;;;;35012
2018-01;26.0;11.0;8.0;6.0;7.0;6.0;4.0;;;;;;;;;;35012
2019-01;17.0;12.0;5.0;2.0;3.0;1.0;;;;;;;;;;;35012
2020-01;8.0;2.0;1.0;;;;;;;;;;;;;;35012
2021-01;31.0;12.0;6.0;6.0;;;;;;;;;;;;;35012
2022-01;56.0;22.0;18.0;;;;;;;;;;;;;;35012
2023-01;44.0;38.0;;;;;;;;;;;;;;;35012
2024-01;47.0;;;;;;;;;;;;;;;;35012
2009-01;1.0;1.0;1.0;1.0;1.0;1.0;1.0;1.0;1.0;1.0;1.0;1.0;1.0;1.0;1.0;1.0;35032
2012-01;1.0;;;;;;;;;;;;;;;;35032
2015-01;1.0;1.0;1.0;1.0;1.0;1.0;1.0;1.0;1.0;1.0;;;;;;;35032
2016-01;2.0;;;;1.0;1.0;1.0;1.0;1.0;;;;;;;;35032
2017-01;1.0;1.0;1.0;;;;;;;;;;;;;;35032
2020-01;1.0;;;;;;;;;;;;;;;;35032
2023-01;1.0;1.0;;;;;;;;;;;;;;;35032
2024-01;3.0;;;;;;;;;;;;;;;;35032
2009-01;20.0;12.0;12.0;13.0;13.0;13.0;13.0;13.0;13.0;12.0;12.0;12.0;12.0;10.0;9.0;9.0;35061
2010-01;5.0;4.0;4.0;3.0;3.0;2.0;2.0;2.0;2.0;1.0;1.0;1.0;1.0;1.0;1.0;;35061
2011-01;5.0;3.0;3.0;2.0;2.0;3.0;3.0;2.0;2.0;1.0;1.0;1.0;;;;;35061
2012-01;4.0;4.0;3.0;3.0;2.0;2.0;1.0;1.0;1.0;1.0;1.0;1.0;1.0;;;;35061
2013-01;3.0;3.0;2.0;2.0;2.0;1.0;2.0;2.0;2.0;2.0;2.0;2.0;;;;;35061
2015-01;2.0;1.0;1.0;;;;;;;;;;;;;;35061
2016-01;2.0;2.0;2.0;2.0;2.0;2.0;1.0;1.0;2.0;;;;;;;;35061
2017-01;1.0;1.0;1.0;1.0;1.0;1.0;1.0;1.0;;;;;;;;;35061
2018-01;4.0;3.0;3.0;3.0;3.0;1.0;1.0;;;;;;;;;;35061
2019-01;1.0;;;;;;;;;;;;;;;;35061
2020-01;1.0;1.0;1.0;1.0;1.0;;;;;;;;;;;;35061
2022-01;4.0;2.0;3.0;;;;;;;;;;;;;;35061
2023-01;4.0;1.0;;;;;;;;;;;;;;;35061
2024-01;3.0;;;;;;;;;;;;;;;;35061
2009-01;13.0;12.0;11.0;10.0;8.0;6.0;5.0;5.0;4.0;4.0;2.0;2.0;1.0;1.0;1.0;1.0;35131
2010-01;3.0;3.0;2.0;2.0;2.0;2.0;2.0;2.0;2.0;1.0;;;1.0;;;;35131
2011-01;6.0;4.0;4.0;4.0;4.0;4.0;4.0;4.0;2.0;2.0;2.0;2.0;2.0;2.0;;;35131
2012-01;6.0;3.0;3.0;4.0;3.0;3.0;3.0;3.0;3.0;2.0;1.0;;1.0;;;;35131
2013-01;8.0;4.0;4.0;4.0;4.0;3.0;2.0;2.0;2.0;2.0;2.0;3.0;;;;;35131
2014-01;6.0;6.0;6.0;4.0;4.0;4.0;4.0;4.0;4.0;2.0;3.0;;;;;;35131
2015-01;3.0;;;;;;;;;;;;;;;;35131
2016-01;9.0;9.0;8.0;5.0;5.0;3.0;3.0;2.0;4.0;;;;;;;;35131
2018-01;5.0;1.0;1.0;1.0;1.0;1.0;1.0;;;;;;;;;;35131
2019-01;4.0;4.0;3.0;3.0;2.0;2.0;;;;;;;;;;;35131
2020-01;9.0;9.0;8.0;4.0;3.0;;;;;;;;;;;;35131
2021-01;14.0;13.0;8.0;9.0;;;;;;;;;;;;;35131
2022-01;17.0;11.0;13.0;;;;;;;;;;;;;;35131
2023-01;11.0;10.0;;;;;;;;;;;;;;;35131
2024-01;36.0;;;;;;;;;;;;;;;;35131
2009-01;15.0;15.0;11.0;6.0;4.0;4.0;;;;;;;;;;;35156
2010-01;8.0;7.0;2.0;2.0;2.0;2.0;2.0;2.0;2.0;2.0;2.0;2.0;2.0;2.0;2.0;;35156
2011-01;2.0;2.0;1.0;;;;;;;;;;;;;;35156
2013-01;1.0;1.0;;;;;;;;;;;;;;;35156
2014-01;2.0;2.0;2.0;2.0;1.0;1.0;1.0;1.0;1.0;;;;;;;;35156
2015-01;1.0;1.0;;;;;;;;;;;;;;;35156
2016-01;1.0;1.0;;;;;;;;;;;;;;;35156
2018-01;2.0;2.0;;;;;;;;;;;;;;;35156
2019-01;1.0;1.0;;;;;;;;;;;;;;;35156
2021-01;2.0;1.0;1.0;1.0;;;;;;;;;;;;;35156
2022-01;1.0;;;;;;;;;;;;;;;;35156
2009-01;27.0;25.0;22.0;14.0;14.0;11.0;11.0;10.0;10.0;10.0;11.0;11.0;9.0;8.0;8.0;7.0;35073
2010-01;27.0;21.0;10.0;9.0;8.0;7.0;5.0;5.0;5.0;5.0;5.0;5.0;5.0;5.0;5.0;;35073
2011-01;13.0;10.0;9.0;7.0;6.0;5.0;5.0;2.0;2.0;2.0;2.0;2.0;2.0;1.0;;;35073
2012-01;11.0;10.0;6.0;5.0;2.0;1.0;1.0;2.0;2.0;2.0;3.0;3.0;2.0;;;;35073
2013-01;10.0;4.0;3.0;1.0;1.0;1.0;;;;1.0;1.0;1.0;;;;;35073
2014-01;19.0;15.0;10.0;9.0;9.0;6.0;6.0;6.0;6.0;5.0;4.0;;;;;;35073
2015-01;32.0;21.0;17.0;16.0;14.0;13.0;13.0;12.0;12.0;11.0;;;;;;;35073
2016-01;14.0;11.0;9.0;9.0;8.0;8.0;7.0;6.0;6.0;;;;;;;;35073
2017-01;13.0;6.0;4.0;3.0;3.0;3.0;3.0;3.0;;;;;;;;;35073
2018-01;23.0;12.0;10.0;10.0;8.0;6.0;6.0;;;;;;;;;;35073
2019-01;24.0;21.0;20.0;19.0;17.0;16.0;;;;;;;;;;;35073
2020-01;24.0;20.0;16.0;10.0;10.0;;;;;;;;;;;;35073
2021-01;19.0;16.0;14.0;14.0;;;;;;;;;;;;;35073
2022-01;24.0;20.0;19.0;;;;;;;;;;;;;;35073
2023-01;28.0;20.0;;;;;;;;;;;;;;;35073
2024-01;27.0;;;;;;;;;;;;;;;;35073
2009-01;13.0;12.0;12.0;12.0;11.0;10.0;10.0;10.0;10.0;10.0;10.0;10.0;10.0;10.0;10.0;10.0;35062
2010-01;3.0;2.0;2.0;2.0;2.0;2.0;2.0;2.0;2.0;2.0;2.0;2.0;2.0;2.0;2.0;;35062
2011-01;2.0;1.0;1.0;1.0;1.0;1.0;1.0;1.0;1.0;1.0;1.0;1.0;;;;;35062
2012-01;1.0;1.0;1.0;1.0;1.0;1.0;1.0;1.0;1.0;1.0;1.0;1.0;1.0;;;;35062
2014-01;4.0;3.0;3.0;3.0;3.0;3.0;3.0;3.0;3.0;2.0;2.0;;;;;;35062
2015-01;36.0;36.0;35.0;35.0;34.0;33.0;31.0;31.0;30.0;30.0;;;;;;;35062
2016-01;8.0;8.0;7.0;7.0;7.0;7.0;7.0;7.0;6.0;;;;;;;;35062
2017-01;1.0;1.0;1.0;1.0;1.0;1.0;1.0;1.0;;;;;;;;;35062
2018-01;11.0;10.0;10.0;10.0;9.0;8.0;8.0;;;;;;;;;;35062
2019-01;18.0;15.0;12.0;11.0;11.0;11.0;;;;;;;;;;;35062
2020-01;4.0;4.0;4.0;4.0;4.0;;;;;;;;;;;;35062
2021-01;16.0;13.0;13.0;11.0;;;;;;;;;;;;;35062
2022-01;8.0;4.0;4.0;;;;;;;;;;;;;;35062
2023-01;31.0;31.0;;;;;;;;;;;;;;;35062
2024-01;19.0;;;;;;;;;;;;;;;;35062
2009-01;6.0;5.0;4.0;3.0;3.0;2.0;1.0;1.0;1.0;;;;;;;;35092
2010-01;1.0;1.0;1.0;1.0;1.0;;;;;;;;;;;;35092
2011-01;5.0;5.0;4.0;4.0;3.0;3.0;3.0;;;;;;;;;;35092
2012-01;3.0;3.0;3.0;2.0;2.0;2.0;;;;;;;;;;;35092
2013-01;1.0;1.0;1.0;1.0;1.0;1.0;1.0;1.0;1.0;1.0;1.0;;;;;;35092
2014-01;3.0;3.0;2.0;2.0;2.0;2.0;2.0;2.0;2.0;2.0;1.0;;;;;;35092
2015-01;4.0;;;;;;;;;;;;;;;;35092
2016-01;4.0;3.0;3.0;3.0;3.0;3.0;3.0;3.0;3.0;;;;;;;;35092
2017-01;1.0;1.0;1.0;1.0;1.0;1.0;1.0;1.0;;;;;;;;;35092
2020-01;1.0;1.0;1.0;1.0;1.0;;;;;;;;;;;;35092
2021-01;1.0;1.0;1.0;1.0;;;;;;;;;;;;;35092
2022-01;1.0;1.0;1.0;;;;;;;;;;;;;;35092
2024-01;1.0;;;;;;;;;;;;;;;;35092
2009-01;6.0;5.0;5.0;3.0;3.0;3.0;3.0;3.0;3.0;3.0;3.0;3.0;2.0;2.0;2.0;2.0;35093
2010-01;3.0;3.0;3.0;;;;;;;;;;;;;;35093
2011-01;5.0;5.0;5.0;1.0;2.0;2.0;2.0;2.0;2.0;2.0;1.0;2.0;2.0;2.0;;;35093
2012-01;1.0;1.0;1.0;1.0;1.0;1.0;1.0;1.0;1.0;1.0;1.0;1.0;1.0;;;;35093
2013-01;6.0;6.0;5.0;4.0;4.0;2.0;2.0;2.0;2.0;1.0;1.0;1.0;;;;;35093
2014-01;10.0;10.0;10.0;5.0;3.0;4.0;3.0;3.0;2.0;2.0;3.0;;;;;;35093
2015-01;14.0;14.0;14.0;12.0;10.0;10.0;9.0;9.0;8.0;8.0;;;;;;;35093
2016-01;9.0;9.0;9.0;3.0;3.0;3.0;2.0;2.0;2.0;;;;;;;;35093
2017-01;8.0;8.0;8.0;;;;1.0;1.0;;;;;;;;;35093
2018-01;12.0;12.0;12.0;6.0;6.0;4.0;4.0;;;;;;;;;;35093
2019-01;6.0;5.0;4.0;;;;;;;;;;;;;;35093
2020-01;11.0;11.0;11.0;1.0;1.0;;;;;;;;;;;;35093
2021-01;5.0;4.0;4.0;4.0;;;;;;;;;;;;;35093
2022-01;11.0;11.0;11.0;;;;;;;;;;;;;;35093
2023-01;21.0;20.0;;;;;;;;;;;;;;;35093
2024-01;2.0;;;;;;;;;;;;;;;;35093
2009-01;1.0;1.0;1.0;1.0;;;;;;;;;;;;;35101
2010-01;5.0;5.0;4.0;4.0;4.0;4.0;4.0;3.0;3.0;3.0;3.0;3.0;3.0;1.0;1.0;;35101
2011-01;5.0;5.0;5.0;4.0;4.0;4.0;2.0;2.0;2.0;2.0;2.0;2.0;2.0;2.0;;;35101
2012-01;2.0;2.0;2.0;2.0;2.0;2.0;2.0;1.0;1.0;1.0;1.0;1.0;1.0;;;;35101
2013-01;2.0;2.0;2.0;2.0;1.0;1.0;1.0;1.0;1.0;1.0;1.0;1.0;;;;;35101
2014-01;2.0;1.0;1.0;1.0;1.0;1.0;1.0;1.0;1.0;1.0;;;;;;;35101
2015-01;1.0;1.0;1.0;1.0;1.0;1.0;1.0;1.0;1.0;1.0;;;;;;;35101
2016-01;5.0;4.0;2.0;2.0;2.0;2.0;2.0;2.0;1.0;;;;;;;;35101
2017-01;2.0;2.0;2.0;2.0;2.0;2.0;1.0;;;;;;;;;;35101
2018-01;1.0;1.0;1.0;1.0;1.0;1.0;1.0;;;;;;;;;;35101
2019-01;12.0;12.0;12.0;5.0;4.0;3.0;;;;;;;;;;;35101
2020-01;2.0;2.0;2.0;2.0;2.0;;;;;;;;;;;;35101
2021-01;2.0;;;;;;;;;;;;;;;;35101
2023-01;3.0;3.0;;;;;;;;;;;;;;;35101
2024-01;5.0;;;;;;;;;;;;;;;;35101
2009-01;1.0;1.0;1.0;1.0;1.0;1.0;1.0;1.0;1.0;1.0;1.0;1.0;1.0;1.0;;;35114
2011-01;1.0;1.0;;;;1.0;1.0;1.0;1.0;1.0;1.0;1.0;1.0;1.0;;;35114
2014-01;1.0;;;;;;;;;;;;;;;;35114
2015-01;1.0;1.0;1.0;1.0;1.0;1.0;1.0;1.0;1.0;1.0;;;;;;;35114
2016-01;5.0;5.0;5.0;5.0;5.0;4.0;1.0;;;;;;;;;;35114
2017-01;4.0;4.0;3.0;2.0;;;;;;;;;;;;;35114
2019-01;2.0;2.0;1.0;;;;;;;;;;;;;;35114
2020-01;1.0;1.0;;;;;;;;;;;;;;;35114
2021-01;3.0;2.0;1.0;1.0;;;;;;;;;;;;;35114
2009-01;6.0;5.0;5.0;6.0;6.0;6.0;5.0;3.0;4.0;4.0;4.0;4.0;4.0;4.0;3.0;3.0;35034
2010-01;1.0;1.0;1.0;1.0;1.0;1.0;;;;;;;;;;;35034
2011-01;2.0;2.0;2.0;2.0;2.0;1.0;1.0;1.0;1.0;1.0;1.0;;;;;;35034
2012-01;3.0;3.0;3.0;2.0;;;;;;;;;;;;;35034
2013-01;3.0;2.0;2.0;2.0;2.0;2.0;2.0;2.0;2.0;2.0;2.0;2.0;;;;;35034
2014-01;3.0;3.0;3.0;3.0;3.0;3.0;3.0;3.0;3.0;3.0;3.0;;;;;;35034
2015-01;1.0;1.0;1.0;1.0;1.0;1.0;1.0;1.0;1.0;1.0;;;;;;;35034
2016-01;4.0;4.0;4.0;4.0;4.0;4.0;4.0;4.0;4.0;;;;;;;;35034
2017-01;4.0;4.0;4.0;4.0;4.0;4.0;4.0;4.0;;;;;;;;;35034
2018-01;1.0;1.0;1.0;1.0;1.0;1.0;1.0;;;;;;;;;;35034
2019-01;5.0;5.0;5.0;4.0;5.0;5.0;;;;;;;;;;;35034
2020-01;3.0;2.0;2.0;2.0;2.0;;;;;;;;;;;;35034
2021-01;3.0;2.0;2.0;2.0;;;;;;;;;;;;;35034
2022-01;17.0;15.0;15.0;;;;;;;;;;;;;;35034
2023-01;8.0;8.0;;;;;;;;;;;;;;;35034
2024-01;13.0;;;;;;;;;;;;;;;;35034
2009-01;4.0;3.0;4.0;3.0;3.0;3.0;3.0;2.0;2.0;2.0;2.0;2.0;2.0;2.0;2.0;2.0;35157
2010-01;1.0;1.0;1.0;1.0;1.0;1.0;1.0;1.0;1.0;1.0;1.0;1.0;1.0;1.0;1.0;;35157
2011-01;6.0;5.0;5.0;5.0;5.0;5.0;5.0;5.0;5.0;4.0;4.0;4.0;4.0;4.0;;;35157
2012-01;17.0;17.0;16.0;16.0;15.0;15.0;15.0;15.0;15.0;15.0;14.0;14.0;14.0;;;;35157
2013-01;1.0;1.0;1.0;1.0;1.0;1.0;1.0;1.0;1.0;1.0;1.0;1.0;;;;;35157
2014-01;5.0;5.0;5.0;4.0;4.0;4.0;4.0;4.0;4.0;4.0;4.0;;;;;;35157
2015-01;2.0;2.0;2.0;2.0;2.0;2.0;2.0;2.0;2.0;2.0;;;;;;;35157
2016-01;3.0;3.0;3.0;3.0;3.0;3.0;3.0;3.0;3.0;;;;;;;;35157
2017-01;1.0;1.0;1.0;1.0;1.0;1.0;1.0;1.0;;;;;;;;;35157
2018-01;2.0;2.0;2.0;2.0;2.0;2.0;2.0;;;;;;;;;;35157
2019-01;1.0;1.0;1.0;1.0;1.0;1.0;;;;;;;;;;;35157
2021-01;2.0;2.0;2.0;2.0;;;;;;;;;;;;;35157
2024-01;3.0;;;;;;;;;;;;;;;;35157
2013-01;1.0;;;;;;;;;;;;;;;;13006
2015-01;2.0;1.0;1.0;;1.0;;;;;;;;;;;;13006
2017-01;1.0;1.0;1.0;1.0;1.0;1.0;1.0;1.0;;;;;;;;;13006
2019-01;1.0;;1.0;1.0;1.0;1.0;;;;;;;;;;;13006
2020-01;1.0;1.0;1.0;1.0;1.0;;;;;;;;;;;;13006
2021-01;3.0;2.0;1.0;1.0;;;;;;;;;;;;;13006
2022-01;1.0;1.0;1.0;;;;;;;;;;;;;;13006
2009-01;10.0;9.0;9.0;6.0;5.0;5.0;4.0;4.0;3.0;3.0;3.0;4.0;2.0;4.0;4.0;5.0;29004
2010-01;8.0;6.0;6.0;7.0;6.0;6.0;5.0;5.0;2.0;4.0;5.0;4.0;3.0;3.0;4.0;;29004
2011-01;3.0;;;;;;;;;;;;;;;;29004
2012-01;2.0;1.0;2.0;2.0;1.0;;;;;1.0;1.0;1.0;;;;;29004
2013-01;4.0;4.0;3.0;1.0;1.0;1.0;1.0;1.0;1.0;1.0;;;;;;;29004
2014-01;2.0;2.0;1.0;;;;;;;;;;;;;;29004
2015-01;4.0;4.0;3.0;3.0;3.0;3.0;3.0;2.0;2.0;2.0;;;;;;;29004
2016-01;3.0;3.0;3.0;2.0;1.0;1.0;1.0;1.0;1.0;;;;;;;;29004
2017-01;3.0;3.0;2.0;2.0;1.0;2.0;3.0;3.0;;;;;;;;;29004
2018-01;5.0;5.0;1.0;1.0;1.0;1.0;1.0;;;;;;;;;;29004
2019-01;15.0;11.0;9.0;9.0;10.0;9.0;;;;;;;;;;;29004
2020-01;7.0;6.0;6.0;6.0;6.0;;;;;;;;;;;;29004
2021-01;9.0;6.0;3.0;3.0;;;;;;;;;;;;;29004
2022-01;11.0;6.0;4.0;;;;;;;;;;;;;;29004
2023-01;32.0;28.0;;;;;;;;;;;;;;;29004
2024-01;17.0;;;;;;;;;;;;;;;;29004
2009-01;1.0;1.0;;;;;;;;;;;;;;;29009
2010-01;2.0;1.0;1.0;1.0;1.0;2.0;2.0;2.0;2.0;2.0;2.0;1.0;1.0;1.0;1.0;;29009
2012-01;2.0;2.0;2.0;2.0;1.0;1.0;1.0;1.0;1.0;1.0;1.0;1.0;1.0;;;;29009
2013-01;1.0;1.0;1.0;1.0;1.0;1.0;1.0;1.0;1.0;1.0;;;;;;;29009
2014-01;1.0;1.0;1.0;1.0;1.0;1.0;1.0;1.0;1.0;1.0;1.0;;;;;;29009
2016-01;1.0;;;;;;;;;;;;;;;;29009
2017-01;4.0;4.0;3.0;3.0;3.0;3.0;3.0;3.0;;;;;;;;;29009
2018-01;4.0;3.0;1.0;1.0;1.0;1.0;1.0;;;;;;;;;;29009
2019-01;3.0;;;;1.0;1.0;;;;;;;;;;;29009
2020-01;3.0;3.0;3.0;3.0;3.0;;;;;;;;;;;;29009
2021-01;1.0;1.0;1.0;1.0;;;;;;;;;;;;;29009
2022-01;2.0;2.0;2.0;;;;;;;;;;;;;;29009
2023-01;3.0;3.0;;;;;;;;;;;;;;;29009
2024-01;3.0;;;;;;;;;;;;;;;;29009
2009-01;1.0;1.0;1.0;1.0;1.0;1.0;;;;;;;;;;;29015
2010-01;3.0;2.0;2.0;2.0;2.0;1.0;1.0;1.0;1.0;1.0;1.0;1.0;1.0;1.0;1.0;;29015
2014-01;1.0;1.0;1.0;1.0;;1.0;1.0;1.0;1.0;1.0;1.0;;;;;;29015
2015-01;1.0;1.0;1.0;;;;;;;;;;;;;;29015
2016-01;1.0;;;;;;;;;;;;;;;;29015
2017-01;7.0;3.0;2.0;2.0;2.0;1.0;2.0;2.0;;;;;;;;;29015
2018-01;4.0;2.0;2.0;3.0;3.0;3.0;3.0;;;;;;;;;;29015
2019-01;3.0;3.0;3.0;3.0;3.0;3.0;;;;;;;;;;;29015
2021-01;2.0;2.0;2.0;2.0;;;;;;;;;;;;;29015
2022-01;1.0;1.0;1.0;;;;;;;;;;;;;;29015
2023-01;5.0;5.0;;;;;;;;;;;;;;;29015
2024-01;7.0;;;;;;;;;;;;;;;;29015
2009-01;5.0;4.0;3.0;3.0;3.0;3.0;3.0;2.0;2.0;2.0;2.0;3.0;3.0;3.0;2.0;2.0;29010
2010-01;5.0;5.0;3.0;3.0;2.0;1.0;2.0;2.0;2.0;2.0;2.0;2.0;2.0;2.0;1.0;;29010
2011-01;2.0;1.0;1.0;1.0;1.0;1.0;1.0;1.0;1.0;1.0;1.0;1.0;1.0;1.0;;;29010
2012-01;1.0;1.0;1.0;1.0;;1.0;1.0;1.0;1.0;1.0;1.0;1.0;1.0;;;;29010
2013-01;3.0;3.0;3.0;3.0;2.0;2.0;1.0;1.0;1.0;1.0;1.0;1.0;;;;;29010
2014-01;1.0;;;;;;;;;;;;;;;;29010
2018-01;3.0;3.0;3.0;2.0;2.0;2.0;2.0;;;;;;;;;;29010
2019-01;2.0;2.0;2.0;2.0;2.0;2.0;;;;;;;;;;;29010
2021-01;4.0;3.0;1.0;;;;;;;;;;;;;;29010
2022-01;4.0;2.0;2.0;;;;;;;;;;;;;;29010
2023-01;2.0;2.0;;;;;;;;;;;;;;;29010
2024-01;4.0;;;;;;;;;;;;;;;;29010
2009-01;5.0;4.0;4.0;4.0;3.0;3.0;3.0;3.0;2.0;2.0;2.0;2.0;3.0;2.0;2.0;1.0;23017
2010-01;3.0;3.0;3.0;2.0;1.0;1.0;1.0;;;;;;;1.0;;;23017
2011-01;2.0;;;;;;;;;;;;;;;;23017
2012-01;3.0;2.0;1.0;2.0;1.0;1.0;1.0;1.0;1.0;1.0;1.0;;;;;;23017
2017-01;2.0;2.0;1.0;2.0;2.0;1.0;1.0;1.0;;;;;;;;;23017
2019-01;1.0;;;;;;;;;;;;;;;;23017
2021-01;1.0;;;;;;;;;;;;;;;;23017
2023-01;9.0;6.0;;;;;;;;;;;;;;;23017
2024-01;1.0;;;;;;;;;;;;;;;;23017
2009-01;6.0;3.0;3.0;2.0;2.0;1.0;1.0;1.0;1.0;1.0;1.0;2.0;2.0;2.0;2.0;2.0;23010
2010-01;13.0;9.0;3.0;3.0;2.0;2.0;2.0;2.0;3.0;3.0;3.0;3.0;2.0;2.0;1.0;;23010
2011-01;7.0;;;;;;;;;;;;;;;;23010
2012-01;1.0;1.0;;;;;;;;;;;;;;;23010
2014-01;2.0;1.0;;;;;;;;;;;;;;;23010
2015-01;1.0;;;;;;;;;;;;;;;;23010
2016-01;1.0;;;;;;;;;;;;;;;;23010
2018-01;1.0;1.0;;;;;;;;;;;;;;;23010
2020-01;1.0;1.0;1.0;1.0;1.0;;;;;;;;;;;;23010
2022-01;1.0;;;;;;;;;;;;;;;;23010
2023-01;16.0;13.0;;;;;;;;;;;;;;;23010
2024-01;9.0;;;;;;;;;;;;;;;;23010
2009-01;38.0;38.0;38.0;32.0;21.0;20.0;18.0;17.0;17.0;15.0;15.0;14.0;14.0;13.0;13.0;13.0;23003
2010-01;23.0;23.0;18.0;13.0;12.0;4.0;4.0;4.0;3.0;4.0;4.0;4.0;4.0;4.0;4.0;;23003
2011-01;22.0;20.0;14.0;14.0;13.0;13.0;13.0;13.0;13.0;12.0;12.0;11.0;11.0;11.0;;;23003
2012-01;4.0;2.0;2.0;1.0;1.0;1.0;1.0;1.0;1.0;1.0;1.0;1.0;1.0;;;;23003
2013-01;3.0;3.0;2.0;2.0;2.0;2.0;2.0;2.0;1.0;1.0;1.0;1.0;;;;;23003
2014-01;8.0;8.0;8.0;7.0;7.0;6.0;6.0;5.0;5.0;4.0;4.0;;;;;;23003
2015-01;1.0;1.0;1.0;1.0;1.0;1.0;1.0;1.0;1.0;1.0;;;;;;;23003
2017-01;3.0;3.0;2.0;1.0;1.0;2.0;2.0;2.0;;;;;;;;;23003
2018-01;1.0;1.0;1.0;1.0;1.0;1.0;1.0;;;;;;;;;;23003
2019-01;2.0;2.0;2.0;2.0;1.0;1.0;;;;;;;;;;;23003
2020-01;1.0;1.0;1.0;;;;;;;;;;;;;;23003
2022-01;1.0;;;;;;;;;;;;;;;;23003
2023-01;3.0;3.0;;;;;;;;;;;;;;;23003
2024-01;2.0;;;;;;;;;;;;;;;;23003
2009-01;3.0;1.0;1.0;1.0;1.0;;1.0;;;;;;;;;;23018
2010-01;5.0;3.0;3.0;3.0;2.0;2.0;2.0;2.0;2.0;2.0;2.0;2.0;2.0;2.0;2.0;;23018
2011-01;1.0;;;1.0;1.0;;;;;1.0;;;;;;;23018
2012-01;1.0;1.0;1.0;1.0;1.0;1.0;;;;;;;;;;;23018
2014-01;4.0;4.0;4.0;4.0;1.0;1.0;1.0;1.0;1.0;1.0;1.0;;;;;;23018
2016-01;2.0;1.0;;;;;;;;;;;;;;;23018
2017-01;3.0;2.0;2.0;2.0;2.0;2.0;2.0;2.0;;;;;;;;;23018
2018-01;2.0;1.0;2.0;1.0;;;;;;;;;;;;;23018
2019-01;1.0;;1.0;;;;;;;;;;;;;;23018
2020-01;3.0;3.0;3.0;;;;;;;;;;;;;;23018
2022-01;6.0;4.0;2.0;;;;;;;;;;;;;;23018
2023-01;2.0;2.0;;;;;;;;;;;;;;;23018
2024-01;2.0;;;;;;;;;;;;;;;;23018
2009-01;12.0;10.0;10.0;9.0;9.0;8.0;8.0;8.0;8.0;8.0;8.0;8.0;8.0;8.0;7.0;7.0;52011
2010-01;6.0;5.0;5.0;5.0;5.0;5.0;5.0;3.0;2.0;2.0;2.0;3.0;3.0;3.0;3.0;;52011
2011-01;10.0;8.0;8.0;4.0;4.0;4.0;4.0;4.0;3.0;3.0;3.0;3.0;2.0;2.0;;;52011
2012-01;2.0;2.0;2.0;2.0;2.0;2.0;2.0;2.0;2.0;2.0;2.0;2.0;2.0;;;;52011
2013-01;1.0;1.0;1.0;1.0;1.0;1.0;1.0;1.0;1.0;1.0;1.0;1.0;;;;;52011
2014-01;2.0;2.0;2.0;2.0;2.0;2.0;2.0;2.0;2.0;2.0;2.0;;;;;;52011
2017-01;2.0;2.0;2.0;2.0;2.0;1.0;1.0;1.0;;;;;;;;;52011
2018-01;9.0;5.0;4.0;3.0;3.0;2.0;2.0;;;;;;;;;;52011
2019-01;5.0;3.0;3.0;2.0;2.0;1.0;;;;;;;;;;;52011
2020-01;4.0;4.0;4.0;3.0;3.0;;;;;;;;;;;;52011
2021-01;21.0;20.0;16.0;12.0;;;;;;;;;;;;;52011
2022-01;13.0;12.0;12.0;;;;;;;;;;;;;;52011
2023-01;5.0;5.0;;;;;;;;;;;;;;;52011
2024-01;6.0;;;;;;;;;;;;;;;;52011
2009-01;6.0;4.0;3.0;2.0;1.0;1.0;1.0;1.0;;;;;;;1.0;1.0;52012
2010-01;12.0;5.0;2.0;3.0;;1.0;;;;;;;;;;;52012
2011-01;2.0;2.0;;;;1.0;;;1.0;1.0;;;;;;;52012
2012-01;3.0;3.0;;;;;;;;;;;;;;;52012
2013-01;2.0;;;;;;;;;;;;;;;;52012
2014-01;8.0;4.0;2.0;1.0;1.0;1.0;1.0;1.0;1.0;1.0;1.0;;;;;;52012
2016-01;1.0;;;;;;;;;;;;;;;;52012
2017-01;1.0;1.0;;;;;;;;;;;;;;;52012
2018-01;1.0;1.0;;;;;;;;;;;;;;;52012
2019-01;4.0;;;;;;;;;;;;;;;;52012
2020-01;4.0;2.0;2.0;1.0;1.0;;;;;;;;;;;;52012
2021-01;3.0;3.0;3.0;2.0;;;;;;;;;;;;;52012
2023-01;3.0;1.0;;;;;;;;;;;;;;;52012
2024-01;3.0;;;;;;;;;;;;;;;;52012
2009-01;4.0;3.0;3.0;2.0;2.0;2.0;2.0;2.0;2.0;2.0;1.0;1.0;1.0;1.0;1.0;1.0;15012
2010-01;5.0;4.0;3.0;1.0;1.0;1.0;1.0;;;;;;;;;;15012
2011-01;1.0;1.0;1.0;;;;;;;;;;;;;;15012
2012-01;1.0;1.0;;;;;;;;;;;;;;;15012
2013-01;2.0;;1.0;;;;;;;;;;;;;;15012
2014-01;5.0;3.0;1.0;;;;;;;;;;;;;;15012
2015-01;6.0;3.0;2.0;1.0;1.0;1.0;1.0;1.0;1.0;1.0;;;;;;;15012
2016-01;2.0;2.0;2.0;1.0;1.0;1.0;1.0;1.0;1.0;;;;;;;;15012
2017-01;4.0;3.0;2.0;2.0;1.0;2.0;1.0;1.0;;;;;;;;;15012
2018-01;3.0;2.0;2.0;2.0;2.0;2.0;2.0;;;;;;;;;;15012
2021-01;1.0;1.0;1.0;1.0;;;;;;;;;;;;;15012
2022-01;7.0;5.0;3.0;;;;;;;;;;;;;;15012
2023-01;4.0;2.0;;;;;;;;;;;;;;;15012
2024-01;6.0;;;;;;;;;;;;;;;;15012
2009-01;6.0;6.0;1.0;1.0;1.0;1.0;1.0;1.0;1.0;1.0;1.0;1.0;1.0;2.0;2.0;3.0;15009
2010-01;1.0;1.0;1.0;1.0;1.0;1.0;1.0;1.0;1.0;1.0;1.0;1.0;1.0;1.0;1.0;;15009
2011-01;3.0;2.0;2.0;1.0;;;;;;;;;;;;;15009
2012-01;1.0;;;;;;;;;;;;;;;;15009
2013-01;2.0;1.0;1.0;;;;;;;;1.0;1.0;;;;;15009
2014-01;2.0;1.0;1.0;1.0;;;;;;;;;;;;;15009
2016-01;1.0;1.0;1.0;;;;;;;;;;;;;;15009
2018-01;1.0;1.0;1.0;1.0;;;;;;;;;;;;;15009
2019-01;1.0;1.0;1.0;;;;;;;;;;;;;;15009
2020-01;9.0;2.0;1.0;1.0;1.0;;;;;;;;;;;;15009
2021-01;11.0;9.0;9.0;4.0;;;;;;;;;;;;;15009
2022-01;22.0;20.0;12.0;;;;;;;;;;;;;;15009
2023-01;6.0;2.0;;;;;;;;;;;;;;;15009
2024-01;4.0;;;;;;;;;;;;;;;;15009
2010-01;1.0;1.0;1.0;1.0;1.0;1.0;1.0;;;;;;;;;;26011
2013-01;2.0;2.0;2.0;2.0;2.0;2.0;2.0;2.0;2.0;2.0;2.0;2.0;;;;;26011
2014-01;12.0;9.0;9.0;9.0;9.0;9.0;9.0;9.0;9.0;9.0;9.0;;;;;;26011
2018-01;1.0;1.0;1.0;1.0;1.0;;;;;;;;;;;;26011
2020-01;5.0;4.0;4.0;4.0;4.0;;;;;;;;;;;;26011
2024-01;1.0;;;;;;;;;;;;;;;;26011
2009-01;1.0;1.0;1.0;1.0;1.0;1.0;;;;;;;;;;;22009
2014-01;2.0;;;;;;;;;;;;;;;;22009
2016-01;1.0;;;;;;;;;;;;;;;;22009
2017-01;1.0;1.0;1.0;1.0;1.0;1.0;1.0;;;;;;;;;;22009
2018-01;2.0;2.0;2.0;2.0;1.0;1.0;1.0;;;;;;;;;;22009
2019-01;1.0;;;;;;;;;;;;;;;;22009
2020-01;4.0;3.0;2.0;2.0;2.0;;;;;;;;;;;;22009
2022-01;2.0;;;;;;;;;;;;;;;;22009
2023-01;1.0;1.0;;;;;;;;;;;;;;;22009
2009-01;1.0;1.0;1.0;1.0;1.0;1.0;1.0;;1.0;1.0;1.0;1.0;1.0;1.0;1.0;1.0;11007
2010-01;1.0;;;;;;;;;;;;;;;;11007
2014-01;5.0;1.0;1.0;1.0;1.0;1.0;1.0;1.0;1.0;;;;;;;;11007
2016-01;1.0;1.0;1.0;;;;;;;;;;;;;;11007
2017-01;4.0;4.0;4.0;3.0;1.0;1.0;1.0;1.0;;;;;;;;;11007
2018-01;17.0;16.0;15.0;15.0;14.0;11.0;;;;;;;;;;;11007
2019-01;1.0;1.0;1.0;1.0;1.0;1.0;;;;;;;;;;;11007
2022-01;6.0;6.0;;;;;;;;;;;;;;;11007
2023-01;1.0;;;;;;;;;;;;;;;;11007
2024-01;7.0;;;;;;;;;;;;;;;;11007
2009-01;3.0;3.0;3.0;3.0;3.0;3.0;3.0;3.0;3.0;3.0;3.0;3.0;3.0;3.0;3.0;3.0;43022
2010-01;2.0;1.0;1.0;1.0;1.0;1.0;1.0;1.0;1.0;1.0;1.0;1.0;;;;;43022
2013-01;1.0;1.0;1.0;1.0;1.0;1.0;1.0;1.0;1.0;1.0;1.0;1.0;;;;;43022
2016-01;2.0;2.0;2.0;2.0;2.0;2.0;2.0;2.0;2.0;;;;;;;;43022
2019-01;3.0;1.0;1.0;1.0;1.0;1.0;;;;;;;;;;;43022
2020-01;1.0;1.0;1.0;1.0;1.0;;;;;;;;;;;;43022
2024-01;1.0;;;;;;;;;;;;;;;;43022
2009-01;3.0;3.0;3.0;3.0;3.0;3.0;3.0;3.0;3.0;3.0;3.0;3.0;3.0;3.0;3.0;3.0;43025
2010-01;6.0;5.0;4.0;4.0;4.0;4.0;3.0;3.0;3.0;3.0;3.0;3.0;3.0;3.0;3.0;;43025
2012-01;1.0;1.0;;;;;;;;;;;;;;;43025
2013-01;1.0;1.0;1.0;1.0;1.0;1.0;1.0;1.0;1.0;1.0;1.0;1.0;;;;;43025
2014-01;3.0;3.0;3.0;3.0;3.0;3.0;3.0;3.0;3.0;3.0;3.0;;;;;;43025
2016-01;1.0;1.0;1.0;1.0;1.0;1.0;1.0;1.0;1.0;;;;;;;;43025
2017-01;1.0;1.0;1.0;1.0;1.0;1.0;1.0;1.0;;;;;;;;;43025
2018-01;2.0;2.0;2.0;2.0;2.0;2.0;2.0;;;;;;;;;;43025
2019-01;6.0;4.0;4.0;4.0;3.0;3.0;;;;;;;;;;;43025
2020-01;3.0;3.0;3.0;2.0;2.0;;;;;;;;;;;;43025
2021-01;3.0;3.0;3.0;3.0;;;;;;;;;;;;;43025
2022-01;8.0;8.0;7.0;;;;;;;;;;;;;;43025
2023-01;5.0;5.0;;;;;;;;;;;;;;;43025
2024-01;4.0;;;;;;;;;;;;;;;;43025
2009-01;1.0;1.0;;;;;;;;;;;;;;;43009
2010-01;4.0;4.0;4.0;4.0;4.0;4.0;2.0;2.0;2.0;2.0;2.0;3.0;3.0;3.0;2.0;;43009
2013-01;4.0;4.0;4.0;4.0;4.0;4.0;4.0;4.0;4.0;4.0;4.0;2.0;;;;;43009
2016-01;1.0;1.0;1.0;;;;;;1.0;;;;;;;;43009
2017-01;2.0;2.0;2.0;1.0;1.0;1.0;1.0;;;;;;;;;;43009
2018-01;4.0;3.0;3.0;3.0;2.0;2.0;;;;;;;;;;;43009
2019-01;3.0;1.0;1.0;1.0;1.0;1.0;;;;;;;;;;;43009
2020-01;1.0;1.0;1.0;1.0;1.0;;;;;;;;;;;;43009
2021-01;2.0;1.0;1.0;;;;;;;;;;;;;;43009
2022-01;1.0;1.0;1.0;;;;;;;;;;;;;;43009
2023-01;1.0;1.0;;;;;;;;;;;;;;;43009
2024-01;15.0;;;;;;;;;;;;;;;;43009
2009-01;4.0;4.0;4.0;3.0;3.0;1.0;1.0;1.0;1.0;1.0;1.0;1.0;1.0;1.0;1.0;1.0;43020
2011-01;2.0;2.0;1.0;1.0;1.0;1.0;1.0;1.0;1.0;1.0;1.0;1.0;;;;;43020
2012-01;3.0;2.0;2.0;1.0;1.0;1.0;1.0;1.0;1.0;1.0;1.0;1.0;1.0;;;;43020
2013-01;2.0;2.0;1.0;2.0;1.0;1.0;1.0;1.0;1.0;1.0;1.0;;;;;;43020
2014-01;3.0;3.0;3.0;3.0;3.0;3.0;3.0;3.0;2.0;2.0;2.0;;;;;;43020
2016-01;1.0;1.0;1.0;1.0;1.0;1.0;1.0;1.0;;;;;;;;;43020
2017-01;1.0;1.0;;;;;;;;;;;;;;;43020
2018-01;3.0;1.0;1.0;1.0;1.0;2.0;1.0;;;;;;;;;;43020
2019-01;2.0;2.0;2.0;2.0;2.0;2.0;;;;;;;;;;;43020
2020-01;2.0;2.0;1.0;1.0;1.0;;;;;;;;;;;;43020
2021-01;1.0;1.0;1.0;1.0;;;;;;;;;;;;;43020
2022-01;2.0;2.0;2.0;;;;;;;;;;;;;;43020
2023-01;3.0;3.0;;;;;;;;;;;;;;;43020
2024-01;3.0;;;;;;;;;;;;;;;;43020
2009-01;3.0;3.0;3.0;1.0;1.0;;;;;;;;;;;;43003
2011-01;2.0;2.0;1.0;1.0;2.0;2.0;2.0;2.0;2.0;2.0;2.0;1.0;1.0;1.0;;;43003
2012-01;1.0;1.0;1.0;1.0;1.0;1.0;1.0;1.0;1.0;1.0;1.0;1.0;1.0;;;;43003
2013-01;1.0;1.0;1.0;1.0;1.0;1.0;1.0;1.0;1.0;1.0;1.0;1.0;;;;;43003
2016-01;2.0;2.0;1.0;;;;;;;;;;;;;;43003
2017-01;10.0;10.0;10.0;10.0;10.0;10.0;3.0;3.0;;;;;;;;;43003
2018-01;3.0;3.0;3.0;3.0;1.0;;;;;;;;;;;;43003
2019-01;1.0;1.0;;;;;;;;;;;;;;;43003
2021-01;4.0;3.0;3.0;3.0;;;;;;;;;;;;;43003
2022-01;1.0;;1.0;;;;;;;;;;;;;;43003
2023-01;2.0;2.0;;;;;;;;;;;;;;;43003
2024-01;2.0;;;;;;;;;;;;;;;;43003
2009-01;9.0;8.0;6.0;6.0;6.0;5.0;5.0;5.0;5.0;2.0;2.0;2.0;2.0;2.0;2.0;2.0;43015
2010-01;5.0;4.0;4.0;3.0;3.0;2.0;2.0;1.0;;;;;;;;;43015
2011-01;3.0;2.0;1.0;1.0;1.0;1.0;1.0;1.0;1.0;1.0;1.0;1.0;1.0;1.0;;;43015
2012-01;2.0;2.0;;;;;;;;;;;;;;;43015
2014-01;3.0;2.0;1.0;;;;;;;;;;;;;;43015
2016-01;7.0;6.0;2.0;2.0;2.0;2.0;2.0;2.0;2.0;;;;;;;;43015
2017-01;17.0;8.0;8.0;5.0;4.0;4.0;5.0;5.0;;;;;;;;;43015
2018-01;9.0;3.0;2.0;2.0;1.0;1.0;;;;;;;;;;;43015
2019-01;6.0;3.0;3.0;2.0;1.0;1.0;;;;;;;;;;;43015
2020-01;3.0;3.0;2.0;2.0;2.0;;;;;;;;;;;;43015
2021-01;3.0;2.0;1.0;1.0;;;;;;;;;;;;;43015
2022-01;6.0;3.0;2.0;;;;;;;;;;;;;;43015
2023-01;8.0;8.0;;;;;;;;;;;;;;;43015
2024-01;5.0;;;;;;;;;;;;;;;;43015
2009-01;1.0;1.0;1.0;1.0;1.0;1.0;1.0;1.0;1.0;1.0;1.0;1.0;1.0;1.0;1.0;1.0;43024
2013-01;2.0;1.0;1.0;1.0;1.0;1.0;1.0;1.0;1.0;1.0;1.0;1.0;;;;;43024
2016-01;1.0;;1.0;;;;;;;;;;;;;;43024
2018-01;2.0;1.0;1.0;1.0;1.0;1.0;1.0;;;;;;;;;;43024
2019-01;1.0;1.0;1.0;1.0;1.0;1.0;;;;;;;;;;;43024
2020-01;1.0;1.0;1.0;1.0;1.0;;;;;;;;;;;;43024
2022-01;1.0;1.0;1.0;;;;;;;;;;;;;;43024
2023-01;1.0;1.0;;;;;;;;;;;;;;;43024
2009-01;5.0;5.0;5.0;4.0;4.0;4.0;4.0;3.0;3.0;3.0;3.0;3.0;3.0;3.0;3.0;3.0;28005
2010-01;9.0;7.0;5.0;5.0;5.0;4.0;4.0;4.0;3.0;1.0;1.0;1.0;1.0;1.0;1.0;;28005
2011-01;5.0;4.0;4.0;4.0;4.0;3.0;2.0;2.0;1.0;;;;;;;;28005
2012-01;3.0;2.0;2.0;2.0;2.0;2.0;2.0;;1.0;1.0;1.0;1.0;1.0;;;;28005
2013-01;1.0;;;;;;;;;;;;;;;;28005
2015-01;1.0;1.0;1.0;1.0;1.0;1.0;1.0;1.0;1.0;1.0;;;;;;;28005
2016-01;3.0;3.0;3.0;3.0;3.0;3.0;3.0;3.0;3.0;;;;;;;;28005
2009-01;17.0;17.0;16.0;16.0;16.0;16.0;16.0;16.0;16.0;15.0;15.0;14.0;14.0;14.0;12.0;11.0;17006
2010-01;4.0;4.0;4.0;4.0;4.0;4.0;4.0;4.0;3.0;3.0;3.0;3.0;3.0;3.0;2.0;;17006
2011-01;3.0;3.0;3.0;3.0;3.0;3.0;3.0;3.0;3.0;3.0;3.0;3.0;3.0;3.0;;;17006
2012-01;3.0;3.0;3.0;3.0;3.0;3.0;3.0;3.0;2.0;2.0;2.0;2.0;2.0;;;;17006
2013-01;3.0;3.0;3.0;3.0;3.0;3.0;3.0;2.0;3.0;3.0;3.0;2.0;;;;;17006
2014-01;5.0;5.0;5.0;5.0;5.0;5.0;3.0;2.0;2.0;2.0;1.0;;;;;;17006
2015-01;4.0;4.0;4.0;4.0;4.0;3.0;2.0;2.0;2.0;2.0;;;;;;;17006
2016-01;7.0;7.0;5.0;5.0;4.0;4.0;4.0;4.0;4.0;;;;;;;;17006
2017-01;4.0;3.0;3.0;3.0;2.0;2.0;2.0;2.0;;;;;;;;;17006
2018-01;4.0;4.0;4.0;4.0;4.0;3.0;3.0;;;;;;;;;;17006
2019-01;7.0;7.0;5.0;5.0;4.0;4.0;;;;;;;;;;;17006
2020-01;5.0;5.0;5.0;5.0;5.0;;;;;;;;;;;;17006
2021-01;7.0;7.0;6.0;6.0;;;;;;;;;;;;;17006
2022-01;9.0;9.0;9.0;;;;;;;;;;;;;;17006
2023-01;8.0;8.0;;;;;;;;;;;;;;;17006
2024-01;7.0;;;;;;;;;;;;;;;;17006
2009-01;2.0;;;;;;;;;;;;;;;;27004
2010-01;1.0;;;;;;;;;;;;;;;;27004
2011-01;1.0;1.0;;;;;;;;;;;;;;;27004
2013-01;1.0;1.0;1.0;1.0;1.0;;;;;;;;;;;;27004
2020-01;1.0;;;;;;;;;;;;;;;;27004
2021-01;1.0;1.0;1.0;1.0;;;;;;;;;;;;;27004
2009-01;4.0;2.0;;;;;;;;;;;;;;;27003
2010-01;1.0;;;;;;;;;;;;;;;;27003
2011-01;1.0;1.0;;;;;;;;;;;;;;;27003
2013-01;4.0;3.0;1.0;;;;;;;;;;;;;;27003
2014-01;2.0;2.0;;;;;;;;;;;;;;;27003
2015-01;3.0;1.0;;;;;;;;;;;;;;;27003
2016-01;2.0;1.0;1.0;1.0;;;1.0;1.0;;;;;;;;;27003
2017-01;3.0;3.0;2.0;;;;;;;;;;;;;;27003
2018-01;5.0;5.0;1.0;;;;;;;;;;;;;;27003
2019-01;5.0;5.0;2.0;2.0;2.0;1.0;;;;;;;;;;;27003
2020-01;1.0;1.0;1.0;1.0;1.0;;;;;;;;;;;;27003
2021-01;13.0;12.0;10.0;5.0;;;;;;;;;;;;;27003
2022-01;17.0;16.0;2.0;;;;;;;;;;;;;;27003
2023-01;12.0;7.0;;;;;;;;;;;;;;;27003
2024-01;10.0;;;;;;;;;;;;;;;;27003
2009-01;2.0;1.0;1.0;1.0;1.0;1.0;1.0;1.0;;;1.0;1.0;1.0;1.0;1.0;;13002
2010-01;2.0;1.0;1.0;1.0;1.0;1.0;1.0;1.0;1.0;1.0;;;;;;;13002
2011-01;1.0;1.0;;;;;;;;;;;;;;;13002
2012-01;1.0;1.0;1.0;1.0;1.0;1.0;;;;;;;;;;;13002
2013-01;3.0;2.0;2.0;1.0;1.0;1.0;1.0;1.0;1.0;1.0;1.0;1.0;;;;;13002
2014-01;3.0;2.0;;1.0;1.0;;;;;;;;;;;;13002
2015-01;7.0;7.0;;;;;;;;;;;;;;;13002
2016-01;1.0;;;;;;;;;;;;;;;;13002
2018-01;2.0;2.0;2.0;2.0;2.0;2.0;1.0;;;;;;;;;;13002
2020-01;5.0;5.0;2.0;3.0;1.0;;;;;;;;;;;;13002
2021-01;1.0;;;;;;;;;;;;;;;;13002
2022-01;2.0;1.0;;;;;;;;;;;;;;;13002
2023-01;3.0;3.0;;;;;;;;;;;;;;;13002
2024-01;5.0;;;;;;;;;;;;;;;;13002
2009-01;6.0;3.0;3.0;2.0;2.0;1.0;1.0;1.0;1.0;1.0;1.0;1.0;1.0;1.0;1.0;1.0;52002
2010-01;13.0;10.0;8.0;7.0;5.0;5.0;6.0;7.0;7.0;6.0;5.0;5.0;5.0;5.0;4.0;;52002
2011-01;7.0;6.0;6.0;6.0;6.0;5.0;5.0;5.0;5.0;4.0;4.0;4.0;3.0;2.0;;;52002
2012-01;2.0;1.0;;;;;;;;;;;;;;;52002
2013-01;1.0;;;1.0;1.0;1.0;1.0;1.0;1.0;1.0;;1.0;;;;;52002
2014-01;3.0;1.0;1.0;1.0;1.0;1.0;1.0;1.0;1.0;1.0;;;;;;;52002
2015-01;2.0;2.0;1.0;;;;1.0;1.0;;;;;;;;;52002
2016-01;3.0;2.0;3.0;3.0;3.0;2.0;1.0;1.0;1.0;;;;;;;;52002
2017-01;12.0;11.0;10.0;10.0;9.0;7.0;;;;;;;;;;;52002
2018-01;5.0;3.0;3.0;3.0;2.0;1.0;1.0;;;;;;;;;;52002
2019-01;1.0;1.0;1.0;1.0;1.0;1.0;;;;;;;;;;;52002
2020-01;4.0;4.0;4.0;1.0;1.0;;;;;;;;;;;;52002
2021-01;124.0;121.0;6.0;7.0;;;;;;;;;;;;;52002
2022-01;25.0;5.0;4.0;;;;;;;;;;;;;;52002
2023-01;34.0;24.0;;;;;;;;;;;;;;;52002
2024-01;20.0;;;;;;;;;;;;;;;;52002
2009-01;1.0;1.0;1.0;1.0;1.0;1.0;1.0;1.0;1.0;1.0;1.0;1.0;;;;;52017
2010-01;7.0;4.0;4.0;4.0;4.0;4.0;3.0;3.0;3.0;3.0;3.0;3.0;3.0;3.0;3.0;;52017
2011-01;4.0;3.0;3.0;3.0;2.0;1.0;;;;;;;;;;;52017
2012-01;6.0;3.0;2.0;2.0;2.0;2.0;1.0;1.0;1.0;1.0;1.0;1.0;1.0;;;;52017
2014-01;2.0;2.0;1.0;1.0;1.0;1.0;1.0;1.0;1.0;1.0;1.0;;;;;;52017
2016-01;1.0;;1.0;;;;;;;;;;;;;;52017
2017-01;3.0;2.0;2.0;2.0;1.0;2.0;1.0;;;;;;;;;;52017
2018-01;4.0;4.0;3.0;3.0;2.0;1.0;1.0;;;;;;;;;;52017
2019-01;2.0;;;;;;;;;;;;;;;;52017
2020-01;5.0;5.0;4.0;3.0;2.0;;;;;;;;;;;;52017
2021-01;1.0;1.0;1.0;1.0;;;;;;;;;;;;;52017
2022-01;4.0;4.0;3.0;;;;;;;;;;;;;;52017
2023-01;1.0;1.0;;;;;;;;;;;;;;;52017
2024-01;2.0;;;;;;;;;;;;;;;;52017
2009-01;7.0;3.0;4.0;3.0;3.0;2.0;2.0;2.0;2.0;3.0;4.0;4.0;4.0;4.0;2.0;2.0;52009
2010-01;4.0;2.0;1.0;;1.0;;;1.0;;;;;;;;;52009
2011-01;5.0;3.0;1.0;;;;;;1.0;1.0;;;;;;;52009
2012-01;2.0;;;1.0;1.0;1.0;1.0;;;;;;;;;;52009
2013-01;1.0;1.0;1.0;;;1.0;1.0;;;;;;;;;;52009
2014-01;2.0;1.0;1.0;;;;;;;;;;;;;;52009
2015-01;2.0;2.0;1.0;1.0;1.0;2.0;;;1.0;1.0;;;;;;;52009
2016-01;2.0;;;;;1.0;1.0;1.0;1.0;;;;;;;;52009
2017-01;3.0;3.0;2.0;2.0;2.0;1.0;1.0;1.0;;;;;;;;;52009
2018-01;6.0;1.0;1.0;;;;;;;;;;;;;;52009
2019-01;1.0;1.0;1.0;1.0;1.0;1.0;;;;;;;;;;;52009
2020-01;4.0;4.0;4.0;4.0;2.0;;;;;;;;;;;;52009
2021-01;3.0;3.0;3.0;2.0;;;;;;;;;;;;;52009
2022-01;2.0;2.0;2.0;;;;;;;;;;;;;;52009
2023-01;2.0;1.0;;;;;;;;;;;;;;;52009
2012-01;1.0;1.0;1.0;1.0;1.0;1.0;1.0;1.0;1.0;1.0;;;;;;;21003
2013-01;1.0;1.0;1.0;1.0;1.0;1.0;;;;;;;;;;;21003
2014-01;1.0;1.0;1.0;1.0;1.0;;;;;;;;;;;;21003
2016-01;1.0;1.0;1.0;1.0;1.0;1.0;1.0;1.0;1.0;;;;;;;;21003
2018-01;3.0;3.0;3.0;3.0;3.0;2.0;2.0;;;;;;;;;;21003
2020-01;1.0;1.0;1.0;1.0;1.0;;;;;;;;;;;;21003
2024-01;1.0;;;;;;;;;;;;;;;;21003
2009-01;1.0;1.0;1.0;1.0;1.0;1.0;;;;;;;;;;;31089
2010-01;1.0;1.0;1.0;1.0;1.0;;;;;;;;;;;;31089
2011-01;1.0;1.0;;;;;;;;;;;;;;;31089
2019-01;2.0;1.0;1.0;1.0;1.0;1.0;;;;;;;;;;;31089
2021-01;1.0;1.0;1.0;1.0;;;;;;;;;;;;;31089
2023-01;4.0;4.0;;;;;;;;;;;;;;;31089
2024-01;2.0;;;;;;;;;;;;;;;;31089
2009-01;2.0;;;;1.0;;;;;;;;;;;;31053
2010-01;3.0;2.0;;;;;;;;;;;;;;;31053
2012-01;1.0;;;;;;;;;;;;;;;;31053
2014-01;1.0;1.0;;;;;;;;;;;;;;;31053
2022-01;3.0;1.0;1.0;;;;;;;;;;;;;;31053
2023-01;1.0;1.0;;;;;;;;;;;;;;;31053
2009-01;1.0;1.0;1.0;1.0;1.0;1.0;1.0;1.0;1.0;1.0;1.0;1.0;1.0;1.0;1.0;1.0;31060
2013-01;1.0;1.0;1.0;1.0;1.0;1.0;1.0;1.0;1.0;1.0;1.0;1.0;;;;;31060
2019-01;3.0;3.0;3.0;3.0;2.0;2.0;;;;;;;;;;;31060
2020-01;2.0;2.0;2.0;1.0;1.0;;;;;;;;;;;;31060
2021-01;6.0;5.0;5.0;1.0;;;;;;;;;;;;;31060
2022-01;3.0;3.0;1.0;;;;;;;;;;;;;;31060
2023-01;1.0;1.0;;;;;;;;;;;;;;;31060
2024-01;2.0;;;;;;;;;;;;;;;;31060
2010-01;2.0;2.0;2.0;2.0;2.0;2.0;1.0;1.0;1.0;1.0;1.0;1.0;1.0;1.0;1.0;;31048
2011-01;1.0;1.0;1.0;1.0;1.0;1.0;1.0;1.0;1.0;;;;;;;;31048
2012-01;1.0;1.0;1.0;1.0;1.0;1.0;1.0;1.0;1.0;1.0;1.0;1.0;1.0;;;;31048
2013-01;1.0;1.0;1.0;1.0;1.0;1.0;1.0;1.0;1.0;1.0;1.0;1.0;;;;;31048
2015-01;1.0;1.0;;;;;;;;;;;;;;;31048
2019-01;1.0;1.0;1.0;1.0;1.0;1.0;;;;;;;;;;;31048
2020-01;1.0;;;;;;;;;;;;;;;;31048
2021-01;3.0;3.0;3.0;3.0;;;;;;;;;;;;;31048
2022-01;2.0;2.0;1.0;;;;;;;;;;;;;;31048
2023-01;3.0;3.0;;;;;;;;;;;;;;;31048
2024-01;7.0;;;;;;;;;;;;;;;;31048
2009-01;21.0;20.0;20.0;19.0;19.0;19.0;19.0;18.0;18.0;18.0;18.0;18.0;18.0;18.0;18.0;17.0;51002
2010-01;7.0;7.0;7.0;5.0;4.0;3.0;2.0;2.0;2.0;2.0;1.0;1.0;1.0;1.0;1.0;;51002
2011-01;12.0;9.0;6.0;5.0;4.0;4.0;4.0;4.0;4.0;4.0;4.0;4.0;4.0;4.0;;;51002
2012-01;4.0;3.0;3.0;3.0;3.0;3.0;3.0;3.0;3.0;3.0;3.0;3.0;3.0;;;;51002
2013-01;10.0;10.0;10.0;7.0;6.0;7.0;7.0;5.0;5.0;5.0;5.0;6.0;;;;;51002
2014-01;9.0;9.0;8.0;7.0;7.0;7.0;6.0;6.0;6.0;6.0;6.0;;;;;;51002
2015-01;8.0;8.0;8.0;8.0;8.0;8.0;6.0;7.0;7.0;7.0;;;;;;;51002
2016-01;13.0;10.0;9.0;7.0;7.0;8.0;8.0;6.0;6.0;;;;;;;;51002
2017-01;13.0;12.0;10.0;10.0;9.0;9.0;9.0;9.0;;;;;;;;;51002
2018-01;11.0;11.0;11.0;10.0;10.0;10.0;10.0;;;;;;;;;;51002
2019-01;12.0;8.0;9.0;10.0;11.0;11.0;;;;;;;;;;;51002
2020-01;7.0;7.0;7.0;7.0;7.0;;;;;;;;;;;;51002
2021-01;15.0;14.0;14.0;13.0;;;;;;;;;;;;;51002
2022-01;19.0;15.0;16.0;;;;;;;;;;;;;;51002
2023-01;27.0;25.0;;;;;;;;;;;;;;;51002
2024-01;18.0;;;;;;;;;;;;;;;;51002
2009-01;2.0;2.0;2.0;1.0;1.0;1.0;1.0;1.0;1.0;1.0;1.0;1.0;1.0;1.0;1.0;1.0;51013
2010-01;13.0;8.0;2.0;1.0;2.0;2.0;2.0;2.0;2.0;1.0;1.0;1.0;1.0;1.0;1.0;;51013
2011-01;5.0;4.0;3.0;3.0;3.0;3.0;3.0;3.0;2.0;2.0;2.0;2.0;1.0;1.0;;;51013
2012-01;10.0;8.0;6.0;6.0;6.0;6.0;6.0;5.0;3.0;3.0;3.0;3.0;3.0;;;;51013
2013-01;2.0;2.0;2.0;1.0;1.0;1.0;1.0;1.0;1.0;1.0;1.0;1.0;;;;;51013
2014-01;4.0;4.0;4.0;4.0;4.0;4.0;4.0;4.0;4.0;4.0;4.0;;;;;;51013
2015-01;2.0;1.0;;;1.0;1.0;1.0;1.0;1.0;1.0;;;;;;;51013
2016-01;2.0;2.0;1.0;1.0;1.0;1.0;1.0;1.0;1.0;;;;;;;;51013
2017-01;4.0;4.0;3.0;3.0;3.0;2.0;2.0;2.0;;;;;;;;;51013
2018-01;6.0;5.0;4.0;3.0;3.0;3.0;3.0;;;;;;;;;;51013
2019-01;2.0;2.0;2.0;2.0;2.0;2.0;;;;;;;;;;;51013
2020-01;6.0;6.0;6.0;6.0;6.0;;;;;;;;;;;;51013
2021-01;3.0;3.0;2.0;2.0;;;;;;;;;;;;;51013
2024-01;10.0;;;;;;;;;;;;;;;;51013
2012-01;4.0;4.0;1.0;1.0;;1.0;1.0;1.0;1.0;2.0;;;;;;;15014
2013-01;2.0;2.0;2.0;2.0;2.0;2.0;2.0;1.0;1.0;;1.0;1.0;;;;;15014
2014-01;8.0;8.0;3.0;3.0;2.0;1.0;;;2.0;2.0;2.0;;;;;;15014
2015-01;2.0;1.0;1.0;;;;;1.0;1.0;1.0;;;;;;;15014
2019-01;4.0;2.0;1.0;;;;;;;;;;;;;;15014
2021-01;5.0;;;;;;;;;;;;;;;;15014
2022-01;7.0;7.0;4.0;;;;;;;;;;;;;;15014
2023-01;10.0;10.0;;;;;;;;;;;;;;;15014
2024-01;2.0;;;;;;;;;;;;;;;;15014
2009-01;2.0;1.0;1.0;1.0;1.0;;;;;;;;;;;;25003
2010-01;2.0;2.0;2.0;1.0;;;;;;1.0;;;;;1.0;;25003
2022-01;2.0;2.0;1.0;;;;;;;;;;;;;;25003
2011-01;4.0;;;;;;;;;;;;;;;;25012
2012-01;2.0;2.0;1.0;1.0;1.0;1.0;1.0;1.0;1.0;1.0;1.0;1.0;;;;;25012
2014-01;2.0;1.0;1.0;1.0;2.0;2.0;2.0;2.0;2.0;;;;;;;;25012
2015-01;1.0;;;1.0;1.0;1.0;;;;;;;;;;;25012
2018-01;3.0;3.0;3.0;3.0;3.0;2.0;1.0;;;;;;;;;;25012
2020-01;1.0;1.0;1.0;1.0;1.0;;;;;;;;;;;;25012
2021-01;2.0;2.0;1.0;1.0;;;;;;;;;;;;;25012
2023-01;2.0;2.0;;;;;;;;;;;;;;;25012
2024-01;5.0;;;;;;;;;;;;;;;;25012
2011-01;4.0;2.0;1.0;1.0;1.0;1.0;1.0;1.0;1.0;1.0;1.0;1.0;1.0;1.0;;;26004
2014-01;1.0;1.0;1.0;1.0;;;;;;;;;;;;;26004
2015-01;3.0;2.0;2.0;2.0;2.0;2.0;2.0;2.0;2.0;2.0;;;;;;;26004
2020-01;2.0;2.0;2.0;2.0;2.0;;;;;;;;;;;;26004
2022-01;3.0;3.0;2.0;;;;;;;;;;;;;;26004
2023-01;1.0;;;;;;;;;;;;;;;;26004
2024-01;3.0;;;;;;;;;;;;;;;;26004
2009-01;6.0;3.0;5.0;4.0;3.0;3.0;3.0;3.0;3.0;3.0;3.0;3.0;3.0;3.0;3.0;3.0;26005
2012-01;1.0;1.0;1.0;1.0;1.0;1.0;1.0;1.0;1.0;1.0;1.0;;;;;;26005
2013-01;2.0;2.0;2.0;2.0;1.0;;;;;;;;;;;;26005
2018-01;2.0;1.0;1.0;;;;;;;;;;;;;;26005
2020-01;4.0;4.0;4.0;4.0;2.0;;;;;;;;;;;;26005
2022-01;1.0;1.0;1.0;;;;;;;;;;;;;;26005
2023-01;3.0;2.0;;;;;;;;;;;;;;;26005
2014-01;1.0;1.0;1.0;1.0;1.0;1.0;1.0;1.0;1.0;1.0;;;;;;;22002
2015-01;1.0;1.0;1.0;1.0;1.0;1.0;1.0;1.0;1.0;1.0;;;;;;;22002
2019-01;1.0;1.0;1.0;1.0;1.0;;;;;;;;;;;;22002
2024-01;1.0;;;;;;;;;;;;;;;;22002
2009-01;5.0;5.0;5.0;5.0;5.0;5.0;5.0;5.0;4.0;4.0;3.0;3.0;3.0;3.0;3.0;3.0;41016
2010-01;4.0;4.0;2.0;2.0;2.0;1.0;;;;;;;;;;;41016
2011-01;1.0;1.0;1.0;1.0;1.0;1.0;1.0;1.0;1.0;1.0;1.0;1.0;1.0;1.0;;;41016
2012-01;2.0;2.0;2.0;2.0;2.0;2.0;2.0;2.0;2.0;1.0;1.0;1.0;;;;;41016
2014-01;2.0;1.0;1.0;1.0;1.0;1.0;1.0;1.0;1.0;1.0;1.0;;;;;;41016
2016-01;1.0;1.0;1.0;1.0;1.0;1.0;1.0;1.0;1.0;;;;;;;;41016
2017-01;1.0;;;;;;;;;;;;;;;;41016
2018-01;5.0;4.0;2.0;2.0;2.0;1.0;;;;;;;;;;;41016
2019-01;7.0;1.0;1.0;1.0;1.0;1.0;;;;;;;;;;;41016
2020-01;5.0;5.0;3.0;3.0;3.0;;;;;;;;;;;;41016
2021-01;2.0;2.0;2.0;2.0;;;;;;;;;;;;;41016
2022-01;13.0;13.0;10.0;;;;;;;;;;;;;;41016
2023-01;5.0;5.0;;;;;;;;;;;;;;;41016
2024-01;6.0;;;;;;;;;;;;;;;;41016
2009-01;11.0;9.0;9.0;2.0;2.0;2.0;1.0;1.0;1.0;1.0;1.0;1.0;1.0;1.0;1.0;1.0;41009
2010-01;2.0;2.0;2.0;2.0;2.0;2.0;2.0;2.0;2.0;2.0;2.0;2.0;2.0;2.0;2.0;;41009
2011-01;2.0;1.0;1.0;1.0;1.0;1.0;1.0;1.0;1.0;1.0;1.0;1.0;1.0;1.0;;;41009
2012-01;4.0;3.0;1.0;1.0;1.0;1.0;1.0;1.0;1.0;1.0;1.0;1.0;1.0;;;;41009
2013-01;2.0;2.0;2.0;2.0;2.0;2.0;2.0;2.0;2.0;2.0;2.0;2.0;;;;;41009
2014-01;1.0;;;;;;;;;;;;;;;;41009
2015-01;1.0;1.0;1.0;1.0;1.0;1.0;1.0;1.0;1.0;1.0;;;;;;;41009
2016-01;1.0;1.0;1.0;;;;;;;;;;;;;;41009
2017-01;2.0;2.0;2.0;2.0;2.0;2.0;2.0;2.0;;;;;;;;;41009
2020-01;2.0;2.0;2.0;2.0;2.0;;;;;;;;;;;;41009
2021-01;4.0;4.0;4.0;4.0;;;;;;;;;;;;;41009
2022-01;3.0;3.0;3.0;;;;;;;;;;;;;;41009
2023-01;1.0;1.0;;;;;;;;;;;;;;;41009
2024-01;4.0;;;;;;;;;;;;;;;;41009
2009-01;3.0;3.0;3.0;1.0;1.0;1.0;1.0;1.0;1.0;1.0;1.0;1.0;1.0;;;;41022
2010-01;2.0;2.0;2.0;2.0;2.0;2.0;2.0;2.0;2.0;2.0;2.0;2.0;1.0;1.0;2.0;;41022
2011-01;3.0;;;;;;;;;;;;;;;;41022
2012-01;1.0;1.0;1.0;1.0;1.0;1.0;1.0;1.0;1.0;1.0;;;;;;;41022
2013-01;3.0;1.0;;;;;;;;;;;;;;;41022
2014-01;2.0;1.0;1.0;1.0;1.0;1.0;1.0;1.0;1.0;1.0;1.0;;;;;;41022
2015-01;1.0;1.0;;;;;;;;;;;;;;;41022
2020-01;3.0;2.0;1.0;1.0;1.0;;;;;;;;;;;;41022
2022-01;1.0;1.0;1.0;;;;;;;;;;;;;;41022
2023-01;2.0;1.0;;;;;;;;;;;;;;;41022
2009-01;3.0;3.0;3.0;3.0;3.0;3.0;3.0;3.0;2.0;2.0;2.0;2.0;1.0;1.0;1.0;1.0;41021
2012-01;1.0;1.0;1.0;1.0;;;;;;;;;;;;;41021
2015-01;1.0;;;;;;;;;;;;;;;;41021
2017-01;1.0;1.0;1.0;1.0;1.0;1.0;1.0;1.0;;;;;;;;;41021
2019-01;2.0;1.0;1.0;2.0;2.0;2.0;;;;;;;;;;;41021
2021-01;1.0;1.0;;;;;;;;;;;;;;;41021
2024-01;1.0;;;;;;;;;;;;;;;;41021
2009-01;15.0;15.0;12.0;11.0;11.0;10.0;10.0;10.0;11.0;10.0;10.0;9.0;8.0;8.0;7.0;6.0;33002
2010-01;22.0;17.0;14.0;14.0;11.0;8.0;7.0;6.0;5.0;5.0;5.0;6.0;6.0;6.0;5.0;;33002
2011-01;10.0;8.0;7.0;4.0;3.0;4.0;2.0;3.0;3.0;2.0;2.0;2.0;2.0;1.0;;;33002
2012-01;7.0;7.0;6.0;5.0;4.0;4.0;4.0;2.0;2.0;1.0;1.0;1.0;1.0;;;;33002
2013-01;10.0;7.0;6.0;6.0;6.0;5.0;5.0;5.0;5.0;5.0;5.0;5.0;;;;;33002
2014-01;14.0;13.0;12.0;12.0;9.0;9.0;7.0;5.0;5.0;4.0;5.0;;;;;;33002
2015-01;14.0;9.0;6.0;4.0;4.0;4.0;4.0;3.0;3.0;2.0;;;;;;;33002
2016-01;6.0;5.0;3.0;3.0;2.0;1.0;1.0;1.0;1.0;;;;;;;;33002
2017-01;5.0;5.0;5.0;5.0;4.0;4.0;4.0;4.0;;;;;;;;;33002
2018-01;14.0;12.0;10.0;10.0;9.0;7.0;6.0;;;;;;;;;;33002
2019-01;12.0;7.0;6.0;4.0;4.0;4.0;;;;;;;;;;;33002
2020-01;8.0;8.0;6.0;6.0;3.0;;;;;;;;;;;;33002
2021-01;20.0;13.0;10.0;8.0;;;;;;;;;;;;;33002
2022-01;8.0;5.0;3.0;;;;;;;;;;;;;;33002
2023-01;14.0;11.0;;;;;;;;;;;;;;;33002
2024-01;26.0;;;;;;;;;;;;;;;;33002
2009-01;12.0;12.0;11.0;11.0;11.0;11.0;11.0;11.0;11.0;9.0;9.0;8.0;9.0;9.0;9.0;9.0;33008
2010-01;10.0;10.0;9.0;9.0;7.0;7.0;9.0;8.0;9.0;9.0;6.0;5.0;5.0;5.0;5.0;;33008
2011-01;8.0;5.0;5.0;5.0;5.0;5.0;5.0;5.0;5.0;5.0;5.0;5.0;5.0;5.0;;;33008
2012-01;7.0;5.0;5.0;5.0;2.0;2.0;2.0;2.0;2.0;2.0;2.0;2.0;2.0;;;;33008
2013-01;10.0;10.0;10.0;10.0;9.0;8.0;8.0;8.0;8.0;8.0;8.0;7.0;;;;;33008
2014-01;11.0;10.0;8.0;7.0;7.0;6.0;5.0;5.0;5.0;5.0;5.0;;;;;;33008
2015-01;8.0;7.0;6.0;6.0;6.0;5.0;5.0;4.0;5.0;5.0;;;;;;;33008
2016-01;7.0;7.0;6.0;6.0;5.0;5.0;5.0;5.0;5.0;;;;;;;;33008
2017-01;6.0;5.0;5.0;5.0;5.0;5.0;4.0;4.0;;;;;;;;;33008
2018-01;3.0;3.0;2.0;2.0;2.0;2.0;2.0;;;;;;;;;;33008
2019-01;12.0;7.0;8.0;11.0;11.0;9.0;;;;;;;;;;;33008
2020-01;6.0;6.0;5.0;5.0;5.0;;;;;;;;;;;;33008
2021-01;2.0;2.0;2.0;2.0;;;;;;;;;;;;;33008
2022-01;4.0;4.0;4.0;;;;;;;;;;;;;;33008
2023-01;12.0;11.0;;;;;;;;;;;;;;;33008
2024-01;9.0;;;;;;;;;;;;;;;;33008
2009-01;329.0;296.0;276.0;259.0;252.0;248.0;237.0;222.0;210.0;199.0;194.0;198.0;183.0;181.0;186.0;186.0;33005
2010-01;105.0;86.0;77.0;72.0;64.0;63.0;62.0;58.0;58.0;51.0;45.0;44.0;40.0;41.0;40.0;;33005
2011-01;180.0;142.0;128.0;120.0;107.0;90.0;81.0;73.0;74.0;71.0;68.0;68.0;62.0;64.0;;;33005
2012-01;157.0;125.0;116.0;85.0;75.0;68.0;64.0;61.0;60.0;59.0;62.0;62.0;62.0;;;;33005
2013-01;127.0;107.0;88.0;83.0;77.0;67.0;65.0;58.0;63.0;62.0;59.0;60.0;;;;;33005
2014-01;101.0;71.0;61.0;64.0;61.0;54.0;55.0;54.0;56.0;51.0;50.0;;;;;;33005
2015-01;85.0;53.0;56.0;47.0;41.0;38.0;36.0;33.0;34.0;36.0;;;;;;;33005
2016-01;75.0;60.0;52.0;46.0;43.0;45.0;43.0;46.0;46.0;;;;;;;;33005
2017-01;115.0;93.0;75.0;67.0;61.0;58.0;58.0;58.0;;;;;;;;;33005
2018-01;90.0;70.0;65.0;59.0;54.0;51.0;53.0;;;;;;;;;;33005
2019-01;103.0;82.0;72.0;61.0;63.0;61.0;;;;;;;;;;;33005
2020-01;128.0;111.0;90.0;85.0;83.0;;;;;;;;;;;;33005
2021-01;121.0;81.0;86.0;84.0;;;;;;;;;;;;;33005
2022-01;127.0;104.0;93.0;;;;;;;;;;;;;;33005
2023-01;178.0;138.0;;;;;;;;;;;;;;;33005
2024-01;189.0;;;;;;;;;;;;;;;;33005
2009-01;15.0;14.0;13.0;8.0;7.0;7.0;7.0;2.0;2.0;2.0;2.0;2.0;2.0;2.0;4.0;3.0;33006
2010-01;29.0;27.0;21.0;21.0;21.0;19.0;13.0;12.0;8.0;8.0;8.0;8.0;8.0;7.0;4.0;;33006
2011-01;13.0;10.0;9.0;9.0;8.0;8.0;6.0;6.0;6.0;6.0;5.0;6.0;6.0;5.0;;;33006
2012-01;36.0;27.0;19.0;14.0;13.0;11.0;9.0;10.0;10.0;9.0;7.0;9.0;8.0;;;;33006
2013-01;22.0;19.0;13.0;10.0;9.0;7.0;7.0;7.0;6.0;2.0;1.0;3.0;;;;;33006
2014-01;20.0;20.0;16.0;15.0;13.0;13.0;11.0;9.0;6.0;5.0;4.0;;;;;;33006
2015-01;40.0;34.0;26.0;25.0;22.0;21.0;18.0;18.0;15.0;15.0;;;;;;;33006
2016-01;30.0;24.0;16.0;14.0;12.0;14.0;11.0;9.0;8.0;;;;;;;;33006
2017-01;31.0;15.0;9.0;10.0;8.0;9.0;6.0;5.0;;;;;;;;;33006
2018-01;42.0;31.0;26.0;21.0;14.0;14.0;14.0;;;;;;;;;;33006
2019-01;27.0;24.0;23.0;17.0;14.0;12.0;;;;;;;;;;;33006
2020-01;19.0;11.0;12.0;12.0;11.0;;;;;;;;;;;;33006
2021-01;27.0;18.0;12.0;8.0;;;;;;;;;;;;;33006
2022-01;152.0;34.0;28.0;;;;;;;;;;;;;;33006
2023-01;77.0;52.0;;;;;;;;;;;;;;;33006
2024-01;57.0;;;;;;;;;;;;;;;;33006
2009-01;6.0;6.0;5.0;2.0;2.0;2.0;2.0;2.0;2.0;2.0;2.0;2.0;2.0;2.0;2.0;2.0;33003
2010-01;6.0;2.0;1.0;;;;;;;;;;;;;;33003
2011-01;14.0;10.0;8.0;4.0;3.0;2.0;2.0;2.0;1.0;1.0;;;;;;;33003
2012-01;7.0;7.0;7.0;5.0;4.0;3.0;2.0;2.0;2.0;2.0;2.0;2.0;2.0;;;;33003
2013-01;1.0;1.0;1.0;1.0;1.0;;;;;;;;;;;;33003
2014-01;3.0;1.0;2.0;2.0;2.0;2.0;2.0;2.0;2.0;2.0;2.0;;;;;;33003
2015-01;1.0;1.0;1.0;;;;;;;;;;;;;;33003
2016-01;4.0;4.0;4.0;3.0;2.0;2.0;2.0;2.0;2.0;;;;;;;;33003
2017-01;4.0;3.0;3.0;3.0;3.0;2.0;2.0;2.0;;;;;;;;;33003
2018-01;6.0;6.0;6.0;6.0;5.0;4.0;4.0;;;;;;;;;;33003
2019-01;4.0;4.0;4.0;3.0;2.0;2.0;;;;;;;;;;;33003
2020-01;2.0;2.0;2.0;2.0;2.0;;;;;;;;;;;;33003
2021-01;7.0;7.0;6.0;5.0;;;;;;;;;;;;;33003
2022-01;8.0;5.0;5.0;;;;;;;;;;;;;;33003
2023-01;7.0;6.0;;;;;;;;;;;;;;;33003
2024-01;6.0;;;;;;;;;;;;;;;;33003
2009-01;10.0;8.0;8.0;6.0;6.0;6.0;6.0;6.0;6.0;6.0;6.0;6.0;6.0;6.0;5.0;6.0;33004
2010-01;11.0;9.0;4.0;4.0;4.0;5.0;5.0;4.0;4.0;4.0;4.0;4.0;4.0;4.0;4.0;;33004
2011-01;8.0;6.0;5.0;5.0;4.0;4.0;4.0;4.0;4.0;4.0;4.0;4.0;4.0;3.0;;;33004
2012-01;8.0;8.0;7.0;6.0;6.0;7.0;7.0;7.0;7.0;7.0;7.0;7.0;6.0;;;;33004
2013-01;7.0;6.0;6.0;6.0;6.0;6.0;5.0;5.0;5.0;5.0;6.0;6.0;;;;;33004
2014-01;3.0;3.0;2.0;2.0;2.0;2.0;2.0;2.0;2.0;2.0;2.0;;;;;;33004
2016-01;5.0;5.0;5.0;4.0;4.0;5.0;5.0;4.0;4.0;;;;;;;;33004
2017-01;9.0;9.0;9.0;7.0;6.0;6.0;6.0;5.0;;;;;;;;;33004
2018-01;6.0;4.0;5.0;4.0;4.0;4.0;5.0;;;;;;;;;;33004
2019-01;11.0;10.0;9.0;10.0;9.0;8.0;;;;;;;;;;;33004
2020-01;10.0;10.0;8.0;8.0;8.0;;;;;;;;;;;;33004
2021-01;4.0;4.0;4.0;4.0;;;;;;;;;;;;;33004
2022-01;13.0;10.0;8.0;;;;;;;;;;;;;;33004
2023-01;14.0;12.0;;;;;;;;;;;;;;;33004
2024-01;21.0;;;;;;;;;;;;;;;;33004
2009-01;1.0;1.0;1.0;1.0;1.0;1.0;1.0;1.0;1.0;1.0;1.0;1.0;1.0;1.0;1.0;1.0;33007
2014-01;2.0;2.0;2.0;2.0;2.0;2.0;2.0;2.0;2.0;2.0;2.0;;;;;;33007
2015-01;3.0;2.0;2.0;2.0;2.0;2.0;2.0;2.0;2.0;2.0;;;;;;;33007
2016-01;1.0;1.0;1.0;1.0;1.0;1.0;1.0;1.0;1.0;;;;;;;;33007
2018-01;1.0;;;1.0;1.0;1.0;1.0;;;;;;;;;;33007
2019-01;2.0;2.0;2.0;2.0;2.0;2.0;;;;;;;;;;;33007
2020-01;1.0;1.0;1.0;1.0;1.0;;;;;;;;;;;;33007
2021-01;2.0;2.0;2.0;2.0;;;;;;;;;;;;;33007
2022-01;2.0;2.0;2.0;;;;;;;;;;;;;;33007
2009-01;7.0;6.0;3.0;2.0;2.0;1.0;1.0;1.0;1.0;1.0;1.0;1.0;1.0;1.0;1.0;1.0;33001
2010-01;6.0;4.0;4.0;3.0;3.0;1.0;1.0;1.0;1.0;1.0;;1.0;1.0;1.0;1.0;;33001
2011-01;2.0;2.0;2.0;2.0;2.0;2.0;2.0;1.0;2.0;2.0;2.0;1.0;1.0;1.0;;;33001
2012-01;1.0;1.0;1.0;1.0;1.0;1.0;;;;;;;;;;;33001
2013-01;2.0;2.0;2.0;2.0;2.0;2.0;2.0;1.0;1.0;1.0;1.0;1.0;;;;;33001
2014-01;4.0;3.0;3.0;2.0;1.0;1.0;1.0;1.0;1.0;;;;;;;;33001
2015-01;5.0;5.0;4.0;2.0;2.0;1.0;1.0;2.0;;;;;;;;;33001
2016-01;6.0;3.0;3.0;2.0;2.0;2.0;1.0;2.0;2.0;;;;;;;;33001
2017-01;2.0;2.0;2.0;2.0;2.0;2.0;1.0;1.0;;;;;;;;;33001
2018-01;3.0;2.0;2.0;2.0;2.0;1.0;1.0;;;;;;;;;;33001
2019-01;3.0;2.0;1.0;1.0;1.0;1.0;;;;;;;;;;;33001
2020-01;5.0;3.0;2.0;2.0;2.0;;;;;;;;;;;;33001
2021-01;5.0;4.0;2.0;2.0;;;;;;;;;;;;;33001
2022-01;4.0;1.0;1.0;;;;;;;;;;;;;;33001
2023-01;10.0;10.0;;;;;;;;;;;;;;;33001
2024-01;4.0;;;;;;;;;;;;;;;;33001
2009-01;27.0;27.0;24.0;23.0;20.0;20.0;20.0;17.0;17.0;16.0;15.0;13.0;12.0;10.0;10.0;10.0;33009
2010-01;2.0;2.0;1.0;;;;;;;;;;;;;;33009
2011-01;12.0;11.0;10.0;8.0;7.0;3.0;2.0;1.0;1.0;1.0;1.0;1.0;1.0;1.0;;;33009
2012-01;4.0;4.0;2.0;2.0;2.0;2.0;2.0;3.0;3.0;3.0;2.0;2.0;2.0;;;;33009
2013-01;6.0;6.0;5.0;5.0;5.0;5.0;5.0;4.0;3.0;5.0;5.0;5.0;;;;;33009
2014-01;3.0;3.0;3.0;3.0;3.0;2.0;2.0;2.0;2.0;2.0;2.0;;;;;;33009
2016-01;14.0;14.0;14.0;14.0;13.0;11.0;10.0;9.0;8.0;;;;;;;;33009
2017-01;10.0;10.0;8.0;7.0;7.0;7.0;7.0;7.0;;;;;;;;;33009
2018-01;9.0;8.0;8.0;8.0;6.0;6.0;6.0;;;;;;;;;;33009
2019-01;1.0;1.0;1.0;1.0;1.0;1.0;;;;;;;;;;;33009
2020-01;13.0;12.0;12.0;11.0;12.0;;;;;;;;;;;;33009
2021-01;11.0;8.0;8.0;8.0;;;;;;;;;;;;;33009
2022-01;13.0;12.0;8.0;;;;;;;;;;;;;;33009
2023-01;10.0;8.0;;;;;;;;;;;;;;;33009
2024-01;11.0;;;;;;;;;;;;;;;;33009
2009-01;3.0;3.0;3.0;1.0;2.0;2.0;2.0;2.0;2.0;2.0;2.0;1.0;1.0;1.0;1.0;1.0;29005
2010-01;3.0;3.0;1.0;1.0;;1.0;1.0;1.0;1.0;1.0;1.0;;;;;;29005
2012-01;1.0;;;;;;;;;;;;;;;;29005
2013-01;3.0;2.0;2.0;2.0;2.0;;;;;;;;;;;;29005
2014-01;2.0;2.0;2.0;2.0;1.0;;;;;;;;;;;;29005
2018-01;6.0;3.0;3.0;2.0;2.0;2.0;2.0;;;;;;;;;;29005
2019-01;1.0;1.0;1.0;1.0;1.0;1.0;;;;;;;;;;;29005
2020-01;1.0;1.0;1.0;1.0;1.0;;;;;;;;;;;;29005
2022-01;1.0;1.0;1.0;;;;;;;;;;;;;;29005
2023-01;1.0;1.0;;;;;;;;;;;;;;;29005
2024-01;3.0;;;;;;;;;;;;;;;;29005
2009-01;7.0;5.0;5.0;3.0;3.0;3.0;3.0;1.0;1.0;1.0;1.0;;;;1.0;1.0;29022
2010-01;6.0;3.0;4.0;3.0;3.0;3.0;3.0;3.0;2.0;2.0;2.0;2.0;2.0;2.0;2.0;;29022
2011-01;20.0;16.0;15.0;9.0;9.0;7.0;4.0;4.0;5.0;4.0;3.0;2.0;2.0;2.0;;;29022
2012-01;10.0;5.0;3.0;3.0;2.0;2.0;2.0;2.0;2.0;2.0;2.0;2.0;2.0;;;;29022
2014-01;1.0;1.0;1.0;;1.0;1.0;;;;;;;;;;;29022
2015-01;1.0;;;;;;;;;;;;;;;;29022
2016-01;3.0;3.0;2.0;2.0;2.0;2.0;1.0;2.0;3.0;;;;;;;;29022
2017-01;2.0;2.0;1.0;;;;;;;;;;;;;;29022
2018-01;5.0;3.0;2.0;2.0;2.0;2.0;2.0;;;;;;;;;;29022
2020-01;8.0;7.0;7.0;6.0;5.0;;;;;;;;;;;;29022
2021-01;2.0;2.0;2.0;2.0;;;;;;;;;;;;;29022
2022-01;7.0;7.0;6.0;;;;;;;;;;;;;;29022
2023-01;9.0;6.0;;;;;;;;;;;;;;;29022
2024-01;3.0;;;;;;;;;;;;;;;;29022
2009-01;2.0;2.0;;1.0;;;;;;;;;;;;;23007
2010-01;1.0;1.0;1.0;1.0;1.0;1.0;1.0;1.0;;;;;;;;;23007
2011-01;3.0;3.0;3.0;3.0;3.0;3.0;1.0;1.0;1.0;1.0;1.0;1.0;1.0;1.0;;;23007
2012-01;1.0;1.0;1.0;;;;;;;;;;;;;;23007
2014-01;1.0;1.0;1.0;1.0;1.0;1.0;1.0;1.0;1.0;1.0;1.0;;;;;;23007
2016-01;3.0;2.0;;;;;;;;;;;;;;;23007
2017-01;2.0;;;;;;;;;;;;;;;;23007
2018-01;2.0;1.0;1.0;1.0;;;;;;;;;;;;;23007
2019-01;1.0;1.0;1.0;1.0;1.0;1.0;;;;;;;;;;;23007
2020-01;1.0;1.0;;;;;;;;;;;;;;;23007
2021-01;2.0;1.0;1.0;1.0;;;;;;;;;;;;;23007
2022-01;1.0;1.0;;;;;;;;;;;;;;;23007
2023-01;5.0;5.0;;;;;;;;;;;;;;;23007
2024-01;3.0;;;;;;;;;;;;;;;;23007
2009-01;4.0;1.0;1.0;1.0;1.0;1.0;1.0;1.0;1.0;1.0;1.0;1.0;1.0;1.0;1.0;1.0;23020
2010-01;8.0;7.0;3.0;3.0;3.0;3.0;3.0;3.0;2.0;2.0;1.0;;;;;;23020
2011-01;6.0;2.0;2.0;2.0;2.0;2.0;2.0;2.0;2.0;2.0;2.0;2.0;2.0;2.0;;;23020
2013-01;1.0;1.0;1.0;;;;;;;;;;;;;;23020
2014-01;4.0;2.0;1.0;1.0;1.0;1.0;1.0;1.0;1.0;1.0;1.0;;;;;;23020
2015-01;2.0;2.0;1.0;1.0;2.0;2.0;1.0;1.0;1.0;1.0;;;;;;;23020
2016-01;4.0;4.0;4.0;4.0;4.0;4.0;4.0;4.0;3.0;;;;;;;;23020
2017-01;2.0;2.0;2.0;2.0;1.0;2.0;2.0;2.0;;;;;;;;;23020
2018-01;3.0;3.0;3.0;2.0;1.0;1.0;;;;;;;;;;;23020
2019-01;4.0;3.0;2.0;2.0;3.0;3.0;;;;;;;;;;;23020
2020-01;1.0;1.0;1.0;1.0;;;;;;;;;;;;;23020
2021-01;4.0;3.0;3.0;2.0;;;;;;;;;;;;;23020
2022-01;11.0;11.0;10.0;;;;;;;;;;;;;;23020
2023-01;6.0;6.0;;;;;;;;;;;;;;;23020
2024-01;6.0;;;;;;;;;;;;;;;;23020
2009-01;47.0;44.0;43.0;42.0;39.0;36.0;36.0;35.0;29.0;37.0;37.0;33.0;33.0;32.0;35.0;34.0;53001
2010-01;16.0;14.0;14.0;15.0;15.0;15.0;14.0;8.0;13.0;13.0;9.0;10.0;10.0;10.0;11.0;;53001
2011-01;30.0;24.0;23.0;22.0;22.0;22.0;16.0;22.0;22.0;17.0;18.0;19.0;19.0;19.0;;;53001
2012-01;16.0;15.0;15.0;14.0;13.0;10.0;16.0;16.0;15.0;14.0;14.0;14.0;14.0;;;;53001
2013-01;90.0;84.0;84.0;81.0;20.0;75.0;75.0;65.0;67.0;67.0;66.0;66.0;;;;;53001
2014-01;8.0;8.0;5.0;5.0;8.0;8.0;8.0;8.0;8.0;7.0;7.0;;;;;;53001
2015-01;8.0;8.0;8.0;8.0;7.0;7.0;7.0;7.0;7.0;7.0;;;;;;;53001
2016-01;13.0;12.0;13.0;12.0;11.0;11.0;11.0;10.0;10.0;;;;;;;;53001
2017-01;9.0;9.0;8.0;8.0;8.0;8.0;8.0;7.0;;;;;;;;;53001
2018-01;142.0;132.0;107.0;106.0;102.0;100.0;93.0;;;;;;;;;;53001
2019-01;75.0;55.0;58.0;56.0;56.0;52.0;;;;;;;;;;;53001
2020-01;32.0;28.0;24.0;23.0;24.0;;;;;;;;;;;;53001
2021-01;54.0;48.0;45.0;37.0;;;;;;;;;;;;;53001
2022-01;23.0;21.0;20.0;;;;;;;;;;;;;;53001
2023-01;58.0;54.0;;;;;;;;;;;;;;;53001
2024-01;51.0;;;;;;;;;;;;;;;;53001
2010-01;3.0;3.0;2.0;2.0;2.0;2.0;2.0;1.0;1.0;;;;;;;;21005
2012-01;1.0;1.0;1.0;1.0;1.0;1.0;;;;1.0;1.0;1.0;1.0;;;;21005
2016-01;3.0;2.0;2.0;2.0;2.0;2.0;2.0;2.0;2.0;;;;;;;;21005
2018-01;1.0;1.0;1.0;1.0;1.0;1.0;1.0;;;;;;;;;;21005
2020-01;1.0;1.0;1.0;1.0;;;;;;;;;;;;;21005
2022-01;1.0;1.0;1.0;;;;;;;;;;;;;;21005
2023-01;1.0;1.0;;;;;;;;;;;;;;;21005
2009-01;3.0;3.0;3.0;2.0;2.0;2.0;2.0;1.0;1.0;1.0;1.0;2.0;3.0;3.0;3.0;3.0;21008
2010-01;3.0;2.0;2.0;2.0;1.0;1.0;1.0;;1.0;1.0;1.0;1.0;1.0;1.0;1.0;;21008
2011-01;1.0;1.0;1.0;;;1.0;1.0;1.0;;;;;;;;;21008
2012-01;2.0;2.0;2.0;2.0;2.0;2.0;2.0;2.0;2.0;1.0;2.0;2.0;2.0;;;;21008
2013-01;3.0;2.0;2.0;2.0;1.0;;;;;;;;;;;;21008
2014-01;1.0;1.0;1.0;1.0;;;;;;;;;;;;;21008
2015-01;5.0;5.0;5.0;4.0;4.0;4.0;4.0;4.0;4.0;4.0;;;;;;;21008
2016-01;1.0;;;;;;;;;;;;;;;;21008
2018-01;7.0;6.0;5.0;6.0;6.0;5.0;5.0;;;;;;;;;;21008
2019-01;2.0;1.0;;;;;;;;;;;;;;;21008
2020-01;13.0;12.0;12.0;12.0;10.0;;;;;;;;;;;;21008
2021-01;4.0;4.0;4.0;4.0;;;;;;;;;;;;;21008
2022-01;1.0;1.0;1.0;;;;;;;;;;;;;;21008
2023-01;2.0;2.0;;;;;;;;;;;;;;;21008
2024-01;4.0;;;;;;;;;;;;;;;;21008
2009-01;3.0;;;;;;;;;1.0;1.0;;;;;;21009
2010-01;2.0;2.0;;;;;;;;;;;;;;;21009
2011-01;2.0;2.0;2.0;2.0;2.0;2.0;1.0;1.0;1.0;1.0;1.0;1.0;1.0;1.0;;;21009
2013-01;2.0;2.0;2.0;2.0;1.0;;;;;;;;;;;;21009
2015-01;1.0;1.0;1.0;;;;;;;;;;;;;;21009
2017-01;3.0;3.0;2.0;;;;;;;;;;;;;;21009
2020-01;1.0;1.0;1.0;1.0;1.0;;;;;;;;;;;;21009
2023-01;1.0;;;;;;;;;;;;;;;;21009
2010-01;2.0;2.0;2.0;2.0;2.0;2.0;2.0;2.0;2.0;2.0;2.0;2.0;2.0;2.0;2.0;;31047
2014-01;1.0;1.0;1.0;;;;;;;;;;;;;;31047
2015-01;1.0;1.0;1.0;;;;;;;;;;;;;;31047
2016-01;1.0;1.0;1.0;1.0;1.0;1.0;1.0;1.0;1.0;;;;;;;;31047
2017-01;1.0;1.0;1.0;;;;;;;;;;;;;;31047
2018-01;1.0;1.0;;;;;;;;;;;;;;;31047
2019-01;1.0;1.0;1.0;1.0;1.0;1.0;;;;;;;;;;;31047
2020-01;2.0;2.0;1.0;1.0;1.0;;;;;;;;;;;;31047
2011-01;2.0;2.0;2.0;2.0;2.0;2.0;2.0;1.0;1.0;1.0;1.0;1.0;1.0;1.0;;;31019
2017-01;2.0;1.0;1.0;1.0;1.0;1.0;1.0;1.0;;;;;;;;;31019
2018-01;6.0;2.0;1.0;1.0;1.0;1.0;1.0;;;;;;;;;;31019
2019-01;1.0;;;;;;;;;;;;;;;;31019
2020-01;1.0;;;;;;;;;;;;;;;;31019
2021-01;1.0;1.0;1.0;1.0;;;;;;;;;;;;;31019
2022-01;1.0;;;;;;;;;;;;;;;;31019
2009-01;2.0;2.0;1.0;;;;;1.0;1.0;1.0;;;;;;;31051
2010-01;1.0;1.0;1.0;1.0;1.0;1.0;1.0;1.0;1.0;1.0;1.0;1.0;1.0;1.0;1.0;;31051
2012-01;1.0;1.0;;;;;;;;;;;;;;;31051
2013-01;1.0;1.0;1.0;1.0;1.0;;;;;;;;;;;;31051
2014-01;1.0;1.0;1.0;;;;;;;;;;;;;;31051
2018-01;1.0;1.0;1.0;1.0;;;;;;;;;;;;;31051
2019-01;1.0;1.0;1.0;;;;;;;;;;;;;;31051
2020-01;1.0;1.0;;;;;;;;;;;;;;;31051
2021-01;1.0;;;;;;;;;;;;;;;;31051
2022-01;1.0;1.0;1.0;;;;;;;;;;;;;;31051
2023-01;1.0;1.0;;;;;;;;;;;;;;;31051
2024-01;1.0;;;;;;;;;;;;;;;;31051
2012-01;1.0;1.0;1.0;1.0;;;;;;;;;;;;;31032
2014-01;2.0;2.0;2.0;2.0;2.0;2.0;2.0;1.0;2.0;2.0;2.0;;;;;;31032
2016-01;4.0;4.0;2.0;1.0;2.0;1.0;1.0;1.0;;;;;;;;;31032
2017-01;2.0;2.0;1.0;1.0;1.0;1.0;1.0;1.0;;;;;;;;;31032
2018-01;1.0;1.0;1.0;;;;;;;;;;;;;;31032
2019-01;2.0;2.0;1.0;1.0;1.0;1.0;;;;;;;;;;;31032
2020-01;3.0;2.0;2.0;;;;;;;;;;;;;;31032
2021-01;3.0;2.0;1.0;;;;;;;;;;;;;;31032
2022-01;8.0;2.0;1.0;;;;;;;;;;;;;;31032
2023-01;8.0;6.0;;;;;;;;;;;;;;;31032
2024-01;3.0;;;;;;;;;;;;;;;;31032
2013-01;1.0;1.0;1.0;1.0;1.0;1.0;1.0;;;;;;;;;;31093
2018-01;1.0;1.0;;;;;;;;;;;;;;;31093
2019-01;5.0;4.0;4.0;4.0;3.0;3.0;;;;;;;;;;;31093
2020-01;2.0;2.0;2.0;2.0;2.0;;;;;;;;;;;;31093
2022-01;1.0;;;;;;;;;;;;;;;;31093
2009-01;1.0;1.0;1.0;1.0;;;;;;;;;;;;;31095
2010-01;2.0;1.0;1.0;1.0;1.0;1.0;1.0;1.0;;;;;;;;;31095
2011-01;1.0;1.0;1.0;1.0;1.0;1.0;1.0;1.0;1.0;1.0;1.0;1.0;1.0;1.0;;;31095
2013-01;1.0;;;;;;;;;;;;;;;;31095
2017-01;2.0;2.0;1.0;1.0;1.0;1.0;1.0;1.0;;;;;;;;;31095
2018-01;2.0;2.0;2.0;2.0;2.0;2.0;2.0;;;;;;;;;;31095
2019-01;1.0;1.0;1.0;;;;;;;;;;;;;;31095
2020-01;2.0;2.0;2.0;2.0;2.0;;;;;;;;;;;;31095
2021-01;1.0;1.0;;;;;;;;;;;;;;;31095
2024-01;6.0;;;;;;;;;;;;;;;;31095
2009-01;4.0;3.0;3.0;2.0;2.0;2.0;2.0;1.0;1.0;1.0;1.0;1.0;1.0;1.0;1.0;1.0;31058
2010-01;2.0;2.0;1.0;1.0;1.0;1.0;1.0;1.0;;;;;;;;;31058
2011-01;1.0;;;;;;;;;;;;;;;;31058
2014-01;1.0;1.0;1.0;1.0;;;;;;;;;;;;;31058
2017-01;1.0;1.0;;;;;;;;;;;;;;;31058
2018-01;4.0;3.0;2.0;2.0;1.0;2.0;1.0;;;;;;;;;;31058
2019-01;1.0;1.0;1.0;1.0;1.0;1.0;;;;;;;;;;;31058
2020-01;1.0;1.0;1.0;;;;;;;;;;;;;;31058
2021-01;1.0;;;;;;;;;;;;;;;;31058
2022-01;4.0;4.0;4.0;;;;;;;;;;;;;;31058
2023-01;1.0;;;;;;;;;;;;;;;;31058
2024-01;3.0;;;;;;;;;;;;;;;;31058
2009-01;3.0;3.0;3.0;1.0;1.0;1.0;1.0;1.0;1.0;1.0;1.0;1.0;1.0;1.0;1.0;1.0;51011
2010-01;1.0;1.0;1.0;;;;;;;;;;;;;;51011
2012-01;2.0;1.0;1.0;1.0;1.0;1.0;1.0;1.0;1.0;1.0;1.0;1.0;1.0;;;;51011
2013-01;2.0;2.0;2.0;2.0;2.0;2.0;2.0;1.0;1.0;1.0;1.0;1.0;;;;;51011
2014-01;1.0;1.0;;;;;;;;;;;;;;;51011
2015-01;1.0;1.0;1.0;1.0;1.0;;;;;;;;;;;;51011
2020-01;3.0;3.0;2.0;2.0;2.0;;;;;;;;;;;;51011
2021-01;1.0;1.0;1.0;1.0;;;;;;;;;;;;;51011
2022-01;1.0;1.0;1.0;;;;;;;;;;;;;;51011
2024-01;1.0;;;;;;;;;;;;;;;;51011
2010-01;2.0;2.0;1.0;;;1.0;1.0;1.0;1.0;1.0;1.0;1.0;;;;;51010
2013-01;1.0;;1.0;1.0;1.0;1.0;;;;;;;;;;;51010
2014-01;11.0;11.0;10.0;10.0;4.0;3.0;4.0;4.0;2.0;2.0;2.0;;;;;;51010
2015-01;5.0;5.0;5.0;1.0;1.0;2.0;2.0;;;;;;;;;;51010
2016-01;5.0;5.0;3.0;2.0;2.0;2.0;;;;;;;;;;;51010
2021-01;3.0;1.0;1.0;1.0;;;;;;;;;;;;;51010
2022-01;9.0;1.0;;;;;;;;;;;;;;;51010
2023-01;3.0;1.0;;;;;;;;;;;;;;;51010
2024-01;8.0;;;;;;;;;;;;;;;;51010
2009-01;4.0;4.0;3.0;3.0;3.0;3.0;3.0;3.0;3.0;3.0;1.0;1.0;1.0;1.0;1.0;;51004
2010-01;6.0;6.0;4.0;2.0;1.0;;1.0;1.0;1.0;1.0;1.0;1.0;1.0;;1.0;;51004
2011-01;2.0;1.0;;;;;1.0;;;;;;;;;;51004
2012-01;1.0;1.0;1.0;1.0;1.0;1.0;1.0;1.0;;;;;;;;;51004
2013-01;2.0;1.0;1.0;1.0;1.0;1.0;1.0;1.0;1.0;1.0;1.0;;;;;;51004
2014-01;1.0;1.0;1.0;1.0;;;;;;;;;;;;;51004
2015-01;1.0;1.0;;;;;;;;;;;;;;;51004
2016-01;2.0;2.0;2.0;1.0;;;;;;;;;;;;;51004
2019-01;1.0;1.0;1.0;1.0;1.0;1.0;;;;;;;;;;;51004
2021-01;1.0;1.0;1.0;;;;;;;;;;;;;;51004
2022-01;1.0;1.0;1.0;;;;;;;;;;;;;;51004
2023-01;2.0;1.0;;;;;;;;;;;;;;;51004
2024-01;1.0;;;;;;;;;;;;;;;;51004
2009-01;3.0;3.0;3.0;3.0;3.0;2.0;3.0;3.0;3.0;3.0;3.0;2.0;2.0;2.0;2.0;2.0;51007
2010-01;6.0;5.0;4.0;3.0;3.0;3.0;2.0;2.0;3.0;1.0;;;;;;;51007
2011-01;4.0;3.0;3.0;3.0;3.0;2.0;2.0;2.0;2.0;2.0;2.0;2.0;2.0;2.0;;;51007
2013-01;12.0;12.0;12.0;1.0;1.0;1.0;1.0;1.0;1.0;1.0;;;;;;;51007
2014-01;6.0;6.0;1.0;1.0;;;;;;;;;;;;;51007
2015-01;1.0;1.0;1.0;1.0;1.0;1.0;1.0;1.0;1.0;1.0;;;;;;;51007
2016-01;2.0;2.0;2.0;2.0;2.0;2.0;2.0;2.0;2.0;;;;;;;;51007
2018-01;2.0;2.0;2.0;;;;;;;;;;;;;;51007
2019-01;1.0;1.0;1.0;1.0;1.0;1.0;;;;;;;;;;;51007
2020-01;3.0;1.0;1.0;1.0;1.0;;;;;;;;;;;;51007
2021-01;1.0;1.0;1.0;1.0;;;;;;;;;;;;;51007
2022-01;5.0;4.0;3.0;;;;;;;;;;;;;;51007
2023-01;3.0;2.0;;;;;;;;;;;;;;;51007
2024-01;4.0;;;;;;;;;;;;;;;;51007
2009-01;8.0;2.0;1.0;;;;;;;;;;;;;;15001
2010-01;11.0;6.0;5.0;4.0;2.0;2.0;2.0;2.0;2.0;2.0;1.0;1.0;;;;;15001
2011-01;5.0;3.0;3.0;1.0;1.0;1.0;1.0;1.0;1.0;1.0;1.0;1.0;1.0;1.0;;;15001
2012-01;4.0;3.0;2.0;1.0;1.0;1.0;1.0;;;;;;;;;;15001
2013-01;4.0;3.0;3.0;1.0;1.0;;;;;;;;;;;;15001
2014-01;3.0;2.0;;;;;;;;;;;;;;;15001
2015-01;2.0;1.0;1.0;1.0;1.0;1.0;1.0;1.0;1.0;1.0;;;;;;;15001
2016-01;3.0;2.0;1.0;1.0;1.0;1.0;1.0;1.0;;;;;;;;;15001
2018-01;2.0;1.0;1.0;;;;;;;;;;;;;;15001
2020-01;1.0;1.0;;;;;;;;;;;;;;;15001
2022-01;3.0;3.0;3.0;;;;;;;;;;;;;;15001
2023-01;3.0;3.0;;;;;;;;;;;;;;;15001
2024-01;18.0;;;;;;;;;;;;;;;;15001
2013-01;6.0;6.0;6.0;6.0;6.0;6.0;6.0;6.0;4.0;4.0;4.0;4.0;;;;;25015
2020-01;2.0;1.0;1.0;1.0;1.0;;;;;;;;;;;;25015
2022-01;4.0;1.0;;;;;;;;;;;;;;;25015
2024-01;3.0;;;;;;;;;;;;;;;;25015
2009-01;1.0;1.0;;;;;;;;;;;;;;;22008
2011-01;1.0;;;;;;;;;;;;;;;;22008
2012-01;2.0;;;;;;;;;;;;;;;;22008
2014-01;2.0;1.0;1.0;1.0;1.0;1.0;1.0;1.0;1.0;1.0;1.0;;;;;;22008
2015-01;1.0;1.0;1.0;1.0;1.0;;;;;;;;;;;;22008
2022-01;1.0;1.0;;;;;;;;;;;;;;;22008
2009-01;4.0;4.0;4.0;4.0;4.0;4.0;4.0;4.0;4.0;4.0;4.0;4.0;4.0;4.0;4.0;4.0;41012
2011-01;1.0;1.0;1.0;1.0;1.0;1.0;1.0;1.0;1.0;1.0;1.0;1.0;;;;;41012
2012-01;1.0;1.0;1.0;1.0;1.0;1.0;1.0;1.0;1.0;1.0;1.0;1.0;1.0;;;;41012
2013-01;2.0;1.0;;;;;;;;;;;;;;;41012
2014-01;1.0;1.0;1.0;1.0;1.0;1.0;;;;;;;;;;;41012
2015-01;1.0;1.0;1.0;1.0;1.0;1.0;1.0;1.0;1.0;1.0;;;;;;;41012
2017-01;3.0;1.0;1.0;1.0;1.0;1.0;1.0;1.0;;;;;;;;;41012
2018-01;6.0;5.0;5.0;5.0;5.0;5.0;5.0;;;;;;;;;;41012
2019-01;1.0;1.0;;;;;;;;;;;;;;;41012
2020-01;1.0;1.0;1.0;1.0;1.0;;;;;;;;;;;;41012
2021-01;1.0;1.0;1.0;1.0;;;;;;;;;;;;;41012
2022-01;3.0;3.0;3.0;;;;;;;;;;;;;;41012
2023-01;2.0;2.0;;;;;;;;;;;;;;;41012
2024-01;1.0;;;;;;;;;;;;;;;;41012
2009-01;5.0;5.0;3.0;3.0;3.0;3.0;2.0;2.0;2.0;2.0;1.0;1.0;1.0;1.0;1.0;1.0;11001
2010-01;1.0;1.0;;;;;;;;;;;;;;;11001
2012-01;1.0;1.0;1.0;1.0;1.0;1.0;1.0;1.0;1.0;1.0;1.0;1.0;1.0;;;;11001
2013-01;1.0;1.0;1.0;1.0;1.0;1.0;1.0;1.0;1.0;1.0;1.0;1.0;;;;;11001
2015-01;15.0;8.0;8.0;6.0;6.0;4.0;3.0;3.0;3.0;3.0;;;;;;;11001
2016-01;6.0;6.0;5.0;3.0;2.0;2.0;1.0;;;;;;;;;;11001
2017-01;5.0;3.0;3.0;3.0;3.0;2.0;2.0;2.0;;;;;;;;;11001
2018-01;6.0;1.0;1.0;2.0;2.0;2.0;2.0;;;;;;;;;;11001
2019-01;5.0;5.0;3.0;2.0;2.0;2.0;;;;;;;;;;;11001
2020-01;6.0;2.0;1.0;1.0;1.0;;;;;;;;;;;;11001
2021-01;9.0;3.0;1.0;1.0;;;;;;;;;;;;;11001
2022-01;2.0;2.0;2.0;;;;;;;;;;;;;;11001
2023-01;5.0;4.0;;;;;;;;;;;;;;;11001
2024-01;20.0;;;;;;;;;;;;;;;;11001
2009-01;13.0;9.0;6.0;6.0;3.0;3.0;2.0;2.0;2.0;2.0;2.0;2.0;2.0;2.0;1.0;1.0;35162
2010-01;8.0;7.0;5.0;3.0;2.0;;;;;;;;;;;;35162
2011-01;5.0;4.0;2.0;1.0;1.0;1.0;1.0;1.0;1.0;1.0;1.0;1.0;;;;;35162
2012-01;9.0;6.0;2.0;1.0;;;;;;;;;;;;;35162
2013-01;2.0;1.0;1.0;1.0;1.0;1.0;1.0;1.0;1.0;1.0;1.0;1.0;;;;;35162
2014-01;14.0;2.0;2.0;2.0;1.0;1.0;1.0;1.0;1.0;;;;;;;;35162
2015-01;5.0;4.0;3.0;2.0;3.0;2.0;2.0;2.0;2.0;2.0;;;;;;;35162
2016-01;2.0;2.0;1.0;1.0;1.0;1.0;1.0;;;;;;;;;;35162
2017-01;1.0;;;;;;;;;;;;;;;;35162
2018-01;3.0;1.0;1.0;1.0;1.0;1.0;1.0;;;;;;;;;;35162
2019-01;1.0;1.0;1.0;1.0;1.0;1.0;;;;;;;;;;;35162
2021-01;3.0;2.0;1.0;2.0;;;;;;;;;;;;;35162
2022-01;1.0;1.0;1.0;;;;;;;;;;;;;;35162
2024-01;1.0;;;;;;;;;;;;;;;;35162
2009-01;5.0;4.0;3.0;;;;;;;;;;;;;;35094
2010-01;3.0;3.0;3.0;3.0;3.0;3.0;3.0;3.0;3.0;3.0;3.0;3.0;3.0;3.0;3.0;;35094
2011-01;1.0;1.0;;1.0;;;;;;;;;;;;;35094
2013-01;1.0;1.0;1.0;1.0;1.0;1.0;1.0;1.0;1.0;1.0;1.0;1.0;;;;;35094
2014-01;1.0;;;;;;;;;;;;;;;;35094
2015-01;1.0;;;;;;;;;;;;;;;;35094
2016-01;1.0;1.0;1.0;1.0;1.0;1.0;1.0;1.0;1.0;;;;;;;;35094
2017-01;2.0;2.0;2.0;2.0;2.0;1.0;1.0;2.0;;;;;;;;;35094
2018-01;1.0;;;;;;;;;;;;;;;;35094
2019-01;2.0;1.0;1.0;1.0;1.0;1.0;;;;;;;;;;;35094
2020-01;1.0;1.0;1.0;1.0;1.0;;;;;;;;;;;;35094
2021-01;1.0;1.0;;;;;;;;;;;;;;;35094
2024-01;6.0;;;;;;;;;;;;;;;;35094
2009-01;37.0;27.0;10.0;9.0;8.0;5.0;5.0;5.0;5.0;4.0;4.0;4.0;4.0;4.0;4.0;4.0;35063
2010-01;6.0;3.0;2.0;2.0;2.0;2.0;2.0;2.0;1.0;1.0;;;;;;;35063
2011-01;1.0;1.0;1.0;1.0;1.0;1.0;1.0;1.0;1.0;1.0;1.0;1.0;1.0;1.0;;;35063
2013-01;4.0;4.0;3.0;3.0;3.0;3.0;3.0;3.0;3.0;3.0;3.0;3.0;;;;;35063
2015-01;8.0;6.0;5.0;5.0;4.0;3.0;3.0;3.0;3.0;2.0;;;;;;;35063
2016-01;1.0;1.0;1.0;1.0;1.0;1.0;1.0;1.0;1.0;;;;;;;;35063
2017-01;2.0;1.0;1.0;1.0;1.0;1.0;1.0;1.0;;;;;;;;;35063
2018-01;2.0;2.0;2.0;2.0;2.0;2.0;2.0;;;;;;;;;;35063
2019-01;6.0;2.0;2.0;2.0;1.0;1.0;;;;;;;;;;;35063
2020-01;9.0;8.0;6.0;6.0;6.0;;;;;;;;;;;;35063
2021-01;5.0;5.0;5.0;4.0;;;;;;;;;;;;;35063
2022-01;6.0;6.0;6.0;;;;;;;;;;;;;;35063
2023-01;11.0;8.0;;;;;;;;;;;;;;;35063
2024-01;11.0;;;;;;;;;;;;;;;;35063
2009-01;20.0;12.0;11.0;10.0;9.0;8.0;8.0;7.0;2.0;1.0;1.0;1.0;1.0;1.0;1.0;1.0;35143
2010-01;10.0;10.0;8.0;7.0;7.0;7.0;6.0;1.0;1.0;;;;;;;;35143
2011-01;7.0;6.0;5.0;5.0;5.0;4.0;3.0;3.0;3.0;2.0;2.0;2.0;3.0;3.0;;;35143
2012-01;3.0;2.0;1.0;1.0;1.0;;;;;;;;;;;;35143
2013-01;2.0;2.0;2.0;1.0;1.0;1.0;1.0;1.0;1.0;;;;;;;;35143
2014-01;3.0;3.0;2.0;1.0;;;;;;;;;;;;;35143
2015-01;9.0;9.0;8.0;6.0;6.0;5.0;5.0;4.0;4.0;4.0;;;;;;;35143
2016-01;6.0;4.0;;;;;;;;;;;;;;;35143
2017-01;3.0;2.0;2.0;2.0;2.0;1.0;1.0;1.0;;;;;;;;;35143
2018-01;2.0;2.0;2.0;2.0;2.0;2.0;2.0;;;;;;;;;;35143
2019-01;3.0;3.0;3.0;3.0;3.0;3.0;;;;;;;;;;;35143
2020-01;6.0;5.0;5.0;5.0;5.0;;;;;;;;;;;;35143
2022-01;3.0;3.0;3.0;;;;;;;;;;;;;;35143
2023-01;3.0;1.0;;;;;;;;;;;;;;;35143
2024-01;6.0;;;;;;;;;;;;;;;;35143
2009-01;12.0;10.0;5.0;3.0;3.0;3.0;3.0;3.0;3.0;3.0;3.0;3.0;3.0;3.0;3.0;3.0;35065
2010-01;1.0;1.0;;;;;;;;;;;;;;;35065
2011-01;1.0;;;;;;;;;;;;;;;;35065
2016-01;1.0;1.0;1.0;1.0;;;;;;;;;;;;;35065
2017-01;2.0;1.0;1.0;1.0;1.0;1.0;1.0;1.0;;;;;;;;;35065
2018-01;2.0;2.0;;;;;;;;;;;;;;;35065
2023-01;4.0;4.0;;;;;;;;;;;;;;;35065
2024-01;2.0;;;;;;;;;;;;;;;;35065
2009-01;3.0;3.0;3.0;2.0;2.0;2.0;2.0;2.0;2.0;2.0;2.0;2.0;2.0;2.0;2.0;2.0;35082
2010-01;1.0;1.0;1.0;1.0;1.0;1.0;1.0;1.0;1.0;1.0;1.0;1.0;;;;;35082
2011-01;2.0;2.0;2.0;2.0;2.0;2.0;2.0;2.0;2.0;;;;;;;;35082
2015-01;1.0;1.0;;;;;;;;;;;;;;;35082
2016-01;7.0;7.0;7.0;7.0;7.0;7.0;7.0;7.0;1.0;;;;;;;;35082
2017-01;2.0;2.0;2.0;2.0;2.0;2.0;2.0;;;;;;;;;;35082
2018-01;2.0;2.0;2.0;2.0;2.0;2.0;;;;;;;;;;;35082
2019-01;4.0;4.0;4.0;4.0;4.0;;;;;;;;;;;;35082
2020-01;5.0;5.0;4.0;4.0;1.0;;;;;;;;;;;;35082
2021-01;3.0;3.0;3.0;2.0;;;;;;;;;;;;;35082
2022-01;3.0;3.0;2.0;;;;;;;;;;;;;;35082
2023-01;2.0;1.0;;;;;;;;;;;;;;;35082
2024-01;4.0;;;;;;;;;;;;;;;;35082
2009-01;14.0;8.0;8.0;3.0;4.0;3.0;3.0;3.0;3.0;3.0;3.0;3.0;3.0;3.0;3.0;3.0;35102
2010-01;4.0;4.0;3.0;3.0;3.0;3.0;2.0;2.0;2.0;2.0;2.0;2.0;2.0;2.0;2.0;;35102
2012-01;2.0;2.0;2.0;2.0;1.0;1.0;1.0;1.0;1.0;1.0;1.0;1.0;1.0;;;;35102
2013-01;5.0;5.0;5.0;4.0;4.0;4.0;4.0;4.0;4.0;4.0;4.0;4.0;;;;;35102
2015-01;3.0;3.0;;;;;;;;;;;;;;;35102
2016-01;2.0;;;;;;;;;;;;;;;;35102
2019-01;1.0;1.0;1.0;1.0;1.0;;;;;;;;;;;;35102
2021-01;2.0;2.0;2.0;2.0;;;;;;;;;;;;;35102
2022-01;1.0;1.0;1.0;;;;;;;;;;;;;;35102
2023-01;1.0;1.0;;;;;;;;;;;;;;;35102
2024-01;2.0;;;;;;;;;;;;;;;;35102
2009-01;1.0;1.0;1.0;1.0;1.0;1.0;1.0;;;;;;;;;;35104
2010-01;7.0;6.0;6.0;6.0;6.0;6.0;;1.0;1.0;1.0;1.0;1.0;1.0;1.0;;;35104
2011-01;1.0;1.0;1.0;1.0;1.0;1.0;1.0;1.0;1.0;1.0;1.0;1.0;1.0;1.0;;;35104
2013-01;1.0;1.0;1.0;;;;;;;;;;;;;;35104
2014-01;4.0;4.0;;;;;;;;;;;;;;;35104
2017-01;2.0;2.0;2.0;1.0;1.0;1.0;1.0;1.0;;;;;;;;;35104
2022-01;2.0;2.0;2.0;;;;;;;;;;;;;;35104
2009-01;1.0;1.0;1.0;1.0;1.0;1.0;1.0;1.0;1.0;1.0;1.0;1.0;1.0;1.0;1.0;1.0;35033
2011-01;1.0;1.0;1.0;;;;;;;;;;;;;;35033
2012-01;12.0;12.0;11.0;11.0;10.0;9.0;9.0;9.0;9.0;9.0;8.0;8.0;8.0;;;;35033
2013-01;2.0;2.0;2.0;2.0;2.0;2.0;2.0;2.0;2.0;2.0;2.0;2.0;;;;;35033
2015-01;1.0;1.0;1.0;1.0;1.0;1.0;1.0;1.0;1.0;1.0;;;;;;;35033
2016-01;6.0;6.0;6.0;6.0;6.0;6.0;6.0;6.0;6.0;;;;;;;;35033
2017-01;11.0;7.0;7.0;7.0;7.0;7.0;7.0;7.0;;;;;;;;;35033
2018-01;5.0;4.0;4.0;4.0;4.0;4.0;4.0;;;;;;;;;;35033
2019-01;4.0;;;;;;;;;;;;;;;;35033
2020-01;4.0;3.0;3.0;4.0;4.0;;;;;;;;;;;;35033
2021-01;7.0;1.0;1.0;1.0;;;;;;;;;;;;;35033
2023-01;1.0;;;;;;;;;;;;;;;;35033
2024-01;24.0;;;;;;;;;;;;;;;;35033
2009-01;23.0;23.0;22.0;18.0;17.0;14.0;13.0;12.0;11.0;11.0;10.0;10.0;10.0;10.0;5.0;5.0;35174
2010-01;12.0;10.0;8.0;7.0;7.0;7.0;7.0;7.0;7.0;8.0;8.0;8.0;8.0;7.0;7.0;;35174
2011-01;6.0;5.0;5.0;5.0;4.0;4.0;4.0;4.0;4.0;4.0;4.0;4.0;3.0;3.0;;;35174
2012-01;5.0;4.0;4.0;4.0;3.0;3.0;3.0;3.0;3.0;3.0;3.0;3.0;3.0;;;;35174
2013-01;6.0;3.0;3.0;3.0;3.0;3.0;3.0;1.0;1.0;;;1.0;;;;;35174
2014-01;5.0;5.0;5.0;5.0;5.0;5.0;3.0;3.0;3.0;3.0;2.0;;;;;;35174
2015-01;3.0;3.0;3.0;1.0;2.0;2.0;2.0;2.0;2.0;2.0;;;;;;;35174
2016-01;9.0;9.0;9.0;5.0;6.0;6.0;6.0;6.0;6.0;;;;;;;;35174
2017-01;8.0;8.0;8.0;6.0;5.0;4.0;4.0;3.0;;;;;;;;;35174
2018-01;9.0;9.0;9.0;5.0;4.0;4.0;4.0;;;;;;;;;;35174
2019-01;10.0;10.0;10.0;8.0;8.0;8.0;;;;;;;;;;;35174
2020-01;8.0;8.0;8.0;4.0;4.0;;;;;;;;;;;;35174
2021-01;9.0;8.0;8.0;7.0;;;;;;;;;;;;;35174
2022-01;9.0;9.0;9.0;;;;;;;;;;;;;;35174
2023-01;12.0;12.0;;;;;;;;;;;;;;;35174
2024-01;8.0;;;;;;;;;;;;;;;;35174
2009-01;2.0;2.0;2.0;2.0;2.0;2.0;2.0;2.0;2.0;2.0;2.0;2.0;2.0;2.0;2.0;2.0;35095
2010-01;20.0;20.0;18.0;18.0;16.0;15.0;15.0;15.0;15.0;15.0;15.0;13.0;13.0;13.0;13.0;;35095
2011-01;6.0;6.0;6.0;6.0;6.0;6.0;6.0;6.0;6.0;6.0;5.0;5.0;4.0;4.0;;;35095
2012-01;4.0;4.0;3.0;3.0;3.0;3.0;3.0;3.0;3.0;3.0;3.0;2.0;2.0;;;;35095
2013-01;2.0;1.0;1.0;1.0;1.0;1.0;1.0;1.0;1.0;1.0;1.0;1.0;;;;;35095
2015-01;1.0;1.0;1.0;1.0;1.0;1.0;;;;;;;;;;;35095
2016-01;2.0;2.0;2.0;2.0;2.0;1.0;1.0;;;;;;;;;;35095
2017-01;7.0;7.0;6.0;6.0;2.0;2.0;2.0;2.0;;;;;;;;;35095
2018-01;1.0;1.0;1.0;1.0;1.0;1.0;1.0;;;;;;;;;;35095
2019-01;3.0;3.0;2.0;2.0;2.0;2.0;;;;;;;;;;;35095
2020-01;1.0;1.0;;;;;;;;;;;;;;;35095
2024-01;2.0;;;;;;;;;;;;;;;;35095
2009-01;2.0;2.0;2.0;2.0;2.0;1.0;1.0;1.0;1.0;1.0;1.0;1.0;1.0;1.0;1.0;1.0;35173
2010-01;2.0;2.0;2.0;2.0;2.0;2.0;2.0;1.0;1.0;1.0;1.0;1.0;1.0;1.0;1.0;;35173
2011-01;21.0;6.0;5.0;4.0;2.0;2.0;2.0;2.0;2.0;2.0;2.0;2.0;2.0;2.0;;;35173
2014-01;2.0;2.0;1.0;1.0;1.0;1.0;1.0;1.0;1.0;1.0;1.0;;;;;;35173
2015-01;3.0;3.0;3.0;3.0;3.0;3.0;3.0;3.0;3.0;3.0;;;;;;;35173
2016-01;2.0;2.0;2.0;2.0;2.0;2.0;2.0;2.0;1.0;;;;;;;;35173
2019-01;1.0;1.0;1.0;1.0;1.0;1.0;;;;;;;;;;;35173
2021-01;10.0;9.0;9.0;9.0;;;;;;;;;;;;;35173
2022-01;2.0;2.0;2.0;;;;;;;;;;;;;;35173
2023-01;35.0;27.0;;;;;;;;;;;;;;;35173
2024-01;6.0;;;;;;;;;;;;;;;;35173
2009-01;6.0;3.0;4.0;3.0;3.0;2.0;2.0;3.0;3.0;2.0;1.0;1.0;1.0;1.0;1.0;1.0;35083
2010-01;1.0;1.0;;;;;;;;;;;;;;;35083
2011-01;1.0;;1.0;;;;;;;;;;;;;;35083
2012-01;1.0;1.0;;;;;;;;;;;;;;;35083
2014-01;3.0;;;;;;;;;;;;;;;;35083
2016-01;4.0;1.0;1.0;;;;;;;;;;;;;;35083
2017-01;3.0;3.0;2.0;2.0;2.0;2.0;2.0;2.0;;;;;;;;;35083
2018-01;4.0;3.0;3.0;2.0;2.0;2.0;2.0;;;;;;;;;;35083
2019-01;6.0;6.0;;;;;;;;;;;;;;;35083
2020-01;9.0;;;1.0;1.0;;;;;;;;;;;;35083
2021-01;2.0;2.0;2.0;2.0;;;;;;;;;;;;;35083
2022-01;4.0;2.0;1.0;;;;;;;;;;;;;;35083
2023-01;1.0;1.0;;;;;;;;;;;;;;;35083
2024-01;4.0;;;;;;;;;;;;;;;;35083
2010-01;5.0;5.0;;;;;;;;;;;;;;;16001
2013-01;2.0;1.0;1.0;1.0;1.0;1.0;1.0;1.0;1.0;1.0;1.0;1.0;;;;;16001
2014-01;4.0;1.0;1.0;1.0;1.0;1.0;;;;;;;;;;;16001
2015-01;2.0;2.0;2.0;2.0;2.0;2.0;2.0;2.0;2.0;2.0;;;;;;;16001
2018-01;3.0;3.0;3.0;3.0;3.0;3.0;3.0;;;;;;;;;;16001
2019-01;1.0;1.0;1.0;1.0;1.0;1.0;;;;;;;;;;;16001
2020-01;3.0;3.0;3.0;3.0;3.0;;;;;;;;;;;;16001
2021-01;1.0;1.0;1.0;1.0;;;;;;;;;;;;;16001
2022-01;4.0;4.0;4.0;;;;;;;;;;;;;;16001
2023-01;1.0;1.0;;;;;;;;;;;;;;;16001
2024-01;2.0;;;;;;;;;;;;;;;;16001
2009-01;1.0;;;;;;;;;;;;;;;;29024
2010-01;2.0;2.0;1.0;1.0;1.0;;;;1.0;1.0;2.0;2.0;2.0;2.0;2.0;;29024
2011-01;1.0;1.0;;;;;;;;;;;;;;;29024
2013-01;1.0;1.0;1.0;1.0;;1.0;1.0;1.0;1.0;;;;;;;;29024
2014-01;1.0;1.0;1.0;;;;;;;;;;;;;;29024
2016-01;1.0;1.0;;;;;;;;;;;;;;;29024
2018-01;2.0;2.0;2.0;2.0;1.0;1.0;;;;;;;;;;;29024
2023-01;1.0;1.0;;;;;;;;;;;;;;;29024
2024-01;12.0;;;;;;;;;;;;;;;;29024
2012-01;2.0;2.0;2.0;2.0;2.0;2.0;1.0;1.0;1.0;1.0;;;;;;;23019
2016-01;1.0;1.0;1.0;1.0;1.0;1.0;1.0;1.0;1.0;;;;;;;;23019
2017-01;1.0;;;;;;;;;;;;;;;;23019
2018-01;1.0;1.0;1.0;1.0;1.0;1.0;1.0;;;;;;;;;;23019
2019-01;2.0;2.0;2.0;2.0;2.0;2.0;;;;;;;;;;;23019
2020-01;1.0;;;;;;;;;;;;;;;;23019
2021-01;1.0;1.0;1.0;1.0;;;;;;;;;;;;;23019
2022-01;4.0;1.0;1.0;;;;;;;;;;;;;;23019
2024-01;3.0;;;;;;;;;;;;;;;;23019
2009-01;1.0;1.0;1.0;;;;;;;;;;;;;;31010
2010-01;2.0;1.0;1.0;1.0;1.0;1.0;;;;;;;;;;;31010
2011-01;1.0;1.0;;;;;;;;;;;;;;;31010
2012-01;1.0;1.0;1.0;1.0;1.0;1.0;1.0;1.0;1.0;1.0;1.0;1.0;1.0;;;;31010
2013-01;1.0;1.0;1.0;1.0;1.0;1.0;1.0;1.0;1.0;;;;;;;;31010
2020-01;1.0;1.0;1.0;1.0;1.0;;;;;;;;;;;;31010
2021-01;1.0;1.0;1.0;1.0;;;;;;;;;;;;;31010
2022-01;1.0;1.0;1.0;;;;;;;;;;;;;;31010
2024-01;1.0;;;;;;;;;;;;;;;;31010
2009-01;1.0;;;;;;;;;;;;;;;;31087
2010-01;1.0;1.0;1.0;1.0;1.0;1.0;1.0;1.0;1.0;1.0;1.0;1.0;1.0;1.0;1.0;;31087
2011-01;1.0;;;;;;;;;;;;;;;;31087
2012-01;1.0;;;;;;;;;;;;;;;;31087
2016-01;1.0;1.0;1.0;1.0;1.0;1.0;1.0;1.0;1.0;;;;;;;;31087
2017-01;1.0;1.0;;;;;;;;;;;;;;;31087
2019-01;1.0;1.0;;;;1.0;;;;;;;;;;;31087
2020-01;3.0;3.0;3.0;3.0;1.0;;;;;;;;;;;;31087
2021-01;4.0;4.0;4.0;2.0;;;;;;;;;;;;;31087
2022-01;2.0;2.0;;;;;;;;;;;;;;;31087
2023-01;1.0;1.0;;;;;;;;;;;;;;;31087
2024-01;3.0;;;;;;;;;;;;;;;;31087
2009-01;1.0;1.0;1.0;1.0;1.0;1.0;1.0;1.0;1.0;1.0;1.0;;;;;;31076
2012-01;1.0;1.0;1.0;1.0;;;;;;;;;;;;;31076
2016-01;1.0;1.0;;;;;;;;;;;;;;;31076
2017-01;2.0;2.0;2.0;2.0;2.0;2.0;2.0;2.0;;;;;;;;;31076
2018-01;1.0;1.0;1.0;1.0;1.0;1.0;;;;;;;;;;;31076
2020-01;1.0;1.0;1.0;1.0;;;;;;;;;;;;;31076
2024-01;1.0;;;;;;;;;;;;;;;;31076
2011-01;1.0;1.0;1.0;1.0;1.0;1.0;1.0;1.0;1.0;1.0;1.0;1.0;1.0;1.0;;;31045
2012-01;2.0;2.0;1.0;1.0;1.0;1.0;1.0;1.0;1.0;1.0;1.0;1.0;1.0;;;;31045
2013-01;1.0;1.0;1.0;1.0;1.0;1.0;1.0;1.0;1.0;1.0;1.0;1.0;;;;;31045
2015-01;1.0;1.0;1.0;1.0;1.0;1.0;1.0;1.0;1.0;1.0;;;;;;;31045
2016-01;1.0;1.0;1.0;1.0;1.0;1.0;1.0;1.0;1.0;;;;;;;;31045
2020-01;1.0;1.0;1.0;1.0;1.0;;;;;;;;;;;;31045
2021-01;1.0;1.0;1.0;1.0;;;;;;;;;;;;;31045
2022-01;1.0;1.0;1.0;;;;;;;;;;;;;;31045
2023-01;1.0;1.0;;;;;;;;;;;;;;;31045
2024-01;2.0;;;;;;;;;;;;;;;;31045
2009-01;15.0;14.0;14.0;12.0;11.0;11.0;11.0;11.0;11.0;11.0;11.0;11.0;11.0;11.0;11.0;11.0;31012
2010-01;14.0;14.0;12.0;12.0;11.0;10.0;9.0;10.0;10.0;10.0;9.0;8.0;9.0;9.0;9.0;;31012
2011-01;6.0;6.0;6.0;6.0;6.0;6.0;6.0;6.0;5.0;5.0;5.0;5.0;5.0;5.0;;;31012
2012-01;4.0;4.0;4.0;4.0;4.0;4.0;4.0;4.0;4.0;3.0;3.0;3.0;3.0;;;;31012
2013-01;5.0;5.0;5.0;5.0;5.0;5.0;5.0;5.0;3.0;3.0;3.0;3.0;;;;;31012
2014-01;5.0;5.0;5.0;5.0;5.0;5.0;5.0;5.0;5.0;5.0;5.0;;;;;;31012
2015-01;3.0;3.0;3.0;3.0;3.0;3.0;2.0;2.0;2.0;2.0;;;;;;;31012
2016-01;2.0;1.0;1.0;1.0;;;;;;;;;;;;;31012
2019-01;1.0;1.0;1.0;1.0;1.0;1.0;;;;;;;;;;;31012
2020-01;3.0;2.0;2.0;2.0;2.0;;;;;;;;;;;;31012
2021-01;3.0;3.0;3.0;3.0;;;;;;;;;;;;;31012
2022-01;6.0;6.0;6.0;;;;;;;;;;;;;;31012
2024-01;2.0;;;;;;;;;;;;;;;;31012
2010-01;2.0;2.0;2.0;2.0;2.0;2.0;2.0;2.0;2.0;2.0;2.0;2.0;1.0;1.0;1.0;;31008
2011-01;2.0;2.0;1.0;1.0;1.0;1.0;1.0;1.0;1.0;1.0;1.0;1.0;1.0;1.0;;;31008
2012-01;2.0;2.0;2.0;2.0;1.0;1.0;1.0;1.0;;;;;;;;;31008
2013-01;1.0;1.0;1.0;1.0;1.0;1.0;1.0;1.0;1.0;;;;;;;;31008
2016-01;3.0;3.0;3.0;2.0;2.0;2.0;2.0;2.0;2.0;;;;;;;;31008
2017-01;1.0;1.0;1.0;1.0;1.0;1.0;1.0;1.0;;;;;;;;;31008
2018-01;2.0;1.0;1.0;1.0;1.0;;;;;;;;;;;;31008
2019-01;1.0;1.0;1.0;;;;;;;;;;;;;;31008
2021-01;1.0;1.0;1.0;1.0;;;;;;;;;;;;;31008
2022-01;2.0;2.0;2.0;;;;;;;;;;;;;;31008
2023-01;3.0;3.0;;;;;;;;;;;;;;;31008
2024-01;4.0;;;;;;;;;;;;;;;;31008
2009-01;1.0;1.0;1.0;1.0;1.0;1.0;1.0;1.0;1.0;1.0;1.0;1.0;1.0;1.0;1.0;;31026
2010-01;2.0;1.0;1.0;;;;;;;;;;;;;;31026
2011-01;3.0;2.0;1.0;;;;;;;;;;;1.0;;;31026
2012-01;1.0;1.0;1.0;1.0;1.0;1.0;;;;;;;;;;;31026
2013-01;6.0;5.0;4.0;5.0;4.0;4.0;4.0;4.0;3.0;3.0;2.0;2.0;;;;;31026
2015-01;1.0;1.0;1.0;1.0;1.0;1.0;1.0;1.0;1.0;1.0;;;;;;;31026
2017-01;1.0;1.0;1.0;1.0;1.0;;1.0;1.0;;;;;;;;;31026
2018-01;3.0;3.0;2.0;1.0;;;;;;;;;;;;;31026
2019-01;4.0;4.0;4.0;4.0;2.0;2.0;;;;;;;;;;;31026
2021-01;8.0;7.0;6.0;6.0;;;;;;;;;;;;;31026
2023-01;11.0;10.0;;;;;;;;;;;;;;;31026
2024-01;2.0;;;;;;;;;;;;;;;;31026
2009-01;1.0;1.0;1.0;1.0;1.0;;;;;;;;;;;;31070
2010-01;1.0;1.0;1.0;1.0;1.0;1.0;1.0;1.0;1.0;1.0;;;;;;;31070
2015-01;1.0;1.0;1.0;1.0;1.0;1.0;1.0;1.0;1.0;1.0;;;;;;;31070
2016-01;1.0;1.0;1.0;1.0;1.0;1.0;;;;;;;;;;;31070
2017-01;1.0;1.0;1.0;1.0;1.0;1.0;1.0;1.0;;;;;;;;;31070
2018-01;1.0;1.0;1.0;1.0;1.0;1.0;1.0;;;;;;;;;;31070
2019-01;2.0;2.0;2.0;2.0;2.0;;;;;;;;;;;;31070
2021-01;1.0;1.0;1.0;1.0;;;;;;;;;;;;;31070
2022-01;5.0;5.0;4.0;;;;;;;;;;;;;;31070
2023-01;2.0;2.0;;;;;;;;;;;;;;;31070
2024-01;2.0;;;;;;;;;;;;;;;;31070
2009-01;37.0;37.0;34.0;1.0;1.0;1.0;1.0;1.0;1.0;7.0;5.0;4.0;9.0;9.0;9.0;3.0;31035
2010-01;7.0;7.0;1.0;1.0;1.0;1.0;1.0;1.0;1.0;1.0;1.0;2.0;2.0;2.0;1.0;;31035
2011-01;2.0;1.0;1.0;1.0;1.0;1.0;1.0;1.0;1.0;1.0;;1.0;1.0;1.0;;;31035
2013-01;2.0;2.0;2.0;2.0;2.0;2.0;2.0;2.0;2.0;2.0;2.0;1.0;;;;;31035
2014-01;2.0;2.0;2.0;2.0;1.0;;;1.0;1.0;1.0;;;;;;;31035
2015-01;1.0;1.0;1.0;1.0;1.0;1.0;1.0;1.0;1.0;1.0;;;;;;;31035
2017-01;1.0;1.0;1.0;1.0;1.0;1.0;1.0;1.0;;;;;;;;;31035
2018-01;17.0;15.0;10.0;10.0;10.0;9.0;6.0;;;;;;;;;;31035
2019-01;5.0;5.0;5.0;5.0;4.0;3.0;;;;;;;;;;;31035
2020-01;1.0;1.0;1.0;1.0;1.0;;;;;;;;;;;;31035
2021-01;48.0;48.0;48.0;4.0;;;;;;;;;;;;;31035
2022-01;23.0;23.0;5.0;;;;;;;;;;;;;;31035
2023-01;6.0;3.0;;;;;;;;;;;;;;;31035
2024-01;6.0;;;;;;;;;;;;;;;;31035
2009-01;1.0;1.0;1.0;1.0;1.0;1.0;1.0;1.0;;;;;;;;;51003
2010-01;1.0;;;;;;;;;;;;;;;;51003
2011-01;1.0;1.0;1.0;;;;;1.0;;;;;;;;;51003
2014-01;1.0;1.0;1.0;1.0;1.0;1.0;1.0;1.0;1.0;1.0;1.0;;;;;;51003
2018-01;1.0;;;;;;;;;;;;;;;;51003
2019-01;1.0;1.0;1.0;1.0;1.0;1.0;;;;;;;;;;;51003
2023-01;1.0;1.0;;;;;;;;;;;;;;;51003
2009-01;4.0;4.0;4.0;4.0;4.0;4.0;4.0;4.0;4.0;2.0;2.0;2.0;1.0;1.0;1.0;1.0;26007
2010-01;1.0;1.0;1.0;1.0;1.0;;;;;;;;;;;;26007
2011-01;2.0;2.0;2.0;2.0;1.0;1.0;1.0;1.0;1.0;1.0;1.0;1.0;1.0;;;;26007
2012-01;1.0;1.0;;;;;;;;;;;;;;;26007
2015-01;1.0;1.0;1.0;1.0;1.0;1.0;;;;;;;;;;;26007
2017-01;1.0;;1.0;1.0;1.0;1.0;1.0;1.0;;;;;;;;;26007
2019-01;2.0;2.0;1.0;1.0;1.0;1.0;;;;;;;;;;;26007
2022-01;3.0;3.0;2.0;;;;;;;;;;;;;;26007
2023-01;4.0;4.0;;;;;;;;;;;;;;;26007
2024-01;3.0;;;;;;;;;;;;;;;;26007
2009-01;2.0;2.0;1.0;1.0;;;;;;;;;;;;;26002
2010-01;3.0;1.0;;;;;;;;;;;;;;;26002
2011-01;4.0;2.0;1.0;2.0;1.0;2.0;2.0;2.0;1.0;1.0;1.0;1.0;1.0;1.0;;;26002
2012-01;2.0;2.0;2.0;2.0;2.0;2.0;1.0;1.0;;;;;;;;;26002
2013-01;2.0;;;;;;;;;;;;;;;;26002
2014-01;13.0;7.0;7.0;6.0;6.0;7.0;3.0;3.0;3.0;3.0;3.0;;;;;;26002
2015-01;1.0;1.0;1.0;1.0;1.0;;;;;;;;;;;;26002
2019-01;1.0;1.0;1.0;1.0;1.0;1.0;;;;;;;;;;;26002
2020-01;4.0;3.0;3.0;3.0;3.0;;;;;;;;;;;;26002
2021-01;1.0;1.0;1.0;1.0;;;;;;;;;;;;;26002
2022-01;1.0;1.0;1.0;;;;;;;;;;;;;;26002
2023-01;2.0;1.0;;;;;;;;;;;;;;;26002
2024-01;3.0;;;;;;;;;;;;;;;;26002
2009-01;3.0;1.0;1.0;1.0;1.0;1.0;1.0;1.0;1.0;;;;;;;;41013
2012-01;1.0;;;;;;;;;;;;;;;;41013
2014-01;1.0;1.0;1.0;1.0;1.0;;;;;;;;;;;;41013
2016-01;2.0;2.0;2.0;2.0;2.0;1.0;1.0;1.0;1.0;;;;;;;;41013
2017-01;1.0;1.0;1.0;1.0;1.0;1.0;1.0;1.0;;;;;;;;;41013
2018-01;3.0;3.0;2.0;2.0;2.0;2.0;2.0;;;;;;;;;;41013
2019-01;1.0;1.0;1.0;1.0;;;;;;;;;;;;;41013
2020-01;3.0;3.0;3.0;3.0;3.0;;;;;;;;;;;;41013
2022-01;11.0;11.0;9.0;;;;;;;;;;;;;;41013
2023-01;4.0;3.0;;;;;;;;;;;;;;;41013
2024-01;2.0;;;;;;;;;;;;;;;;41013
2009-01;2.0;1.0;1.0;1.0;1.0;1.0;1.0;1.0;1.0;2.0;1.0;;;;;;24002
2010-01;6.0;6.0;5.0;5.0;5.0;4.0;4.0;4.0;4.0;4.0;3.0;3.0;3.0;3.0;3.0;;24002
2011-01;8.0;4.0;4.0;4.0;4.0;4.0;4.0;4.0;3.0;3.0;3.0;3.0;3.0;3.0;;;24002
2012-01;5.0;5.0;5.0;5.0;5.0;5.0;3.0;3.0;3.0;3.0;3.0;3.0;3.0;;;;24002
2013-01;5.0;1.0;1.0;2.0;2.0;1.0;1.0;1.0;1.0;1.0;1.0;1.0;;;;;24002
2014-01;4.0;4.0;3.0;3.0;3.0;2.0;2.0;2.0;2.0;2.0;2.0;;;;;;24002
2015-01;5.0;5.0;5.0;5.0;5.0;5.0;5.0;5.0;5.0;5.0;;;;;;;24002
2016-01;5.0;5.0;3.0;3.0;3.0;3.0;3.0;3.0;3.0;;;;;;;;24002
2017-01;3.0;3.0;3.0;3.0;3.0;3.0;3.0;3.0;;;;;;;;;24002
2018-01;6.0;6.0;5.0;5.0;5.0;5.0;5.0;;;;;;;;;;24002
2019-01;7.0;6.0;6.0;6.0;6.0;6.0;;;;;;;;;;;24002
2020-01;6.0;6.0;4.0;4.0;4.0;;;;;;;;;;;;24002
2021-01;4.0;2.0;2.0;2.0;;;;;;;;;;;;;24002
2022-01;4.0;4.0;4.0;;;;;;;;;;;;;;24002
2023-01;6.0;6.0;;;;;;;;;;;;;;;24002
2024-01;5.0;;;;;;;;;;;;;;;;24002
2010-01;2.0;2.0;2.0;2.0;2.0;2.0;2.0;2.0;2.0;2.0;2.0;2.0;2.0;2.0;2.0;;17001
2011-01;4.0;4.0;4.0;4.0;4.0;4.0;4.0;4.0;4.0;4.0;4.0;4.0;4.0;4.0;;;17001
2015-01;1.0;1.0;1.0;1.0;1.0;1.0;1.0;1.0;1.0;;;;;;;;17001
2016-01;2.0;2.0;2.0;2.0;2.0;1.0;1.0;1.0;1.0;;;;;;;;17001
2017-01;1.0;1.0;1.0;1.0;1.0;1.0;1.0;1.0;;;;;;;;;17001
2019-01;2.0;2.0;2.0;2.0;2.0;2.0;;;;;;;;;;;17001
2020-01;1.0;1.0;1.0;1.0;1.0;;;;;;;;;;;;17001
2021-01;2.0;2.0;2.0;2.0;;;;;;;;;;;;;17001
2022-01;1.0;1.0;1.0;;;;;;;;;;;;;;17001
2023-01;8.0;8.0;;;;;;;;;;;;;;;17001
2024-01;2.0;;;;;;;;;;;;;;;;17001
2009-01;5.0;3.0;2.0;1.0;1.0;;;;;;;;;;;;27006
2010-01;3.0;1.0;1.0;;;;;;;;;;;;;;27006
2011-01;1.0;;1.0;1.0;1.0;1.0;1.0;1.0;1.0;1.0;1.0;1.0;;;;;27006
2012-01;2.0;2.0;2.0;1.0;1.0;1.0;1.0;;;;;1.0;1.0;;;;27006
2013-01;3.0;3.0;1.0;;;;;;;;;;;;;;27006
2014-01;4.0;2.0;1.0;1.0;1.0;1.0;;;;;;;;;;;27006
2015-01;5.0;4.0;3.0;2.0;2.0;1.0;1.0;;;;;;;;;;27006
2016-01;1.0;1.0;1.0;1.0;1.0;1.0;1.0;1.0;1.0;;;;;;;;27006
2017-01;5.0;4.0;2.0;;;;;;;;;;;;;;27006
2018-01;2.0;2.0;;;;;;;;;;;;;;;27006
2019-01;3.0;2.0;2.0;1.0;1.0;;;;;;;;;;;;27006
2020-01;6.0;6.0;5.0;2.0;2.0;;;;;;;;;;;;27006
2021-01;10.0;10.0;8.0;4.0;;;;;;;;;;;;;27006
2022-01;2.0;1.0;1.0;;;;;;;;;;;;;;27006
2023-01;10.0;3.0;;;;;;;;;;;;;;;27006
2024-01;1.0;;;;;;;;;;;;;;;;27006
2010-01;1.0;1.0;;1.0;;;;;;1.0;1.0;1.0;1.0;1.0;1.0;;27005
2012-01;1.0;;;;;;;;;;;;;;;;27005
2014-01;2.0;2.0;;;;;;;;;;;;;;;27005
2015-01;1.0;1.0;1.0;1.0;1.0;1.0;1.0;1.0;1.0;1.0;;;;;;;27005
2016-01;4.0;2.0;2.0;2.0;2.0;2.0;2.0;2.0;2.0;;;;;;;;27005
2017-01;1.0;1.0;1.0;1.0;1.0;1.0;1.0;;;;;;;;;;27005
2018-01;3.0;3.0;3.0;3.0;3.0;3.0;3.0;;;;;;;;;;27005
2019-01;2.0;2.0;2.0;2.0;2.0;1.0;;;;;;;;;;;27005
2020-01;5.0;4.0;4.0;4.0;3.0;;;;;;;;;;;;27005
2021-01;1.0;1.0;1.0;1.0;;;;;;;;;;;;;27005
2022-01;5.0;4.0;4.0;;;;;;;;;;;;;;27005
2023-01;7.0;6.0;;;;;;;;;;;;;;;27005
2009-01;1.0;;;;;;;;;;;;;;;;21002
2010-01;1.0;;;;;;;;;;;;;;;;21002
2011-01;1.0;1.0;1.0;1.0;1.0;;;;;;;;;;;;21002
2013-01;3.0;2.0;1.0;1.0;1.0;;;;;;;;;;;;21002
2014-01;3.0;2.0;2.0;1.0;1.0;1.0;;;;;;;;;;;21002
2017-01;1.0;1.0;1.0;1.0;;;;;;;;;;;;;21002
2018-01;3.0;3.0;3.0;1.0;1.0;1.0;2.0;;;;;;;;;;21002
2020-01;1.0;;;;;;;;;;;;;;;;21002
2021-01;1.0;1.0;1.0;;;;;;;;;;;;;;21002
2010-01;1.0;1.0;1.0;1.0;1.0;1.0;1.0;;;1.0;1.0;1.0;1.0;1.0;1.0;;21017
2011-01;1.0;1.0;;;;;;;;;;;;;;;21017
2014-01;7.0;7.0;5.0;4.0;3.0;3.0;3.0;3.0;3.0;3.0;2.0;;;;;;21017
2015-01;2.0;2.0;2.0;1.0;1.0;2.0;2.0;2.0;2.0;2.0;;;;;;;21017
2016-01;1.0;1.0;1.0;1.0;1.0;1.0;;;;;;;;;;;21017
2017-01;2.0;2.0;;;;;;;;;;;;;;;21017
2018-01;4.0;2.0;1.0;1.0;1.0;1.0;1.0;;;;;;;;;;21017
2020-01;5.0;4.0;3.0;3.0;3.0;;;;;;;;;;;;21017
2009-01;1.0;1.0;1.0;;1.0;1.0;1.0;1.0;;;;;;;;;31088
2010-01;1.0;1.0;;;1.0;1.0;1.0;;;;;;;;;;31088
2012-01;2.0;2.0;1.0;1.0;2.0;2.0;2.0;1.0;1.0;1.0;1.0;1.0;2.0;;;;31088
2013-01;1.0;1.0;;;;;;;;;;;;;;;31088
2014-01;1.0;1.0;1.0;1.0;1.0;1.0;1.0;1.0;1.0;1.0;1.0;;;;;;31088
2016-01;1.0;1.0;1.0;1.0;1.0;1.0;1.0;1.0;1.0;;;;;;;;31088
2018-01;2.0;2.0;2.0;2.0;2.0;2.0;2.0;;;;;;;;;;31088
2019-01;2.0;2.0;2.0;1.0;1.0;1.0;;;;;;;;;;;31088
2020-01;2.0;2.0;2.0;2.0;2.0;;;;;;;;;;;;31088
2021-01;2.0;2.0;2.0;2.0;;;;;;;;;;;;;31088
2022-01;4.0;4.0;4.0;;;;;;;;;;;;;;31088
2023-01;2.0;2.0;;;;;;;;;;;;;;;31088
2024-01;3.0;;;;;;;;;;;;;;;;31088
2009-01;4.0;3.0;3.0;1.0;1.0;1.0;1.0;1.0;1.0;1.0;1.0;1.0;1.0;1.0;1.0;1.0;51001
2010-01;1.0;1.0;1.0;1.0;1.0;1.0;1.0;1.0;1.0;1.0;1.0;1.0;;;;;51001
2011-01;1.0;1.0;;;;;;;;;;;;;;;51001
2012-01;1.0;1.0;1.0;;;;;;;;;;;;;;51001
2015-01;2.0;2.0;2.0;2.0;1.0;1.0;1.0;1.0;1.0;1.0;;;;;;;51001
2016-01;1.0;1.0;1.0;1.0;1.0;1.0;1.0;1.0;1.0;;;;;;;;51001
2019-01;1.0;;;;;;;;;;;;;;;;51001
2021-01;2.0;2.0;2.0;2.0;;;;;;;;;;;;;51001
2023-01;3.0;3.0;;;;;;;;;;;;;;;51001
2024-01;3.0;;;;;;;;;;;;;;;;51001
2009-01;1.0;1.0;1.0;1.0;1.0;1.0;1.0;1.0;1.0;1.0;1.0;1.0;;;;;51014
2010-01;2.0;2.0;2.0;1.0;1.0;1.0;1.0;1.0;1.0;1.0;1.0;1.0;1.0;1.0;1.0;;51014
2011-01;2.0;2.0;1.0;1.0;1.0;1.0;;;;;;;;;;;51014
2012-01;2.0;1.0;1.0;1.0;1.0;1.0;1.0;1.0;1.0;1.0;1.0;1.0;1.0;;;;51014
2013-01;6.0;5.0;1.0;1.0;1.0;1.0;1.0;1.0;1.0;1.0;1.0;1.0;;;;;51014
2014-01;3.0;2.0;2.0;2.0;2.0;1.0;1.0;1.0;1.0;1.0;1.0;;;;;;51014
2015-01;3.0;2.0;2.0;1.0;;;1.0;;;;;;;;;;51014
2016-01;11.0;9.0;6.0;5.0;5.0;5.0;5.0;5.0;4.0;;;;;;;;51014
2017-01;6.0;6.0;6.0;5.0;5.0;5.0;5.0;4.0;;;;;;;;;51014
2018-01;4.0;3.0;3.0;3.0;3.0;3.0;3.0;;;;;;;;;;51014
2019-01;5.0;4.0;3.0;3.0;2.0;2.0;;;;;;;;;;;51014
2020-01;5.0;5.0;2.0;2.0;2.0;;;;;;;;;;;;51014
2021-01;2.0;;1.0;1.0;;;;;;;;;;;;;51014
2022-01;11.0;7.0;7.0;;;;;;;;;;;;;;51014
2023-01;33.0;27.0;;;;;;;;;;;;;;;51014
2024-01;2.0;;;;;;;;;;;;;;;;51014
2009-01;7.0;7.0;7.0;6.0;5.0;2.0;1.0;1.0;1.0;1.0;1.0;;;;;;24005
2010-01;6.0;4.0;3.0;3.0;4.0;1.0;1.0;1.0;1.0;1.0;1.0;;;;;;24005
2011-01;3.0;2.0;2.0;2.0;2.0;1.0;1.0;;;;;;;;;;24005
2012-01;3.0;2.0;2.0;2.0;2.0;2.0;2.0;2.0;2.0;2.0;2.0;2.0;2.0;;;;24005
2013-01;1.0;1.0;;;;;;;;;;;;;;;24005
2014-01;1.0;;;;;;;;;;;;;;;;24005
2015-01;3.0;3.0;1.0;1.0;1.0;1.0;1.0;1.0;1.0;1.0;;;;;;;24005
2016-01;4.0;4.0;4.0;4.0;4.0;4.0;4.0;4.0;4.0;;;;;;;;24005
2017-01;6.0;6.0;6.0;6.0;3.0;2.0;2.0;2.0;;;;;;;;;24005
2019-01;3.0;3.0;3.0;2.0;;;;;;;;;;;;;24005
2020-01;1.0;1.0;1.0;1.0;;;;;;;;;;;;;24005
2021-01;4.0;2.0;2.0;2.0;;;;;;;;;;;;;24005
2022-01;4.0;3.0;3.0;;;;;;;;;;;;;;24005
2023-01;7.0;6.0;;;;;;;;;;;;;;;24005
2024-01;4.0;;;;;;;;;;;;;;;;24005
2009-01;2.0;2.0;2.0;2.0;2.0;1.0;1.0;1.0;1.0;1.0;1.0;1.0;1.0;1.0;1.0;1.0;11003
2010-01;10.0;9.0;6.0;6.0;5.0;4.0;3.0;3.0;3.0;3.0;;1.0;1.0;1.0;1.0;;11003
2011-01;4.0;3.0;3.0;3.0;3.0;2.0;2.0;;;;;;;;;;11003
2014-01;2.0;1.0;1.0;1.0;1.0;1.0;1.0;1.0;;;;;;;;;11003
2015-01;5.0;3.0;3.0;;;;;;;;;;;;;;11003
2016-01;2.0;2.0;1.0;1.0;1.0;1.0;1.0;1.0;1.0;;;;;;;;11003
2017-01;1.0;1.0;1.0;1.0;1.0;;;;;;;;;;;;11003
2018-01;9.0;2.0;2.0;2.0;2.0;2.0;2.0;;;;;;;;;;11003
2019-01;11.0;11.0;10.0;10.0;10.0;10.0;;;;;;;;;;;11003
2020-01;1.0;1.0;1.0;1.0;1.0;;;;;;;;;;;;11003
2021-01;2.0;1.0;1.0;1.0;;;;;;;;;;;;;11003
2022-01;2.0;2.0;2.0;;;;;;;;;;;;;;11003
2023-01;4.0;4.0;;;;;;;;;;;;;;;11003
2024-01;3.0;;;;;;;;;;;;;;;;11003
2009-01;5.0;5.0;4.0;2.0;2.0;1.0;1.0;1.0;1.0;1.0;;;;;;;42014
2010-01;1.0;1.0;;;;;;;;;;;;;;;42014
2011-01;3.0;1.0;;;;;;;;;;;;;;;42014
2012-01;1.0;;1.0;1.0;1.0;1.0;1.0;;;1.0;;;;;;;42014
2013-01;6.0;5.0;1.0;1.0;1.0;1.0;;;;;;2.0;;;;;42014
2014-01;1.0;;;;;;;;;;;;;;;;42014
2016-01;4.0;4.0;4.0;1.0;1.0;;;;1.0;;;;;;;;42014
2017-01;6.0;3.0;1.0;1.0;1.0;1.0;1.0;1.0;;;;;;;;;42014
2018-01;5.0;;;;;1.0;;;;;;;;;;;42014
2019-01;12.0;12.0;11.0;12.0;12.0;2.0;;;;;;;;;;;42014
2020-01;3.0;3.0;3.0;3.0;;;;;;;;;;;;;42014
2021-01;16.0;16.0;16.0;2.0;;;;;;;;;;;;;42014
2022-01;16.0;15.0;2.0;;;;;;;;;;;;;;42014
2023-01;8.0;4.0;;;;;;;;;;;;;;;42014
2024-01;6.0;;;;;;;;;;;;;;;;42014
2009-01;1.0;;;;;;;;;;;;;;;;35113
2013-01;1.0;1.0;;;;;;;;;;;;;;;35113
2014-01;8.0;6.0;1.0;1.0;;;1.0;1.0;1.0;1.0;;;;;;;35113
2015-01;1.0;1.0;1.0;;;;;;;;;;;;;;35113
2016-01;1.0;1.0;;;;;;;;;;;;;;;35113
2017-01;1.0;1.0;;;;;;;;;;;;;;;35113
2018-01;1.0;1.0;;;;;;;;;;;;;;;35113
2019-01;1.0;;;;;;;;;;;;;;;;35113
2020-01;3.0;;;;;;;;;;;;;;;;35113
2021-01;3.0;;;;;;;;;;;;;;;;35113
2022-01;3.0;1.0;1.0;;;;;;;;;;;;;;35113
2023-01;1.0;1.0;;;;;;;;;;;;;;;35113
2024-01;1.0;;;;;;;;;;;;;;;;35113
2009-01;11.0;11.0;10.0;7.0;4.0;3.0;3.0;4.0;4.0;4.0;3.0;3.0;3.0;3.0;3.0;3.0;17003
2011-01;1.0;;;;;;;;;;;1.0;1.0;1.0;;;17003
2016-01;1.0;1.0;1.0;;;;;;;;;;;;;;17003
2022-01;1.0;1.0;1.0;;;;;;;;;;;;;;17003
2024-01;3.0;;;;;;;;;;;;;;;;17003
2009-01;5.0;5.0;4.0;2.0;2.0;2.0;1.0;1.0;1.0;1.0;1.0;1.0;1.0;1.0;;;17005
2010-01;1.0;1.0;1.0;1.0;1.0;;;;;;;;;;;;17005
2011-01;1.0;;;;;;;;;;;;;;;;17005
2018-01;1.0;1.0;;;1.0;1.0;1.0;;;;;;;;;;17005
2019-01;1.0;1.0;1.0;1.0;1.0;1.0;;;;;;;;;;;17005
2020-01;1.0;1.0;;;;;;;;;;;;;;;17005
2023-01;3.0;3.0;;;;;;;;;;;;;;;17005
2024-01;1.0;;;;;;;;;;;;;;;;17005
2010-01;1.0;1.0;1.0;1.0;1.0;1.0;;;;;;;;;;;17004
2013-01;1.0;1.0;1.0;1.0;1.0;1.0;1.0;1.0;1.0;;1.0;1.0;;;;;17004
2014-01;1.0;;;;;;;;;;;;;;;;17004
2021-01;1.0;;;;;;;;;;;;;;;;17004
2023-01;1.0;;;;;;;;;;;;;;;;17004
2024-01;2.0;;;;;;;;;;;;;;;;17004
2009-01;1.0;1.0;1.0;;;;;;;;;;;;;;29013
2010-01;2.0;2.0;2.0;2.0;2.0;2.0;2.0;2.0;1.0;1.0;1.0;1.0;1.0;1.0;1.0;;29013
2011-01;1.0;1.0;1.0;1.0;1.0;1.0;1.0;1.0;1.0;1.0;;;;;;;29013
2014-01;1.0;1.0;;;;;;;;;;;;;;;29013
2016-01;2.0;2.0;2.0;2.0;2.0;2.0;2.0;2.0;2.0;;;;;;;;29013
2017-01;1.0;1.0;1.0;;;;;;;;;;;;;;29013
2020-01;1.0;1.0;1.0;1.0;1.0;;;;;;;;;;;;29013
2022-01;3.0;2.0;3.0;;;;;;;;;;;;;;29013
2023-01;2.0;1.0;;;;;;;;;;;;;;;29013
2024-01;1.0;;;;;;;;;;;;;;;;29013
2009-01;1.0;1.0;;;;;;;;;;;;;;;23006
2012-01;1.0;1.0;1.0;;;;;;;;;;;;;;23006
2013-01;1.0;1.0;1.0;1.0;1.0;1.0;1.0;1.0;1.0;1.0;1.0;1.0;;;;;23006
2014-01;2.0;2.0;1.0;1.0;;;;;;;;;;;;;23006
2015-01;4.0;2.0;2.0;1.0;1.0;;;;;;;;;;;;23006
2016-01;2.0;1.0;2.0;1.0;1.0;1.0;;;;;;;;;;;23006
2017-01;2.0;2.0;2.0;1.0;1.0;1.0;;;;;;;;;;;23006
2018-01;2.0;;;;;;;;;;;;;;;;23006
2020-01;2.0;1.0;1.0;1.0;1.0;;;;;;;;;;;;23006
2021-01;1.0;1.0;1.0;1.0;;;;;;;;;;;;;23006
2022-01;10.0;6.0;6.0;;;;;;;;;;;;;;23006
2023-01;3.0;1.0;;;;;;;;;;;;;;;23006
2024-01;5.0;;;;;;;;;;;;;;;;23006
2009-01;12.0;7.0;5.0;4.0;3.0;3.0;2.0;2.0;1.0;1.0;1.0;1.0;;;;;23008
2010-01;1.0;1.0;1.0;1.0;;;;;;;;;;;;;23008
2011-01;2.0;1.0;1.0;1.0;;1.0;1.0;1.0;1.0;1.0;1.0;1.0;1.0;1.0;;;23008
2012-01;2.0;2.0;1.0;1.0;;;;;;;;;;;;;23008
2013-01;1.0;1.0;1.0;;;;;;;;;;;;;;23008
2014-01;3.0;2.0;2.0;2.0;2.0;2.0;1.0;1.0;1.0;1.0;1.0;;;;;;23008
2015-01;3.0;2.0;1.0;1.0;1.0;;;;;;;;;;;;23008
2016-01;3.0;1.0;1.0;;;;;;;;;;;;;;23008
2017-01;1.0;;;;;;;;;;;;;;;;23008
2018-01;5.0;;1.0;1.0;1.0;2.0;2.0;;;;;;;;;;23008
2019-01;11.0;7.0;6.0;5.0;4.0;2.0;;;;;;;;;;;23008
2020-01;7.0;5.0;1.0;1.0;1.0;;;;;;;;;;;;23008
2021-01;8.0;4.0;4.0;4.0;;;;;;;;;;;;;23008
2022-01;7.0;6.0;4.0;;;;;;;;;;;;;;23008
2023-01;7.0;6.0;;;;;;;;;;;;;;;23008
2024-01;5.0;;;;;;;;;;;;;;;;23008
2009-01;2.0;;;;;;;;;;;;;;;;21001
2014-01;6.0;5.0;3.0;1.0;;1.0;1.0;1.0;1.0;1.0;1.0;;;;;;21001
2016-01;2.0;;;;;;;;;;;;;;;;21001
2017-01;3.0;1.0;1.0;1.0;;1.0;1.0;1.0;;;;;;;;;21001
2019-01;1.0;;1.0;1.0;1.0;1.0;;;;;;;;;;;21001
2020-01;2.0;2.0;2.0;2.0;2.0;;;;;;;;;;;;21001
2021-01;2.0;1.0;1.0;1.0;;;;;;;;;;;;;21001
2022-01;1.0;1.0;1.0;;;;;;;;;;;;;;21001
2009-01;1.0;1.0;1.0;1.0;;;;;;;;;;;;;21004
2011-01;1.0;1.0;1.0;1.0;1.0;1.0;1.0;1.0;1.0;1.0;1.0;;;;;;21004
2013-01;7.0;4.0;4.0;4.0;4.0;2.0;2.0;1.0;1.0;1.0;1.0;1.0;;;;;21004
2014-01;1.0;;;;;;;;;;;;;;;;21004
2015-01;1.0;;;;;;;;;;;;;;;;21004
2017-01;2.0;2.0;2.0;2.0;1.0;;;;;;;;;;;;21004
2018-01;1.0;;;;;;;;;;;;;;;;21004
2020-01;2.0;2.0;1.0;;;;;;;;;;;;;;21004
2021-01;2.0;;;;;;;;;;;;;;;;21004
2022-01;1.0;1.0;1.0;;;;;;;;;;;;;;21004
2023-01;7.0;7.0;;;;;;;;;;;;;;;21004
2009-01;3.0;3.0;3.0;1.0;1.0;1.0;1.0;;;;;;1.0;1.0;1.0;1.0;21010
2010-01;1.0;1.0;1.0;1.0;1.0;1.0;1.0;1.0;1.0;1.0;1.0;1.0;1.0;;;;21010
2013-01;1.0;;;1.0;;;;;;;;;;;;;21010
2016-01;1.0;;;;;;;;;;;;;;;;21010
2017-01;2.0;2.0;1.0;1.0;1.0;1.0;1.0;1.0;;;;;;;;;21010
2018-01;1.0;1.0;1.0;1.0;;;;;;;;;;;;;21010
2021-01;1.0;1.0;1.0;;;;;;;;;;;;;;21010
2022-01;2.0;2.0;2.0;;;;;;;;;;;;;;21010
2009-01;8.0;8.0;8.0;3.0;3.0;3.0;2.0;2.0;2.0;2.0;2.0;2.0;2.0;2.0;1.0;1.0;28002
2010-01;14.0;14.0;9.0;9.0;10.0;8.0;5.0;5.0;4.0;4.0;2.0;;;;;;28002
2011-01;10.0;5.0;5.0;4.0;4.0;3.0;3.0;2.0;2.0;2.0;2.0;2.0;;;;;28002
2012-01;12.0;9.0;7.0;4.0;2.0;2.0;1.0;1.0;;;;2.0;2.0;;;;28002
2013-01;18.0;16.0;13.0;10.0;9.0;7.0;6.0;2.0;2.0;2.0;2.0;1.0;;;;;28002
2014-01;9.0;9.0;9.0;9.0;8.0;8.0;4.0;4.0;4.0;4.0;4.0;;;;;;28002
2015-01;12.0;11.0;11.0;9.0;9.0;5.0;5.0;5.0;5.0;5.0;;;;;;;28002
2016-01;10.0;10.0;7.0;8.0;1.0;1.0;1.0;2.0;2.0;;;;;;;;28002
2017-01;3.0;1.0;1.0;;;;;;;;;;;;;;28002
2018-01;3.0;2.0;1.0;1.0;1.0;1.0;1.0;;;;;;;;;;28002
2019-01;3.0;1.0;1.0;1.0;1.0;1.0;;;;;;;;;;;28002
2020-01;1.0;1.0;1.0;1.0;1.0;;;;;;;;;;;;28002
2021-01;4.0;4.0;4.0;4.0;;;;;;;;;;;;;28002
2023-01;11.0;11.0;;;;;;;;;;;;;;;28002
2024-01;3.0;;;;;;;;;;;;;;;;28002
2009-01;1.0;;;;;;;;;;;;;;;;13009
2010-01;4.0;4.0;3.0;3.0;2.0;2.0;2.0;2.0;2.0;2.0;2.0;2.0;2.0;2.0;2.0;;13009
2014-01;2.0;2.0;2.0;2.0;2.0;;;;;;;;;;;;13009
2015-01;2.0;2.0;2.0;1.0;1.0;1.0;1.0;;;;;;;;;;13009
2018-01;1.0;;;;;;;;;;;;;;;;13009
2019-01;1.0;1.0;;;;;;;;;;;;;;;13009
2020-01;6.0;;;2.0;1.0;;;;;;;;;;;;13009
2021-01;13.0;3.0;4.0;1.0;;;;;;;;;;;;;13009
2022-01;4.0;1.0;1.0;;;;;;;;;;;;;;13009
2023-01;8.0;3.0;;;;;;;;;;;;;;;13009
2024-01;5.0;;;;;;;;;;;;;;;;13009
2009-01;4.0;4.0;4.0;4.0;4.0;3.0;3.0;3.0;2.0;2.0;2.0;2.0;2.0;2.0;2.0;2.0;29021
2010-01;3.0;2.0;1.0;1.0;1.0;;;;1.0;1.0;1.0;;;;;;29021
2011-01;4.0;3.0;2.0;2.0;2.0;2.0;2.0;1.0;1.0;;;;;;;;29021
2012-01;2.0;2.0;2.0;2.0;2.0;1.0;1.0;2.0;2.0;1.0;1.0;1.0;1.0;;;;29021
2014-01;1.0;1.0;1.0;1.0;1.0;1.0;1.0;1.0;1.0;1.0;1.0;;;;;;29021
2015-01;3.0;1.0;1.0;1.0;1.0;1.0;1.0;1.0;1.0;1.0;;;;;;;29021
2018-01;3.0;3.0;3.0;3.0;2.0;1.0;1.0;;;;;;;;;;29021
2019-01;1.0;1.0;1.0;1.0;1.0;1.0;;;;;;;;;;;29021
2020-01;1.0;1.0;1.0;1.0;1.0;;;;;;;;;;;;29021
2022-01;1.0;;;;;;;;;;;;;;;;29021
2024-01;1.0;;;;;;;;;;;;;;;;29021
2009-01;1.0;;;;;1.0;;;;;;;;;;;29008
2010-01;5.0;3.0;1.0;1.0;1.0;1.0;1.0;1.0;1.0;1.0;1.0;1.0;;;;;29008
2011-01;2.0;1.0;1.0;1.0;1.0;1.0;1.0;1.0;;;;;;;;;29008
2012-01;1.0;1.0;;;;;;;;;;;;;;;29008
2014-01;1.0;;;;;;;;;1.0;1.0;;;;;;29008
2015-01;1.0;1.0;;;;;;;;;;;;;;;29008
2018-01;1.0;1.0;1.0;;;;;;;;;;;;;;29008
2023-01;3.0;3.0;;;;;;;;;;;;;;;29008
2009-01;1.0;;;;;;;;;;;;;;;;29002
2010-01;2.0;2.0;2.0;2.0;2.0;2.0;2.0;2.0;2.0;2.0;2.0;2.0;2.0;2.0;2.0;;29002
2011-01;1.0;1.0;1.0;1.0;1.0;1.0;1.0;1.0;1.0;1.0;1.0;1.0;1.0;1.0;;;29002
2013-01;2.0;2.0;2.0;2.0;1.0;1.0;1.0;1.0;1.0;1.0;1.0;1.0;;;;;29002
2016-01;1.0;1.0;;;;;;;;;;;;;;;29002
2018-01;1.0;1.0;1.0;1.0;1.0;1.0;;;;;;;;;;;29002
2019-01;1.0;1.0;1.0;1.0;1.0;1.0;;;;;;;;;;;29002
2020-01;1.0;1.0;1.0;1.0;1.0;;;;;;;;;;;;29002
2022-01;2.0;2.0;2.0;;;;;;;;;;;;;;29002
2023-01;3.0;2.0;;;;;;;;;;;;;;;29002
2024-01;3.0;;;;;;;;;;;;;;;;29002
2009-01;1.0;1.0;1.0;;;;;;;;;;;;;;52013
2010-01;14.0;8.0;7.0;7.0;7.0;7.0;7.0;7.0;6.0;6.0;4.0;4.0;4.0;4.0;4.0;;52013
2011-01;6.0;3.0;3.0;3.0;3.0;3.0;3.0;3.0;3.0;2.0;1.0;1.0;1.0;1.0;;;52013
2012-01;8.0;8.0;7.0;7.0;7.0;7.0;7.0;7.0;7.0;7.0;6.0;6.0;6.0;;;;52013
2014-01;3.0;3.0;3.0;3.0;3.0;3.0;2.0;1.0;1.0;1.0;1.0;;;;;;52013
2017-01;1.0;;;;;;;;;;;;;;;;52013
2018-01;1.0;1.0;1.0;1.0;1.0;1.0;1.0;;;;;;;;;;52013
2020-01;1.0;;;;;;;;;;;;;;;;52013
2021-01;2.0;1.0;1.0;1.0;;;;;;;;;;;;;52013
2022-01;3.0;3.0;3.0;;;;;;;;;;;;;;52013
2023-01;2.0;2.0;;;;;;;;;;;;;;;52013
2024-01;1.0;;;;;;;;;;;;;;;;52013
2009-01;4.0;3.0;4.0;4.0;4.0;4.0;4.0;4.0;4.0;4.0;4.0;3.0;3.0;3.0;2.0;2.0;43030
2011-01;2.0;2.0;1.0;1.0;1.0;;;;;;;;;;;;43030
2013-01;2.0;2.0;2.0;2.0;1.0;1.0;1.0;1.0;1.0;1.0;1.0;1.0;;;;;43030
2014-01;3.0;2.0;2.0;2.0;2.0;2.0;2.0;2.0;2.0;2.0;;;;;;;43030
2015-01;1.0;1.0;1.0;1.0;1.0;;;;;;;;;;;;43030
2016-01;2.0;1.0;1.0;1.0;1.0;1.0;1.0;1.0;1.0;;;;;;;;43030
2017-01;3.0;1.0;1.0;1.0;1.0;1.0;1.0;;;;;;;;;;43030
2018-01;4.0;1.0;2.0;2.0;2.0;2.0;1.0;;;;;;;;;;43030
2019-01;3.0;3.0;3.0;3.0;3.0;2.0;;;;;;;;;;;43030
2020-01;1.0;1.0;1.0;1.0;;;;;;;;;;;;;43030
2021-01;3.0;3.0;3.0;3.0;;;;;;;;;;;;;43030
2022-01;1.0;1.0;;;;;;;;;;;;;;;43030
2023-01;3.0;2.0;;;;;;;;;;;;;;;43030
2024-01;6.0;;;;;;;;;;;;;;;;43030
2009-01;3.0;3.0;3.0;2.0;2.0;2.0;2.0;2.0;2.0;2.0;2.0;2.0;2.0;2.0;2.0;2.0;42015
2010-01;3.0;2.0;2.0;2.0;2.0;1.0;1.0;1.0;1.0;;;;;;;;42015
2011-01;3.0;3.0;3.0;3.0;3.0;2.0;2.0;2.0;2.0;2.0;1.0;1.0;1.0;1.0;;;42015
2012-01;3.0;3.0;2.0;2.0;2.0;1.0;1.0;1.0;1.0;1.0;1.0;1.0;1.0;;;;42015
2013-01;3.0;3.0;3.0;3.0;3.0;3.0;3.0;3.0;3.0;3.0;3.0;3.0;;;;;42015
2014-01;4.0;3.0;2.0;2.0;2.0;2.0;2.0;2.0;2.0;2.0;2.0;;;;;;42015
2015-01;3.0;3.0;2.0;2.0;1.0;1.0;1.0;1.0;1.0;1.0;;;;;;;42015
2016-01;3.0;3.0;3.0;3.0;3.0;3.0;3.0;3.0;3.0;;;;;;;;42015
2017-01;1.0;1.0;1.0;1.0;1.0;1.0;1.0;1.0;;;;;;;;;42015
2018-01;3.0;2.0;2.0;2.0;2.0;2.0;2.0;;;;;;;;;;42015
2019-01;5.0;5.0;5.0;5.0;3.0;3.0;;;;;;;;;;;42015
2020-01;7.0;7.0;6.0;5.0;5.0;;;;;;;;;;;;42015
2021-01;5.0;5.0;5.0;4.0;;;;;;;;;;;;;42015
2022-01;4.0;1.0;1.0;;;;;;;;;;;;;;42015
2023-01;6.0;6.0;;;;;;;;;;;;;;;42015
2024-01;7.0;;;;;;;;;;;;;;;;42015
2012-01;2.0;1.0;1.0;1.0;1.0;;;;;;;;;;;;35153
2013-01;3.0;3.0;3.0;2.0;1.0;1.0;1.0;1.0;1.0;1.0;1.0;1.0;;;;;35153
2014-01;2.0;2.0;2.0;2.0;2.0;2.0;2.0;2.0;2.0;2.0;2.0;;;;;;35153
2016-01;1.0;1.0;1.0;1.0;1.0;1.0;1.0;1.0;1.0;;;;;;;;35153
2017-01;1.0;1.0;1.0;1.0;1.0;1.0;1.0;1.0;;;;;;;;;35153
2020-01;1.0;1.0;1.0;1.0;1.0;;;;;;;;;;;;35153
2023-01;1.0;1.0;;;;;;;;;;;;;;;35153
2011-01;2.0;2.0;1.0;;;;;;;;;;;;;;35154
2013-01;3.0;2.0;2.0;2.0;2.0;2.0;2.0;2.0;2.0;2.0;3.0;3.0;;;;;35154
2014-01;5.0;4.0;3.0;2.0;2.0;2.0;2.0;2.0;2.0;2.0;2.0;;;;;;35154
2015-01;2.0;1.0;;;;;;;;;;;;;;;35154
2017-01;1.0;1.0;;1.0;1.0;1.0;1.0;1.0;;;;;;;;;35154
2018-01;4.0;4.0;4.0;4.0;4.0;4.0;4.0;;;;;;;;;;35154
2021-01;1.0;1.0;1.0;1.0;;;;;;;;;;;;;35154
2022-01;3.0;3.0;3.0;;;;;;;;;;;;;;35154
2009-01;4.0;4.0;4.0;3.0;3.0;3.0;2.0;2.0;1.0;2.0;2.0;2.0;2.0;2.0;2.0;2.0;29027
2012-01;2.0;2.0;2.0;2.0;2.0;1.0;1.0;1.0;1.0;1.0;2.0;2.0;2.0;;;;29027
2014-01;2.0;2.0;2.0;1.0;1.0;1.0;1.0;1.0;1.0;1.0;1.0;;;;;;29027
2016-01;1.0;1.0;;;;;;;;;;;;;;;29027
2017-01;2.0;1.0;1.0;;;1.0;1.0;1.0;;;;;;;;;29027
2019-01;1.0;;;;;;;;;;;;;;;;29027
2022-01;1.0;1.0;;;;;;;;;;;;;;;29027
2023-01;3.0;2.0;;;;;;;;;;;;;;;29027
2024-01;1.0;;;;;;;;;;;;;;;;29027
2009-01;2.0;2.0;2.0;2.0;2.0;2.0;2.0;2.0;2.0;2.0;2.0;2.0;2.0;2.0;1.0;1.0;31073
2010-01;2.0;1.0;1.0;1.0;1.0;;;;;;;;;;;;31073
2012-01;1.0;1.0;1.0;1.0;1.0;1.0;1.0;1.0;1.0;1.0;1.0;1.0;1.0;;;;31073
2013-01;2.0;2.0;2.0;2.0;2.0;2.0;2.0;1.0;1.0;1.0;1.0;1.0;;;;;31073
2015-01;1.0;1.0;1.0;1.0;1.0;1.0;1.0;1.0;1.0;1.0;;;;;;;31073
2016-01;2.0;1.0;1.0;1.0;1.0;1.0;1.0;1.0;1.0;;;;;;;;31073
2019-01;2.0;1.0;1.0;1.0;1.0;1.0;;;;;;;;;;;31073
2020-01;2.0;2.0;2.0;2.0;2.0;;;;;;;;;;;;31073
2021-01;1.0;1.0;1.0;1.0;;;;;;;;;;;;;31073
2022-01;1.0;1.0;1.0;;;;;;;;;;;;;;31073
2023-01;2.0;2.0;;;;;;;;;;;;;;;31073
2024-01;3.0;;;;;;;;;;;;;;;;31073
2009-01;1.0;1.0;1.0;;;;;;;;;;;;;;31020
2010-01;1.0;1.0;;;;;;;;;;;;;;;31020
2011-01;5.0;5.0;5.0;5.0;5.0;3.0;2.0;2.0;2.0;1.0;1.0;1.0;1.0;1.0;;;31020
2013-01;1.0;1.0;1.0;;;;;;;;;;;;;;31020
2014-01;1.0;1.0;1.0;;;;;;;;;;;;;;31020
2015-01;2.0;2.0;1.0;1.0;1.0;1.0;1.0;1.0;1.0;1.0;;;;;;;31020
2016-01;1.0;1.0;1.0;1.0;1.0;1.0;;;;;;;;;;;31020
2017-01;2.0;2.0;2.0;1.0;1.0;;;;;;;;;;;;31020
2019-01;1.0;;;;;;;;;;;;;;;;31020
2020-01;1.0;1.0;1.0;;;;;;;;;;;;;;31020
2022-01;2.0;2.0;2.0;;;;;;;;;;;;;;31020
2024-01;2.0;;;;;;;;;;;;;;;;31020
2009-01;4.0;4.0;4.0;4.0;4.0;4.0;4.0;3.0;3.0;2.0;2.0;2.0;2.0;2.0;2.0;1.0;31030
2013-01;1.0;1.0;1.0;1.0;1.0;1.0;1.0;1.0;1.0;1.0;1.0;1.0;;;;;31030
2018-01;1.0;;;;;;;;;;;;;;;;31030
2019-01;2.0;2.0;1.0;2.0;2.0;2.0;;;;;;;;;;;31030
2021-01;10.0;8.0;4.0;2.0;;;;;;;;;;;;;31030
2022-01;3.0;3.0;1.0;;;;;;;;;;;;;;31030
2023-01;5.0;1.0;;;;;;;;;;;;;;;31030
2024-01;2.0;;;;;;;;;;;;;;;;31030
2009-01;3.0;2.0;1.0;;;;;;;;;;;;;;31034
2011-01;1.0;1.0;1.0;1.0;1.0;;;;;;;;;;;;31034
2015-01;11.0;10.0;10.0;10.0;1.0;1.0;1.0;1.0;1.0;1.0;;;;;;;31034
2016-01;3.0;3.0;3.0;3.0;3.0;2.0;;;;;;;;;;;31034
2017-01;2.0;2.0;2.0;1.0;;;;;;;;;;;;;31034
2018-01;1.0;1.0;1.0;1.0;1.0;1.0;1.0;;;;;;;;;;31034
2019-01;1.0;1.0;1.0;1.0;1.0;1.0;;;;;;;;;;;31034
2020-01;2.0;2.0;2.0;2.0;2.0;;;;;;;;;;;;31034
2021-01;1.0;1.0;1.0;;;;;;;;;;;;;;31034
2022-01;3.0;3.0;3.0;;;;;;;;;;;;;;31034
2023-01;2.0;2.0;;;;;;;;;;;;;;;31034
2024-01;7.0;;;;;;;;;;;;;;;;31034
2009-01;1.0;1.0;1.0;1.0;1.0;1.0;1.0;;;;;;;;;;31079
2010-01;1.0;1.0;1.0;1.0;1.0;1.0;1.0;1.0;;;;;;;;;31079
2012-01;2.0;2.0;1.0;;;;;;;;;;;;;;31079
2013-01;4.0;4.0;4.0;4.0;4.0;1.0;1.0;1.0;1.0;1.0;1.0;1.0;;;;;31079
2014-01;4.0;2.0;2.0;1.0;;;;;;;;;;;;;31079
2015-01;1.0;1.0;1.0;;;;;;;;;;;;;;31079
2016-01;2.0;2.0;2.0;2.0;1.0;1.0;1.0;;;;;;;;;;31079
2018-01;3.0;3.0;3.0;3.0;2.0;;;;;;;;;;;;31079
2019-01;4.0;4.0;4.0;4.0;1.0;1.0;;;;;;;;;;;31079
2020-01;1.0;1.0;1.0;;;;;;;;;;;;;;31079
2021-01;1.0;1.0;1.0;;;;;;;;;;;;;;31079
2022-01;1.0;1.0;1.0;;;;;;;;;;;;;;31079
2023-01;2.0;2.0;;;;;;;;;;;;;;;31079
2024-01;1.0;;;;;;;;;;;;;;;;31079
2014-01;1.0;1.0;1.0;1.0;1.0;1.0;1.0;1.0;;;;;;;;;31042
2016-01;2.0;1.0;1.0;;;;;;;;;;;;;;31042
2019-01;1.0;1.0;1.0;1.0;;;;;;;;;;;;;31042
2020-01;1.0;1.0;1.0;1.0;1.0;;;;;;;;;;;;31042
2021-01;1.0;1.0;1.0;1.0;;;;;;;;;;;;;31042
2022-01;1.0;1.0;1.0;;;;;;;;;;;;;;31042
2024-01;1.0;;;;;;;;;;;;;;;;31042
2009-01;3.0;3.0;3.0;3.0;3.0;2.0;1.0;1.0;1.0;2.0;2.0;2.0;2.0;1.0;1.0;1.0;31074
2010-01;8.0;8.0;6.0;6.0;3.0;3.0;3.0;3.0;3.0;3.0;3.0;1.0;;;;;31074
2012-01;3.0;2.0;2.0;2.0;2.0;2.0;2.0;2.0;1.0;1.0;1.0;1.0;1.0;;;;31074
2014-01;3.0;2.0;2.0;2.0;2.0;2.0;1.0;1.0;1.0;1.0;1.0;;;;;;31074
2015-01;2.0;2.0;2.0;2.0;2.0;2.0;2.0;2.0;2.0;2.0;;;;;;;31074
2017-01;1.0;1.0;1.0;1.0;1.0;1.0;;;;;;;;;;;31074
2018-01;1.0;1.0;1.0;1.0;1.0;1.0;1.0;;;;;;;;;;31074
2020-01;1.0;1.0;1.0;;;;;;;;;;;;;;31074
2021-01;1.0;1.0;1.0;1.0;;;;;;;;;;;;;31074
2022-01;1.0;1.0;1.0;;;;;;;;;;;;;;31074
2023-01;3.0;3.0;;;;;;;;;;;;;;;31074
2018-01;1.0;1.0;1.0;1.0;1.0;1.0;1.0;;;;;;;;;;31081
2009-01;1.0;1.0;1.0;1.0;1.0;1.0;1.0;1.0;1.0;1.0;1.0;1.0;1.0;1.0;1.0;1.0;31011
2010-01;1.0;1.0;1.0;1.0;1.0;1.0;1.0;1.0;1.0;1.0;1.0;1.0;1.0;1.0;1.0;;31011
2016-01;2.0;2.0;2.0;2.0;2.0;2.0;2.0;;;;;;;;;;31011
2018-01;1.0;1.0;1.0;1.0;1.0;;;;;;;;;;;;31011
2019-01;1.0;1.0;1.0;1.0;1.0;1.0;;;;;;;;;;;31011
2021-01;1.0;1.0;1.0;1.0;;;;;;;;;;;;;31011
2022-01;1.0;1.0;1.0;;;;;;;;;;;;;;31011
2024-01;2.0;;;;;;;;;;;;;;;;31011
2010-01;2.0;2.0;2.0;2.0;2.0;2.0;2.0;2.0;2.0;2.0;2.0;2.0;2.0;2.0;2.0;;31061
2017-01;1.0;1.0;1.0;1.0;1.0;1.0;1.0;1.0;;;;;;;;;31061
2020-01;1.0;1.0;1.0;;;;;;;;;;;;;;31061
2022-01;1.0;1.0;1.0;;;;;;;;;;;;;;31061
2023-01;2.0;2.0;;;;;;;;;;;;;;;31061
2024-01;2.0;;;;;;;;;;;;;;;;31061
2009-01;9.0;6.0;5.0;7.0;5.0;5.0;4.0;3.0;2.0;1.0;1.0;1.0;2.0;2.0;1.0;2.0;51005
2010-01;4.0;2.0;2.0;2.0;2.0;2.0;2.0;1.0;1.0;1.0;1.0;1.0;1.0;1.0;1.0;;51005
2011-01;5.0;1.0;;;;;;;;;;;;;;;51005
2013-01;1.0;;;;;;;;;;;;;;;;51005
2014-01;2.0;1.0;1.0;1.0;1.0;1.0;1.0;;;;;;;;;;51005
2015-01;3.0;2.0;2.0;;;;;1.0;;;;;;;;;51005
2016-01;1.0;1.0;1.0;1.0;1.0;;;;;;;;;;;;51005
2017-01;1.0;;;;;;;;;;;;;;;;51005
2018-01;5.0;2.0;2.0;2.0;1.0;;;;;;;;;;;;51005
2019-01;1.0;1.0;1.0;1.0;1.0;1.0;;;;;;;;;;;51005
2020-01;1.0;;;;;;;;;;;;;;;;51005
2021-01;4.0;;1.0;1.0;;;;;;;;;;;;;51005
2022-01;2.0;1.0;;;;;;;;;;;;;;;51005
2023-01;2.0;2.0;;;;;;;;;;;;;;;51005
2024-01;15.0;;;;;;;;;;;;;;;;51005
2009-01;2.0;;;;;;;;;;;;;;;;51016
2010-01;1.0;1.0;;;;;;;;;;;;;;;51016
2011-01;1.0;1.0;1.0;1.0;1.0;;;1.0;1.0;1.0;1.0;1.0;1.0;1.0;;;51016
2016-01;6.0;3.0;;;;;;;;;;;;;;;51016
2017-01;2.0;;;;;;;;;;;;;;;;51016
2024-01;2.0;;;;;;;;;;;;;;;;51016
2009-01;1.0;1.0;1.0;1.0;;1.0;1.0;1.0;1.0;1.0;1.0;1.0;1.0;;;;51012
2011-01;3.0;2.0;2.0;2.0;2.0;2.0;2.0;2.0;2.0;1.0;1.0;1.0;1.0;1.0;;;51012
2013-01;4.0;1.0;;;;;;;;;;;;;;;51012
2014-01;3.0;2.0;2.0;2.0;2.0;;;;;;;;;;;;51012
2015-01;1.0;;;;;;;;;;;;;;;;51012
2018-01;1.0;1.0;1.0;1.0;;;;;;;;;;;;;51012
2019-01;1.0;;;;;;;;;;;;;;;;51012
2020-01;3.0;3.0;3.0;3.0;2.0;;;;;;;;;;;;51012
2021-01;1.0;1.0;1.0;;;;;;;;;;;;;;51012
2024-01;3.0;;;;;;;;;;;;;;;;51012
2010-01;1.0;1.0;1.0;;;;;;;;;;;;;;21006
2012-01;1.0;1.0;1.0;;;;;;;;;;;;;;21006
2014-01;2.0;2.0;2.0;1.0;;;;;;;;;;;;;21006
2018-01;3.0;1.0;1.0;;;;;;;;;;;;;;21006
2020-01;3.0;3.0;3.0;3.0;2.0;;;;;;;;;;;;21006
2021-01;1.0;;;;;;;;;;;;;;;;21006
2023-01;1.0;1.0;;;;;;;;;;;;;;;21006
2024-01;2.0;;;;;;;;;;;;;;;;21006
2009-01;5.0;4.0;4.0;2.0;2.0;2.0;3.0;3.0;2.0;2.0;2.0;2.0;2.0;2.0;2.0;2.0;31028
2010-01;1.0;1.0;1.0;1.0;1.0;1.0;1.0;;;;;;;;;;31028
2012-01;3.0;2.0;2.0;2.0;2.0;2.0;2.0;2.0;2.0;2.0;1.0;1.0;1.0;;;;31028
2013-01;1.0;1.0;1.0;;;;;;;;;;;;;;31028
2016-01;2.0;1.0;1.0;1.0;1.0;1.0;1.0;1.0;1.0;;;;;;;;31028
2018-01;1.0;1.0;1.0;1.0;1.0;1.0;1.0;;;;;;;;;;31028
2021-01;1.0;1.0;1.0;;;;;;;;;;;;;;31028
2022-01;1.0;1.0;1.0;;;;;;;;;;;;;;31028
2024-01;2.0;;;;;;;;;;;;;;;;31028
2012-01;2.0;2.0;1.0;1.0;1.0;1.0;1.0;1.0;1.0;1.0;1.0;1.0;1.0;;;;50002
2022-01;1.0;1.0;1.0;;;;;;;;;;;;;;50002
2011-01;1.0;1.0;1.0;1.0;1.0;1.0;1.0;1.0;1.0;1.0;1.0;1.0;1.0;1.0;;;29018
2012-01;1.0;;;;;;;;;;;;;;;;29018
2013-01;1.0;1.0;;;;;;;;;;;;;;;29018
2014-01;1.0;1.0;1.0;1.0;1.0;1.0;1.0;1.0;1.0;1.0;1.0;;;;;;29018
2015-01;1.0;1.0;1.0;1.0;1.0;1.0;1.0;1.0;1.0;1.0;;;;;;;29018
2018-01;1.0;1.0;1.0;1.0;1.0;1.0;1.0;;;;;;;;;;29018
2019-01;1.0;;;;;;;;;;;;;;;;29018
2023-01;8.0;8.0;;;;;;;;;;;;;;;29018
2024-01;1.0;;;;;;;;;;;;;;;;29018
2009-01;2.0;2.0;2.0;2.0;2.0;2.0;2.0;1.0;1.0;;;;;;;;21012
2011-01;1.0;;;;;;;;;;;;;;;;21012
2012-01;2.0;2.0;1.0;1.0;1.0;1.0;;;1.0;1.0;1.0;1.0;1.0;;;;21012
2013-01;2.0;2.0;2.0;;;;;;;;;;;;;;21012
2014-01;3.0;2.0;1.0;1.0;1.0;1.0;1.0;1.0;1.0;1.0;;;;;;;21012
2015-01;1.0;1.0;1.0;1.0;1.0;;;;;;;;;;;;21012
2018-01;4.0;3.0;2.0;2.0;;;;;;;;;;;;;21012
2019-01;1.0;1.0;1.0;;;;;;;;;;;;;;21012
2020-01;3.0;2.0;1.0;1.0;1.0;;;;;;;;;;;;21012
2022-01;1.0;1.0;1.0;;;;;;;;;;;;;;21012
2009-01;3.0;3.0;3.0;3.0;2.0;2.0;2.0;1.0;1.0;1.0;1.0;1.0;1.0;;;;41004
2011-01;3.0;2.0;1.0;1.0;1.0;1.0;1.0;1.0;1.0;1.0;1.0;1.0;1.0;1.0;;;41004
2012-01;1.0;1.0;1.0;1.0;1.0;1.0;1.0;1.0;1.0;1.0;1.0;1.0;1.0;;;;41004
2013-01;1.0;1.0;1.0;1.0;1.0;1.0;1.0;1.0;1.0;1.0;1.0;1.0;;;;;41004
2015-01;1.0;1.0;1.0;1.0;1.0;;;;;;;;;;;;41004
2016-01;1.0;;;;;;;;;;;;;;;;41004
2017-01;1.0;1.0;;;;;;;;;;;;;;;41004
2018-01;1.0;1.0;;;;;;;;;;;;;;;41004
2020-01;1.0;1.0;;;;;;;;;;;;;;;41004
2022-01;1.0;1.0;1.0;;;;;;;;;;;;;;41004
2023-01;1.0;1.0;;;;;;;;;;;;;;;41004
2024-01;1.0;;;;;;;;;;;;;;;;41004
2010-01;2.0;2.0;2.0;2.0;2.0;2.0;2.0;1.0;1.0;1.0;1.0;1.0;1.0;1.0;1.0;;24001
2011-01;2.0;1.0;1.0;1.0;1.0;;;;;;;;;;;;24001
2012-01;6.0;5.0;1.0;1.0;1.0;1.0;1.0;1.0;1.0;1.0;1.0;1.0;;;;;24001
2013-01;2.0;1.0;1.0;2.0;;;1.0;1.0;1.0;1.0;1.0;1.0;;;;;24001
2015-01;4.0;3.0;3.0;2.0;2.0;2.0;2.0;1.0;1.0;1.0;;;;;;;24001
2016-01;3.0;3.0;3.0;2.0;1.0;1.0;1.0;1.0;1.0;;;;;;;;24001
2017-01;1.0;1.0;1.0;1.0;1.0;1.0;1.0;;;;;;;;;;24001
2018-01;1.0;1.0;;;;;;;;;;;;;;;24001
2020-01;3.0;3.0;3.0;1.0;1.0;;;;;;;;;;;;24001
2021-01;2.0;1.0;1.0;1.0;;;;;;;;;;;;;24001
2022-01;2.0;;;;;;;;;;;;;;;;24001
2023-01;10.0;2.0;;;;;;;;;;;;;;;24001
2024-01;3.0;;;;;;;;;;;;;;;;24001
2009-01;1.0;1.0;1.0;;;;;;;;;;;;;;12003
2010-01;1.0;;;;;;;;;;;;;;;;12003
2011-01;1.0;1.0;1.0;1.0;1.0;1.0;;;;;;;;;;;12003
2012-01;1.0;;;;;;;;;;;;;;;;12003
2013-01;3.0;3.0;1.0;1.0;1.0;1.0;1.0;2.0;2.0;2.0;2.0;1.0;;;;;12003
2014-01;1.0;1.0;1.0;1.0;1.0;1.0;1.0;1.0;1.0;1.0;1.0;;;;;;12003
2015-01;3.0;1.0;;;;;;;;;;;;;;;12003
2019-01;1.0;1.0;1.0;1.0;1.0;1.0;;;;;;;;;;;12003
2020-01;3.0;3.0;3.0;2.0;2.0;;;;;;;;;;;;12003
2023-01;2.0;1.0;;;;;;;;;;;;;;;12003
2024-01;2.0;;;;;;;;;;;;;;;;12003
2009-01;8.0;6.0;4.0;3.0;3.0;4.0;3.0;3.0;3.0;2.0;2.0;3.0;2.0;2.0;2.0;2.0;23005
2010-01;3.0;2.0;2.0;1.0;2.0;1.0;1.0;1.0;;;;;;;;;23005
2011-01;1.0;1.0;1.0;;;;;;;;;;;;;;23005
2014-01;3.0;3.0;3.0;3.0;2.0;1.0;1.0;1.0;;;;;;;;;23005
2015-01;1.0;1.0;1.0;1.0;1.0;1.0;1.0;1.0;1.0;1.0;;;;;;;23005
2016-01;1.0;1.0;1.0;1.0;1.0;1.0;1.0;1.0;1.0;;;;;;;;23005
2018-01;3.0;1.0;1.0;1.0;;;;;;;;;;;;;23005
2019-01;1.0;1.0;1.0;;;;;;;;;;;;;;23005
2021-01;1.0;1.0;1.0;1.0;;;;;;;;;;;;;23005
2023-01;1.0;;;;;;;;;;;;;;;;23005
2024-01;1.0;;;;;;;;;;;;;;;;23005
2009-01;10.0;6.0;1.0;1.0;;;;;;;;;;;1.0;;15007
2010-01;4.0;3.0;;;;;;;;1.0;1.0;1.0;;;;;15007
2011-01;5.0;3.0;3.0;1.0;1.0;1.0;1.0;1.0;1.0;1.0;1.0;1.0;1.0;1.0;;;15007
2012-01;2.0;2.0;2.0;1.0;1.0;1.0;1.0;;;;;;;;;;15007
2013-01;1.0;1.0;1.0;;;;;;;;;;;;;;15007
2015-01;1.0;1.0;1.0;;;;;;;;;;;;;;15007
2018-01;1.0;;;;;;;;;;;;;;;;15007
2019-01;1.0;1.0;1.0;;;;;;;;;;;;;;15007
2022-01;1.0;1.0;1.0;;;;;;;;;;;;;;15007
2023-01;1.0;1.0;;;;;;;;;;;;;;;15007
2024-01;1.0;;;;;;;;;;;;;;;;15007
2009-01;2.0;2.0;2.0;2.0;1.0;1.0;1.0;1.0;1.0;1.0;1.0;1.0;1.0;1.0;1.0;1.0;43018
2010-01;2.0;2.0;2.0;2.0;2.0;2.0;1.0;1.0;;;;;;;;;43018
2011-01;3.0;2.0;1.0;1.0;1.0;;;;;;;;;;;;43018
2012-01;1.0;1.0;1.0;1.0;1.0;1.0;1.0;;;1.0;1.0;1.0;1.0;;;;43018
2014-01;1.0;1.0;1.0;1.0;1.0;1.0;1.0;1.0;1.0;1.0;1.0;;;;;;43018
2017-01;1.0;1.0;1.0;1.0;1.0;1.0;1.0;;;;;;;;;;43018
2018-01;5.0;5.0;5.0;5.0;5.0;4.0;3.0;;;;;;;;;;43018
2019-01;1.0;;;;;;;;;;;;;;;;43018
2021-01;1.0;1.0;1.0;1.0;;;;;;;;;;;;;43018
2022-01;2.0;2.0;1.0;;;;;;;;;;;;;;43018
2023-01;1.0;1.0;;;;;;;;;;;;;;;43018
2024-01;1.0;;;;;;;;;;;;;;;;43018
2009-01;1.0;1.0;1.0;1.0;1.0;1.0;1.0;1.0;1.0;;;;;;;;13005
2010-01;1.0;;;;;;;;;;;;;;;;13005
2011-01;4.0;3.0;2.0;2.0;2.0;2.0;1.0;1.0;1.0;1.0;1.0;1.0;1.0;1.0;;;13005
2016-01;2.0;2.0;1.0;1.0;1.0;1.0;2.0;2.0;2.0;;;;;;;;13005
2018-01;4.0;4.0;3.0;3.0;3.0;1.0;2.0;;;;;;;;;;13005
2019-01;1.0;1.0;1.0;1.0;1.0;1.0;;;;;;;;;;;13005
2020-01;1.0;1.0;;;;;;;;;;;;;;;13005
2021-01;1.0;1.0;1.0;;;;;;;;;;;;;;13005
2022-01;1.0;;;;;;;;;;;;;;;;13005
2023-01;3.0;1.0;;;;;;;;;;;;;;;13005
2024-01;2.0;;;;;;;;;;;;;;;;13005
2009-01;1.0;1.0;;;;;;;;;;;;;;;52018
2010-01;2.0;2.0;1.0;1.0;1.0;1.0;;;;;;;;;;;52018
2011-01;1.0;1.0;1.0;1.0;;;;;;;;;;;;;52018
2012-01;1.0;1.0;1.0;1.0;;;;;;;;;;;;;52018
2015-01;1.0;1.0;1.0;1.0;1.0;;;;;;;;;;;;52018
2016-01;2.0;2.0;2.0;2.0;2.0;1.0;;;;;;;;;;;52018
2018-01;1.0;1.0;1.0;1.0;1.0;1.0;1.0;;;;;;;;;;52018
2019-01;1.0;1.0;1.0;1.0;;;;;;;;;;;;;52018
2021-01;15.0;3.0;3.0;3.0;;;;;;;;;;;;;52018
2022-01;5.0;2.0;3.0;;;;;;;;;;;;;;52018
2024-01;2.0;;;;;;;;;;;;;;;;52018
2009-01;1.0;;;;;;;;;;;;;;;;52014
2010-01;4.0;2.0;1.0;1.0;2.0;2.0;1.0;1.0;1.0;1.0;1.0;2.0;1.0;1.0;;;52014
2011-01;2.0;1.0;;;;;;;;;;1.0;1.0;;;;52014
2012-01;2.0;2.0;1.0;1.0;1.0;1.0;;;;;;;;;;;52014
2013-01;2.0;1.0;1.0;1.0;1.0;1.0;1.0;1.0;;;;;;;;;52014
2017-01;1.0;1.0;1.0;1.0;1.0;;;;;;;;;;;;52014
2018-01;1.0;1.0;1.0;1.0;1.0;1.0;1.0;;;;;;;;;;52014
2021-01;1.0;1.0;1.0;1.0;;;;;;;;;;;;;52014
2022-01;10.0;9.0;3.0;;;;;;;;;;;;;;52014
2023-01;21.0;3.0;;;;;;;;;;;;;;;52014
2024-01;11.0;;;;;;;;;;;;;;;;52014
2009-01;7.0;4.0;3.0;2.0;2.0;2.0;2.0;1.0;;1.0;1.0;1.0;1.0;1.0;2.0;1.0;52008
2010-01;2.0;1.0;;;;;;;;;;;;;;;52008
2011-01;1.0;;;;;;;;;;;;;;;;52008
2012-01;2.0;2.0;;;1.0;1.0;1.0;1.0;1.0;1.0;1.0;1.0;1.0;;;;52008
2013-01;2.0;1.0;1.0;1.0;1.0;1.0;1.0;1.0;1.0;1.0;1.0;1.0;;;;;52008
2014-01;3.0;1.0;1.0;1.0;1.0;;;;;;;;;;;;52008
2015-01;1.0;1.0;1.0;1.0;1.0;1.0;;;;;;;;;;;52008
2016-01;1.0;1.0;;;;;;;;;;;;;;;52008
2019-01;2.0;1.0;1.0;1.0;1.0;1.0;;;;;;;;;;;52008
2020-01;1.0;1.0;1.0;;;;;;;;;;;;;;52008
2022-01;1.0;;;;;;;;;;;;;;;;52008
2023-01;2.0;2.0;;;;;;;;;;;;;;;52008
2010-01;1.0;;;;;;;;;;;;;;;;25004
2011-01;1.0;;;;;;;;;;;;;;;;25004
2012-01;3.0;3.0;3.0;3.0;1.0;1.0;1.0;1.0;1.0;1.0;1.0;;;;;;25004
2013-01;2.0;2.0;2.0;2.0;1.0;1.0;1.0;1.0;1.0;1.0;1.0;1.0;;;;;25004
2016-01;1.0;1.0;1.0;1.0;1.0;1.0;1.0;1.0;1.0;;;;;;;;25004
2017-01;1.0;;;;;;;;;;;;;;;;25004
2018-01;2.0;2.0;1.0;1.0;1.0;1.0;;;;;;;;;;;25004
2024-01;1.0;;;;;;;;;;;;;;;;25004
2009-01;1.0;1.0;1.0;;1.0;1.0;1.0;1.0;1.0;1.0;1.0;1.0;1.0;1.0;1.0;1.0;29017
2013-01;1.0;1.0;;1.0;1.0;1.0;1.0;1.0;1.0;1.0;;;;;;;29017
2016-01;1.0;1.0;;;;;;;;;;;;;;;29017
2019-01;1.0;1.0;1.0;1.0;1.0;1.0;;;;;;;;;;;29017
2020-01;1.0;1.0;1.0;;;;;;;;;;;;;;29017
2022-01;1.0;1.0;1.0;;;;;;;;;;;;;;29017
2023-01;1.0;;;;;;;;;;;;;;;;29017
2024-01;5.0;;;;;;;;;;;;;;;;29017
2009-01;5.0;3.0;2.0;1.0;1.0;;;;;;;;;;;;23012
2010-01;3.0;2.0;;;;;;;1.0;1.0;1.0;1.0;1.0;1.0;1.0;;23012
2012-01;1.0;1.0;;;;;;;;;;;;;;;23012
2013-01;1.0;;;;;;;;;;;;;;;;23012
2014-01;1.0;1.0;;;;;;;;;;;;;;;23012
2015-01;1.0;;;;;;;;;;;;;;;;23012
2016-01;4.0;1.0;;;;;;;;;;;;;;;23012
2017-01;2.0;2.0;1.0;1.0;1.0;1.0;1.0;1.0;;;;;;;;;23012
2018-01;1.0;;;;;;;;;;;;;;;;23012
2020-01;1.0;1.0;1.0;;;;;;;;;;;;;;23012
2023-01;2.0;;;;;;;;;;;;;;;;23012
2024-01;7.0;;;;;;;;;;;;;;;;23012
2009-01;3.0;3.0;3.0;2.0;2.0;1.0;1.0;1.0;1.0;;;;;;;;23015
2010-01;4.0;4.0;3.0;2.0;2.0;2.0;2.0;1.0;1.0;1.0;2.0;2.0;2.0;2.0;3.0;;23015
2011-01;1.0;1.0;;;;;;;;;;;;;;;23015
2012-01;2.0;1.0;1.0;;;;;;;;;;;;;;23015
2013-01;1.0;1.0;1.0;1.0;1.0;1.0;1.0;1.0;1.0;1.0;1.0;;;;;;23015
2016-01;2.0;;;;;;;;;;;;;;;;23015
2017-01;1.0;1.0;1.0;;;;;;;;;;;;;;23015
2018-01;1.0;;;;;;;;;;;;;;;;23015
2019-01;2.0;2.0;1.0;1.0;1.0;1.0;;;;;;;;;;;23015
2020-01;4.0;3.0;2.0;1.0;1.0;;;;;;;;;;;;23015
2021-01;3.0;3.0;3.0;2.0;;;;;;;;;;;;;23015
2022-01;2.0;2.0;2.0;;;;;;;;;;;;;;23015
2023-01;4.0;3.0;;;;;;;;;;;;;;;23015
2024-01;3.0;;;;;;;;;;;;;;;;23015
2010-01;1.0;1.0;;;;;;;;;;;;;;;31083
2014-01;1.0;1.0;;;;;;;;;;;;;;;31083
2018-01;1.0;1.0;1.0;1.0;1.0;1.0;1.0;;;;;;;;;;31083
2019-01;2.0;2.0;2.0;;;;;;;;;;;;;;31083
2021-01;1.0;;;;;;;;;;;;;;;;31083
2022-01;1.0;1.0;1.0;;;;;;;;;;;;;;31083
2023-01;1.0;1.0;;;;;;;;;;;;;;;31083
2024-01;2.0;;;;;;;;;;;;;;;;31083
2009-01;1.0;1.0;1.0;1.0;1.0;1.0;1.0;1.0;1.0;1.0;1.0;1.0;1.0;1.0;1.0;1.0;25008
2010-01;1.0;1.0;;;;;;;;;;;;;;;25008
2013-01;4.0;2.0;1.0;1.0;1.0;1.0;1.0;1.0;1.0;1.0;1.0;1.0;;;;;25008
2014-01;6.0;5.0;3.0;3.0;3.0;3.0;2.0;1.0;1.0;1.0;1.0;;;;;;25008
2018-01;2.0;2.0;2.0;1.0;1.0;1.0;1.0;;;;;;;;;;25008
2021-01;1.0;1.0;1.0;1.0;;;;;;;;;;;;;25008
2024-01;1.0;;;;;;;;;;;;;;;;25008
2009-01;2.0;2.0;1.0;;;;;;;;;;;;;;11006
2010-01;1.0;1.0;1.0;;;;;;;;;;;;;;11006
2011-01;1.0;1.0;1.0;;1.0;1.0;1.0;1.0;;;;;;;;;11006
2012-01;1.0;1.0;1.0;1.0;1.0;1.0;1.0;1.0;;;;;;;;;11006
2015-01;1.0;1.0;1.0;1.0;;;;;;;;;;;;;11006
2019-01;4.0;4.0;4.0;3.0;3.0;3.0;;;;;;;;;;;11006
2023-01;40.0;8.0;;;;;;;;;;;;;;;11006
2024-01;3.0;;;;;;;;;;;;;;;;11006
2009-01;1.0;1.0;1.0;;;;;;;;;;;;;;28007
2010-01;2.0;2.0;2.0;2.0;1.0;1.0;;;;;;;;;;;28007
2012-01;1.0;1.0;1.0;1.0;1.0;1.0;;;;1.0;1.0;1.0;1.0;;;;28007
2013-01;4.0;4.0;4.0;4.0;4.0;4.0;4.0;4.0;4.0;4.0;4.0;3.0;;;;;28007
2014-01;1.0;;;;;;;;;;;;;;;;28007
2015-01;1.0;1.0;1.0;1.0;1.0;1.0;1.0;;;;;;;;;;28007
2016-01;2.0;2.0;1.0;1.0;1.0;1.0;1.0;;;;;;;;;;28007
2017-01;1.0;1.0;1.0;1.0;1.0;;;;;;;;;;;;28007
2018-01;2.0;2.0;2.0;2.0;1.0;1.0;1.0;;;;;;;;;;28007
2020-01;1.0;1.0;1.0;1.0;;;;;;;;;;;;;28007
2021-01;2.0;1.0;1.0;1.0;;;;;;;;;;;;;28007
2022-01;1.0;1.0;;;;;;;;;;;;;;;28007
2009-01;4.0;4.0;4.0;3.0;3.0;2.0;2.0;1.0;1.0;1.0;1.0;1.0;1.0;1.0;1.0;1.0;21014
2010-01;3.0;3.0;2.0;1.0;;;;;;1.0;1.0;1.0;;;;;21014
2013-01;2.0;1.0;;;;;1.0;1.0;1.0;1.0;1.0;1.0;;;;;21014
2014-01;3.0;2.0;1.0;1.0;;;;;;;;;;;;;21014
2015-01;1.0;1.0;1.0;1.0;1.0;1.0;1.0;1.0;1.0;1.0;;;;;;;21014
2016-01;1.0;1.0;1.0;1.0;1.0;1.0;1.0;1.0;1.0;;;;;;;;21014
2018-01;3.0;2.0;1.0;1.0;1.0;1.0;1.0;;;;;;;;;;21014
2019-01;1.0;1.0;;;;;;;;;;;;;;;21014
2020-01;1.0;;;;;;;;;;;;;;;;21014
2022-01;2.0;1.0;1.0;;;;;;;;;;;;;;21014
2023-01;3.0;2.0;;;;;;;;;;;;;;;21014
2010-01;1.0;;;;;;;;;;;;;;;;25014
2014-01;4.0;4.0;4.0;4.0;1.0;1.0;1.0;1.0;1.0;1.0;;;;;;;25014
2015-01;1.0;1.0;;;;;;;;;;;;;;;25014
2017-01;2.0;2.0;1.0;1.0;1.0;1.0;1.0;1.0;;;;;;;;;25014
2018-01;1.0;1.0;1.0;1.0;1.0;1.0;1.0;;;;;;;;;;25014
2020-01;5.0;3.0;1.0;1.0;1.0;;;;;;;;;;;;25014
2021-01;2.0;1.0;;;;;;;;;;;;;;;25014
2022-01;4.0;1.0;2.0;;;;;;;;;;;;;;25014
2023-01;1.0;1.0;;;;;;;;;;;;;;;25014
2024-01;8.0;;;;;;;;;;;;;;;;25014
2009-01;1.0;;;;;;;;;;;;;;;;26001
2010-01;1.0;1.0;1.0;1.0;1.0;1.0;1.0;1.0;1.0;1.0;1.0;1.0;1.0;1.0;1.0;;26001
2011-01;1.0;1.0;1.0;;;;;;;;;;;;;;26001
2018-01;2.0;2.0;2.0;2.0;2.0;2.0;1.0;;;;;;;;;;26001
2021-01;1.0;1.0;;;;;;;;;;;;;;;26001
2022-01;1.0;1.0;1.0;;;;;;;;;;;;;;26001
2024-01;1.0;;;;;;;;;;;;;;;;26001
2009-01;4.0;4.0;3.0;3.0;3.0;3.0;3.0;3.0;3.0;3.0;3.0;3.0;3.0;3.0;;;22001
2013-01;3.0;3.0;3.0;2.0;3.0;3.0;3.0;3.0;3.0;3.0;3.0;3.0;;;;;22001
2018-01;1.0;;1.0;1.0;;;;;;;;;;;;;22001
2021-01;1.0;1.0;1.0;1.0;;;;;;;;;;;;;22001
2009-01;2.0;2.0;2.0;2.0;1.0;1.0;1.0;1.0;1.0;1.0;1.0;1.0;1.0;1.0;;;29023
2014-01;1.0;1.0;1.0;1.0;1.0;1.0;1.0;1.0;1.0;1.0;;;;;;;29023
2016-01;1.0;1.0;1.0;;;;;;;;;;;;;;29023
2018-01;5.0;2.0;1.0;;;;;;;;;;;;;;29023
2019-01;2.0;1.0;1.0;;;;;;;;;;;;;;29023
2020-01;7.0;4.0;3.0;4.0;3.0;;;;;;;;;;;;29023
2021-01;2.0;2.0;2.0;2.0;;;;;;;;;;;;;29023
2022-01;1.0;1.0;1.0;;;;;;;;;;;;;;29023
2023-01;5.0;5.0;;;;;;;;;;;;;;;29023
2024-01;1.0;;;;;;;;;;;;;;;;29023
2009-01;2.0;;;;;;;;;;;;;;;;21019
2010-01;1.0;1.0;1.0;1.0;1.0;1.0;;;;;;;;;;;21019
2014-01;1.0;1.0;1.0;1.0;1.0;1.0;1.0;;;1.0;1.0;;;;;;21019
2016-01;1.0;;;;;;;;;;;;;;;;21019
2017-01;1.0;;;;;;;;;;;;;;;;21019
2018-01;1.0;1.0;;;1.0;;;;;;;;;;;;21019
2020-01;1.0;;;;;;;;;;;;;;;;21019
2021-01;2.0;1.0;1.0;1.0;;;;;;;;;;;;;21019
2022-01;1.0;1.0;1.0;;;;;;;;;;;;;;21019
2023-01;1.0;1.0;;;;;;;;;;;;;;;21019
2009-01;2.0;1.0;1.0;1.0;;;;;;;;;;;;;43019
2010-01;2.0;2.0;2.0;2.0;2.0;2.0;2.0;2.0;2.0;2.0;2.0;2.0;1.0;1.0;1.0;;43019
2012-01;1.0;;;;;;;;;;;;;;;;43019
2016-01;1.0;;;;;;;;;;;;;;;;43019
2017-01;7.0;6.0;6.0;4.0;3.0;3.0;2.0;2.0;;;;;;;;;43019
2018-01;1.0;1.0;1.0;1.0;;;;;;;;;;;;;43019
2020-01;2.0;2.0;2.0;1.0;1.0;;;;;;;;;;;;43019
2022-01;1.0;1.0;1.0;;;;;;;;;;;;;;43019
2009-01;2.0;1.0;;;;;;;;;;;;;;;35111
2010-01;2.0;2.0;2.0;2.0;1.0;1.0;1.0;1.0;1.0;1.0;1.0;1.0;1.0;1.0;;;35111
2011-01;2.0;2.0;2.0;1.0;1.0;1.0;1.0;1.0;1.0;1.0;1.0;1.0;1.0;1.0;;;35111
2013-01;1.0;;;;;;;;;;;;;;;;35111
2016-01;1.0;1.0;1.0;1.0;1.0;1.0;1.0;1.0;1.0;;;;;;;;35111
2017-01;1.0;1.0;1.0;1.0;1.0;1.0;1.0;1.0;;;;;;;;;35111
2018-01;1.0;1.0;1.0;1.0;1.0;1.0;1.0;;;;;;;;;;35111
2009-01;1.0;;;;;;;;;;;;;;;;13008
2010-01;2.0;1.0;;;;;;;;;;;;;;;13008
2011-01;3.0;1.0;1.0;;;;;;;;;;;;;;13008
2012-01;1.0;1.0;1.0;1.0;1.0;1.0;;;;;;;;;;;13008
2014-01;1.0;1.0;1.0;;;;;;;;;;;;;;13008
2016-01;1.0;;;;;;;;;;;;;;;;13008
2017-01;2.0;1.0;1.0;1.0;1.0;1.0;1.0;1.0;;;;;;;;;13008
2018-01;4.0;4.0;4.0;4.0;4.0;1.0;;;;;;;;;;;13008
2020-01;1.0;;;;1.0;;;;;;;;;;;;13008
2022-01;1.0;1.0;1.0;;;;;;;;;;;;;;13008
2023-01;3.0;2.0;;;;;;;;;;;;;;;13008
2009-01;2.0;2.0;2.0;2.0;2.0;1.0;1.0;1.0;1.0;1.0;1.0;1.0;1.0;1.0;1.0;1.0;31077
2013-01;1.0;1.0;;;;;;;;;;;;;;;31077
2014-01;1.0;1.0;;;;;;;;;;;;;;;31077
2015-01;1.0;1.0;1.0;1.0;1.0;1.0;1.0;;;;;;;;;;31077
2016-01;3.0;1.0;1.0;1.0;1.0;1.0;1.0;;;;;;;;;;31077
2017-01;1.0;1.0;1.0;;;;;;;;;;;;;;31077
2020-01;2.0;2.0;1.0;;;;;;;;;;;;;;31077
2021-01;1.0;1.0;1.0;;;;;;;;;;;;;;31077
2022-01;2.0;1.0;1.0;;;;;;;;;;;;;;31077
2023-01;3.0;;;;;;;;;;;;;;;;31077
2024-01;1.0;;;;;;;;;;;;;;;;31077
2009-01;3.0;2.0;1.0;1.0;1.0;1.0;1.0;1.0;1.0;1.0;;;;;;;31082
2010-01;2.0;;1.0;1.0;1.0;1.0;;;;;;;;;;;31082
2011-01;1.0;;1.0;;;;;;;;;;;;;;31082
2012-01;1.0;1.0;;;;;;;;;;;;;;;31082
2013-01;2.0;1.0;1.0;1.0;1.0;1.0;1.0;1.0;1.0;1.0;1.0;1.0;;;;;31082
2017-01;3.0;3.0;3.0;;;;;;;;;;;;;;31082
2019-01;1.0;;;;;;;;;;;;;;;;31082
2020-01;1.0;;;;;;;;;;;;;;;;31082
2021-01;3.0;3.0;1.0;1.0;;;;;;;;;;;;;31082
2023-01;1.0;1.0;;;;;;;;;;;;;;;31082
2024-01;2.0;;;;;;;;;;;;;;;;31082
2009-01;1.0;1.0;1.0;1.0;1.0;1.0;1.0;1.0;1.0;1.0;1.0;;;;;;31041
2010-01;1.0;1.0;1.0;1.0;1.0;1.0;;;1.0;1.0;1.0;1.0;1.0;1.0;1.0;;31041
2012-01;2.0;2.0;2.0;2.0;2.0;2.0;1.0;1.0;1.0;1.0;1.0;;;;;;31090
2009-01;1.0;1.0;1.0;1.0;1.0;1.0;1.0;1.0;1.0;1.0;1.0;1.0;1.0;1.0;1.0;1.0;31091
2014-01;3.0;2.0;2.0;;;;;;;;;;;;;;31091
2016-01;1.0;1.0;1.0;1.0;1.0;1.0;1.0;;;;;;;;;;31091
2020-01;1.0;1.0;1.0;1.0;1.0;;;;;;;;;;;;31091
2022-01;1.0;1.0;;;;;;;;;;;;;;;31091
2023-01;1.0;1.0;;;;;;;;;;;;;;;31091
2009-01;1.0;1.0;1.0;1.0;1.0;1.0;1.0;;;;;;;;;;35052
2011-01;1.0;;;;;;;;;;;;;;;;35052
2012-01;2.0;2.0;2.0;2.0;2.0;2.0;2.0;2.0;2.0;2.0;2.0;2.0;2.0;;;;35052
2014-01;1.0;;;;;;;;;;;;;;;;35052
2017-01;1.0;1.0;1.0;1.0;1.0;1.0;1.0;1.0;;;;;;;;;35052
2018-01;10.0;2.0;3.0;3.0;;;;;;;;;;;;;35052
2019-01;8.0;7.0;7.0;;;;;;;;;;;;;;35052
2020-01;2.0;2.0;;;;;;;;;;;;;;;35052
2021-01;1.0;1.0;1.0;1.0;;;;;;;;;;;;;35052
2023-01;6.0;6.0;;;;;;;;;;;;;;;35052
2024-01;18.0;;;;;;;;;;;;;;;;35052
2013-01;1.0;1.0;1.0;;;;;;;;;;;;;;29011
2014-01;3.0;2.0;1.0;1.0;1.0;1.0;1.0;1.0;1.0;1.0;1.0;;;;;;29011
2015-01;1.0;1.0;1.0;1.0;1.0;;1.0;1.0;1.0;1.0;;;;;;;29011
2017-01;2.0;1.0;1.0;1.0;1.0;1.0;1.0;1.0;;;;;;;;;29011
2018-01;1.0;;;;;;;;;;;;;;;;29011
2019-01;1.0;1.0;;;;;;;;;;;;;;;29011
2020-01;2.0;2.0;1.0;1.0;;;;;;;;;;;;;29011
2021-01;2.0;2.0;2.0;;;;;;;;;;;;;;29011
2022-01;3.0;2.0;1.0;;;;;;;;;;;;;;29011
2023-01;16.0;14.0;;;;;;;;;;;;;;;29011
2024-01;1.0;;;;;;;;;;;;;;;;29011
2010-01;1.0;;;;;;;;;;;;;;;;52003
2014-01;1.0;;;;;;;;;;;;;;;;52003
2015-01;1.0;1.0;1.0;1.0;1.0;1.0;1.0;1.0;;;;;;;;;52003
2017-01;1.0;1.0;1.0;1.0;1.0;1.0;1.0;1.0;;;;;;;;;52003
2019-01;1.0;1.0;1.0;;;;;;;;;;;;;;52003
2020-01;2.0;2.0;2.0;1.0;1.0;;;;;;;;;;;;52003
2021-01;1.0;;;1.0;;;;;;;;;;;;;52003
2022-01;7.0;7.0;3.0;;;;;;;;;;;;;;52003
2023-01;20.0;11.0;;;;;;;;;;;;;;;52003
2024-01;13.0;;;;;;;;;;;;;;;;52003
2009-01;1.0;;;;1.0;1.0;;;;1.0;1.0;1.0;;;;;31050
2010-01;1.0;1.0;;;;;;;;;;;;;;;31050
2012-01;3.0;3.0;1.0;1.0;1.0;1.0;1.0;;;;;;;;;;31050
2015-01;4.0;3.0;3.0;2.0;;;;;;;;;;;;;31050
2019-01;1.0;1.0;1.0;1.0;1.0;1.0;;;;;;;;;;;31050
2021-01;2.0;1.0;;;;;;;;;;;;;;;31050
2022-01;4.0;1.0;1.0;;;;;;;;;;;;;;31050
2023-01;2.0;2.0;;;;;;;;;;;;;;;31050
2024-01;1.0;;;;;;;;;;;;;;;;31050
2009-01;1.0;;;;;;;;;;;;;;;;25010
2010-01;8.0;8.0;4.0;4.0;3.0;5.0;5.0;5.0;2.0;2.0;1.0;1.0;1.0;1.0;1.0;;25010
2012-01;1.0;1.0;1.0;1.0;1.0;1.0;1.0;1.0;1.0;1.0;1.0;1.0;1.0;;;;25010
2015-01;1.0;1.0;1.0;;;;;;;;;;;;;;25010
2016-01;3.0;3.0;2.0;2.0;2.0;2.0;2.0;2.0;2.0;;;;;;;;25010
2018-01;1.0;1.0;1.0;1.0;1.0;1.0;1.0;;;;;;;;;;25010
2020-01;1.0;1.0;1.0;1.0;;;;;;;;;;;;;25010
2021-01;1.0;1.0;;;;;;;;;;;;;;;25010
2024-01;1.0;;;;;;;;;;;;;;;;25010
2015-01;1.0;1.0;;;;;;;;;;;;;;;27002
2022-01;9.0;5.0;5.0;;;;;;;;;;;;;;27002
2023-01;11.0;11.0;;;;;;;;;;;;;;;27002
2024-01;10.0;;;;;;;;;;;;;;;;27002
2009-01;3.0;3.0;2.0;2.0;2.0;2.0;2.0;2.0;2.0;;;;;;;;23016
2010-01;1.0;1.0;;;;;;;;;;;;;;;23016
2011-01;2.0;1.0;1.0;;;;;;;;;;;;;;23016
2012-01;2.0;2.0;;;;;;;;;;;;;;;23016
2013-01;1.0;1.0;1.0;1.0;1.0;1.0;1.0;1.0;1.0;1.0;1.0;1.0;;;;;23016
2018-01;3.0;;;;;;;;;;;;;;;;23016
2019-01;1.0;1.0;;;;;;;;;;;;;;;23016
2020-01;1.0;1.0;1.0;1.0;1.0;;;;;;;;;;;;23016
2021-01;1.0;;;;;;;;;;;;;;;;23016
2022-01;2.0;1.0;1.0;;;;;;;;;;;;;;23016
2024-01;1.0;;;;;;;;;;;;;;;;23016
2009-01;2.0;1.0;2.0;1.0;1.0;1.0;;;;;;;;;;;21018
2010-01;1.0;1.0;1.0;1.0;1.0;1.0;1.0;1.0;;;;;;;;;21018
2012-01;2.0;;;;;;;;;;;;;;;;21018
2015-01;1.0;;;;;;;;;;;;;;;;21018
2021-01;3.0;3.0;3.0;3.0;;;;;;;;;;;;;21018
2023-01;2.0;1.0;;;;;;;;;;;;;;;21018
2009-01;1.0;1.0;;;;;;;;;;;;;;;11005
2010-01;1.0;;;;;;;;;;;;;;;;11005
2011-01;1.0;1.0;1.0;1.0;1.0;;;;;;;;;;;;11005
2016-01;1.0;1.0;1.0;1.0;1.0;1.0;1.0;;;;;;;;;;11005
2017-01;1.0;1.0;1.0;1.0;1.0;1.0;1.0;1.0;;;;;;;;;11005
2022-01;2.0;1.0;1.0;;;;;;;;;;;;;;11005
2023-01;2.0;2.0;;;;;;;;;;;;;;;11005
2024-01;3.0;;;;;;;;;;;;;;;;11005
2010-01;1.0;;;;;;;;;;;;;;;;17007
2014-01;1.0;;;;;;;;;;;;;;;;17007
2019-01;1.0;1.0;1.0;;;;;;;;;;;;;;17007
2022-01;1.0;1.0;1.0;;;;;;;;;;;;;;17007
2023-01;1.0;1.0;;;;;;;;;;;;;;;17007
2024-01;5.0;;;;;;;;;;;;;;;;17007
2009-01;1.0;1.0;1.0;1.0;1.0;1.0;1.0;;;;;;;;;;31067
2010-01;1.0;1.0;1.0;;;;;;;;;;;;;;31067
2012-01;1.0;1.0;1.0;1.0;1.0;1.0;;;;;;;;;;;31067
2016-01;2.0;1.0;2.0;1.0;1.0;1.0;1.0;;;;;;;;;;31067
2019-01;1.0;1.0;1.0;1.0;1.0;1.0;;;;;;;;;;;31067
2009-01;5.0;5.0;5.0;4.0;4.0;3.0;3.0;3.0;2.0;1.0;1.0;1.0;1.0;1.0;1.0;1.0;22010
2024-01;1.0;;;;;;;;;;;;;;;;22010
2009-01;2.0;2.0;1.0;1.0;1.0;1.0;1.0;1.0;1.0;1.0;1.0;1.0;1.0;1.0;1.0;1.0;23014
2010-01;1.0;;;;;;;;;;;;;;;;23014
2011-01;1.0;;;;;;;;;;;;;;;;23014
2013-01;1.0;;;;;;;;;;;;;;;;23014
2014-01;1.0;1.0;1.0;1.0;1.0;1.0;1.0;1.0;1.0;1.0;1.0;;;;;;23014
2017-01;1.0;1.0;1.0;1.0;1.0;1.0;1.0;1.0;;;;;;;;;23014
2020-01;1.0;1.0;1.0;1.0;;;;;;;;;;;;;23014
2021-01;1.0;1.0;1.0;1.0;;;;;;;;;;;;;23014
2009-01;8.0;7.0;5.0;3.0;4.0;3.0;3.0;3.0;3.0;3.0;2.0;1.0;1.0;1.0;1.0;1.0;24003
2010-01;8.0;4.0;1.0;1.0;;;;;;;;;;;;;24003
2011-01;1.0;;;;;;;;;;;;;;;;24003
2012-01;1.0;1.0;1.0;;;;;;;;;;;;;;24003
2013-01;1.0;;;;;;;;;;;;;;;;24003
2015-01;2.0;1.0;;;;;;;;;;;;;;;24003
2016-01;1.0;1.0;1.0;1.0;1.0;1.0;;;;;;;;;;;24003
2017-01;1.0;;;;;;;;;;;;;;;;24003
2018-01;3.0;2.0;1.0;;;1.0;1.0;;;;;;;;;;24003
2019-01;6.0;6.0;6.0;4.0;4.0;1.0;;;;;;;;;;;24003
2020-01;2.0;2.0;1.0;1.0;;;;;;;;;;;;;24003
2021-01;5.0;3.0;2.0;1.0;;;;;;;;;;;;;24003
2023-01;1.0;1.0;;;;;;;;;;;;;;;24003
2010-01;4.0;3.0;1.0;1.0;1.0;1.0;1.0;;1.0;1.0;1.0;;;;;;24008
2012-01;1.0;1.0;1.0;1.0;1.0;1.0;1.0;;;;;;;;;;24008
2016-01;1.0;1.0;1.0;1.0;1.0;1.0;1.0;1.0;1.0;;;;;;;;24008
2019-01;1.0;;;;;;;;;;;;;;;;24008
2023-01;2.0;2.0;;;;;;;;;;;;;;;24008
2024-01;12.0;;;;;;;;;;;;;;;;24008
2010-01;1.0;1.0;1.0;1.0;;;;;;;;;;;;;31062
2011-01;2.0;;;;;;;;;;;;;;;;31062
2013-01;1.0;;;;;;;;;;;;;;;;31062
2023-01;1.0;;;;;;;;;;;;;;;;35152
2024-01;1.0;;;;;;;;;;;;;;;;35152
2012-01;1.0;1.0;1.0;1.0;1.0;1.0;;;;;;;;;;;31066
2023-01;1.0;1.0;;;;;;;;;;;;;;;31066
2009-01;2.0;1.0;;;;;;;;;;;;;;;31027
2011-01;4.0;4.0;4.0;3.0;3.0;3.0;3.0;3.0;3.0;3.0;3.0;3.0;3.0;3.0;;;31027
2014-01;1.0;;;;;;;;;;;;;;;;31027
2019-01;1.0;1.0;1.0;1.0;1.0;1.0;;;;;;;;;;;31027
2015-01;4.0;2.0;2.0;2.0;2.0;2.0;2.0;2.0;1.0;1.0;;;;;;;12001
2018-01;1.0;1.0;1.0;1.0;1.0;1.0;1.0;;;;;;;;;;12001
2019-01;1.0;1.0;1.0;;;;;;;;;;;;;;12001
2023-01;1.0;1.0;;;;;;;;;;;;;;;12001
2009-01;1.0;1.0;1.0;1.0;1.0;1.0;1.0;1.0;1.0;1.0;;1.0;1.0;1.0;1.0;1.0;25013
2010-01;2.0;1.0;2.0;2.0;2.0;2.0;1.0;1.0;;;;;;;;;25013
2011-01;1.0;;;;;;;;;;;;;;;;25013
2016-01;2.0;1.0;1.0;1.0;1.0;;;;;;;;;;;;25013
2018-01;2.0;1.0;1.0;1.0;1.0;1.0;;;;;;;;;;;25013
2020-01;1.0;1.0;1.0;1.0;1.0;;;;;;;;;;;;25013
2021-01;1.0;1.0;;;;;;;;;;;;;;;25013
2023-01;1.0;1.0;;;;;;;;;;;;;;;25013
2024-01;3.0;;;;;;;;;;;;;;;;25013
2009-01;1.0;;;;;;;;;;;;;;;;51008
2010-01;1.0;1.0;;;;;;;;;;;;;;;51008
2012-01;1.0;1.0;1.0;1.0;;;1.0;1.0;;;;;;;;;51008
2015-01;1.0;;1.0;1.0;1.0;1.0;1.0;1.0;1.0;1.0;;;;;;;51008
2016-01;2.0;1.0;;;;;;;;;;;;;;;51008
2019-01;1.0;1.0;1.0;1.0;1.0;1.0;;;;;;;;;;;51008
2020-01;1.0;;;;;;;;;;;;;;;;51008
2021-01;1.0;1.0;;1.0;;;;;;;;;;;;;51008
2022-01;1.0;1.0;1.0;;;;;;;;;;;;;;51008
2012-01;1.0;1.0;1.0;1.0;1.0;1.0;1.0;1.0;1.0;;;;;;;;31038
2014-01;1.0;1.0;1.0;1.0;1.0;1.0;;;;;;;;;;;31038
2015-01;1.0;1.0;1.0;1.0;;;;;;;;;;;;;31038
2017-01;1.0;1.0;1.0;1.0;1.0;1.0;1.0;1.0;;;;;;;;;31038
2020-01;1.0;1.0;;;;;;;;;;;;;;;31038
2022-01;2.0;1.0;1.0;;;;;;;;;;;;;;31038
2023-01;2.0;2.0;;;;;;;;;;;;;;;31038
2024-01;2.0;;;;;;;;;;;;;;;;31038
2009-01;1.0;;;;;;;;;;;;;;;;31065
2010-01;4.0;3.0;2.0;2.0;2.0;2.0;2.0;2.0;2.0;2.0;2.0;2.0;2.0;2.0;2.0;;31065
2011-01;1.0;;;;;;;;;;;;;;;;31065
2012-01;1.0;1.0;1.0;1.0;;;;;;;;;;;;;31065
2016-01;2.0;2.0;2.0;;;;;;;;;;;;;;31065
2019-01;1.0;1.0;1.0;;;;;;;;;;;;;;31065
2020-01;1.0;;1.0;1.0;;;;;;;;;;;;;31065
2023-01;4.0;2.0;;;;;;;;;;;;;;;31065
2009-01;2.0;2.0;1.0;1.0;1.0;;;;;;;;;;;;31040
2010-01;4.0;3.0;3.0;3.0;3.0;2.0;2.0;2.0;3.0;3.0;3.0;3.0;3.0;2.0;2.0;;31040
2011-01;1.0;;;;;;;;;;;;;;;;31040
2015-01;1.0;1.0;;;;;;;;;;;;;;;31040
2018-01;1.0;1.0;1.0;1.0;1.0;1.0;1.0;;;;;;;;;;31040
2023-01;2.0;1.0;;;;;;;;;;;;;;;31040
2024-01;1.0;;;;;;;;;;;;;;;;31040
2009-01;5.0;;;;;;;;;;;;;;;;35115
2012-01;1.0;;;;;;;;;;;;;;;;35115
2013-01;1.0;1.0;1.0;;;;;;;;;;;;;;35115
2022-01;2.0;2.0;;;;;;;;;;;;;;;35115
2023-01;2.0;;;;;;;;;;;;;;;;35115
2024-01;2.0;;;;;;;;;;;;;;;;35115
2009-01;2.0;2.0;;;;;;;;;;;;;;;13004
2010-01;1.0;1.0;1.0;1.0;;;;;;;;;;;;;13004
2011-01;1.0;1.0;;1.0;;;;;;;;;;;;;13004
2014-01;1.0;1.0;1.0;1.0;;;;;;;1.0;;;;;;13004
2015-01;3.0;2.0;2.0;;1.0;1.0;1.0;1.0;1.0;;;;;;;;13004
2017-01;1.0;;;;;;;;;;;;;;;;13004
2018-01;1.0;1.0;1.0;;;;;;;;;;;;;;13004
2019-01;5.0;3.0;3.0;1.0;1.0;1.0;;;;;;;;;;;13004
2021-01;1.0;;;;;;;;;;;;;;;;13004
2022-01;4.0;2.0;2.0;;;;;;;;;;;;;;13004
2024-01;1.0;;;;;;;;;;;;;;;;13004
2009-01;2.0;1.0;1.0;1.0;1.0;1.0;1.0;1.0;1.0;1.0;1.0;1.0;1.0;1.0;;;52006
2010-01;2.0;2.0;2.0;1.0;1.0;1.0;1.0;1.0;1.0;;;;;;;;52006
2014-01;2.0;1.0;1.0;;;;;;;;;;;;;;52006
2016-01;2.0;;;;;;;;;;;;;;;;52006
2019-01;1.0;1.0;;1.0;1.0;1.0;;;;;;;;;;;52006
2009-01;2.0;;;;;1.0;1.0;;;;;;;;;;52007
2010-01;1.0;1.0;1.0;1.0;1.0;1.0;1.0;1.0;1.0;;;;;;;;52007
2014-01;1.0;1.0;;;;;;;;;;;;;;;52007
2021-01;1.0;1.0;1.0;1.0;;;;;;;;;;;;;52007
2022-01;1.0;1.0;;;;;;;;;;;;;;;52007
2023-01;2.0;1.0;;;;;;;;;;;;;;;52007
2024-01;1.0;;;;;;;;;;;;;;;;52007
2009-01;6.0;5.0;5.0;4.0;4.0;4.0;4.0;4.0;4.0;4.0;2.0;2.0;2.0;1.0;1.0;1.0;52010
2010-01;4.0;4.0;3.0;2.0;2.0;2.0;2.0;2.0;2.0;1.0;1.0;;;;;;52010
2011-01;1.0;;;;;;;;;;;;;;;;52010
2012-01;2.0;1.0;1.0;1.0;1.0;1.0;1.0;1.0;1.0;1.0;1.0;1.0;1.0;;;;52010
2013-01;1.0;1.0;;;;;;;;;;;;;;;52010
2014-01;1.0;;;;;;;;;;1.0;;;;;;52010
2015-01;1.0;;;;;;;;;;;;;;;;52010
2016-01;1.0;1.0;1.0;1.0;1.0;1.0;;;;;;;;;;;52010
2017-01;2.0;2.0;2.0;1.0;1.0;1.0;;;;;;;;;;;52010
2018-01;1.0;1.0;1.0;1.0;1.0;1.0;;;;;;;;;;;52010
2019-01;1.0;1.0;1.0;;;;;;;;;;;;;;52010
2020-01;1.0;1.0;1.0;1.0;1.0;;;;;;;;;;;;52010
2021-01;2.0;2.0;2.0;1.0;;;;;;;;;;;;;52010
2022-01;2.0;2.0;2.0;;;;;;;;;;;;;;52010
2023-01;2.0;2.0;;;;;;;;;;;;;;;52010
2024-01;1.0;;;;;;;;;;;;;;;;52010
2009-01;1.0;1.0;1.0;1.0;1.0;1.0;1.0;1.0;1.0;1.0;1.0;1.0;1.0;1.0;1.0;1.0;31080
2015-01;1.0;;;;;;;;;;;;;;;;31080
2017-01;1.0;1.0;1.0;;;;;;;;;;;;;;31080
2021-01;1.0;1.0;1.0;1.0;;;;;;;;;;;;;31080
2022-01;1.0;1.0;1.0;;;;;;;;;;;;;;31080
2009-01;2.0;2.0;2.0;1.0;;;;;;;;;;;;;17002
2012-01;1.0;;;;;;;;;;;;;;;;17002
2017-01;1.0;;;;;;;;;;;;;;;;17002
2018-01;1.0;1.0;1.0;;;;;;;;;;;;;;17002
2021-01;1.0;;;;;;;;;;;;;;;;17002
2022-01;2.0;2.0;1.0;;;;;;;;;;;;;;17002
2024-01;2.0;;;;;;;;;;;;;;;;17002
2009-01;3.0;3.0;3.0;3.0;3.0;3.0;3.0;3.0;3.0;3.0;3.0;3.0;3.0;3.0;2.0;2.0;51006
2010-01;5.0;4.0;3.0;3.0;2.0;2.0;2.0;1.0;1.0;1.0;1.0;2.0;2.0;2.0;2.0;;51006
2011-01;2.0;1.0;1.0;1.0;1.0;1.0;1.0;1.0;1.0;1.0;1.0;1.0;1.0;1.0;;;51006
2014-01;1.0;;;;;;;;;;;;;;;;51006
2015-01;1.0;;;;;;;;;;;;;;;;51006
2017-01;2.0;1.0;;;;;;;;;;;;;;;51006
2018-01;1.0;;;;;;;;;;;;;;;;51006
2019-01;2.0;2.0;2.0;1.0;;;;;;;;;;;;;51006
2020-01;1.0;;;;;;;;;;;;;;;;51006
2022-01;2.0;2.0;2.0;;;;;;;;;;;;;;51006
2024-01;1.0;;;;;;;;;;;;;;;;51006
2009-01;1.0;1.0;1.0;1.0;1.0;1.0;1.0;1.0;1.0;;1.0;1.0;;;;;51015
2011-01;1.0;;;;;;;;;;;;;;;;51015
2012-01;1.0;1.0;1.0;1.0;1.0;1.0;1.0;1.0;1.0;1.0;1.0;1.0;1.0;;;;51015
2013-01;1.0;1.0;1.0;;;;;;;;;;;;;;51015
2016-01;1.0;;;;;;;;;;;;;;;;51015
2017-01;1.0;1.0;1.0;1.0;1.0;1.0;1.0;1.0;;;;;;;;;51015
2022-01;1.0;1.0;1.0;;;;;;;;;;;;;;51015
2023-01;1.0;1.0;;;;;;;;;;;;;;;51015
2024-01;2.0;;;;;;;;;;;;;;;;51015
2009-01;1.0;;1.0;1.0;1.0;1.0;1.0;1.0;1.0;1.0;1.0;1.0;1.0;1.0;1.0;;13007
2010-01;1.0;;;;;;;;;;;;;;;;13007
2017-01;1.0;1.0;;;;;;;;;;;;;;;13007
2021-01;1.0;1.0;;;;;;;;;;;;;;;13007
2022-01;1.0;1.0;1.0;;;;;;;;;;;;;;13007
2023-01;2.0;;;;;;;;;;;;;;;;13007
2024-01;2.0;;;;;;;;;;;;;;;;13007
2014-01;1.0;1.0;1.0;1.0;;;;;;;;;;;;;17008
2019-01;2.0;2.0;1.0;1.0;;1.0;;;;;;;;;;;17008
2024-01;1.0;;;;;;;;;;;;;;;;17008
2009-01;1.0;;;;;;;;;;;;;;;;31098
2010-01;1.0;1.0;;;;;;;;;;;;;;;31098
2011-01;2.0;1.0;1.0;;;;;;;;;;;;;;31098
2012-01;1.0;1.0;1.0;1.0;1.0;1.0;1.0;1.0;1.0;1.0;1.0;;;;;;31098
2018-01;1.0;;;;;;;;;;;;;;;;31098
2019-01;1.0;1.0;1.0;1.0;;;;;;;;;;;;;31098
2022-01;1.0;1.0;1.0;;;;;;;;;;;;;;31098
2024-01;1.0;;;;;;;;;;;;;;;;31098
2009-01;2.0;2.0;;;;;;;;;;;;;;;16002
2010-01;1.0;;;;;;;;;;;;;;;;16002
2012-01;2.0;;;;;;;;;;;;;;;;16002
2013-01;1.0;1.0;1.0;1.0;1.0;1.0;;;;;;;;;;;16002
2019-01;1.0;1.0;1.0;1.0;;1.0;;;;;;;;;;;16002
2022-01;1.0;1.0;;;;;;;;;;;;;;;16002
2024-01;2.0;;;;;;;;;;;;;;;;16002
2009-01;2.0;;;;;;;;;;;;;;;;51009
2010-01;1.0;;;;;;;;;;;;;;;;51009
2011-01;1.0;;;;;;;;;;;;;;;;51009
2012-01;1.0;;;;;;;;;;;;;;;;51009
2017-01;1.0;;;;;;;;;;;;;;;;51009
2018-01;1.0;1.0;;;;;;;;;;;;;;;51009
2020-01;1.0;1.0;1.0;1.0;1.0;;;;;;;;;;;;51009
2017-01;1.0;;;;;;;;;;;;;;;;15013
