;ano;retention;regiao_saude
0;2014-01;0.8125;13008
1;2015-01;0.8125;13008
2;2016-01;0.7916666666666666;13008
3;2017-01;0.625;13008
4;2018-01;0.6666666666666666;13008
5;2019-01;0.7291666666666666;13008
6;2020-01;0.6666666666666666;13008
7;2021-01;0.75;13008
8;2022-01;0.7333333333333333;13008
9;2023-01;0.5714285714285714;13008
10;2024-01;0.5923809523809525;13008
0;2014-01;0.762734327839663;13001
1;2015-01;0.7863460606352416;13001
2;2016-01;0.7408543333871733;13001
3;2017-01;0.7750015907277701;13001
4;2018-01;0.6620474293924803;13001
5;2019-01;0.6927588045626899;13001
6;2020-01;0.6511042780686767;13001
7;2021-01;0.7336601017151445;13001
8;2022-01;0.6893388644172919;13001
9;2023-01;0.7256091141659353;13001
10;2024-01;0.7807071962058132;13001
0;2014-01;1.0;13009
1;2015-01;1.0;13009
2;2016-01;0.8125;13009
3;2017-01;0.825;13009
4;2018-01;0.8;13009
5;2019-01;0.75;13009
6;2020-01;0.7625;13009
7;2021-01;0.7125;13009
8;2022-01;0.5416666666666666;13009
9;2023-01;0.5733333333333334;13009
10;2024-01;0.646984126984127;13009
0;2014-01;0.5892857142857142;13002
1;2015-01;0.6380952380952382;13002
2;2016-01;0.6547619047619048;13002
3;2017-01;0.6714285714285715;13002
4;2018-01;0.47969187675070024;13002
5;2019-01;0.5586834733893558;13002
6;2020-01;0.592436974789916;13002
7;2021-01;0.5059290382819794;13002
8;2022-01;0.5648809523809524;13002
9;2023-01;0.7166666666666667;13002
10;2024-01;0.8260416666666667;13002
0;2014-01;0.49583333333333335;13003
1;2015-01;0.6333333333333333;13003
2;2016-01;0.7166666666666667;13003
3;2017-01;0.7708333333333334;13003
4;2018-01;0.6166666666666667;13003
5;2019-01;0.6833333333333333;13003
6;2020-01;0.7833333333333333;13003
7;2021-01;0.8333333333333333;13003
8;2022-01;0.6833333333333333;13003
9;2023-01;0.6833333333333333;13003
10;2024-01;0.675;13003
0;2014-01;0.6666666666666666;13004
1;2015-01;0.6944444444444444;13004
2;2016-01;0.8194444444444444;13004
3;2017-01;0.5648148148148148;13004
4;2018-01;0.5347222222222222;13004
5;2019-01;0.6944444444444443;13004
6;2020-01;0.6284722222222222;13004
7;2021-01;0.7451388888888889;13004
8;2022-01;0.6088888888888888;13004
9;2023-01;0.6505555555555556;13004
10;2024-01;0.7616666666666666;13004
0;2014-01;1.0;13006
1;2015-01;1.0;13006
2;2016-01;1.0;13006
3;2017-01;0.9166666666666666;13006
4;2018-01;0.6666666666666666;13006
5;2019-01;0.75;13006
6;2020-01;0.6349206349206349;13006
7;2021-01;0.8452380952380952;13006
8;2022-01;0.9017857142857143;13006
9;2023-01;0.8563311688311689;13006
10;2024-01;0.8920454545454546;13006
0;2014-01;0.5609523809523809;13005
1;2015-01;0.7288888888888889;13005
2;2016-01;0.5733333333333334;13005
3;2017-01;0.5233333333333333;13005
4;2018-01;0.6018518518518519;13005
5;2019-01;0.75;13005
6;2020-01;0.8194444444444444;13005
7;2021-01;0.8333333333333333;13005
8;2022-01;0.8488888888888889;13005
9;2023-01;0.6583333333333333;13005
10;2024-01;0.7102941176470589;13005
0;2014-01;1.0;13007
1;2015-01;1.0;13007
2;2016-01;1.0;13007
3;2017-01;1.0;13007
4;2018-01;1.0;13007
5;2019-01;0.875;13007
6;2020-01;0.8333333333333333;13007
7;2021-01;0.7666666666666667;13007
8;2022-01;0.8;13007
9;2023-01;0.8666666666666666;13007
10;2024-01;0.8333333333333334;13007
0;2014-01;0.41666666666666663;16002
1;2015-01;0.6904761904761905;16002
2;2016-01;0.8412698412698413;16002
3;2017-01;0.8095238095238094;16002
4;2018-01;0.5476190476190476;16002
5;2019-01;0.6107142857142858;16002
6;2020-01;0.7000000000000001;16002
7;2021-01;0.6333333333333333;16002
8;2022-01;0.45555555555555555;16002
9;2023-01;0.5666666666666667;16002
10;2024-01;0.8333333333333334;16002
0;2014-01;0.6346153846153846;16003
1;2015-01;0.6012820512820513;16003
2;2016-01;0.7;16003
3;2017-01;0.6207875457875458;16003
4;2018-01;0.6697802197802198;16003
5;2019-01;0.6804945054945055;16003
6;2020-01;0.6892857142857143;16003
7;2021-01;0.7498412698412699;16003
8;2022-01;0.6446031746031746;16003
9;2023-01;0.6811111111111111;16003
10;2024-01;0.5594685990338164;16003
0;2014-01;0.6261874078920412;16001
1;2015-01;0.5798365225118334;16001
2;2016-01;0.6455935163188407;16001
3;2017-01;0.6792041347884895;16001
4;2018-01;0.7669573374663512;16001
5;2019-01;0.8590880998485015;16001
6;2020-01;0.8719526500250339;16001
7;2021-01;0.900968431947559;16001
8;2022-01;0.8701619721202263;16001
9;2023-01;0.8446862868314481;16001
10;2024-01;0.8457986041541441;16001
0;2014-01;0.6866666666666666;29003
1;2015-01;0.7244444444444444;29003
2;2016-01;0.7173737373737373;29003
3;2017-01;0.6250505050505051;29003
4;2018-01;0.5581507381507381;29003
5;2019-01;0.6273815073815074;29003
6;2020-01;0.7342191142191142;29003
7;2021-01;0.6425485625485626;29003
8;2022-01;0.6802641802641803;29003
9;2023-01;0.7087024087024087;29003
10;2024-01;0.7429722324459167;29003
0;2014-01;0.6147630147630148;29001
1;2015-01;0.736913086913087;29001
2;2016-01;0.7984570984570984;29001
3;2017-01;0.7318542568542569;29001
4;2018-01;0.7009612936083525;29001
5;2019-01;0.7730397850196989;29001
6;2020-01;0.7033941760986238;29001
7;2021-01;0.6205126161367194;29001
8;2022-01;0.7085277228749252;29001
9;2023-01;0.7476099329757867;29001
10;2024-01;0.7666629666629666;29001
0;2014-01;0.7206582633053221;29026
1;2015-01;0.7754201680672269;29026
2;2016-01;0.6718487394957984;29026
3;2017-01;0.7718487394957984;29026
4;2018-01;0.6521428571428571;29026
5;2019-01;0.6842857142857143;29026
6;2020-01;0.7042857142857143;29026
7;2021-01;0.5646031746031746;29026
8;2022-01;0.584047619047619;29026
9;2023-01;0.6723137973137974;29026
10;2024-01;0.7309829059829059;29026
0;2014-01;0.6944343891402716;29022
1;2015-01;0.6667226890756301;29022
2;2016-01;0.641764705882353;29022
3;2017-01;0.6288946347769877;29022
4;2018-01;0.6253447532859298;29022
5;2019-01;0.6306318681318681;29022
6;2020-01;0.7167628205128205;29022
7;2021-01;0.6983104395604396;29022
8;2022-01;0.7171079638752053;29022
9;2023-01;0.6950347823192651;29022
10;2024-01;0.756128591645833;29022
0;2014-01;0.6949064171122995;29006
1;2015-01;0.7559406465288818;29006
2;2016-01;0.7170661256331571;29006
3;2017-01;0.7570527557155464;29006
4;2018-01;0.6952371769232235;29006
5;2019-01;0.7018969376084079;29006
6;2020-01;0.7373454083495471;29006
7;2021-01;0.6869810650809759;29006
8;2022-01;0.6985738079738971;29006
9;2023-01;0.6881840534338725;29006
10;2024-01;0.7359200287254754;29006
0;2014-01;0.6523809523809524;29010
1;2015-01;0.6747619047619048;29010
2;2016-01;0.6109523809523809;29010
3;2017-01;0.6190476190476191;29010
4;2018-01;0.5098051948051948;29010
5;2019-01;0.500909090909091;29010
6;2020-01;0.6842424242424242;29010
7;2021-01;0.7105244755244755;29010
8;2022-01;0.6788461538461539;29010
9;2023-01;0.7751282051282051;29010
10;2024-01;0.8115987933634992;29010
0;2014-01;0.7404761904761905;29024
1;2015-01;0.5891774891774892;29024
2;2016-01;0.758008658008658;29024
3;2017-01;0.6898268398268399;29024
4;2018-01;0.6979797979797979;29024
5;2019-01;0.7542568542568542;29024
6;2020-01;0.8126984126984127;29024
7;2021-01;0.7309523809523809;29024
8;2022-01;0.519187675070028;29024
9;2023-01;0.5729946524064171;29024
10;2024-01;0.6994652406417112;29024
0;2014-01;0.7490397184514832;29025
1;2015-01;0.7302564102564102;29025
2;2016-01;0.7715384615384615;29025
3;2017-01;0.7234065934065934;29025
4;2018-01;0.7189285714285714;29025
5;2019-01;0.7371428571428572;29025
6;2020-01;0.7810924369747899;29025
7;2021-01;0.8131372549019608;29025
8;2022-01;0.5901610644257703;29025
9;2023-01;0.6774479791916767;29025
10;2024-01;0.758719487795118;29025
0;2014-01;0.6083333333333334;29008
1;2015-01;0.725;29008
2;2016-01;0.7333333333333333;29008
3;2017-01;0.7333333333333333;29008
4;2018-01;0.7933333333333333;29008
5;2019-01;0.8866666666666667;29008
6;2020-01;0.9199999999999999;29008
7;2021-01;1.0;29008
8;2022-01;0.78;29008
9;2023-01;0.7744444444444445;29008
10;2024-01;0.8111111111111111;29008
0;2014-01;0.6734890109890109;29028
1;2015-01;0.6731660231660233;29028
2;2016-01;0.7399372586872588;29028
3;2017-01;0.7664333976833977;29028
4;2018-01;0.7457046332046332;29028
5;2019-01;0.7839040964040964;29028
6;2020-01;0.8265669515669515;29028
7;2021-01;0.7739738936199917;29028
8;2022-01;0.7573151121245495;29028
9;2023-01;0.7917880465974839;29028
10;2024-01;0.8326422820978175;29028
0;2014-01;0.8617395676219205;29002
1;2015-01;0.7821072549267276;29002
2;2016-01;0.7911058853249522;29002
3;2017-01;0.7527760441046445;29002
4;2018-01;0.5886747802569304;29002
5;2019-01;0.6813894523326572;29002
6;2020-01;0.6884313725490196;29002
7;2021-01;0.7269820971867007;29002
8;2022-01;0.734158567774936;29002
9;2023-01;0.745260292055111;29002
10;2024-01;0.7043264645592837;29002
0;2014-01;0.6133333333333333;29015
1;2015-01;0.609;29015
2;2016-01;0.7381111111111112;29015
3;2017-01;0.793962962962963;29015
4;2018-01;0.6665185185185185;29015
5;2019-01;0.7027619047619048;29015
6;2020-01;0.7153068783068783;29015
7;2021-01;0.698728564289284;29015
8;2022-01;0.7585227218323611;29015
9;2023-01;0.8307805373331434;29015
10;2024-01;0.8582612257219806;29015
0;2014-01;0.6523809523809524;29021
1;2015-01;0.7389610389610389;29021
2;2016-01;0.7073593073593074;29021
3;2017-01;0.7359307359307359;29021
4;2018-01;0.5548917748917749;29021
5;2019-01;0.5307647907647908;29021
6;2020-01;0.6034920634920635;29021
7;2021-01;0.6288888888888888;29021
8;2022-01;0.5208333333333333;29021
9;2023-01;0.6208333333333333;29021
10;2024-01;0.6791666666666667;29021
0;2014-01;0.7714285714285715;29013
1;2015-01;0.7797619047619048;29013
2;2016-01;0.7472619047619047;29013
3;2017-01;0.5671428571428572;29013
4;2018-01;0.6543181818181818;29013
5;2019-01;0.7468181818181818;29013
6;2020-01;0.6814141414141414;29013
7;2021-01;0.7733022533022533;29013
8;2022-01;0.7252913752913753;29013
9;2023-01;0.727944277944278;29013
10;2024-01;0.8256715506715506;29013
0;2014-01;0.6950271950271951;29005
1;2015-01;0.6250271950271951;29005
2;2016-01;0.512973692973693;29005
3;2017-01;0.4886979686979688;29005
4;2018-01;0.42493506493506494;29005
5;2019-01;0.5685714285714286;29005
6;2020-01;0.6719047619047619;29005
7;2021-01;0.6490476190476191;29005
8;2022-01;0.5;29005
9;2023-01;0.5028070175438597;29005
10;2024-01;0.6799707602339181;29005
0;2014-01;0.6790720390720391;29007
1;2015-01;0.6960683760683761;29007
2;2016-01;0.8358974358974359;29007
3;2017-01;0.7774529914529914;29007
4;2018-01;0.7384444444444445;29007
5;2019-01;0.7258181818181818;29007
6;2020-01;0.7512417407154249;29007
7;2021-01;0.7746126680337206;29007
8;2022-01;0.8009911141490089;29007
9;2023-01;0.7718045112781955;29007
10;2024-01;0.7914473684210527;29007
0;2014-01;0.8709508124725517;29012
1;2015-01;0.8788208168642951;29012
2;2016-01;0.8658584169453736;29012
3;2017-01;0.8238073271056778;29012
4;2018-01;0.7930099053037584;29012
5;2019-01;0.7783068440763984;29012
6;2020-01;0.7923664455035355;29012
7;2021-01;0.7285840978761376;29012
8;2022-01;0.7321584568786864;29012
9;2023-01;0.7726159732185558;29012
10;2024-01;0.7458169934640523;29012
0;2014-01;0.7500656814449919;29004
1;2015-01;0.7012807881773399;29004
2;2016-01;0.6479091406677614;29004
3;2017-01;0.6223015873015874;29004
4;2018-01;0.6279655439411537;29004
5;2019-01;0.6754065040650407;29004
6;2020-01;0.6062940379403794;29004
7;2021-01;0.648760162601626;29004
8;2022-01;0.6348908246225319;29004
9;2023-01;0.6780238095238096;29004
10;2024-01;0.6844070847851336;29004
0;2014-01;0.7791403701044162;29020
1;2015-01;0.7703857880439764;29020
2;2016-01;0.7801502052869895;29020
3;2017-01;0.7842095227840825;29020
4;2018-01;0.7831616239934243;29020
5;2019-01;0.79259547942288;29020
6;2020-01;0.7971474165222441;29020
7;2021-01;0.8344823799545885;29020
8;2022-01;0.8038851073606065;29020
9;2023-01;0.7764241025710291;29020
10;2024-01;0.7291573444047208;29020
0;2014-01;0.6864607614607615;29016
1;2015-01;0.7627428127428126;29016
2;2016-01;0.6510858585858585;29016
3;2017-01;0.6943434343434344;29016
4;2018-01;0.6468939393939394;29016
5;2019-01;0.6565367965367965;29016
6;2020-01;0.7019047619047619;29016
7;2021-01;0.7476190476190476;29016
8;2022-01;0.7148809523809524;29016
9;2023-01;0.7738095238095238;29016
10;2024-01;0.7404761904761905;29016
0;2014-01;0.9333333333333333;29017
1;2015-01;0.8333333333333334;29017
2;2016-01;0.8300000000000001;29017
3;2017-01;0.8133333333333332;29017
4;2018-01;0.7;29017
5;2019-01;0.74;29017
6;2020-01;0.78;29017
7;2021-01;0.82;29017
8;2022-01;0.788888888888889;29017
9;2023-01;0.7911111111111111;29017
10;2024-01;0.7753535353535354;29017
0;2014-01;0.7416666666666667;29019
1;2015-01;0.6866666666666668;29019
2;2016-01;0.7377777777777778;29019
3;2017-01;0.7116666666666667;29019
4;2018-01;0.6473015873015873;29019
5;2019-01;0.5946031746031746;29019
6;2020-01;0.6501587301587302;29019
7;2021-01;0.7371428571428572;29019
8;2022-01;0.7734920634920635;29019
9;2023-01;0.7872486772486773;29019
10;2024-01;0.7016666666666667;29019
0;2014-01;0.6425396825396825;29018
1;2015-01;0.6196825396825396;29018
2;2016-01;0.7088515406162464;29018
3;2017-01;0.7402801120448179;29018
4;2018-01;0.7804360004871513;29018
5;2019-01;0.7685470710023139;29018
6;2020-01;0.7991477895506028;29018
7;2021-01;0.8610403726708075;29018
8;2022-01;0.8980590062111802;29018
9;2023-01;0.8337074157726331;29018
10;2024-01;0.8717160737812911;29018
0;2014-01;0.7983333333333333;29027
1;2015-01;0.8027777777777778;29027
2;2016-01;0.8444444444444444;29027
3;2017-01;0.8;29027
4;2018-01;0.8;29027
5;2019-01;0.683107088989442;29027
6;2020-01;0.7191930618401207;29027
7;2021-01;0.7800836418483478;29027
8;2022-01;0.7919843228666757;29027
9;2023-01;0.7948601398601399;29027
10;2024-01;0.8485353535353536;29027
0;2014-01;0.6;29011
1;2015-01;0.6599999999999999;29011
2;2016-01;0.6616666666666667;29011
3;2017-01;0.58125;29011
4;2018-01;0.6900000000000001;29011
5;2019-01;0.75;29011
6;2020-01;0.6535714285714286;29011
7;2021-01;0.5578373015873016;29011
8;2022-01;0.5796031746031746;29011
9;2023-01;0.6496031746031746;29011
10;2024-01;0.7304473304473305;29011
0;2014-01;0.8024725274725275;29009
1;2015-01;0.7684249084249084;29009
2;2016-01;0.8435764235764236;29009
3;2017-01;0.7403396603396604;29009
4;2018-01;0.6116461316461317;29009
5;2019-01;0.6856143856143856;29009
6;2020-01;0.6914862914862915;29009
7;2021-01;0.6620490620490621;29009
8;2022-01;0.6149755393657832;29009
9;2023-01;0.6857490585295464;29009
10;2024-01;0.7517413956942973;29009
0;2014-01;0.5222222222222223;29023
1;2015-01;0.4856060606060606;29023
2;2016-01;0.603030303030303;29023
3;2017-01;0.5045454545454545;29023
4;2018-01;0.6174242424242424;29023
5;2019-01;0.7907925407925408;29023
6;2020-01;0.8508158508158509;29023
7;2021-01;0.7230769230769231;29023
8;2022-01;0.6676923076923076;29023
9;2023-01;0.7476923076923077;29023
10;2024-01;0.7408658008658009;29023
0;2014-01;0.5881944444444445;29014
1;2015-01;0.5757142857142857;29014
2;2016-01;0.7154761904761905;29014
3;2017-01;0.6761904761904762;29014
4;2018-01;0.7007936507936507;29014
5;2019-01;0.596031746031746;29014
6;2020-01;0.6680952380952381;29014
7;2021-01;0.6680952380952381;29014
8;2022-01;0.6012554112554113;29014
9;2023-01;0.7082924482924483;29014
10;2024-01;0.7111952861952863;29014
0;2014-01;0.6166666666666667;23012
1;2015-01;0.6808080808080809;23012
2;2016-01;0.8424242424242424;23012
3;2017-01;0.5551948051948052;23012
4;2018-01;0.6337662337662338;23012
5;2019-01;0.6116283716283716;23012
6;2020-01;0.7235164835164836;23012
7;2021-01;0.6852747252747253;23012
8;2022-01;0.7417582417582418;23012
9;2023-01;0.757997557997558;23012
10;2024-01;0.6935286935286935;23012
0;2014-01;0.7222222222222222;23014
1;2015-01;0.7777777777777778;23014
2;2016-01;0.7944444444444444;23014
3;2017-01;0.731111111111111;23014
4;2018-01;0.6916666666666667;23014
5;2019-01;0.6013888888888889;23014
6;2020-01;0.6311111111111111;23014
7;2021-01;0.6680952380952381;23014
8;2022-01;0.7441391941391942;23014
9;2023-01;0.7141469641469642;23014
10;2024-01;0.6693972693972694;23014
0;2014-01;0.47333333333333333;23006
1;2015-01;0.6333333333333333;23006
2;2016-01;0.8;23006
3;2017-01;0.6742857142857143;23006
4;2018-01;0.43244047619047615;23006
5;2019-01;0.6660714285714286;23006
6;2020-01;0.70625;23006
7;2021-01;0.74;23006
8;2022-01;0.825;23006
9;2023-01;0.9;23006
10;2024-01;0.8968181818181818;23006
0;2014-01;0.7605299670551686;23001
1;2015-01;0.795764662943005;23001
2;2016-01;0.8138882095274294;23001
3;2017-01;0.8400425787694445;23001
4;2018-01;0.7984283992640934;23001
5;2019-01;0.7664119008116436;23001
6;2020-01;0.807746512507846;23001
7;2021-01;0.7995336943095526;23001
8;2022-01;0.8172099710959703;23001
9;2023-01;0.8029939113666329;23001
10;2024-01;0.8036344552741088;23001
0;2014-01;0.875;23007
1;2015-01;0.86;23007
2;2016-01;0.79;23007
3;2017-01;0.79;23007
4;2018-01;0.605;23007
5;2019-01;0.6799999999999999;23007
6;2020-01;0.7076923076923076;23007
7;2021-01;0.706105006105006;23007
8;2022-01;0.6364468864468864;23007
9;2023-01;0.46770146520146516;23007
10;2024-01;0.5045021645021646;23007
0;2014-01;0.6755555555555556;23019
1;2015-01;0.7858730158730158;23019
2;2016-01;0.7306349206349207;23019
3;2017-01;0.6317460317460317;23019
4;2018-01;0.6493506493506493;23019
5;2019-01;0.6664935064935065;23019
6;2020-01;0.5361688311688312;23019
7;2021-01;0.455995670995671;23019
8;2022-01;0.40214285714285714;23019
9;2023-01;0.6511904761904762;23019
10;2024-01;0.5499299719887955;23019
0;2014-01;0.7617414225218219;23021
1;2015-01;0.775192566054635;23021
2;2016-01;0.8448988851438942;23021
3;2017-01;0.8237879180710397;23021
4;2018-01;0.7543609022556391;23021
5;2019-01;0.6537753036437246;23021
6;2020-01;0.6771775592828224;23021
7;2021-01;0.7191697191697192;23021
8;2022-01;0.8248026048026048;23021
9;2023-01;0.8099487658311186;23021
10;2024-01;0.7994631185807657;23021
0;2014-01;0.615;23004
1;2015-01;0.75;23004
2;2016-01;0.8166666666666667;23004
3;2017-01;0.755;23004
4;2018-01;0.6799999999999999;23004
5;2019-01;0.5833333333333333;23004
6;2020-01;0.5633333333333332;23004
7;2021-01;0.4354166666666667;23004
8;2022-01;0.5111111111111111;23004
9;2023-01;0.6805555555555556;23004
10;2024-01;0.7861111111111111;23004
0;2014-01;0.6944444444444445;23005
1;2015-01;0.7351190476190476;23005
2;2016-01;0.5452380952380953;23005
3;2017-01;0.6017857142857143;23005
4;2018-01;0.7142857142857143;23005
5;2019-01;0.8571428571428571;23005
6;2020-01;0.8365384615384616;23005
7;2021-01;0.7492307692307693;23005
8;2022-01;0.7338461538461539;23005
9;2023-01;0.7595604395604395;23005
10;2024-01;0.7914285714285715;23005
0;2014-01;0.5416666666666666;23016
1;2015-01;0.5833333333333333;23016
2;2016-01;0.5;23016
3;2017-01;0.4;23016
4;2018-01;0.5333333333333333;23016
5;2019-01;0.42291666666666666;23016
6;2020-01;0.5202380952380953;23016
7;2021-01;0.6369047619047619;23016
8;2022-01;0.7095238095238094;23016
9;2023-01;0.7845238095238095;23016
10;2024-01;0.6595238095238095;23016
0;2014-01;0.6821428571428572;23011
1;2015-01;0.6952380952380952;23011
2;2016-01;0.7386489479512736;23011
3;2017-01;0.679234034699151;23011
4;2018-01;0.6531066478740898;23011
5;2019-01;0.6201862586858835;23011
6;2020-01;0.629018501711675;23011
7;2021-01;0.6035366067624132;23011
8;2022-01;0.6698556678183164;23011
9;2023-01;0.6991262274793684;23011
10;2024-01;0.7341376697557849;23011
0;2014-01;0.39841269841269844;23022
1;2015-01;0.4170634920634921;23022
2;2016-01;0.505050505050505;23022
3;2017-01;0.593560606060606;23022
4;2018-01;0.5988888888888889;23022
5;2019-01;0.6112626262626263;23022
6;2020-01;0.5369696969696969;23022
7;2021-01;0.5817479139218269;23022
8;2022-01;0.6223188405797101;23022
9;2023-01;0.541576635924462;23022
10;2024-01;0.6283530961791832;23022
0;2014-01;0.49196078431372553;23002
1;2015-01;0.598714596949891;23002
2;2016-01;0.5551566951566952;23002
3;2017-01;0.6974643874643875;23002
4;2018-01;0.6462962962962963;23002
5;2019-01;0.5951973951973952;23002
6;2020-01;0.5885714285714286;23002
7;2021-01;0.6204252269469661;23002
8;2022-01;0.6081220314212642;23002
9;2023-01;0.5413171355498722;23002
10;2024-01;0.535299879148984;23002
0;2014-01;0.7233333333333334;23015
1;2015-01;0.7366666666666667;23015
2;2016-01;0.7966666666666666;23015
3;2017-01;0.7933333333333333;23015
4;2018-01;0.7466666666666667;23015
5;2019-01;0.7;23015
6;2020-01;0.6608333333333334;23015
7;2021-01;0.6766666666666666;23015
8;2022-01;0.7332142857142857;23015
9;2023-01;0.6395238095238096;23015
10;2024-01;0.7138492063492063;23015
0;2014-01;0.6200854700854701;23020
1;2015-01;0.6601343101343101;23020
2;2016-01;0.6777167277167278;23020
3;2017-01;0.5517815517815517;23020
4;2018-01;0.5862137862137862;23020
5;2019-01;0.49575757575757573;23020
6;2020-01;0.5547186147186147;23020
7;2021-01;0.41484848484848486;23020
8;2022-01;0.5655699855699856;23020
9;2023-01;0.6997868797868797;23020
10;2024-01;0.6952416758868372;23020
0;2014-01;0.5493506493506494;23010
1;2015-01;0.5072727272727272;23010
2;2016-01;0.5957575757575757;23010
3;2017-01;0.5956709956709957;23010
4;2018-01;0.6623376623376623;23010
5;2019-01;0.6442857142857144;23010
6;2020-01;0.6085714285714285;23010
7;2021-01;0.7295238095238095;23010
8;2022-01;0.7071428571428571;23010
9;2023-01;0.7547619047619047;23010
10;2024-01;0.7323153899240855;23010
0;2014-01;0.7523931623931623;23003
1;2015-01;0.7632905982905983;23003
2;2016-01;0.7664529914529915;23003
3;2017-01;0.6829059829059829;23003
4;2018-01;0.5291666666666666;23003
5;2019-01;0.5503205128205129;23003
6;2020-01;0.5541025641025641;23003
7;2021-01;0.5257051282051283;23003
8;2022-01;0.5945;23003
9;2023-01;0.670948717948718;23003
10;2024-01;0.6891950947603122;23003
0;2014-01;0.6571067821067821;23013
1;2015-01;0.6668470418470418;23013
2;2016-01;0.658008658008658;23013
3;2017-01;0.48773448773448774;23013
4;2018-01;0.5005772005772006;23013
5;2019-01;0.3966311466311466;23013
6;2020-01;0.5347985347985348;23013
7;2021-01;0.4486568986568987;23013
8;2022-01;0.4792124542124542;23013
9;2023-01;0.6185897435897436;23013
10;2024-01;0.7091666666666667;23013
0;2014-01;0.6104166666666666;23017
1;2015-01;0.7458333333333333;23017
2;2016-01;0.5366666666666666;23017
3;2017-01;0.54;23017
4;2018-01;0.52;23017
5;2019-01;0.5900000000000001;23017
6;2020-01;0.6266666666666667;23017
7;2021-01;0.6466666666666667;23017
8;2022-01;0.7333333333333333;23017
9;2023-01;0.8;23017
10;2024-01;0.6880952380952381;23017
0;2014-01;0.5229166666666667;23018
1;2015-01;0.5479166666666667;23018
2;2016-01;0.5416666666666666;23018
3;2017-01;0.6770833333333333;23018
4;2018-01;0.58;23018
5;2019-01;0.6966666666666667;23018
6;2020-01;0.6233333333333333;23018
7;2021-01;0.6;23018
8;2022-01;0.5;23018
9;2023-01;0.6104761904761904;23018
10;2024-01;0.7276190476190476;23018
0;2014-01;0.5682539682539682;23009
1;2015-01;0.6619047619047619;23009
2;2016-01;0.6619047619047619;23009
3;2017-01;0.621904761904762;23009
4;2018-01;0.5464285714285715;23009
5;2019-01;0.6833333333333333;23009
6;2020-01;0.7266666666666667;23009
7;2021-01;0.6466666666666667;23009
8;2022-01;0.6605128205128205;23009
9;2023-01;0.583076923076923;23009
10;2024-01;0.7826923076923077;23009
0;2014-01;0.5416486291486292;23008
1;2015-01;0.6529761904761905;23008
2;2016-01;0.6761904761904762;23008
3;2017-01;0.5888888888888889;23008
4;2018-01;0.5396825396825398;23008
5;2019-01;0.6718253968253969;23008
6;2020-01;0.6252886002886002;23008
7;2021-01;0.644083694083694;23008
8;2022-01;0.5714646464646465;23008
9;2023-01;0.6252811447811448;23008
10;2024-01;0.5844536594010278;23008
0;2014-01;0.7433606610191976;53001
1;2015-01;0.7574593146317283;53001
2;2016-01;0.6712615200101869;53001
3;2017-01;0.6627576331663347;53001
4;2018-01;0.6773564115572261;53001
5;2019-01;0.7657003180621735;53001
6;2020-01;0.6716633196412031;53001
7;2021-01;0.7438798479749882;53001
8;2022-01;0.7905902918394594;53001
9;2023-01;0.7382328155570855;53001
10;2024-01;0.7797943596848297;53001
0;2014-01;0.8595831604330799;32002
1;2015-01;0.8445404644251285;32002
2;2016-01;0.7886062828379196;32002
3;2017-01;0.7881802472662168;32002
4;2018-01;0.8329768428464396;32002
5;2019-01;0.82931017746642;32002
6;2020-01;0.7226285294414545;32002
7;2021-01;0.7458634436887879;32002
8;2022-01;0.76724477658842;32002
9;2023-01;0.7681054842631438;32002
10;2024-01;0.8163744426493669;32002
0;2014-01;0.6847338542710212;32005
1;2015-01;0.68979006656426;32005
2;2016-01;0.6973237753882915;32005
3;2017-01;0.7320280764635603;32005
4;2018-01;0.7162068965517241;32005
5;2019-01;0.774080459770115;32005
6;2020-01;0.8269045338441889;32005
7;2021-01;0.8016637931034483;32005
8;2022-01;0.8584137931034483;32005
9;2023-01;0.8254883040935672;32005
10;2024-01;0.7798230994152047;32005
0;2014-01;0.7457268983988596;32004
1;2015-01;0.7999385587715107;32004
2;2016-01;0.7797467749641662;32004
3;2017-01;0.7485172798216276;32004
4;2018-01;0.7349036470775602;32004
5;2019-01;0.7372193024366938;32004
6;2020-01;0.7431387834133829;32004
7;2021-01;0.7606516290726817;32004
8;2022-01;0.7483738191632929;32004
9;2023-01;0.6931187233818813;32004
10;2024-01;0.6737498124468599;32004
0;2014-01;0.4901960784313726;52004
1;2015-01;0.5053594771241829;52004
2;2016-01;0.5564705882352942;52004
3;2017-01;0.6494117647058824;52004
4;2018-01;0.5585994397759103;52004
5;2019-01;0.6806162464985994;52004
6;2020-01;0.7406162464985995;52004
7;2021-01;0.7262371615312792;52004
8;2022-01;0.6583193277310924;52004
9;2023-01;0.709718137254902;52004
10;2024-01;0.6742002688172043;52004
0;2014-01;0.7780687011646764;52011
1;2015-01;0.7326463216865694;52011
2;2016-01;0.6786554621848739;52011
3;2017-01;0.6644117647058824;52011
4;2018-01;0.6574089635854342;52011
5;2019-01;0.6861589635854342;52011
6;2020-01;0.7460119047619048;52011
7;2021-01;0.7302205882352941;52011
8;2022-01;0.7834558823529412;52011
9;2023-01;0.7221962391513983;52011
10;2024-01;0.7449502528082567;52011
0;2014-01;0.7550894211461509;52001
1;2015-01;0.8074020765474499;52001
2;2016-01;0.7745462492522776;52001
3;2017-01;0.7655317460821407;52001
4;2018-01;0.7930364716325011;52001
5;2019-01;0.7707779386798824;52001
6;2020-01;0.7758437863392451;52001
7;2021-01;0.7841488423235996;52001
8;2022-01;0.794455850808792;52001
9;2023-01;0.7162000482081619;52001
10;2024-01;0.6765112510275886;52001
0;2014-01;0.6821838439973451;52002
1;2015-01;0.705009683299157;52002
2;2016-01;0.6646103896103897;52002
3;2017-01;0.6503056628056628;52002
4;2018-01;0.5922297297297298;52002
5;2019-01;0.6711770981507824;52002
6;2020-01;0.6741403057192531;52002
7;2021-01;0.6892779551566349;52002
8;2022-01;0.6998180479447205;52002
9;2023-01;0.621898545567401;52002
10;2024-01;0.6513549085272224;52002
0;2014-01;0.6244155844155844;52012
1;2015-01;0.688051948051948;52012
2;2016-01;0.7248376623376623;52012
3;2017-01;0.7439393939393939;52012
4;2018-01;0.7193181818181819;52012
5;2019-01;0.640530303030303;52012
6;2020-01;0.731439393939394;52012
7;2021-01;0.6924242424242424;52012
8;2022-01;0.7201298701298702;52012
9;2023-01;0.794327731092437;52012
10;2024-01;0.774644473173885;52012
0;2014-01;0.85;52007
1;2015-01;0.9199999999999999;52007
2;2016-01;0.82;52007
3;2017-01;0.7916666666666666;52007
4;2018-01;0.75;52007
5;2019-01;0.5666666666666667;52007
6;2020-01;0.6666666666666666;52007
7;2021-01;0.7333333333333333;52007
8;2022-01;0.7666666666666667;52007
9;2023-01;0.8666666666666666;52007
10;2024-01;0.875;52007
0;2014-01;0.6555555555555556;52017
1;2015-01;0.7628787878787879;52017
2;2016-01;0.796969696969697;52017
3;2017-01;0.8858585858585858;52017
4;2018-01;0.8269696969696969;52017
5;2019-01;0.8683333333333334;52017
6;2020-01;0.7077350427350427;52017
7;2021-01;0.7406837606837607;52017
8;2022-01;0.6909030100334448;52017
9;2023-01;0.7155183946488294;52017
10;2024-01;0.7039613526570048;52017
0;2014-01;0.7780429609376978;52005
1;2015-01;0.8194564694564695;52005
2;2016-01;0.8641088758735818;52005
3;2017-01;0.7511422346716464;52005
4;2018-01;0.6668347338935574;52005
5;2019-01;0.7505882352941177;52005
6;2020-01;0.7929411764705883;52005
7;2021-01;0.7429411764705882;52005
8;2022-01;0.7811764705882352;52005
9;2023-01;0.7691176470588236;52005
10;2024-01;0.6217320261437909;52005
0;2014-01;;52006
1;2015-01;0.8;52006
2;2016-01;0.8;52006
3;2017-01;0.425;52006
4;2018-01;0.6166666666666667;52006
5;2019-01;0.6888888888888888;52006
6;2020-01;0.4369047619047619;52006
7;2021-01;0.5446428571428571;52006
8;2022-01;0.6984126984126985;52006
9;2023-01;0.8095238095238094;52006
10;2024-01;0.6845238095238095;52006
0;2014-01;0.9168831168831169;52013
1;2015-01;0.8898656898656899;52013
2;2016-01;0.8967032967032967;52013
3;2017-01;0.7792429792429793;52013
4;2018-01;0.6901404151404151;52013
5;2019-01;0.7508547008547009;52013
6;2020-01;0.8277777777777778;52013
7;2021-01;0.8333333333333334;52013
8;2022-01;0.65;52013
9;2023-01;0.6547619047619048;52013
10;2024-01;0.6828571428571429;52013
0;2014-01;0.7892857142857143;52008
1;2015-01;0.7625;52008
2;2016-01;0.7875;52008
3;2017-01;0.7233333333333334;52008
4;2018-01;0.675;52008
5;2019-01;0.74;52008
6;2020-01;0.72;52008
7;2021-01;0.7266666666666667;52008
8;2022-01;0.8114285714285714;52008
9;2023-01;0.8514285714285714;52008
10;2024-01;0.5971428571428572;52008
0;2014-01;0.6714285714285715;52003
1;2015-01;0.7178571428571429;52003
2;2016-01;0.7692857142857144;52003
3;2017-01;0.830952380952381;52003
4;2018-01;0.6154761904761905;52003
5;2019-01;0.6277777777777778;52003
6;2020-01;0.6944444444444444;52003
7;2021-01;0.5972222222222222;52003
8;2022-01;0.7015931372549019;52003
9;2023-01;0.563562091503268;52003
10;2024-01;0.6192156862745098;52003
0;2014-01;0.6857142857142857;52009
1;2015-01;0.7238095238095238;52009
2;2016-01;0.8349206349206348;52009
3;2017-01;0.7396825396825397;52009
4;2018-01;0.6587301587301587;52009
5;2019-01;0.6865079365079365;52009
6;2020-01;0.5833333333333333;52009
7;2021-01;0.6785714285714286;52009
8;2022-01;0.5968253968253968;52009
9;2023-01;0.6498412698412699;52009
10;2024-01;0.7154761904761905;52009
0;2014-01;0.7361904761904763;52018
1;2015-01;0.7714285714285715;52018
2;2016-01;0.738095238095238;52018
3;2017-01;0.5976190476190476;52018
4;2018-01;0.7095238095238094;52018
5;2019-01;0.6261904761904762;52018
6;2020-01;0.7523809523809524;52018
7;2021-01;0.8476190476190476;52018
8;2022-01;0.6770562770562771;52018
9;2023-01;0.7675324675324675;52018
10;2024-01;0.7675324675324675;52018
0;2014-01;0.7608547008547009;52016
1;2015-01;0.7777777777777778;52016
2;2016-01;0.8311111111111111;52016
3;2017-01;0.7076190476190476;52016
4;2018-01;0.6378354978354979;52016
5;2019-01;0.7378354978354978;52016
6;2020-01;0.6713203463203463;52016
7;2021-01;0.7674242424242423;52016
8;2022-01;0.6992424242424242;52016
9;2023-01;0.7056060606060607;52016
10;2024-01;0.7034130781499203;52016
0;2014-01;0.7333333333333333;52014
1;2015-01;0.7380952380952381;52014
2;2016-01;0.7695238095238095;52014
3;2017-01;0.740952380952381;52014
4;2018-01;0.6542857142857142;52014
5;2019-01;0.7542857142857142;52014
6;2020-01;0.7875;52014
7;2021-01;0.9166666666666666;52014
8;2022-01;0.9166666666666666;52014
9;2023-01;0.8398809523809524;52014
10;2024-01;0.8433333333333334;52014
0;2014-01;0.8133333333333332;52010
1;2015-01;0.7244444444444444;52010
2;2016-01;0.7211904761904762;52010
3;2017-01;0.6261904761904762;52010
4;2018-01;0.5833333333333333;52010
5;2019-01;0.5068181818181818;52010
6;2020-01;0.5436363636363637;52010
7;2021-01;0.5954545454545455;52010
8;2022-01;0.6022727272727273;52010
9;2023-01;0.6872727272727273;52010
10;2024-01;0.78;52010
0;2014-01;0.8105494505494505;52015
1;2015-01;0.7738461538461539;52015
2;2016-01;0.7478754578754578;52015
3;2017-01;0.7075191475191476;52015
4;2018-01;0.6524333999333999;52015
5;2019-01;0.7175084915084915;52015
6;2020-01;0.7446233766233765;52015
7;2021-01;0.7410909090909091;52015
8;2022-01;0.6999047619047619;52015
9;2023-01;0.770625138427464;52015
10;2024-01;0.767671650055371;52015
0;2014-01;0.7733333333333333;15011
1;2015-01;0.8933333333333333;15011
2;2016-01;0.5466666666666666;15011
3;2017-01;0.6233333333333333;15011
4;2018-01;0.5666666666666667;15011
5;2019-01;0.5818181818181818;15011
6;2020-01;0.5942067736185384;15011
7;2021-01;0.5037076648841354;15011
8;2022-01;0.5832085561497327;15011
9;2023-01;0.5687767379679144;15011
10;2024-01;0.5316176470588235;15011
0;2014-01;0.7333333333333333;15007
1;2015-01;0.75;15007
2;2016-01;0.735;15007
3;2017-01;0.705;15007
4;2018-01;0.6866666666666668;15007
5;2019-01;0.6083333333333333;15007
6;2020-01;0.6166666666666667;15007
7;2021-01;0.6416666666666666;15007
8;2022-01;0.6161904761904762;15007
9;2023-01;0.8114285714285714;15007
10;2024-01;0.79;15007
0;2014-01;0.5;15013
1;2015-01;0.5;15013
2;2016-01;0.6666666666666666;15013
3;2017-01;0.5;15013
4;2018-01;0.625;15013
5;2019-01;0.75;15013
6;2020-01;0.8125;15013
7;2021-01;0.8125;15013
8;2022-01;0.9375;15013
9;2023-01;0.8125;15013
10;2024-01;0.84375;15013
0;2014-01;0.8766666666666667;15001
1;2015-01;0.7692063492063491;15001
2;2016-01;0.6897292250233427;15001
3;2017-01;0.6439775910364146;15001
4;2018-01;0.5430672268907563;15001
5;2019-01;0.5705924794160089;15001
6;2020-01;0.6191452338511162;15001
7;2021-01;0.6177489177489177;15001
8;2022-01;0.6047979797979798;15001
9;2023-01;0.6464646464646464;15001
10;2024-01;0.6729797979797979;15001
0;2014-01;0.58248556998557;15002
1;2015-01;0.6377282138151703;15002
2;2016-01;0.7646947738252086;15002
3;2017-01;0.7158300395256918;15002
4;2018-01;0.6921343873517787;15002
5;2019-01;0.7730434782608695;15002
6;2020-01;0.8287782805429863;15002
7;2021-01;0.737626491155903;15002
8;2022-01;0.7749952008775538;15002
9;2023-01;0.6924009324009324;15002
10;2024-01;0.7301636889872184;15002
0;2014-01;0.6895238095238095;15012
1;2015-01;0.8228571428571427;15012
2;2016-01;0.7509523809523809;15012
3;2017-01;0.7523809523809524;15012
4;2018-01;0.7516666666666667;15012
5;2019-01;0.7476190476190476;15012
6;2020-01;0.7278571428571429;15012
7;2021-01;0.6478571428571429;15012
8;2022-01;0.6142857142857142;15012
9;2023-01;0.5907792207792208;15012
10;2024-01;0.6795959595959596;15012
0;2014-01;0.7180951412629557;15006
1;2015-01;0.7553971290629818;15006
2;2016-01;0.777414624092336;15006
3;2017-01;0.8016930122946263;15006
4;2018-01;0.8597358545098824;15006
5;2019-01;0.8416368925381553;15006
6;2020-01;0.710174302003703;15006
7;2021-01;0.7419874974793305;15006
8;2022-01;0.7579655644368932;15006
9;2023-01;0.783278540631902;15006
10;2024-01;0.7424058214138634;15006
0;2014-01;0.7433333333333334;15009
1;2015-01;0.71;15009
2;2016-01;0.7033333333333334;15009
3;2017-01;0.6571794871794872;15009
4;2018-01;0.5497435897435897;15009
5;2019-01;0.5172494172494172;15009
6;2020-01;0.5361305361305362;15009
7;2021-01;0.5284090909090909;15009
8;2022-01;0.5178787878787878;15009
9;2023-01;0.571060606060606;15009
10;2024-01;0.5700000000000001;15009
0;2014-01;0.690204678362573;15003
1;2015-01;0.6760893246187363;15003
2;2016-01;0.6956971677559912;15003
3;2017-01;0.6274509803921569;15003
4;2018-01;0.7102124183006536;15003
5;2019-01;0.7803513071895425;15003
6;2020-01;0.7943919234360411;15003
7;2021-01;0.770734126984127;15003
8;2022-01;0.8299603174603174;15003
9;2023-01;0.8057247899159664;15003
10;2024-01;0.7110994397759104;15003
0;2014-01;0.875;15004
1;2015-01;0.9;15004
2;2016-01;0.9151515151515153;15004
3;2017-01;0.7818181818181817;15004
4;2018-01;0.9151515151515153;15004
5;2019-01;0.876969696969697;15004
6;2020-01;0.8933333333333333;15004
7;2021-01;0.9266666666666665;15004
8;2022-01;0.8866666666666667;15004
9;2023-01;0.7866666666666667;15004
10;2024-01;0.7133333333333333;15004
0;2014-01;0.7222222222222222;15014
1;2015-01;0.7291666666666666;15014
2;2016-01;0.7333333333333333;15014
3;2017-01;0.8;15014
4;2018-01;0.75;15014
5;2019-01;0.7333333333333333;15014
6;2020-01;0.7;15014
7;2021-01;0.7;15014
8;2022-01;0.6666666666666666;15014
9;2023-01;0.8;15014
10;2024-01;0.7666666666666666;15014
0;2014-01;0.6051282051282051;15008
1;2015-01;0.5830769230769232;15008
2;2016-01;0.5652564102564103;15008
3;2017-01;0.6527564102564103;15008
4;2018-01;0.6828205128205128;15008
5;2019-01;0.70004884004884;15008
6;2020-01;0.6681399482870071;15008
7;2021-01;0.7031731667025785;15008
8;2022-01;0.6244526670084479;15008
9;2023-01;0.6071631411185163;15008
10;2024-01;0.622361634308896;15008
0;2014-01;1.0;15010
1;2015-01;0.96875;15010
2;2016-01;0.8472222222222222;15010
3;2017-01;0.6805555555555555;15010
4;2018-01;0.8020833333333334;15010
5;2019-01;0.875;15010
6;2020-01;0.8333333333333334;15010
7;2021-01;0.7604166666666666;15010
8;2022-01;0.6388888888888888;15010
9;2023-01;0.6458333333333334;15010
10;2024-01;0.6063492063492063;15010
0;2014-01;0.7695238095238095;26001
1;2015-01;0.6662271062271062;26001
2;2016-01;0.594004884004884;26001
3;2017-01;0.6786874236874236;26001
4;2018-01;0.5828243978243979;26001
5;2019-01;0.5903568653568654;26001
6;2020-01;0.5585642135642136;26001
7;2021-01;0.6283044733044733;26001
8;2022-01;0.706948051948052;26001
9;2023-01;0.7292857142857143;26001
10;2024-01;0.7844444444444444;26001
0;2014-01;0.524593837535014;26009
1;2015-01;0.6356862745098039;26009
2;2016-01;0.6256209150326797;26009
3;2017-01;0.7132501485442662;26009
4;2018-01;0.7035650623885917;26009
5;2019-01;0.7384856973092268;26009
6;2020-01;0.8204184704184705;26009
7;2021-01;0.864069264069264;26009
8;2022-01;0.8295670995670996;26009
9;2023-01;0.7692640692640692;26009
10;2024-01;0.7285473785473785;26009
0;2014-01;0.7231884057971014;26003
1;2015-01;0.7733260869565217;26003
2;2016-01;0.743432645856559;26003
3;2017-01;0.7066331246273106;26003
4;2018-01;0.715432915921288;26003
5;2019-01;0.7244590448311379;26003
6;2020-01;0.6961028893587032;26003
7;2021-01;0.6937432032073084;26003
8;2022-01;0.7085222058022866;26003
9;2023-01;0.7069626026147765;26003
10;2024-01;0.7178629887087302;26003
0;2014-01;0.522115987460815;26008
1;2015-01;0.6548029556650246;26008
2;2016-01;0.7334154351395731;26008
3;2017-01;0.5342952208106473;26008
4;2018-01;0.5126242329962838;26008
5;2019-01;0.6146230962020436;26008
6;2020-01;0.5521785232311548;26008
7;2021-01;0.3535867641130799;26008
8;2022-01;0.4925041625041625;26008
9;2023-01;0.5763558663558663;26008
10;2024-01;0.6068803239770981;26008
0;2014-01;0.6195238095238096;26005
1;2015-01;0.6901587301587302;26005
2;2016-01;0.7326984126984127;26005
3;2017-01;0.6952380952380952;26005
4;2018-01;0.633015873015873;26005
5;2019-01;0.6473809523809524;26005
6;2020-01;0.4938095238095238;26005
7;2021-01;0.6881410256410256;26005
8;2022-01;0.6419326325848065;26005
9;2023-01;0.7757437490046186;26005
10;2024-01;0.6525701984172749;26005
0;2014-01;0.8703880625881867;26010
1;2015-01;0.8610849021372162;26010
2;2016-01;0.8523107387484579;26010
3;2017-01;0.8520947137517663;26010
4;2018-01;0.854823347509082;26010
5;2019-01;0.8471881781425722;26010
6;2020-01;0.7540084615400577;26010
7;2021-01;0.809286058295327;26010
8;2022-01;0.8057452707724775;26010
9;2023-01;0.7992209973848895;26010
10;2024-01;0.7454310051681725;26010
0;2014-01;0.6894133644133644;26002
1;2015-01;0.6625330225330226;26002
2;2016-01;0.7182905982905983;26002
3;2017-01;0.6623310023310023;26002
4;2018-01;0.6947241647241647;26002
5;2019-01;0.7047474747474748;26002
6;2020-01;0.7525252525252525;26002
7;2021-01;0.7454545454545455;26002
8;2022-01;0.7958333333333334;26002
9;2023-01;0.7351190476190477;26002
10;2024-01;0.6788165266106443;26002
0;2014-01;0.6296536796536796;26007
1;2015-01;0.6882617382617383;26007
2;2016-01;0.673926073926074;26007
3;2017-01;0.6598956598956598;26007
4;2018-01;0.6605860805860806;26007
5;2019-01;0.7382051282051283;26007
6;2020-01;0.7611111111111111;26007
7;2021-01;0.5433333333333333;26007
8;2022-01;0.5044444444444445;26007
9;2023-01;0.6844444444444444;26007
10;2024-01;0.8222222222222222;26007
0;2014-01;0.7554945054945055;26004
1;2015-01;0.7738461538461539;26004
2;2016-01;0.7690842490842491;26004
3;2017-01;0.6067032967032967;26004
4;2018-01;0.5433333333333333;26004
5;2019-01;0.5984126984126984;26004
6;2020-01;0.6158730158730159;26004
7;2021-01;0.5517460317460318;26004
8;2022-01;0.6066089466089466;26004
9;2023-01;0.613982683982684;26004
10;2024-01;0.6229437229437229;26004
0;2014-01;0.6433333333333333;26012
1;2015-01;0.5988888888888889;26012
2;2016-01;0.6744444444444444;26012
3;2017-01;0.7161111111111111;26012
4;2018-01;0.6888888888888889;26012
5;2019-01;0.7192307692307692;26012
6;2020-01;0.7303418803418803;26012
7;2021-01;0.8038461538461539;26012
8;2022-01;0.7746520146520146;26012
9;2023-01;0.786544710191769;26012
10;2024-01;0.805607843137255;26012
0;2014-01;0.5907407407407408;26006
1;2015-01;0.6306372549019608;26006
2;2016-01;0.7379084967320261;26006
3;2017-01;0.7166697790227202;26006
4;2018-01;0.6834671646436352;26006
5;2019-01;0.6780504201680673;26006
6;2020-01;0.667187969924812;26006
7;2021-01;0.600701754385965;26006
8;2022-01;0.7147017543859648;26006
9;2023-01;0.7513406432748538;26006
10;2024-01;0.7882700331910859;26006
0;2014-01;0.7875;26011
1;2015-01;0.7233333333333334;26011
2;2016-01;0.7733333333333333;26011
3;2017-01;0.6633333333333333;26011
4;2018-01;0.5666666666666667;26011
5;2019-01;0.6854700854700856;26011
6;2020-01;0.683974358974359;26011
7;2021-01;0.5667948717948719;26011
8;2022-01;0.5697435897435897;26011
9;2023-01;0.671965811965812;26011
10;2024-01;0.6066666666666667;26011
0;2014-01;1.0;22007
1;2015-01;1.0;22007
2;2016-01;0.9166666666666666;22007
3;2017-01;0.75;22007
4;2018-01;0.7291666666666666;22007
5;2019-01;0.7333333333333333;22007
6;2020-01;0.8333333333333334;22007
7;2021-01;0.75;22007
8;2022-01;0.8333333333333333;22007
9;2023-01;0.7833333333333333;22007
10;2024-01;0.6;22007
0;2014-01;0.7419108669108669;22011
1;2015-01;0.7316361416361417;22011
2;2016-01;0.7617082917082917;22011
3;2017-01;0.678051948051948;22011
4;2018-01;0.6532178932178931;22011
5;2019-01;0.6268797868797868;22011
6;2020-01;0.7032412032412032;22011
7;2021-01;0.7855921855921857;22011
8;2022-01;0.7572649572649572;22011
9;2023-01;0.7564713064713064;22011
10;2024-01;0.588941798941799;22011
0;2014-01;0.5232600732600733;22003
1;2015-01;0.5918957284810944;22003
2;2016-01;0.6377597109304427;22003
3;2017-01;0.4785672534596494;22003
4;2018-01;0.5010838064640073;22003
5;2019-01;0.5958843762645771;22003
6;2020-01;0.6307338086749852;22003
7;2021-01;0.6152719502719503;22003
8;2022-01;0.6546644160437264;22003
9;2023-01;0.6972537041502559;22003
10;2024-01;0.7729678750368405;22003
0;2014-01;0.61875;22002
1;2015-01;0.573076923076923;22002
2;2016-01;0.683076923076923;22002
3;2017-01;0.6076923076923076;22002
4;2018-01;0.561025641025641;22002
5;2019-01;0.661025641025641;22002
6;2020-01;0.6799999999999999;22002
7;2021-01;0.74;22002
8;2022-01;0.7066666666666667;22002
9;2023-01;0.7275;22002
10;2024-01;0.81875;22002
0;2014-01;0.6512844611528822;22005
1;2015-01;0.7147765246449457;22005
2;2016-01;0.7174603174603175;22005
3;2017-01;0.6898809523809524;22005
4;2018-01;0.715535178035178;22005
5;2019-01;0.7185649935649936;22005
6;2020-01;0.7344740844740845;22005
7;2021-01;0.7431379431379431;22005
8;2022-01;0.7170782145782146;22005
9;2023-01;0.6884595959595959;22005
10;2024-01;0.7118523469994058;22005
0;2014-01;0.6313952713952714;22009
1;2015-01;0.6874358974358975;22009
2;2016-01;0.7027838827838828;22009
3;2017-01;0.7114432234432234;22009
4;2018-01;0.7288151848151848;22009
5;2019-01;0.7445880785880786;22009
6;2020-01;0.7669597657244716;22009
7;2021-01;0.7482369828314102;22009
8;2022-01;0.8324936673233887;22009
9;2023-01;0.9002966976264191;22009
10;2024-01;0.8953800309597524;22009
0;2014-01;0.6626107226107226;22001
1;2015-01;0.7444289044289045;22001
2;2016-01;0.5139393939393939;22001
3;2017-01;0.613939393939394;22001
4;2018-01;0.6712820512820513;22001
5;2019-01;0.6946153846153846;22001
6;2020-01;0.7414529914529915;22001
7;2021-01;0.5841880341880342;22001
8;2022-01;0.5111111111111111;22001
9;2023-01;0.6386752136752136;22001
10;2024-01;0.6967948717948718;22001
0;2014-01;0.6577777777777778;22010
1;2015-01;0.5133333333333333;22010
2;2016-01;0.47174603174603175;22010
3;2017-01;0.5631746031746031;22010
4;2018-01;0.5742857142857143;22010
5;2019-01;0.5485714285714286;22010
6;2020-01;0.5914285714285714;22010
7;2021-01;0.5919047619047618;22010
8;2022-01;0.7271428571428571;22010
9;2023-01;0.6666666666666666;22010
10;2024-01;0.7023809523809523;22010
0;2014-01;0.7833333333333333;22008
1;2015-01;0.7147058823529411;22008
2;2016-01;0.7911764705882354;22008
3;2017-01;0.7774509803921569;22008
4;2018-01;0.7274509803921568;22008
5;2019-01;0.6773109243697479;22008
6;2020-01;0.6561904761904762;22008
7;2021-01;0.6142857142857142;22008
8;2022-01;0.6009523809523809;22008
9;2023-01;0.7495238095238095;22008
10;2024-01;0.8066666666666666;22008
0;2014-01;0.7690399681711362;22004
1;2015-01;0.8107511492253726;22004
2;2016-01;0.780728168193261;22004
3;2017-01;0.7625002439357571;22004
4;2018-01;0.7413250812084311;22004
5;2019-01;0.7638760353964089;22004
6;2020-01;0.5464924242424243;22004
7;2021-01;0.6565425219941349;22004
8;2022-01;0.7003116883116883;22004
9;2023-01;0.7505620870357712;22004
10;2024-01;0.7412975620870358;22004
0;2014-01;0.8083333333333333;22006
1;2015-01;0.8222222222222222;22006
2;2016-01;0.8555555555555555;22006
3;2017-01;0.4722222222222222;22006
4;2018-01;0.5911111111111111;22006
5;2019-01;0.7388888888888889;22006
6;2020-01;0.6633333333333333;22006
7;2021-01;0.7433333333333334;22006
8;2022-01;0.7816666666666666;22006
9;2023-01;0.7930952380952381;22006
10;2024-01;0.7045238095238096;22006
0;2014-01;0.7549961922380918;41002
1;2015-01;0.741022854616297;41002
2;2016-01;0.7306568037495469;41002
3;2017-01;0.7325734039709918;41002
4;2018-01;0.7479985941316876;41002
5;2019-01;0.7584349599732031;41002
6;2020-01;0.7495157217581954;41002
7;2021-01;0.7679186735909258;41002
8;2022-01;0.7371155554281538;41002
9;2023-01;0.761703296338274;41002
10;2024-01;0.7573136181995295;41002
0;2014-01;0.7566666666666666;41012
1;2015-01;0.7395959595959596;41012
2;2016-01;0.7906204906204907;41012
3;2017-01;0.8075036075036074;41012
4;2018-01;0.7567099567099567;41012
5;2019-01;0.6796536796536796;41012
6;2020-01;0.7273809523809524;41012
7;2021-01;0.7166666666666667;41012
8;2022-01;0.6722222222222223;41012
9;2023-01;0.7095238095238094;41012
10;2024-01;0.7551587301587301;41012
0;2014-01;0.9067307692307691;41014
1;2015-01;0.9358974358974359;41014
2;2016-01;0.8538461538461538;41014
3;2017-01;0.8675213675213675;41014
4;2018-01;0.9444444444444445;41014
5;2019-01;1.0;41014
6;2020-01;0.7666666666666666;41014
7;2021-01;0.7042424242424242;41014
8;2022-01;0.625974025974026;41014
9;2023-01;0.564069264069264;41014
10;2024-01;0.5254978354978355;41014
0;2014-01;0.7451479982006297;41017
1;2015-01;0.7580255728676781;41017
2;2016-01;0.7061640698482804;41017
3;2017-01;0.7399269891901471;41017
4;2018-01;0.7549664082687338;41017
5;2019-01;0.7207283123166349;41017
6;2020-01;0.6619116760355069;41017
7;2021-01;0.6464249818846467;41017
8;2022-01;0.6307809589065467;41017
9;2023-01;0.6921348889826371;41017
10;2024-01;0.708391825086726;41017
0;2014-01;0.6282714018008135;41018
1;2015-01;0.74470496823438;41018
2;2016-01;0.8180081356551945;41018
3;2017-01;0.8422699849170436;41018
4;2018-01;0.8997863247863247;41018
5;2019-01;0.8888461538461538;41018
6;2020-01;0.7984615384615384;41018
7;2021-01;0.7157264957264957;41018
8;2022-01;0.6384615384615385;41018
9;2023-01;0.7160683760683761;41018
10;2024-01;0.7341880341880342;41018
0;2014-01;0.6327965563958773;41016
1;2015-01;0.6960986382039014;41016
2;2016-01;0.6540976567292357;41016
3;2017-01;0.6962887989203779;41016
4;2018-01;0.7423076923076923;41016
5;2019-01;0.752658371040724;41016
6;2020-01;0.7633169934640522;41016
7;2021-01;0.7786764705882353;41016
8;2022-01;0.7231209150326798;41016
9;2023-01;0.7118113912231558;41016
10;2024-01;0.6607142857142857;41016
0;2014-01;0.7967032967032968;41011
1;2015-01;0.7309523809523809;41011
2;2016-01;0.7666666666666666;41011
3;2017-01;0.6666666666666666;41011
4;2018-01;0.6972222222222222;41011
5;2019-01;0.6567460317460317;41011
6;2020-01;0.6608058608058608;41011
7;2021-01;0.7230280830280831;41011
8;2022-01;0.6571112547583136;41011
9;2023-01;0.7045338804418088;41011
10;2024-01;0.795943777734059;41011
0;2014-01;0.8692307692307691;41020
1;2015-01;0.8776923076923075;41020
2;2016-01;0.97;41020
3;2017-01;0.8717582417582417;41020
4;2018-01;0.8394642394642394;41020
5;2019-01;0.783971583971584;41020
6;2020-01;0.7865609945609945;41020
7;2021-01;0.7743676323676324;41020
8;2022-01;0.7751168831168831;41020
9;2023-01;0.7237779639715123;41020
10;2024-01;0.7846021505376344;41020
0;2014-01;0.7743181312569523;41015
1;2015-01;0.7582822580645161;41015
2;2016-01;0.728350358422939;41015
3;2017-01;0.7985085034013606;41015
4;2018-01;0.7781814424694609;41015
5;2019-01;0.8280663255681446;41015
6;2020-01;0.7994239513962306;41015
7;2021-01;0.7865851744648333;41015
8;2022-01;0.8023934332522191;41015
9;2023-01;0.8130767837693595;41015
10;2024-01;0.8138592803342457;41015
0;2014-01;0.7918982977806508;41008
1;2015-01;0.8128673542995793;41008
2;2016-01;0.815875748292628;41008
3;2017-01;0.814371434192406;41008
4;2018-01;0.751546822742475;41008
5;2019-01;0.757209215904868;41008
6;2020-01;0.7392094017094017;41008
7;2021-01;0.728083028083028;41008
8;2022-01;0.7745618181102053;41008
9;2023-01;0.7742511427843138;41008
10;2024-01;0.811987144930541;41008
0;2014-01;0.7646396396396397;41010
1;2015-01;0.8031067832538421;41010
2;2016-01;0.7866210101504219;41010
3;2017-01;0.796811826223591;41010
4;2018-01;0.7578347248935484;41010
5;2019-01;0.7425956396544632;41010
6;2020-01;0.8017482517482517;41010
7;2021-01;0.7986792452830189;41010
8;2022-01;0.823573736487295;41010
9;2023-01;0.8186383606562344;41010
10;2024-01;0.7842017262646014;41010
0;2014-01;0.7184415584415584;41005
1;2015-01;0.745974025974026;41005
2;2016-01;0.7572727272727272;41005
3;2017-01;0.7695238095238095;41005
4;2018-01;0.7936630036630037;41005
5;2019-01;0.7668561323733737;41005
6;2020-01;0.7555601869394973;41005
7;2021-01;0.7439218253011356;41005
8;2022-01;0.7094463008256111;41005
9;2023-01;0.7123771765759596;41005
10;2024-01;0.6919009732496103;41005
0;2014-01;0.7644126984126984;41003
1;2015-01;0.8878412698412699;41003
2;2016-01;0.8456507936507937;41003
3;2017-01;0.8277777777777778;41003
4;2018-01;0.8156349206349207;41003
5;2019-01;0.8550164203612478;41003
6;2020-01;0.8160529556650247;41003
7;2021-01;0.8358908045977012;41003
8;2022-01;0.7104955739929677;41003
9;2023-01;0.7050189686015669;41003
10;2024-01;0.6516887687640974;41003
0;2014-01;0.7932539682539683;41019
1;2015-01;0.8111111111111111;41019
2;2016-01;0.875;41019
3;2017-01;0.7583333333333333;41019
4;2018-01;0.7916666666666667;41019
5;2019-01;0.71;41019
6;2020-01;0.7736363636363637;41019
7;2021-01;0.7039393939393939;41019
8;2022-01;0.5783216783216784;41019
9;2023-01;0.6546037296037296;41019
10;2024-01;0.6637805177278862;41019
0;2014-01;0.7625;41013
1;2015-01;0.7266666666666667;41013
2;2016-01;0.6595238095238095;41013
3;2017-01;0.7228571428571429;41013
4;2018-01;0.7742857142857142;41013
5;2019-01;0.7742857142857142;41013
6;2020-01;0.8542857142857143;41013
7;2021-01;0.8380952380952381;41013
8;2022-01;0.8619047619047618;41013
9;2023-01;0.8476190476190476;41013
10;2024-01;0.8028571428571428;41013
0;2014-01;0.6987974987974988;41007
1;2015-01;0.7304473304473305;41007
2;2016-01;0.7076960076960077;41007
3;2017-01;0.8454545454545455;41007
4;2018-01;0.7313131313131314;41007
5;2019-01;0.7722222222222221;41007
6;2020-01;0.7588888888888888;41007
7;2021-01;0.7480341880341881;41007
8;2022-01;0.7729282794500186;41007
9;2023-01;0.7376755852842809;41007
10;2024-01;0.8009576365663322;41007
0;2014-01;0.5761904761904761;41021
1;2015-01;0.7214285714285714;41021
2;2016-01;0.6928571428571428;41021
3;2017-01;0.7928571428571429;41021
4;2018-01;0.7642857142857142;41021
5;2019-01;0.9;41021
6;2020-01;0.8318181818181818;41021
7;2021-01;0.8984848484848484;41021
8;2022-01;0.9484848484848485;41021
9;2023-01;0.6703030303030303;41021
10;2024-01;0.6903030303030303;41021
0;2014-01;0.766077616077616;41009
1;2015-01;0.7476282051282052;41009
2;2016-01;0.7473951048951049;41009
3;2017-01;0.8013286713286714;41009
4;2018-01;0.7836713286713287;41009
5;2019-01;0.8550000000000001;41009
6;2020-01;0.8443939393939395;41009
7;2021-01;0.7660497835497836;41009
8;2022-01;0.8093831168831169;41009
9;2023-01;0.652960927960928;41009
10;2024-01;0.6587179487179486;41009
0;2014-01;0.6418181818181818;41001
1;2015-01;0.7151515151515151;41001
2;2016-01;0.8103030303030303;41001
3;2017-01;0.7733333333333333;41001
4;2018-01;0.7511904761904762;41001
5;2019-01;0.7028571428571428;41001
6;2020-01;0.7078571428571429;41001
7;2021-01;0.7742857142857142;41001
8;2022-01;0.795;41001
9;2023-01;0.755;41001
10;2024-01;0.82;41001
0;2014-01;0.7;41004
1;2015-01;0.6833333333333333;41004
2;2016-01;0.7595238095238095;41004
3;2017-01;0.7976190476190477;41004
4;2018-01;0.8976190476190476;41004
5;2019-01;0.7976190476190477;41004
6;2020-01;0.8920634920634921;41004
7;2021-01;0.8111111111111111;41004
8;2022-01;0.6555555555555556;41004
9;2023-01;0.6838888888888889;41004
10;2024-01;0.5775;41004
0;2014-01;0.77;41022
1;2015-01;0.8466666666666667;41022
2;2016-01;0.8266666666666668;41022
3;2017-01;0.7961904761904762;41022
4;2018-01;0.7571428571428571;41022
5;2019-01;0.63;41022
6;2020-01;0.75;41022
7;2021-01;0.7357142857142858;41022
8;2022-01;0.6428571428571429;41022
9;2023-01;0.6325396825396825;41022
10;2024-01;0.6378968253968254;41022
0;2014-01;0.75;41006
1;2015-01;0.8166666666666667;41006
2;2016-01;0.8333333333333334;41006
3;2017-01;0.8214285714285714;41006
4;2018-01;0.9380952380952381;41006
5;2019-01;0.9226190476190477;41006
6;2020-01;0.7761904761904762;41006
7;2021-01;0.6428571428571428;41006
8;2022-01;0.7;41006
9;2023-01;0.775;41006
10;2024-01;0.835;41006
0;2014-01;0.7160741058042407;33001
1;2015-01;0.7012224656902318;33001
2;2016-01;0.7258872166480862;33001
3;2017-01;0.8296915644741732;33001
4;2018-01;0.9245532245532246;33001
5;2019-01;0.8603396603396604;33001
6;2020-01;0.8652236652236652;33001
7;2021-01;0.8461760461760462;33001
8;2022-01;0.735064935064935;33001
9;2023-01;0.6883116883116883;33001
10;2024-01;0.7431457431457431;33001
0;2014-01;0.7451292851292852;33007
1;2015-01;0.7304079404079404;33007
2;2016-01;0.7109917504654346;33007
3;2017-01;0.7755563150299992;33007
4;2018-01;0.7430558720032404;33007
5;2019-01;0.7878610668084353;33007
6;2020-01;0.7655780866307182;33007
7;2021-01;0.8100633665851056;33007
8;2022-01;0.8012924273793839;33007
9;2023-01;0.7967216476230262;33007
10;2024-01;0.832874433323273;33007
0;2014-01;0.8487721859634295;33002
1;2015-01;0.7892164662349677;33002
2;2016-01;0.7607693508432589;33002
3;2017-01;0.7133514821536601;33002
4;2018-01;0.5562371445856019;33002
5;2019-01;0.6413696309739867;33002
6;2020-01;0.7366370761987427;33002
7;2021-01;0.7013802240670709;33002
8;2022-01;0.6969266543536499;33002
9;2023-01;0.6616663149263631;33002
10;2024-01;0.7027833039385623;33002
0;2014-01;0.7910816268204185;33004
1;2015-01;0.7914091601400239;33004
2;2016-01;0.775946735579318;33004
3;2017-01;0.8078022328548645;33004
4;2018-01;0.8185012531328321;33004
5;2019-01;0.8499924812030075;33004
6;2020-01;0.8623304093567251;33004
7;2021-01;0.7984154589371981;33004
8;2022-01;0.8250771088814567;33004
9;2023-01;0.8407617985878856;33004
10;2024-01;0.8375906926993884;33004
0;2014-01;0.8065705321711079;33005
1;2015-01;0.7519923408216806;33005
2;2016-01;0.745581446348885;33005
3;2017-01;0.726739133929514;33005
4;2018-01;0.697932642307;33005
5;2019-01;0.7159896335227366;33005
6;2020-01;0.5869148501972417;33005
7;2021-01;0.628482581417868;33005
8;2022-01;0.6775277631634873;33005
9;2023-01;0.669952585593045;33005
10;2024-01;0.7003079605398641;33005
0;2014-01;0.8418448190315271;33009
1;2015-01;0.8322634194867369;33009
2;2016-01;0.8318752684248734;33009
3;2017-01;0.8504487493776344;33009
4;2018-01;0.8249337246860466;33009
5;2019-01;0.8544315198067599;33009
6;2020-01;0.8723440212988358;33009
7;2021-01;0.7981211417661628;33009
8;2022-01;0.8027722906509597;33009
9;2023-01;0.8188615644684148;33009
10;2024-01;0.7853162709479007;33009
0;2014-01;0.8402812217446097;33008
1;2015-01;0.8001921932214815;33008
2;2016-01;0.7540412212000757;33008
3;2017-01;0.7708244450477706;33008
4;2018-01;0.7406469443690287;33008
5;2019-01;0.7656190078037903;33008
6;2020-01;0.7998791252607043;33008
7;2021-01;0.8339732694841391;33008
8;2022-01;0.8353885120376875;33008
9;2023-01;0.8703290682918515;33008
10;2024-01;0.8787726457626801;33008
0;2014-01;0.6985404197856059;33003
1;2015-01;0.7039633451700203;33003
2;2016-01;0.7922533606744133;33003
3;2017-01;0.7406880838459786;33003
4;2018-01;0.683133971291866;33003
5;2019-01;0.5806585081585082;33003
6;2020-01;0.6573951048951049;33003
7;2021-01;0.6539668174962292;33003
8;2022-01;0.7245204603580563;33003
9;2023-01;0.7157153162268252;33003
10;2024-01;0.7999550321800961;33003
0;2014-01;0.7441333603987607;33006
1;2015-01;0.6219444560811094;33006
2;2016-01;0.5920716701987782;33006
3;2017-01;0.6338966107453761;33006
4;2018-01;0.6478622941061343;33006
5;2019-01;0.7260775989923968;33006
6;2020-01;0.7075170819062564;33006
7;2021-01;0.6999122076077763;33006
8;2022-01;0.6447414079070435;33006
9;2023-01;0.6663425817288745;33006
10;2024-01;0.6604084864320017;33006
0;2014-01;0.6942307692307692;24004
1;2015-01;0.6163308913308914;24004
2;2016-01;0.6316483516483518;24004
3;2017-01;0.64375;24004
4;2018-01;0.6892857142857143;24004
5;2019-01;0.7257142857142858;24004
6;2020-01;0.6280769230769231;24004
7;2021-01;0.5718227424749164;24004
8;2022-01;0.5809167814282904;24004
9;2023-01;0.5518025772181783;24004
10;2024-01;0.5442151944389796;24004
0;2014-01;0.5442857142857143;24008
1;2015-01;0.660952380952381;24008
2;2016-01;0.5866666666666667;24008
3;2017-01;0.47000000000000003;24008
4;2018-01;0.5554545454545454;24008
5;2019-01;0.6172727272727273;24008
6;2020-01;0.6536363636363637;24008
7;2021-01;0.7154545454545455;24008
8;2022-01;0.7272727272727273;24008
9;2023-01;0.77;24008
10;2024-01;0.8114285714285714;24008
0;2014-01;0.8424242424242424;24003
1;2015-01;0.7709956709956709;24003
2;2016-01;0.5842424242424242;24003
3;2017-01;0.5823376623376623;24003
4;2018-01;0.6116883116883117;24003
5;2019-01;0.6261904761904762;24003
6;2020-01;0.6011904761904762;24003
7;2021-01;0.5929383116883117;24003
8;2022-01;0.592487012987013;24003
9;2023-01;0.6735194805194805;24003
10;2024-01;0.7560050505050505;24003
0;2014-01;0.6892045454545455;24006
1;2015-01;0.675;24006
2;2016-01;0.7336147186147186;24006
3;2017-01;0.6046536796536797;24006
4;2018-01;0.6404761904761905;24006
5;2019-01;0.6371428571428571;24006
6;2020-01;0.5804761904761905;24006
7;2021-01;0.6793939393939394;24006
8;2022-01;0.6806060606060607;24006
9;2023-01;0.7177361853832442;24006
10;2024-01;0.7331550802139037;24006
0;2014-01;0.7899377065853039;24002
1;2015-01;0.7972807017543859;24002
2;2016-01;0.8646251993620414;24002
3;2017-01;0.7404921394395079;24002
4;2018-01;0.6410277029472076;24002
5;2019-01;0.6645836516424752;24002
6;2020-01;0.6072003538257408;24002
7;2021-01;0.6404511278195488;24002
8;2022-01;0.6665811587793012;24002
9;2023-01;0.698708133971292;24002
10;2024-01;0.7234996582365003;24002
0;2014-01;0.5981240981240982;24001
1;2015-01;0.6412698412698413;24001
2;2016-01;0.6785714285714286;24001
3;2017-01;0.6545238095238095;24001
4;2018-01;0.717985347985348;24001
5;2019-01;0.6982234432234432;24001
6;2020-01;0.6114802844214609;24001
7;2021-01;0.632187028657617;24001
8;2022-01;0.5198466566113625;24001
9;2023-01;0.5796685340802987;24001
10;2024-01;0.6487628384687208;24001
0;2014-01;0.7373399085191539;24007
1;2015-01;0.7458453570107288;24007
2;2016-01;0.8562883832778395;24007
3;2017-01;0.8329901960784314;24007
4;2018-01;0.7908950118508942;24007
5;2019-01;0.8086373453590434;24007
6;2020-01;0.6900502799087704;24007
7;2021-01;0.686655608542401;24007
8;2022-01;0.7273827957517812;24007
9;2023-01;0.7538391133249768;24007
10;2024-01;0.7506825652588643;24007
0;2014-01;0.5297619047619048;24005
1;2015-01;0.5347222222222222;24005
2;2016-01;0.4992063492063492;24005
3;2017-01;0.5338095238095238;24005
4;2018-01;0.5580952380952381;24005
5;2019-01;0.5371428571428571;24005
6;2020-01;0.4757142857142857;24005
7;2021-01;0.6218045112781955;24005
8;2022-01;0.620701754385965;24005
9;2023-01;0.6851204935415461;24005
10;2024-01;0.4577790630422209;24005
0;2014-01;0.6851190476190476;11001
1;2015-01;0.8726190476190476;11001
2;2016-01;0.5876190476190477;11001
3;2017-01;0.64;11001
4;2018-01;0.76;11001
5;2019-01;0.86;11001
6;2020-01;0.9199999999999999;11001
7;2021-01;0.9199999999999999;11001
8;2022-01;0.96;11001
9;2023-01;0.8528947368421053;11001
10;2024-01;0.7878947368421053;11001
0;2014-01;0.7813186813186813;11002
1;2015-01;0.7736263736263737;11002
2;2016-01;0.8945054945054945;11002
3;2017-01;0.9047619047619048;11002
4;2018-01;0.8226190476190476;11002
5;2019-01;0.8386904761904763;11002
6;2020-01;0.6811904761904761;11002
7;2021-01;0.8145238095238095;11002
8;2022-01;0.7772549019607843;11002
9;2023-01;0.7246111111111111;11002
10;2024-01;0.6479178338001867;11002
0;2014-01;0.6900000000000001;11006
1;2015-01;0.6933333333333334;11006
2;2016-01;0.6933333333333334;11006
3;2017-01;0.76;11006
4;2018-01;0.7166666666666666;11006
5;2019-01;0.8178571428571428;11006
6;2020-01;0.825952380952381;11006
7;2021-01;0.7476190476190476;11006
8;2022-01;0.645952380952381;11006
9;2023-01;0.537111801242236;11006
10;2024-01;0.5372965440356745;11006
0;2014-01;0.7920634920634921;11003
1;2015-01;0.6690476190476191;11003
2;2016-01;0.7805555555555556;11003
3;2017-01;0.6901709401709402;11003
4;2018-01;0.6762820512820513;11003
5;2019-01;0.8096153846153846;11003
6;2020-01;0.8212820512820513;11003
7;2021-01;0.6525641025641026;11003
8;2022-01;0.667948717948718;11003
9;2023-01;0.5490842490842491;11003
10;2024-01;0.6295970695970696;11003
0;2014-01;0.7916666666666666;11005
1;2015-01;0.8333333333333333;11005
2;2016-01;0.8666666666666666;11005
3;2017-01;0.8266666666666665;11005
4;2018-01;0.8533333333333333;11005
5;2019-01;0.7466666666666667;11005
6;2020-01;0.8400000000000001;11005
7;2021-01;0.7866666666666667;11005
8;2022-01;0.7866666666666667;11005
9;2023-01;0.7866666666666667;11005
10;2024-01;0.5547619047619048;11005
0;2014-01;0.7786324786324786;11004
1;2015-01;0.7471736596736597;11004
2;2016-01;0.8813044411728622;11004
3;2017-01;0.8923582995951417;11004
4;2018-01;0.9478361550729971;11004
5;2019-01;0.8998349019401651;11004
6;2020-01;0.7790591864276075;11004
7;2021-01;0.8555189255189255;11004
8;2022-01;0.8790632420947382;11004
9;2023-01;0.8237532384723096;11004
10;2024-01;0.8159051458780884;11004
0;2015-01;1.0;11007
1;2016-01;0.3333333333333333;11007
2;2017-01;0.5833333333333333;11007
3;2018-01;0.75;11007
4;2019-01;0.8333333333333333;11007
5;2020-01;0.7777777777777778;11007
6;2021-01;0.8333333333333334;11007
7;2022-01;0.875;11007
8;2023-01;0.9166666666666666;11007
9;2024-01;0.75;11007
0;2014-01;0.5166810966810967;14001
1;2015-01;0.5641784302653867;14001
2;2016-01;0.6733836815358554;14001
3;2017-01;0.7154644268774704;14001
4;2018-01;0.7370256916996047;14001
5;2019-01;0.7744523411371238;14001
6;2020-01;0.7744230769230769;14001
7;2021-01;0.7472863247863247;14001
8;2022-01;0.7181507381507382;14001
9;2023-01;0.8370764768784571;14001
10;2024-01;0.8142934293429344;14001
0;2014-01;0.6333333333333333;14002
1;2015-01;0.525;14002
2;2016-01;0.65;14002
3;2017-01;0.6133333333333333;14002
4;2018-01;0.5083333333333333;14002
5;2019-01;0.6666666666666666;14002
6;2020-01;0.7666666666666667;14002
7;2021-01;0.611111111111111;14002
8;2022-01;0.5555555555555555;14002
9;2023-01;0.6851851851851851;14002
10;2024-01;0.7638888888888888;14002
0;2014-01;0.8075187969924812;43001
1;2015-01;0.7180045702491522;43001
2;2016-01;0.8371910167575802;43001
3;2017-01;0.7743176964272298;43001
4;2018-01;0.7270173969971131;43001
5;2019-01;0.7071303003960205;43001
6;2020-01;0.7403573843330435;43001
7;2021-01;0.7328049840625905;43001
8;2022-01;0.6943697478991597;43001
9;2023-01;0.7315846338535414;43001
10;2024-01;0.7422662911318374;43001
0;2014-01;0.8829523809523809;43003
1;2015-01;0.8962857142857142;43003
2;2016-01;0.8816190476190476;43003
3;2017-01;0.8677301587301587;43003
4;2018-01;0.7955555555555556;43003
5;2019-01;0.7223809523809523;43003
6;2020-01;0.7595238095238095;43003
7;2021-01;0.7038095238095238;43003
8;2022-01;0.7622222222222221;43003
9;2023-01;0.7562962962962964;43003
10;2024-01;0.7796296296296296;43003
0;2014-01;0.6722222222222223;43015
1;2015-01;0.7333333333333333;43015
2;2016-01;0.7666666666666666;43015
3;2017-01;0.7180952380952381;43015
4;2018-01;0.6528571428571428;43015
5;2019-01;0.6680952380952381;43015
6;2020-01;0.7092063492063492;43015
7;2021-01;0.6003030303030303;43015
8;2022-01;0.5787878787878789;43015
9;2023-01;0.7065656565656566;43015
10;2024-01;0.6730339105339105;43015
0;2014-01;0.8160200571913411;43010
1;2015-01;0.7742141152742823;43010
2;2016-01;0.7528448275862069;43010
3;2017-01;0.7378065041102633;43010
4;2018-01;0.7234650576647206;43010
5;2019-01;0.7039524948129876;43010
6;2020-01;0.720079331319683;43010
7;2021-01;0.7284334412790974;43010
8;2022-01;0.7436943722653702;43010
9;2023-01;0.7023972834118821;43010
10;2024-01;0.7575766458092866;43010
0;2014-01;0.8595238095238095;43026
1;2015-01;0.9345238095238095;43026
2;2016-01;0.8986507936507937;43026
3;2017-01;0.8300793650793651;43026
4;2018-01;0.8126190476190477;43026
5;2019-01;0.8726190476190476;43026
6;2020-01;0.7826190476190475;43026
7;2021-01;0.7394444444444443;43026
8;2022-01;0.7222222222222222;43026
9;2023-01;0.6450505050505051;43026
10;2024-01;0.7056565656565656;43026
0;2014-01;0.8484848484848484;43029
1;2015-01;0.8272727272727274;43029
2;2016-01;0.825;43029
3;2017-01;0.8918181818181818;43029
4;2018-01;0.8957070707070708;43029
5;2019-01;0.7056349206349207;43029
6;2020-01;0.663888888888889;43029
7;2021-01;0.606031746031746;43029
8;2022-01;0.6353781512605041;43029
9;2023-01;0.6802368220015278;43029
10;2024-01;0.7910160427807487;43029
0;2014-01;0.79;43027
1;2015-01;0.76;43027
2;2016-01;0.8;43027
3;2017-01;0.7466666666666667;43027
4;2018-01;0.7466666666666667;43027
5;2019-01;0.8266666666666668;43027
6;2020-01;0.86;43027
7;2021-01;0.96;43027
8;2022-01;0.96;43027
9;2023-01;0.96;43027
10;2024-01;0.6626984126984127;43027
0;2014-01;0.8476108452950559;43021
1;2015-01;0.838238866396761;43021
2;2016-01;0.8416642057632769;43021
3;2017-01;0.8359285544177185;43021
4;2018-01;0.8490275462411685;43021
5;2019-01;0.8494681273319044;43021
6;2020-01;0.8314062335734163;43021
7;2021-01;0.7871562153598768;43021
8;2022-01;0.7424342402603272;43021
9;2023-01;0.7101661910357563;43021
10;2024-01;0.6703756453413204;43021
0;2014-01;0.8166666666666667;43013
1;2015-01;0.8383333333333333;43013
2;2016-01;0.7326190476190476;43013
3;2017-01;0.8423809523809525;43013
4;2018-01;0.780952380952381;43013
5;2019-01;0.8285714285714286;43013
6;2020-01;0.8044444444444444;43013
7;2021-01;0.802063492063492;43013
8;2022-01;0.780952380952381;43013
9;2023-01;0.8233333333333335;43013
10;2024-01;0.8028070175438596;43013
0;2014-01;0.8916666666666666;43022
1;2015-01;0.9333333333333333;43022
2;2016-01;0.9666666666666666;43022
3;2017-01;0.9;43022
4;2018-01;0.875;43022
5;2019-01;0.7638888888888888;43022
6;2020-01;0.6388888888888888;43022
7;2021-01;0.6944444444444444;43022
8;2022-01;0.6444444444444445;43022
9;2023-01;0.6377777777777778;43022
10;2024-01;0.7933333333333333;43022
0;2014-01;0.7373717948717948;43008
1;2015-01;0.7846896086369771;43008
2;2016-01;0.7246929824561403;43008
3;2017-01;0.7329784688995215;43008
4;2018-01;0.7885213032581454;43008
5;2019-01;0.6283405483405483;43008
6;2020-01;0.6531085288980025;43008
7;2021-01;0.6465580618212197;43008
8;2022-01;0.6592483660130719;43008
9;2023-01;0.6503921568627451;43008
10;2024-01;0.6744786441708467;43008
0;2014-01;0.7765656565656566;43016
1;2015-01;0.8206060606060607;43016
2;2016-01;0.7497979797979798;43016
3;2017-01;0.8629292929292929;43016
4;2018-01;0.8232636928289102;43016
5;2019-01;0.7991459627329192;43016
6;2020-01;0.6482677708764666;43016
7;2021-01;0.7202018633540372;43016
8;2022-01;0.7493067226890756;43016
9;2023-01;0.6933963585434173;43016
10;2024-01;0.6734810287751464;43016
0;2014-01;0.7866666666666666;43019
1;2015-01;0.7466666666666667;43019
2;2016-01;0.7666666666666666;43019
3;2017-01;0.6866666666666666;43019
4;2018-01;0.5666666666666667;43019
5;2019-01;0.6166666666666667;43019
6;2020-01;0.5833333333333334;43019
7;2021-01;0.5416666666666666;43019
8;2022-01;0.6041666666666666;43019
9;2023-01;0.7541666666666667;43019
10;2024-01;0.6897727272727272;43019
0;2014-01;0.9469696969696969;43025
1;2015-01;0.9469696969696969;43025
2;2016-01;0.9333333333333333;43025
3;2017-01;0.8966666666666667;43025
4;2018-01;0.755;43025
5;2019-01;0.7680952380952382;43025
6;2020-01;0.6494417077175698;43025
7;2021-01;0.6249096880131363;43025
8;2022-01;0.5523353402663748;43025
9;2023-01;0.532488265246886;43025
10;2024-01;0.5597578555599545;43025
0;2014-01;0.8573737373737373;43030
1;2015-01;0.8088888888888889;43030
2;2016-01;0.6708333333333333;43030
3;2017-01;0.775;43030
4;2018-01;0.7125;43030
5;2019-01;0.6366666666666666;43030
6;2020-01;0.6547619047619048;43030
7;2021-01;0.7333333333333333;43030
8;2022-01;0.6888888888888889;43030
9;2023-01;0.6611111111111111;43030
10;2024-01;0.736111111111111;43030
0;2014-01;0.8051282051282052;43020
1;2015-01;0.7910256410256411;43020
2;2016-01;0.8897435897435898;43020
3;2017-01;0.9266666666666667;43020
4;2018-01;0.9199999999999999;43020
5;2019-01;0.8366666666666667;43020
6;2020-01;0.7977777777777778;43020
7;2021-01;0.7083333333333333;43020
8;2022-01;0.6138888888888889;43020
9;2023-01;0.7388888888888889;43020
10;2024-01;0.7438888888888889;43020
0;2014-01;0.797564935064935;43009
1;2015-01;0.8350649350649351;43009
2;2016-01;0.7928571428571429;43009
3;2017-01;0.7421428571428572;43009
4;2018-01;0.8564285714285715;43009
5;2019-01;0.7885714285714286;43009
6;2020-01;0.8285714285714285;43009
7;2021-01;0.6880952380952381;43009
8;2022-01;0.7033126293995859;43009
9;2023-01;0.7408620365142105;43009
10;2024-01;0.5722002635046113;43009
0;2014-01;0.8548966131907308;43007
1;2015-01;0.8863939393939393;43007
2;2016-01;0.878983682983683;43007
3;2017-01;0.8775118215118216;43007
4;2018-01;0.8824642024642024;43007
5;2019-01;0.9188278388278388;43007
6;2020-01;0.847045177045177;43007
7;2021-01;0.8869462116830539;43007
8;2022-01;0.8705462373883426;43007
9;2023-01;0.8290779980253664;43007
10;2024-01;0.8021784258626363;43007
0;2014-01;0.7928571428571429;43014
1;2015-01;0.7689285714285714;43014
2;2016-01;0.6969444444444444;43014
3;2017-01;0.7886111111111112;43014
4;2018-01;0.8178418803418804;43014
5;2019-01;0.8017399267399267;43014
6;2020-01;0.77007326007326;43014
7;2021-01;0.7954578754578755;43014
8;2022-01;0.823052503052503;43014
9;2023-01;0.8570448179271708;43014
10;2024-01;0.844248366013072;43014
0;2014-01;0.7774177206915711;43023
1;2015-01;0.759470887447895;43023
2;2016-01;0.6751472580428979;43023
3;2017-01;0.726529998734059;43023
4;2018-01;0.7539718758734039;43023
5;2019-01;0.7943801456959352;43023
6;2020-01;0.7649491357386095;43023
7;2021-01;0.788972153972154;43023
8;2022-01;0.83873194702463;43023
9;2023-01;0.785639786127591;43023
10;2024-01;0.7886369296125394;43023
0;2014-01;0.7633333333333333;43004
1;2015-01;0.8033333333333333;43004
2;2016-01;0.7466666666666667;43004
3;2017-01;0.6177777777777778;43004
4;2018-01;0.6677777777777778;43004
5;2019-01;0.726984126984127;43004
6;2020-01;0.7238095238095238;43004
7;2021-01;0.7396825396825396;43004
8;2022-01;0.6223622782446312;43004
9;2023-01;0.723734827264239;43004
10;2024-01;0.7319887955182073;43004
0;2014-01;0.7885753176043557;43017
1;2015-01;0.7548858718414072;43017
2;2016-01;0.7182602560778604;43017
3;2017-01;0.6958089071172235;43017
4;2018-01;0.7339526599161488;43017
5;2019-01;0.7274768368886015;43017
6;2020-01;0.6674306086070791;43017
7;2021-01;0.6631245225362873;43017
8;2022-01;0.6732178932178933;43017
9;2023-01;0.6775438596491228;43017
10;2024-01;0.6642644490012911;43017
0;2014-01;0.8247619047619047;43011
1;2015-01;0.8295238095238096;43011
2;2016-01;0.7838888888888889;43011
3;2017-01;0.8144444444444444;43011
4;2018-01;0.7486111111111111;43011
5;2019-01;0.7272222222222222;43011
6;2020-01;0.7072222222222222;43011
7;2021-01;0.6876767676767677;43011
8;2022-01;0.6917171717171717;43011
9;2023-01;0.7183662714097496;43011
10;2024-01;0.6988537549407114;43011
0;2014-01;0.9428571428571428;43005
1;2015-01;0.8267704517704517;43005
2;2016-01;0.7296425796425796;43005
3;2017-01;0.6680652680652681;43005
4;2018-01;0.6319347319347319;43005
5;2019-01;0.7165501165501166;43005
6;2020-01;0.8075757575757576;43005
7;2021-01;0.8333333333333333;43005
8;2022-01;0.7916666666666666;43005
9;2023-01;0.5208333333333334;43005
10;2024-01;0.6036706349206349;43005
0;2014-01;0.825;43012
1;2015-01;0.805;43012
2;2016-01;0.8133333333333332;43012
3;2017-01;0.7666666666666667;43012
4;2018-01;0.6016666666666667;43012
5;2019-01;0.6403030303030304;43012
6;2020-01;0.7024242424242424;43012
7;2021-01;0.7490909090909091;43012
8;2022-01;0.7181818181818181;43012
9;2023-01;0.7618181818181818;43012
10;2024-01;0.8527272727272728;43012
0;2014-01;0.618095238095238;43018
1;2015-01;0.7038095238095238;43018
2;2016-01;0.7876190476190476;43018
3;2017-01;0.7976190476190477;43018
4;2018-01;0.7742857142857142;43018
5;2019-01;0.76;43018
6;2020-01;0.67;43018
7;2021-01;0.5616666666666666;43018
8;2022-01;0.5866666666666667;43018
9;2023-01;0.6225641025641026;43018
10;2024-01;0.742948717948718;43018
0;2014-01;0.7416666666666667;43006
1;2015-01;0.8083333333333333;43006
2;2016-01;0.8166666666666667;43006
3;2017-01;0.9166666666666667;43006
4;2018-01;0.9666666666666666;43006
5;2019-01;0.9333333333333333;43006
6;2020-01;0.9;43006
7;2021-01;0.8367965367965369;43006
8;2022-01;0.8415584415584416;43006
9;2023-01;0.6964646464646465;43006
10;2024-01;0.7028138528138529;43006
0;2014-01;0.8692063492063491;43028
1;2015-01;0.8977777777777778;43028
2;2016-01;0.9316239316239315;43028
3;2017-01;0.8977156177156177;43028
4;2018-01;0.8515617715617715;43028
5;2019-01;0.8201534576534577;43028
6;2020-01;0.7644716394716394;43028
7;2021-01;0.793510101010101;43028
8;2022-01;0.8841666666666667;43028
9;2023-01;0.8771153846153845;43028
10;2024-01;0.9003296703296704;43028
0;2014-01;0.8666666666666667;43002
1;2015-01;0.8666666666666667;43002
2;2016-01;0.7375;43002
3;2017-01;0.7133333333333334;43002
4;2018-01;0.7366666666666667;43002
5;2019-01;0.7614285714285713;43002
6;2020-01;0.803968253968254;43002
7;2021-01;0.8675396825396826;43002
8;2022-01;0.8575396825396826;43002
9;2023-01;0.8492063492063492;43002
10;2024-01;0.8027777777777778;43002
0;2014-01;0.7633333333333333;43024
1;2015-01;0.8433333333333334;43024
2;2016-01;0.8333333333333334;43024
3;2017-01;0.9333333333333333;43024
4;2018-01;0.8933333333333333;43024
5;2019-01;0.9083333333333334;43024
6;2020-01;0.7833333333333333;43024
7;2021-01;0.7;43024
8;2022-01;0.6933333333333334;43024
9;2023-01;0.7933333333333333;43024
10;2024-01;0.7577777777777778;43024
0;2014-01;0.7243506493506493;42008
1;2015-01;0.7066558441558441;42008
2;2016-01;0.7790043290043289;42008
3;2017-01;0.7171717171717171;42008
4;2018-01;0.6835497835497836;42008
5;2019-01;0.7573593073593073;42008
6;2020-01;0.6983116883116883;42008
7;2021-01;0.7121212121212122;42008
8;2022-01;0.6872727272727273;42008
9;2023-01;0.6606060606060606;42008
10;2024-01;0.7723604465709728;42008
0;2014-01;0.7185714285714286;42003
1;2015-01;0.7076190476190476;42003
2;2016-01;0.7266666666666667;42003
3;2017-01;0.6833333333333333;42003
4;2018-01;0.6222222222222222;42003
5;2019-01;0.6;42003
6;2020-01;0.6366666666666666;42003
7;2021-01;0.7061111111111111;42003
8;2022-01;0.8255555555555556;42003
9;2023-01;0.7455555555555555;42003
10;2024-01;0.825;42003
0;2014-01;0.7668915879442195;42002
1;2015-01;0.8213000449842556;42002
2;2016-01;0.7756410256410257;42002
3;2017-01;0.7311965811965812;42002
4;2018-01;0.739423076923077;42002
5;2019-01;0.7692564102564102;42002
6;2020-01;0.7920384615384616;42002
7;2021-01;0.8045769230769231;42002
8;2022-01;0.779;42002
9;2023-01;0.7107692307692307;42002
10;2024-01;0.6878974358974359;42002
0;2014-01;0.7048252301163302;42007
1;2015-01;0.7634399932785071;42007
2;2016-01;0.7622321763239684;42007
3;2017-01;0.7794030884332608;42007
4;2018-01;0.7693861168861169;42007
5;2019-01;0.7540821684724124;42007
6;2020-01;0.7365079950925613;42007
7;2021-01;0.7949804693507213;42007
8;2022-01;0.7973929281982531;42007
9;2023-01;0.7856614217058275;42007
10;2024-01;0.7721870781099325;42007
0;2014-01;0.7295604395604396;42001
1;2015-01;0.7348814343551185;42001
2;2016-01;0.7576344707923656;42001
3;2017-01;0.7733024869866976;42001
4;2018-01;0.7376980913823019;42001
5;2019-01;0.7712145748987854;42001
6;2020-01;0.7613186813186813;42001
7;2021-01;0.7413186813186814;42001
8;2022-01;0.7529265471370735;42001
9;2023-01;0.7323496240601504;42001
10;2024-01;0.7680733082706767;42001
0;2014-01;0.7349206349206349;42013
1;2015-01;0.8103864734299517;42013
2;2016-01;0.7916062801932366;42013
3;2017-01;0.7797360248447205;42013
4;2018-01;0.6761645962732918;42013
5;2019-01;0.7212732919254659;42013
6;2020-01;0.7048534798534798;42013
7;2021-01;0.8095775601210384;42013
8;2022-01;0.7561005821875387;42013
9;2023-01;0.6741998697857658;42013
10;2024-01;0.6586217835422501;42013
0;2014-01;0.6804473304473304;42010
1;2015-01;0.6976190476190476;42010
2;2016-01;0.6642857142857143;42010
3;2017-01;0.7287878787878788;42010
4;2018-01;0.7481601731601731;42010
5;2019-01;0.8199134199134199;42010
6;2020-01;0.8111020923520923;42010
7;2021-01;0.8072150072150072;42010
8;2022-01;0.7753968253968254;42010
9;2023-01;0.8316666666666667;42010
10;2024-01;0.7437878787878788;42010
0;2014-01;0.6307539682539682;42011
1;2015-01;0.7418650793650794;42011
2;2016-01;0.8065873015873016;42011
3;2017-01;0.7547015074373565;42011
4;2018-01;0.7205223846733281;42011
5;2019-01;0.7498897329086008;42011
6;2020-01;0.7163903182771107;42011
7;2021-01;0.7665740176161414;42011
8;2022-01;0.7822841873888386;42011
9;2023-01;0.7592334510590325;42011
10;2024-01;0.6906959983239054;42011
0;2014-01;0.7794444444444444;42014
1;2015-01;0.7588888888888888;42014
2;2016-01;0.7155555555555555;42014
3;2017-01;0.6816666666666666;42014
4;2018-01;0.7105952380952381;42014
5;2019-01;0.6311038961038961;42014
6;2020-01;0.5332044042913608;42014
7;2021-01;0.5628976096367401;42014
8;2022-01;0.6139798607189911;42014
9;2023-01;0.6471296819122906;42014
10;2024-01;0.7250314323357802;42014
0;2014-01;0.7975563909774437;42016
1;2015-01;0.799172932330827;42016
2;2016-01;0.8078571428571429;42016
3;2017-01;0.8783333333333333;42016
4;2018-01;0.7494444444444445;42016
5;2019-01;0.735;42016
6;2020-01;0.6946296296296296;42016
7;2021-01;0.6967460317460318;42016
8;2022-01;0.6977777777777778;42016
9;2023-01;0.7310223587642943;42016
10;2024-01;0.7223416965352449;42016
0;2014-01;0.669030969030969;42009
1;2015-01;0.7617549117549117;42009
2;2016-01;0.7503263403263404;42009
3;2017-01;0.7582051282051282;42009
4;2018-01;0.6556410256410257;42009
5;2019-01;0.7023809523809523;42009
6;2020-01;0.7866666666666667;42009
7;2021-01;0.7940988835725677;42009
8;2022-01;0.7464798359535202;42009
9;2023-01;0.7138755980861243;42009
10;2024-01;0.7372522214627477;42009
0;2014-01;0.8471021505376344;42005
1;2015-01;0.8693929618768328;42005
2;2016-01;0.8821753915267985;42005
3;2017-01;0.7923867824897337;42005
4;2018-01;0.8644083497274988;42005
5;2019-01;0.8279100332291822;42005
6;2020-01;0.7618873232959806;42005
7;2021-01;0.7323794978967393;42005
8;2022-01;0.744625632987702;42005
9;2023-01;0.7879257595852424;42005
10;2024-01;0.8229985787152648;42005
0;2014-01;0.8522875816993464;42017
1;2015-01;0.8777777777777779;42017
2;2016-01;0.8412698412698413;42017
3;2017-01;0.831024531024531;42017
4;2018-01;0.7120923520923521;42017
5;2019-01;0.6582251082251082;42017
6;2020-01;0.7190309690309691;42017
7;2021-01;0.719040959040959;42017
8;2022-01;0.7517682317682318;42017
9;2023-01;0.7081585081585081;42017
10;2024-01;0.6931468531468531;42017
0;2014-01;0.7424242424242424;42006
1;2015-01;0.7573131313131313;42006
2;2016-01;0.7509521299956082;42006
3;2017-01;0.7112173913043478;42006
4;2018-01;0.7011594202898551;42006
5;2019-01;0.7474451345755694;42006
6;2020-01;0.7010351966873707;42006
7;2021-01;0.6303105590062111;42006
8;2022-01;0.6819989314098711;42006
9;2023-01;0.6730525927060866;42006
10;2024-01;0.6745966530604761;42006
0;2014-01;0.7998888888888889;42012
1;2015-01;0.744;42012
2;2016-01;0.8036666666666668;42012
3;2017-01;0.8456666666666667;42012
4;2018-01;0.8666638655462184;42012
5;2019-01;0.8806769374416433;42012
6;2020-01;0.8578197945845005;42012
7;2021-01;0.7950046685340804;42012
8;2022-01;0.806015529018625;42012
9;2023-01;0.7750307587149692;42012
10;2024-01;0.7880975165185691;42012
0;2014-01;0.6925563909774436;42015
1;2015-01;0.6545363408521303;42015
2;2016-01;0.6296741854636592;42015
3;2017-01;0.7099415204678363;42015
4;2018-01;0.8180116959064329;42015
5;2019-01;0.7347368421052631;42015
6;2020-01;0.768888888888889;42015
7;2021-01;0.7222222222222222;42015
8;2022-01;0.7190277777777778;42015
9;2023-01;0.7278442028985508;42015
10;2024-01;0.6630615942028986;42015
0;2014-01;0.846984126984127;42004
1;2015-01;0.9269841269841269;42004
2;2016-01;0.9155555555555555;42004
3;2017-01;0.8488888888888889;42004
4;2018-01;0.7861904761904761;42004
5;2019-01;0.7764935064935065;42004
6;2020-01;0.7583116883116883;42004
7;2021-01;0.7811688311688312;42004
8;2022-01;0.7789710289710289;42004
9;2023-01;0.7935814185814186;42004
10;2024-01;0.7549450549450549;42004
0;2014-01;0.775;28007
1;2015-01;0.6618181818181819;28007
2;2016-01;0.5754545454545454;28007
3;2017-01;0.49337662337662336;28007
4;2018-01;0.6293290043290043;28007
5;2019-01;0.6185064935064934;28007
6;2020-01;0.5922619047619048;28007
7;2021-01;0.5071428571428571;28007
8;2022-01;0.5507936507936508;28007
9;2023-01;0.5820634920634921;28007
10;2024-01;0.5655555555555555;28007
0;2014-01;0.8092187346497692;28001
1;2015-01;0.9184603313455112;28001
2;2016-01;0.8858645563561192;28001
3;2017-01;0.8118442851678361;28001
4;2018-01;0.7806484878128311;28001
5;2019-01;0.760462660352609;28001
6;2020-01;0.690333631885356;28001
7;2021-01;0.7009357410675869;28001
8;2022-01;0.6451840823952801;28001
9;2023-01;0.6533374102589404;28001
10;2024-01;0.7006143785617357;28001
0;2014-01;0.6383333333333333;28006
1;2015-01;0.6286363636363637;28006
2;2016-01;0.611010101010101;28006
3;2017-01;0.6270346320346321;28006
4;2018-01;0.5466955266955267;28006
5;2019-01;0.5162193362193361;28006
6;2020-01;0.5735797827903091;28006
7;2021-01;0.5860412394622921;28006
8;2022-01;0.5311183037808425;28006
9;2023-01;0.63092222534947;28006
10;2024-01;0.6424430059104982;28006
0;2014-01;0.7566137566137566;28002
1;2015-01;0.8677248677248678;28002
2;2016-01;0.7123015873015873;28002
3;2017-01;0.503968253968254;28002
4;2018-01;0.5297619047619048;28002
5;2019-01;0.6186507936507937;28002
6;2020-01;0.7972222222222223;28002
7;2021-01;0.6088888888888888;28002
8;2022-01;0.5624242424242424;28002
9;2023-01;0.6694949494949495;28002
10;2024-01;0.7244949494949495;28002
0;2014-01;0.725;28005
1;2015-01;0.875;28005
2;2016-01;0.74;28005
3;2017-01;0.5666666666666667;28005
4;2018-01;0.64;28005
5;2019-01;0.6833333333333333;28005
6;2020-01;0.6966666666666667;28005
7;2021-01;0.6910714285714286;28005
8;2022-01;0.6528571428571428;28005
9;2023-01;0.6880952380952381;28005
10;2024-01;0.7080952380952381;28005
0;2014-01;0.8361111111111111;28003
1;2015-01;0.6962121212121213;28003
2;2016-01;0.7272727272727273;28003
3;2017-01;0.7272727272727273;28003
4;2018-01;0.6553030303030303;28003
5;2019-01;0.7325757575757577;28003
6;2020-01;0.8104166666666667;28003
7;2021-01;0.6513354700854701;28003
8;2022-01;0.7014102564102564;28003
9;2023-01;0.7336752136752136;28003
10;2024-01;0.7246642246642246;28003
0;2014-01;0.59375;28004
1;2015-01;0.6944444444444444;28004
2;2016-01;0.7291666666666666;28004
3;2017-01;0.7429292929292929;28004
4;2018-01;0.6191919191919192;28004
5;2019-01;0.6816919191919192;28004
6;2020-01;0.6647727272727273;28004
7;2021-01;0.5936259143155695;28004
8;2022-01;0.5429347352838733;28004
9;2023-01;0.46364080289029574;28004
10;2024-01;0.5286908981635148;28004
0;2014-01;0.6875;17002
1;2015-01;0.7512820512820513;17002
2;2016-01;0.7471794871794872;17002
3;2017-01;0.7097435897435898;17002
4;2018-01;0.6351282051282052;17002
5;2019-01;0.5397435897435898;17002
6;2020-01;0.63;17002
7;2021-01;0.58;17002
8;2022-01;0.61;17002
9;2023-01;0.6849999999999999;17002
10;2024-01;0.71;17002
0;2014-01;0.6847863247863248;17005
1;2015-01;0.7767649344119932;17005
2;2016-01;0.7583957219251337;17005
3;2017-01;0.6719904931669637;17005
4;2018-01;0.6618894830659536;17005
5;2019-01;0.6183600713012478;17005
6;2020-01;0.64;17005
7;2021-01;0.6066666666666667;17005
8;2022-01;0.5867623604465709;17005
9;2023-01;0.6049561403508772;17005
10;2024-01;0.7897368421052631;17005
0;2014-01;0.7742857142857142;17001
1;2015-01;0.8361038961038961;17001
2;2016-01;0.8245887445887445;17001
3;2017-01;0.7483116883116884;17001
4;2018-01;0.6642857142857143;17001
5;2019-01;0.75;17001
6;2020-01;0.7;17001
7;2021-01;0.7933333333333333;17001
8;2022-01;0.7618840579710145;17001
9;2023-01;0.6611594202898551;17001
10;2024-01;0.6102239789196311;17001
0;2014-01;0.9;17003
1;2015-01;0.7814285714285714;17003
2;2016-01;0.5900000000000001;17003
3;2017-01;0.52;17003
4;2018-01;0.6333333333333334;17003
5;2019-01;0.6066666666666667;17003
6;2020-01;0.5166666666666667;17003
7;2021-01;0.875;17003
8;2022-01;0.875;17003
9;2023-01;0.9;17003
10;2024-01;0.85;17003
0;2014-01;0.7571428571428571;17004
1;2015-01;0.7312820512820514;17004
2;2016-01;0.5057692307692307;17004
3;2017-01;0.5484615384615384;17004
4;2018-01;0.6816239316239316;17004
5;2019-01;0.686025641025641;17004
6;2020-01;0.6733333333333333;17004
7;2021-01;0.4720634920634921;17004
8;2022-01;0.5944810744810745;17004
9;2023-01;0.6329160694378085;17004
10;2024-01;0.6893866576731027;17004
0;2014-01;0.5083333333333333;17007
1;2015-01;0.5440476190476191;17007
2;2016-01;0.5677489177489178;17007
3;2017-01;0.5290043290043289;17007
4;2018-01;0.5825757575757576;17007
5;2019-01;0.6295454545454545;17007
6;2020-01;0.6181818181818182;17007
7;2021-01;0.7572727272727272;17007
8;2022-01;0.665;17007
9;2023-01;0.6533333333333333;17007
10;2024-01;0.625;17007
0;2014-01;0.6701616787065703;17006
1;2015-01;0.7228951812154499;17006
2;2016-01;0.7288203049905178;17006
3;2017-01;0.7787582157794923;17006
4;2018-01;0.7783759502908439;17006
5;2019-01;0.8167517588794185;17006
6;2020-01;0.8145942945942946;17006
7;2021-01;0.8011265362989501;17006
8;2022-01;0.7384174446243412;17006
9;2023-01;0.6700424562493528;17006
10;2024-01;0.6811408225201329;17006
0;2014-01;0.6297619047619047;17008
1;2015-01;0.6642857142857143;17008
2;2016-01;0.72;17008
3;2017-01;0.6666666666666666;17008
4;2018-01;0.7214285714285714;17008
5;2019-01;0.7761904761904762;17008
6;2020-01;0.85;17008
7;2021-01;0.6916666666666667;17008
8;2022-01;0.725;17008
9;2023-01;0.6599999999999999;17008
10;2024-01;0.6083333333333333;17008
0;2014-01;0.734393994752051;27007
1;2015-01;0.702707361288597;27007
2;2016-01;0.6826503016434365;27007
3;2017-01;0.6359129047916233;27007
4;2018-01;0.6556828434723172;27007
5;2019-01;0.6004415852465388;27007
6;2020-01;0.6226852227056832;27007
7;2021-01;0.6173534645350502;27007
8;2022-01;0.6994443972653691;27007
9;2023-01;0.751741072457185;27007
10;2024-01;0.7454300262995915;27007
0;2014-01;0.5416666666666666;27004
1;2015-01;0.5583333333333333;27004
2;2016-01;0.7;27004
3;2017-01;0.7;27004
4;2018-01;0.5830952380952381;27004
5;2019-01;0.6347619047619047;27004
6;2020-01;0.7561904761904762;27004
7;2021-01;0.5089285714285714;27004
8;2022-01;0.5966666666666667;27004
9;2023-01;0.6347619047619047;27004
10;2024-01;0.7095238095238094;27004
0;2014-01;0.5526190476190476;27005
1;2015-01;0.6072222222222222;27005
2;2016-01;0.675;27005
3;2017-01;0.7027777777777777;27005
4;2018-01;0.7277777777777777;27005
5;2019-01;0.7436507936507937;27005
6;2020-01;0.8071428571428572;27005
7;2021-01;0.7422077922077922;27005
8;2022-01;0.7806998556998557;27005
9;2023-01;0.6348051948051948;27005
10;2024-01;0.6957575757575757;27005
0;2014-01;0.46885369532428356;27003
1;2015-01;0.5856643356643356;27003
2;2016-01;0.6617132867132868;27003
3;2017-01;0.521095571095571;27003
4;2018-01;0.5972319347319347;27003
5;2019-01;0.6867424242424243;27003
6;2020-01;0.7401515151515151;27003
7;2021-01;0.8561363636363637;27003
8;2022-01;0.802257053291536;27003
9;2023-01;0.852257053291536;27003
10;2024-01;0.7388456250343728;27003
0;2014-01;0.6557142857142857;27008
1;2015-01;0.7771428571428571;27008
2;2016-01;0.8457142857142858;27008
3;2017-01;0.6799999999999999;27008
4;2018-01;0.8914285714285715;27008
5;2019-01;0.8818045112781956;27008
6;2020-01;0.8093233082706768;27008
7;2021-01;0.7234085213032582;27008
8;2022-01;0.6774436090225564;27008
9;2023-01;0.5996658312447786;27008
10;2024-01;0.6031746031746031;27008
0;2014-01;0.5956043956043956;27006
1;2015-01;0.7002197802197803;27006
2;2016-01;0.6956043956043956;27006
3;2017-01;0.6575091575091575;27006
4;2018-01;0.5988095238095238;27006
5;2019-01;0.6052380952380952;27006
6;2020-01;0.6263492063492063;27006
7;2021-01;0.6394444444444444;27006
8;2022-01;0.6950000000000001;27006
9;2023-01;0.6724836601307189;27006
10;2024-01;0.7391503267973857;27006
0;2014-01;0.65;27010
1;2015-01;0.7466666666666667;27010
2;2016-01;0.6093939393939394;27010
3;2017-01;0.7342424242424241;27010
4;2018-01;0.5612121212121212;27010
5;2019-01;0.6278787878787878;27010
6;2020-01;0.6066666666666667;27010
7;2021-01;0.44666666666666666;27010
8;2022-01;0.58;27010
9;2023-01;0.74;27010
10;2024-01;0.7652525252525252;27010
0;2014-01;0.7794871794871795;27001
1;2015-01;0.8044537951499977;27001
2;2016-01;0.7931996447874268;27001
3;2017-01;0.787409932370828;27001
4;2018-01;0.748671741268416;27001
5;2019-01;0.7970882535636468;27001
6;2020-01;0.848162979913552;27001
7;2021-01;0.8397779022023142;27001
8;2022-01;0.8042095486944311;27001
9;2023-01;0.8063034358947012;27001
10;2024-01;0.7174017005763926;27001
0;2014-01;0.4446886446886447;27002
1;2015-01;0.5476190476190477;27002
2;2016-01;0.5349206349206349;27002
3;2017-01;0.611111111111111;27002
4;2018-01;0.6425396825396825;27002
5;2019-01;0.6774603174603174;27002
6;2020-01;0.806031746031746;27002
7;2021-01;0.7952380952380953;27002
8;2022-01;0.627089947089947;27002
9;2023-01;0.8187986305633365;27002
10;2024-01;0.7816557734204792;27002
0;2014-01;0.6111111111111112;27009
1;2015-01;0.6041666666666666;27009
2;2016-01;0.7016369047619048;27009
3;2017-01;0.7284226190476191;27009
4;2018-01;0.555573593073593;27009
5;2019-01;0.607034632034632;27009
6;2020-01;0.6576023976023977;27009
7;2021-01;0.6483216783216783;27009
8;2022-01;0.7429370629370629;27009
9;2023-01;0.8182905982905982;27009
10;2024-01;0.7704761904761905;27009
0;2014-01;0.8188024824484927;50003
1;2015-01;0.7714509246088193;50003
2;2016-01;0.7108636977058029;50003
3;2017-01;0.6562078272604588;50003
4;2018-01;0.6877125506072874;50003
5;2019-01;0.6470737080257204;50003
6;2020-01;0.7209239527076339;50003
7;2021-01;0.7742963867252293;50003
8;2022-01;0.7428749618502939;50003
9;2023-01;0.7671364206500733;50003
10;2024-01;0.7818177140133851;50003
0;2014-01;0.7858143834552213;50001
1;2015-01;0.7500125269406667;50001
2;2016-01;0.775905702825727;50001
3;2017-01;0.7557117806529028;50001
4;2018-01;0.7452939619700183;50001
5;2019-01;0.7455546813217614;50001
6;2020-01;0.8037655221241515;50001
7;2021-01;0.7562579311236028;50001
8;2022-01;0.7668850482581826;50001
9;2023-01;0.7509787206020543;50001
10;2024-01;0.7208901645771875;50001
0;2014-01;0.8166666666666667;50002
1;2015-01;0.825;50002
2;2016-01;0.7;50002
3;2017-01;0.6555555555555556;50002
4;2018-01;0.7777777777777778;50002
5;2019-01;0.8333333333333334;50002
6;2020-01;1.0;50002
7;2021-01;0.96;50002
8;2022-01;0.96;50002
9;2023-01;0.96;50002
10;2024-01;0.7333333333333334;50002
0;2014-01;0.8383699633699633;50004
1;2015-01;0.7696018893387315;50004
2;2016-01;0.762280701754386;50004
3;2017-01;0.6546992481203008;50004
4;2018-01;0.7336466165413534;50004
5;2019-01;0.764202172096909;50004
6;2020-01;0.7811904761904762;50004
7;2021-01;0.7853968253968253;50004
8;2022-01;0.8266666666666668;50004
9;2023-01;0.6808888888888889;50004
10;2024-01;0.6368888888888888;50004
0;2014-01;0.6835449735449736;51002
1;2015-01;0.728635953026197;51002
2;2016-01;0.7605626532455801;51002
3;2017-01;0.7255731141703431;51002
4;2018-01;0.7293839799948427;51002
5;2019-01;0.7629497287162398;51002
6;2020-01;0.78422921832264;51002
7;2021-01;0.8038914776692611;51002
8;2022-01;0.8480806340427302;51002
9;2023-01;0.884312742020682;51002
10;2024-01;0.8364062711644781;51002
0;2014-01;0.6833333333333333;51001
1;2015-01;0.5916666666666666;51001
2;2016-01;0.3611111111111111;51001
3;2017-01;0.6458333333333334;51001
4;2018-01;0.6416666666666666;51001
5;2019-01;0.7916666666666666;51001
6;2020-01;0.7333333333333333;51001
7;2021-01;0.6333333333333333;51001
8;2022-01;0.6371212121212121;51001
9;2023-01;0.6871212121212121;51001
10;2024-01;0.6150432900432901;51001
0;2014-01;0.5696969696969697;51013
1;2015-01;0.6482142857142857;51013
2;2016-01;0.6453174603174603;51013
3;2017-01;0.653015873015873;51013
4;2018-01;0.6675;51013
5;2019-01;0.6451666666666667;51013
6;2020-01;0.6838550724637681;51013
7;2021-01;0.7461870882740448;51013
8;2022-01;0.7873675889328063;51013
9;2023-01;0.7340938481808047;51013
10;2024-01;0.7184554575858924;51013
0;2014-01;0.8333333333333334;51004
1;2015-01;0.5;51004
2;2016-01;0.6333333333333333;51004
3;2017-01;0.5933333333333334;51004
4;2018-01;0.65;51004
5;2019-01;0.5875;51004
6;2020-01;0.7333333333333334;51004
7;2021-01;0.675;51004
8;2022-01;0.8125;51004
9;2023-01;0.8125;51004
10;2024-01;0.7833333333333333;51004
0;2014-01;0.4464285714285714;51008
1;2015-01;0.4821428571428571;51008
2;2016-01;0.375;51008
3;2017-01;0.5666666666666667;51008
4;2018-01;0.6;51008
5;2019-01;0.5333333333333333;51008
6;2020-01;0.5666666666666667;51008
7;2021-01;0.5833333333333333;51008
8;2022-01;0.6458333333333333;51008
9;2023-01;0.6541666666666667;51008
10;2024-01;0.5458333333333334;51008
0;2014-01;0.5079365079365079;51007
1;2015-01;0.5504761904761905;51007
2;2016-01;0.6361904761904762;51007
3;2017-01;0.7426190476190475;51007
4;2018-01;0.7633333333333333;51007
5;2019-01;0.6233333333333333;51007
6;2020-01;0.605;51007
7;2021-01;0.6466666666666667;51007
8;2022-01;0.7492307692307693;51007
9;2023-01;0.7373901098901099;51007
10;2024-01;0.7816208791208791;51007
0;2014-01;0.8928571428571428;51011
1;2015-01;0.8476190476190476;51011
2;2016-01;0.7142857142857142;51011
3;2017-01;0.8;51011
4;2018-01;0.7;51011
5;2019-01;0.6666666666666666;51011
6;2020-01;0.5625;51011
7;2021-01;0.5984848484848485;51011
8;2022-01;0.7007575757575757;51011
9;2023-01;0.7084924879042526;51011
10;2024-01;0.7314998726763433;51011
0;2014-01;0.8333333333333334;51010
1;2015-01;0.8392857142857143;51010
2;2016-01;0.8714285714285713;51010
3;2017-01;0.7928571428571429;51010
4;2018-01;0.8428571428571429;51010
5;2019-01;0.8428571428571429;51010
6;2020-01;0.8428571428571429;51010
7;2021-01;0.875;51010
8;2022-01;0.8;51010
9;2023-01;0.6875;51010
10;2024-01;0.4583333333333333;51010
0;2014-01;0.7083333333333333;51003
1;2015-01;0.8333333333333334;51003
2;2016-01;0.8055555555555555;51003
3;2017-01;0.6944444444444443;51003
4;2018-01;0.5833333333333334;51003
5;2019-01;0.6944444444444443;51003
6;2020-01;0.7777777777777778;51003
7;2021-01;0.7777777777777778;51003
8;2022-01;0.9166666666666666;51003
9;2023-01;0.9166666666666666;51003
10;2024-01;0.7777777777777777;51003
0;2014-01;0.65;51015
1;2015-01;0.775;51015
2;2016-01;0.72;51015
3;2017-01;0.82;51015
4;2018-01;0.86;51015
5;2019-01;0.8333333333333334;51015
6;2020-01;0.8333333333333334;51015
7;2021-01;0.75;51015
8;2022-01;0.6666666666666666;51015
9;2023-01;0.575;51015
10;2024-01;0.6599999999999999;51015
0;2014-01;1.0;51016
1;2015-01;1.0;51016
2;2016-01;1.0;51016
3;2017-01;1.0;51016
4;2018-01;1.0;51016
5;2019-01;1.0;51016
6;2020-01;1.0;51016
7;2021-01;0.9375;51016
8;2022-01;1.0;51016
9;2023-01;1.0;51016
10;2024-01;0.95;51016
0;2014-01;0.7178787878787879;51014
1;2015-01;0.7322552447552447;51014
2;2016-01;0.7533799533799533;51014
3;2017-01;0.621095571095571;51014
4;2018-01;0.6981684981684981;51014
5;2019-01;0.666910866910867;51014
6;2020-01;0.6628851540616246;51014
7;2021-01;0.8238790089679282;51014
8;2022-01;0.8164267257290513;51014
9;2023-01;0.7244446615855644;51014
10;2024-01;0.7237322275587252;51014
0;2014-01;0.8888888888888888;51009
1;2015-01;0.8888888888888888;51009
2;2016-01;1.0;51009
3;2017-01;0.8333333333333333;51009
4;2018-01;0.75;51009
5;2019-01;0.5625;51009
6;2020-01;0.6666666666666666;51009
7;2021-01;0.75;51009
8;2022-01;0.5625;51009
9;2023-01;0.8333333333333334;51009
10;2024-01;0.75;51009
0;2014-01;0.8033333333333333;51005
1;2015-01;0.8833333333333332;51005
2;2016-01;0.625;51005
3;2017-01;0.6458333333333334;51005
4;2018-01;0.5833333333333334;51005
5;2019-01;0.58;51005
6;2020-01;0.6599999999999999;51005
7;2021-01;0.5666666666666667;51005
8;2022-01;0.6977777777777778;51005
9;2023-01;0.6911111111111111;51005
10;2024-01;0.6572222222222223;51005
0;2014-01;0.825;51006
1;2015-01;0.86;51006
2;2016-01;0.61;51006
3;2017-01;0.52;51006
4;2018-01;0.71;51006
5;2019-01;0.8125;51006
6;2020-01;0.85;51006
7;2021-01;0.8261904761904763;51006
8;2022-01;0.7047619047619047;51006
9;2023-01;0.5908963585434174;51006
10;2024-01;0.6173669467787115;51006
0;2014-01;0.8166666666666667;51012
1;2015-01;0.7666666666666666;51012
2;2016-01;0.7916666666666666;51012
3;2017-01;0.625;51012
4;2018-01;0.7222222222222222;51012
5;2019-01;0.7291666666666666;51012
6;2020-01;0.6388888888888888;51012
7;2021-01;0.5277777777777778;51012
8;2022-01;0.7767857142857143;51012
9;2023-01;0.47619047619047616;51012
10;2024-01;0.5699404761904762;51012
0;2014-01;0.5678571428571428;25010
1;2015-01;0.5438095238095239;25010
2;2016-01;0.6209523809523809;25010
3;2017-01;0.6571428571428571;25010
4;2018-01;0.6952380952380952;25010
5;2019-01;0.7952380952380953;25010
6;2020-01;0.8333333333333334;25010
7;2021-01;0.875;25010
8;2022-01;0.7678571428571428;25010
9;2023-01;0.8142857142857143;25010
10;2024-01;0.6957142857142857;25010
0;2014-01;0.7427063680980034;25001
1;2015-01;0.7839066615544297;25001
2;2016-01;0.7920213679579601;25001
3;2017-01;0.7881841895456905;25001
4;2018-01;0.7899718211451124;25001
5;2019-01;0.7703885935031076;25001
6;2020-01;0.7851512977542677;25001
7;2021-01;0.7793469579516091;25001
8;2022-01;0.765862354699564;25001
9;2023-01;0.7826414283391028;25001
10;2024-01;0.7669670933183363;25001
0;2014-01;0.5272727272727272;25015
1;2015-01;0.6272727272727272;25015
2;2016-01;0.6787878787878788;25015
3;2017-01;0.5934731934731934;25015
4;2018-01;0.611451048951049;25015
5;2019-01;0.7932692307692308;25015
6;2020-01;0.7862470862470863;25015
7;2021-01;0.635944055944056;25015
8;2022-01;0.7493506493506493;25015
9;2023-01;0.818961038961039;25015
10;2024-01;0.7336219336219336;25015
0;2014-01;0.5266317016317016;25002
1;2015-01;0.632068931068931;25002
2;2016-01;0.6738986013986014;25002
3;2017-01;0.5931398601398602;25002
4;2018-01;0.5305384615384615;25002
5;2019-01;0.5301538461538462;25002
6;2020-01;0.5432967032967033;25002
7;2021-01;0.5975274725274725;25002
8;2022-01;0.5754822954822955;25002
9;2023-01;0.6187301587301587;25002
10;2024-01;0.6622222222222222;25002
0;2014-01;0.4091666666666667;25003
1;2015-01;0.4883333333333333;25003
2;2016-01;0.48250000000000004;25003
3;2017-01;0.6311111111111111;25003
4;2018-01;0.5666666666666667;25003
5;2019-01;0.4822222222222222;25003
6;2020-01;0.4587878787878788;25003
7;2021-01;0.5002020202020202;25003
8;2022-01;0.5724242424242425;25003
9;2023-01;0.6742424242424242;25003
10;2024-01;0.6727272727272727;25003
0;2014-01;0.6021428571428571;25009
1;2015-01;0.5817582417582418;25009
2;2016-01;0.5752564102564103;25009
3;2017-01;0.6091025641025641;25009
4;2018-01;0.602051282051282;25009
5;2019-01;0.6584615384615384;25009
6;2020-01;0.7059207459207459;25009
7;2021-01;0.7086779886779887;25009
8;2022-01;0.7152580752580753;25009
9;2023-01;0.8044688644688645;25009
10;2024-01;0.7398809523809524;25009
0;2014-01;0.8399223309093697;25016
1;2015-01;0.7857838140589886;25016
2;2016-01;0.8003839297956945;25016
3;2017-01;0.7688464476699771;25016
4;2018-01;0.8091125541125541;25016
5;2019-01;0.7614285714285713;25016
6;2020-01;0.7504906204906205;25016
7;2021-01;0.825945165945166;25016
8;2022-01;0.8284920634920635;25016
9;2023-01;0.8615584415584415;25016
10;2024-01;0.7703896103896104;25016
0;2014-01;0.775;25008
1;2015-01;0.5900000000000001;25008
2;2016-01;0.515;25008
3;2017-01;0.4666666666666667;25008
4;2018-01;0.6333333333333334;25008
5;2019-01;0.6711111111111111;25008
6;2020-01;0.7627777777777778;25008
7;2021-01;0.7533333333333333;25008
8;2022-01;0.7777777777777778;25008
9;2023-01;0.8333333333333333;25008
10;2024-01;0.8111111111111111;25008
0;2014-01;0.8333333333333333;25004
1;2015-01;0.75;25004
2;2016-01;0.5700000000000001;25004
3;2017-01;0.53;25004
4;2018-01;0.58;25004
5;2019-01;0.5833333333333333;25004
6;2020-01;0.61;25004
7;2021-01;0.58;25004
8;2022-01;0.5561904761904761;25004
9;2023-01;0.6761904761904762;25004
10;2024-01;0.680952380952381;25004
0;2014-01;0.6824175824175824;25007
1;2015-01;0.7718912666281087;25007
2;2016-01;0.7747689737163421;25007
3;2017-01;0.6063427800269905;25007
4;2018-01;0.5595051731893836;25007
5;2019-01;0.6302744039586144;25007
6;2020-01;0.6229059829059829;25007
7;2021-01;0.7734615384615384;25007
8;2022-01;0.7763186813186813;25007
9;2023-01;0.8063186813186813;25007
10;2024-01;0.7511904761904762;25007
0;2014-01;0.8888888888888888;25011
1;2015-01;0.7916666666666666;25011
2;2016-01;0.7291666666666666;25011
3;2017-01;0.553968253968254;25011
4;2018-01;0.7142857142857142;25011
5;2019-01;0.7428571428571429;25011
6;2020-01;0.7583333333333333;25011
7;2021-01;0.8;25011
8;2022-01;0.6666666666666667;25011
9;2023-01;0.7708333333333334;25011
10;2024-01;0.6833333333333333;25011
0;2014-01;0.4861111111111111;25012
1;2015-01;0.47953216374269003;25012
2;2016-01;0.4677299308878256;25012
3;2017-01;0.535573782942204;25012
4;2018-01;0.45918204602415125;25012
5;2019-01;0.5376708817498291;25012
6;2020-01;0.5970779220779221;25012
7;2021-01;0.45404761904761903;25012
8;2022-01;0.5708333333333333;25012
9;2023-01;0.5739285714285713;25012
10;2024-01;0.642056277056277;25012
0;2014-01;0.771969696969697;25014
1;2015-01;0.682034632034632;25014
2;2016-01;0.6623376623376623;25014
3;2017-01;0.5788311688311689;25014
4;2018-01;0.5957076257076257;25014
5;2019-01;0.6028937728937729;25014
6;2020-01;0.6464102564102564;25014
7;2021-01;0.44435897435897437;25014
8;2022-01;0.617948717948718;25014
9;2023-01;0.6536363636363636;25014
10;2024-01;0.6194949494949495;25014
0;2014-01;0.5916666666666666;25005
1;2015-01;0.5833333333333333;25005
2;2016-01;0.5016666666666667;25005
3;2017-01;0.61875;25005
4;2018-01;0.58125;25005
5;2019-01;0.6847222222222222;25005
6;2020-01;0.6569444444444444;25005
7;2021-01;0.6533333333333333;25005
8;2022-01;0.6611111111111111;25005
9;2023-01;0.663888888888889;25005
10;2024-01;0.6787878787878788;25005
0;2014-01;0.5971491228070176;25006
1;2015-01;0.6238157894736842;25006
2;2016-01;0.64;25006
3;2017-01;0.5220098039215687;25006
4;2018-01;0.521218487394958;25006
5;2019-01;0.5293401805166511;25006
6;2020-01;0.44373171490818547;25006
7;2021-01;0.5185807656395891;25006
8;2022-01;0.5230314347961407;25006
9;2023-01;0.5752505446623094;25006
10;2024-01;0.6664332399626517;25006
0;2014-01;0.7291666666666666;25013
1;2015-01;0.6833333333333333;25013
2;2016-01;0.725;25013
3;2017-01;0.625;25013
4;2018-01;0.7;25013
5;2019-01;0.8183333333333334;25013
6;2020-01;0.6583333333333333;25013
7;2021-01;0.43333333333333335;25013
8;2022-01;0.5066666666666666;25013
9;2023-01;0.7033333333333334;25013
10;2024-01;0.6333333333333333;25013
0;2014-01;0.9114285714285714;35091
1;2015-01;0.8903174603174604;35091
2;2016-01;0.8099999999999999;35091
3;2017-01;0.7777777777777778;35091
4;2018-01;0.8111111111111111;35091
5;2019-01;0.8111111111111111;35091
6;2020-01;0.78;35091
7;2021-01;0.7628571428571428;35091
8;2022-01;0.6923809523809524;35091
9;2023-01;0.6857142857142857;35091
10;2024-01;0.6504761904761904;35091
0;2014-01;0.95;35156
1;2015-01;0.96;35156
2;2016-01;0.9199999999999999;35156
3;2017-01;0.9266666666666665;35156
4;2018-01;0.7766666666666666;35156
5;2019-01;0.8266666666666668;35156
6;2020-01;0.8666666666666666;35156
7;2021-01;0.8047619047619048;35156
8;2022-01;0.7214285714285714;35156
9;2023-01;0.588095238095238;35156
10;2024-01;0.6166666666666667;35156
0;2014-01;0.9134502923976608;35142
1;2015-01;0.8587605377079062;35142
2;2016-01;0.8550649350649351;35142
3;2017-01;0.8880952380952382;35142
4;2018-01;0.9580952380952381;35142
5;2019-01;0.9866666666666667;35142
6;2020-01;0.9447619047619048;35142
7;2021-01;0.8361904761904763;35142
8;2022-01;0.8152380952380952;35142
9;2023-01;0.8416666666666666;35142
10;2024-01;0.7508658008658008;35142
0;2014-01;0.8388888888888889;35074
1;2015-01;0.8222222222222222;35074
2;2016-01;0.7755555555555556;35074
3;2017-01;0.7722222222222223;35074
4;2018-01;0.6837121212121212;35074
5;2019-01;0.6439393939393939;35074
6;2020-01;0.7859848484848485;35074
7;2021-01;0.7839015151515152;35074
8;2022-01;0.6840909090909091;35074
9;2023-01;0.734375;35074
10;2024-01;0.43;35074
0;2014-01;0.7691619730329408;35062
1;2015-01;0.8384469343292873;35062
2;2016-01;0.8023579987550576;35062
3;2017-01;0.8098899406505897;35062
4;2018-01;0.834987322515213;35062
5;2019-01;0.8455074374577418;35062
6;2020-01;0.8477416003536693;35062
7;2021-01;0.7900822281167109;35062
8;2022-01;0.7566174636174636;35062
9;2023-01;0.7778711018711019;35062
10;2024-01;0.7367463617463617;35062
0;2014-01;0.6971626199887069;35051
1;2015-01;0.6990519480519481;35051
2;2016-01;0.6978701298701299;35051
3;2017-01;0.7025108225108225;35051
4;2018-01;0.6984522144522145;35051
5;2019-01;0.7175100193923724;35051
6;2020-01;0.7750786468433527;35051
7;2021-01;0.8882654600301659;35051
8;2022-01;0.7507899943194061;35051
9;2023-01;0.656121721415839;35051
10;2024-01;0.7222799422799422;35051
0;2014-01;0.7426923076923078;35133
1;2015-01;0.835;35133
2;2016-01;0.835;35133
3;2017-01;0.9099999999999999;35133
4;2018-01;0.9266666666666667;35133
5;2019-01;0.8666666666666666;35133
6;2020-01;0.8151515151515152;35133
7;2021-01;0.7665800865800866;35133
8;2022-01;0.7761038961038962;35133
9;2023-01;0.8761038961038962;35133
10;2024-01;0.8903896103896104;35133
0;2014-01;0.886969696969697;35157
1;2015-01;0.8969696969696971;35157
2;2016-01;0.7666666666666666;35157
3;2017-01;0.8300000000000001;35157
4;2018-01;0.7976190476190477;35157
5;2019-01;0.8476190476190476;35157
6;2020-01;0.7476190476190476;35157
7;2021-01;0.7398809523809524;35157
8;2022-01;0.6813186813186813;35157
9;2023-01;0.6047688422688423;35157
10;2024-01;0.6758799533799534;35157
0;2014-01;0.7304186032785918;35112
1;2015-01;0.7361524500907441;35112
2;2016-01;0.7387295825771325;35112
3;2017-01;0.6888798920377868;35112
4;2018-01;0.6958974358974359;35112
5;2019-01;0.7577777777777778;35112
6;2020-01;0.8346153846153846;35112
7;2021-01;0.814980364980365;35112
8;2022-01;0.773063273063273;35112
9;2023-01;0.7109966808080015;35112
10;2024-01;0.6851116669110227;35112
0;2014-01;0.7749884201819686;35093
1;2015-01;0.7794342431761787;35093
2;2016-01;0.7856915240955988;35093
3;2017-01;0.823157587444015;35093
4;2018-01;0.8398731299660092;35093
5;2019-01;0.8852172595206651;35093
6;2020-01;0.8301388497982926;35093
7;2021-01;0.8233511586452764;35093
8;2022-01;0.82602495543672;35093
9;2023-01;0.7950623885918005;35093
10;2024-01;0.7365329768270945;35093
0;2014-01;0.7607397396481638;35072
1;2015-01;0.7692084299387669;35072
2;2016-01;0.7486166456818812;35072
3;2017-01;0.7826220987839566;35072
4;2018-01;0.7829909377071449;35072
5;2019-01;0.7598924528184109;35072
6;2020-01;0.7712495670846329;35072
7;2021-01;0.7792150466476806;35072
8;2022-01;0.7634948313064465;35072
9;2023-01;0.7486896396432078;35072
10;2024-01;0.733447007560963;35072
0;2014-01;0.8460139462697007;35031
1;2015-01;0.8337714573008691;35031
2;2016-01;0.7872635207929326;35031
3;2017-01;0.7140336134453782;35031
4;2018-01;0.7495238095238095;35031
5;2019-01;0.800952380952381;35031
6;2020-01;0.7091774891774891;35031
7;2021-01;0.7640805571240353;35031
8;2022-01;0.762051571616789;35031
9;2023-01;0.706019825585043;35031
10;2024-01;0.6557897818767384;35031
0;2014-01;0.8205042016806722;35022
1;2015-01;0.7416195569136745;35022
2;2016-01;0.7623693953105718;35022
3;2017-01;0.7120979020979021;35022
4;2018-01;0.6567132867132868;35022
5;2019-01;0.5764102564102564;35022
6;2020-01;0.6685897435897437;35022
7;2021-01;0.760897435897436;35022
8;2022-01;0.8512820512820513;35022
9;2023-01;0.891941391941392;35022
10;2024-01;0.7622710622710622;35022
0;2014-01;0.8347058823529412;35172
1;2015-01;0.7967672858617132;35172
2;2016-01;0.852936876504988;35172
3;2017-01;0.797312521499828;35172
4;2018-01;0.6911423354767008;35172
5;2019-01;0.7173009446693657;35172
6;2020-01;0.7816284300494827;35172
7;2021-01;0.7999325236167342;35172
8;2022-01;0.7702790938065294;35172
9;2023-01;0.7800181768018566;35172
10;2024-01;0.7647579401788468;35172
0;2014-01;0.6904761904761905;35153
1;2015-01;0.7321428571428572;35153
2;2016-01;0.7748015873015872;35153
3;2017-01;0.6875;35153
4;2018-01;0.6416666666666667;35153
5;2019-01;0.5755555555555556;35153
6;2020-01;0.6533333333333333;35153
7;2021-01;0.8033333333333333;35153
8;2022-01;0.7733333333333333;35153
9;2023-01;0.7114285714285714;35153
10;2024-01;0.7842857142857143;35153
0;2014-01;0.7361904761904762;35162
1;2015-01;0.7542857142857142;35162
2;2016-01;0.7836363636363636;35162
3;2017-01;0.8350649350649351;35162
4;2018-01;0.8493506493506494;35162
5;2019-01;0.860064935064935;35162
6;2020-01;0.7553030303030303;35162
7;2021-01;0.725;35162
8;2022-01;0.8230392156862745;35162
9;2023-01;0.6644419306184013;35162
10;2024-01;0.7213259885894157;35162
0;2014-01;0.7239281299271652;35163
1;2015-01;0.7675130139963195;35163
2;2016-01;0.7600990425259038;35163
3;2017-01;0.8019448484862313;35163
4;2018-01;0.8257679366380437;35163
5;2019-01;0.7529985044865404;35163
6;2020-01;0.7079250888462875;35163
7;2021-01;0.701175513883803;35163
8;2022-01;0.7100293265493605;35163
9;2023-01;0.7169741858710093;35163
10;2024-01;0.7803387246559619;35163
0;2014-01;0.7571940314587373;35021
1;2015-01;0.7139939309056956;35021
2;2016-01;0.7119514472455648;35021
3;2017-01;0.786025521319639;35021
4;2018-01;0.7583877995642702;35021
5;2019-01;0.8148148148148149;35021
6;2020-01;0.825925925925926;35021
7;2021-01;0.8800000000000001;35021
8;2022-01;0.7971794871794872;35021
9;2023-01;0.6787948717948717;35021
10;2024-01;0.6823589743589744;35021
0;2014-01;0.7250000000000001;35083
1;2015-01;0.8400000000000001;35083
2;2016-01;0.7666666666666667;35083
3;2017-01;0.7333333333333333;35083
4;2018-01;0.6921212121212121;35083
5;2019-01;0.7835497835497836;35083
6;2020-01;0.754978354978355;35083
7;2021-01;0.7284632034632035;35083
8;2022-01;0.6605844155844156;35083
9;2023-01;0.737063492063492;35083
10;2024-01;0.7755555555555556;35083
0;2014-01;0.8835259717922256;35101
1;2015-01;0.8451461988304093;35101
2;2016-01;0.8429824561403508;35101
3;2017-01;0.7591228070175439;35101
4;2018-01;0.8263157894736842;35101
5;2019-01;0.7714035087719299;35101
6;2020-01;0.8233333333333335;35101
7;2021-01;0.8533333333333333;35101
8;2022-01;0.8025;35101
9;2023-01;0.737948717948718;35101
10;2024-01;0.6018648018648018;35101
0;2014-01;0.6942862005430311;35011
1;2015-01;0.712289903983893;35011
2;2016-01;0.6630385609009846;35011
3;2017-01;0.7010135108174324;35011
4;2018-01;0.7466106123361025;35011
5;2019-01;0.7481266968325792;35011
6;2020-01;0.7056640335404044;35011
7;2021-01;0.6556029640017675;35011
8;2022-01;0.6797680885913687;35011
9;2023-01;0.5428526151482284;35011
10;2024-01;0.5638687953134242;35011
0;2014-01;0.8347222222222221;35092
1;2015-01;0.8944444444444445;35092
2;2016-01;1.0;35092
3;2017-01;1.0;35092
4;2018-01;0.9246153846153845;35092
5;2019-01;0.8996153846153845;35092
6;2020-01;0.8313461538461538;35092
7;2021-01;0.7867307692307692;35092
8;2022-01;0.7925226244343891;35092
9;2023-01;0.7265196078431373;35092
10;2024-01;0.7340196078431372;35092
0;2014-01;0.7074465008675535;35071
1;2015-01;0.7569201850780798;35071
2;2016-01;0.7896520146520147;35071
3;2017-01;0.7178571428571429;35071
4;2018-01;0.7111801242236024;35071
5;2019-01;0.6966298668847395;35071
6;2020-01;0.8379151333424197;35071
7;2021-01;0.8398553969768363;35071
8;2022-01;0.7970517987759367;35071
9;2023-01;0.745191689869351;35071
10;2024-01;0.7892529925513434;35071
0;2014-01;0.8432467532467532;35061
1;2015-01;0.8488023088023088;35061
2;2016-01;0.8373737373737373;35061
3;2017-01;0.8529292929292929;35061
4;2018-01;0.8418181818181818;35061
5;2019-01;0.6728571428571428;35061
6;2020-01;0.7880952380952381;35061
7;2021-01;0.8183982683982685;35061
8;2022-01;0.7882251082251083;35061
9;2023-01;0.7672727272727272;35061
10;2024-01;0.7926508785332315;35061
0;2014-01;0.6007087323301413;35155
1;2015-01;0.6103041910210173;35155
2;2016-01;0.4872143738517403;35155
3;2017-01;0.49535138881804974;35155
4;2018-01;0.4684099395343302;35155
5;2019-01;0.6121176132513622;35155
6;2020-01;0.6462410459624283;35155
7;2021-01;0.7055854015042576;35155
8;2022-01;0.7300979630516152;35155
9;2023-01;0.6399324555999435;35155
10;2024-01;0.6335001186491749;35155
0;2014-01;0.7252450980392157;35023
1;2015-01;0.7660714285714285;35023
2;2016-01;0.7577380952380952;35023
3;2017-01;0.7958333333333334;35023
4;2018-01;0.8720238095238095;35023
5;2019-01;0.8787545787545789;35023
6;2020-01;0.8871794871794872;35023
7;2021-01;0.9051282051282051;35023
8;2022-01;0.8384615384615385;35023
9;2023-01;0.7160593792172739;35023
10;2024-01;0.6485964912280702;35023
0;2014-01;0.805952380952381;35064
1;2015-01;0.7716666666666667;35064
2;2016-01;0.7768253968253969;35064
3;2017-01;0.8323809523809524;35064
4;2018-01;0.9157142857142857;35064
5;2019-01;0.8666666666666666;35064
6;2020-01;0.85;35064
7;2021-01;0.8289915966386555;35064
8;2022-01;0.807843137254902;35064
9;2023-01;0.7185128596893302;35064
10;2024-01;0.7693786605551312;35064
0;2014-01;0.813901098901099;35121
1;2015-01;0.8185714285714285;35121
2;2016-01;0.8078571428571429;35121
3;2017-01;0.7242857142857143;35121
4;2018-01;0.6090476190476191;35121
5;2019-01;0.5538095238095238;35121
6;2020-01;0.6575;35121
7;2021-01;0.7241666666666667;35121
8;2022-01;0.7133333333333334;35121
9;2023-01;0.782457264957265;35121
10;2024-01;0.6724786324786325;35121
0;2014-01;0.8785087719298247;35131
1;2015-01;0.9016666666666667;35131
2;2016-01;0.915952380952381;35131
3;2017-01;0.8904761904761905;35131
4;2018-01;0.8322344322344323;35131
5;2019-01;0.8655677655677655;35131
6;2020-01;0.8655677655677655;35131
7;2021-01;0.8456043956043956;35131
8;2022-01;0.8148684648684649;35131
9;2023-01;0.7822177822177822;35131
10;2024-01;0.785210766245249;35131
0;2014-01;0.7441889541204609;35014
1;2015-01;0.77921768707483;35014
2;2016-01;0.6739795918367347;35014
3;2017-01;0.7031275432547448;35014
4;2018-01;0.7605926754263349;35014
5;2019-01;0.7081994532973006;35014
6;2020-01;0.7266186748672071;35014
7;2021-01;0.7240476464558425;35014
8;2022-01;0.664068406240384;35014
9;2023-01;0.6157414020909016;35014
10;2024-01;0.5896349163508275;35014
0;2014-01;0.9092307692307692;35095
1;2015-01;0.897008547008547;35095
2;2016-01;0.9192307692307692;35095
3;2017-01;0.8025641025641026;35095
4;2018-01;0.861111111111111;35095
5;2019-01;0.8111111111111111;35095
6;2020-01;0.9111111111111111;35095
7;2021-01;0.861111111111111;35095
8;2022-01;0.9166666666666666;35095
9;2023-01;0.95;35095
10;2024-01;0.9166666666666666;35095
0;2014-01;0.7879464285714286;35052
1;2015-01;0.7433035714285714;35052
2;2016-01;0.7232142857142857;35052
3;2017-01;0.6885714285714286;35052
4;2018-01;0.7076190476190476;35052
5;2019-01;0.7933333333333333;35052
6;2020-01;0.7933333333333333;35052
7;2021-01;0.7433333333333334;35052
8;2022-01;0.6102564102564102;35052
9;2023-01;0.7256410256410256;35052
10;2024-01;0.8076923076923077;35052
0;2014-01;0.7863843385642345;35041
1;2015-01;0.8018168596520668;35041
2;2016-01;0.7520997108358363;35041
3;2017-01;0.7636342672662285;35041
4;2018-01;0.7701735270379337;35041
5;2019-01;0.7622252968984204;35041
6;2020-01;0.8029678848283499;35041
7;2021-01;0.7985165609584215;35041
8;2022-01;0.8319243320491193;35041
9;2023-01;0.7507375175873474;35041
10;2024-01;0.7558935370930716;35041
0;2014-01;0.85;35032
1;2015-01;0.7849999999999999;35032
2;2016-01;0.735;35032
3;2017-01;0.9099999999999999;35032
4;2018-01;0.8433333333333334;35032
5;2019-01;0.76;35032
6;2020-01;0.7433333333333334;35032
7;2021-01;0.7333333333333333;35032
8;2022-01;0.8666666666666666;35032
9;2023-01;0.7309523809523809;35032
10;2024-01;0.7023809523809523;35032
0;2014-01;0.7539529914529914;35063
1;2015-01;0.7678058053058053;35063
2;2016-01;0.8290445665445665;35063
3;2017-01;0.7411477411477412;35063
4;2018-01;0.7802829354553492;35063
5;2019-01;0.6419950738916256;35063
6;2020-01;0.695088170200614;35063
7;2021-01;0.6776718783465411;35063
8;2022-01;0.5756221889055472;35063
9;2023-01;0.5268228872576699;35063
10;2024-01;0.5549934123847168;35063
0;2014-01;0.8731832532344042;35073
1;2015-01;0.8621794611564433;35073
2;2016-01;0.8476756737626303;35073
3;2017-01;0.7757463148767496;35073
4;2018-01;0.7258639910813823;35073
5;2019-01;0.7123374210330733;35073
6;2020-01;0.565244642635947;35073
7;2021-01;0.646388313779618;35073
8;2022-01;0.6812284334023465;35073
9;2023-01;0.6896555618294749;35073
10;2024-01;0.7198516845473367;35073
0;2014-01;0.7956963615233328;35171
1;2015-01;0.7975048755999945;35171
2;2016-01;0.7090269246814929;35171
3;2017-01;0.754291699122738;35171
4;2018-01;0.7450713680408694;35171
5;2019-01;0.7594687046699431;35171
6;2020-01;0.6726982390182028;35171
7;2021-01;0.633285460843119;35171
8;2022-01;0.6782894416838828;35171
9;2023-01;0.7242071519335234;35171
10;2024-01;0.7311128889556708;35171
0;2014-01;0.794469696969697;35143
1;2015-01;0.8121212121212121;35143
2;2016-01;0.8387878787878786;35143
3;2017-01;0.8436363636363637;35143
4;2018-01;0.8519696969696969;35143
5;2019-01;0.8119696969696969;35143
6;2020-01;0.8586363636363636;35143
7;2021-01;0.8622727272727273;35143
8;2022-01;0.8778571428571429;35143
9;2023-01;0.8892857142857142;35143
10;2024-01;0.8456349206349205;35143
0;2014-01;0.8428571428571429;35065
1;2015-01;0.9428571428571428;35065
2;2016-01;0.8928571428571429;35065
3;2017-01;0.7119047619047618;35065
4;2018-01;0.6619047619047619;35065
5;2019-01;0.7488095238095238;35065
6;2020-01;0.7031684981684981;35065
7;2021-01;0.5925624375624375;35065
8;2022-01;0.5955594405594405;35065
9;2023-01;0.49644876862268167;35065
10;2024-01;0.566116080715623;35065
0;2014-01;0.6839426523297492;35012
1;2015-01;0.6717035631456885;35012
2;2016-01;0.6795192915876027;35012
3;2017-01;0.7603605313092979;35012
4;2018-01;0.7908403361344538;35012
5;2019-01;0.8458403361344538;35012
6;2020-01;0.832330827067669;35012
7;2021-01;0.7961278195488722;35012
8;2022-01;0.7146356275303644;35012
9;2023-01;0.6717894736842105;35012
10;2024-01;0.607244493240925;35012
0;2014-01;0.8024548708372239;35174
1;2015-01;0.8282057267351386;35174
2;2016-01;0.8276212757830406;35174
3;2017-01;0.7953208556149732;35174
4;2018-01;0.7648223834988541;35174
5;2019-01;0.7605457042957042;35174
6;2020-01;0.7832038332038331;35174
7;2021-01;0.801667637917638;35174
8;2022-01;0.7641617963357094;35174
9;2023-01;0.8481179424913441;35174
10;2024-01;0.8112627769597079;35174
0;2014-01;0.8186036838978016;35161
1;2015-01;0.8164646464646464;35161
2;2016-01;0.8102253302253303;35161
3;2017-01;0.7848063048063049;35161
4;2018-01;0.72998112998113;35161
5;2019-01;0.7590964590964591;35161
6;2020-01;0.7132201132201132;35161
7;2021-01;0.8065667665667666;35161
8;2022-01;0.7878504104591062;35161
9;2023-01;0.7230831522666094;35161
10;2024-01;0.7092270119417521;35161
0;2014-01;0.8527316017316018;35103
1;2015-01;0.8195873015873015;35103
2;2016-01;0.7995396825396826;35103
3;2017-01;0.8080158730158731;35103
4;2018-01;0.8869206349206349;35103
5;2019-01;0.8779999999999999;35103
6;2020-01;0.8429639249639249;35103
7;2021-01;0.8454891774891775;35103
8;2022-01;0.7791536482840831;35103
9;2023-01;0.6856625258799172;35103
10;2024-01;0.6870050620622703;35103
0;2014-01;0.8775641025641026;35173
1;2015-01;0.8967948717948717;35173
2;2016-01;0.8595238095238095;35173
3;2017-01;0.7953296703296704;35173
4;2018-01;0.7395604395604396;35173
5;2019-01;0.7127472527472527;35173
6;2020-01;0.7905769230769231;35173
7;2021-01;0.7721428571428571;35173
8;2022-01;0.7564130434782609;35173
9;2023-01;0.8097515527950311;35173
10;2024-01;0.8668944099378881;35173
0;2014-01;0.8156818181818182;35151
1;2015-01;0.7452392344497607;35151
2;2016-01;0.73751012145749;35151
3;2017-01;0.7288660900503006;35151
4;2018-01;0.7448472580051527;35151
5;2019-01;0.7374015458225985;35151
6;2020-01;0.6868202385849445;35151
7;2021-01;0.7804693005204515;35151
8;2022-01;0.7600137713948456;35151
9;2023-01;0.733250923557829;35151
10;2024-01;0.7447824733758237;35151
0;2014-01;0.7445454545454545;35102
1;2015-01;0.7881818181818182;35102
2;2016-01;0.6942424242424242;35102
3;2017-01;0.74995670995671;35102
4;2018-01;0.7279516974253817;35102
5;2019-01;0.726516290726817;35102
6;2020-01;0.7788972431077694;35102
7;2021-01;0.785957682668209;35102
8;2022-01;0.7612113477674118;35102
9;2023-01;0.7102802994107342;35102
10;2024-01;0.6839054785793917;35102
0;2014-01;0.6177846790890269;35013
1;2015-01;0.6351785714285715;35013
2;2016-01;0.5816447368421053;35013
3;2017-01;0.6183208020050126;35013
4;2018-01;0.6897086466165414;35013
5;2019-01;0.7226992481203007;35013
6;2020-01;0.7546942355889724;35013
7;2021-01;0.641391186299081;35013
8;2022-01;0.6401311544991511;35013
9;2023-01;0.5757525323359826;35013
10;2024-01;0.5736219707394137;35013
0;2014-01;0.7401038961038962;35034
1;2015-01;0.7084025974025974;35034
2;2016-01;0.7383116883116883;35034
3;2017-01;0.7622108479755538;35034
4;2018-01;0.7896131132294816;35034
5;2019-01;0.7866869958685816;35034
6;2020-01;0.7957262042684038;35034
7;2021-01;0.8384466740988479;35034
8;2022-01;0.8264122985862116;35034
9;2023-01;0.8727330044977103;35034
10;2024-01;0.8684797522612648;35034
0;2014-01;0.7278326684262094;35015
1;2015-01;0.7458763350881881;35015
2;2016-01;0.669016534931964;35015
3;2017-01;0.6500678333075006;35015
4;2018-01;0.6864661742345786;35015
5;2019-01;0.7305825465029756;35015
6;2020-01;0.7053477396841901;35015
7;2021-01;0.7527221522878927;35015
8;2022-01;0.7381681976712529;35015
9;2023-01;0.7207467381304185;35015
10;2024-01;0.7142934408450629;35015
0;2014-01;0.7;35111
1;2015-01;0.6333333333333333;35111
2;2016-01;0.6333333333333333;35111
3;2017-01;0.7333333333333333;35111
4;2018-01;0.7833333333333333;35111
5;2019-01;0.8433333333333334;35111
6;2020-01;0.9099999999999999;35111
7;2021-01;0.8755555555555556;35111
8;2022-01;0.831111111111111;35111
9;2023-01;0.7911111111111111;35111
10;2024-01;0.8038461538461539;35111
0;2014-01;0.6293506493506493;35154
1;2015-01;0.7121789321789322;35154
2;2016-01;0.6965800865800865;35154
3;2017-01;0.716969696969697;35154
4;2018-01;0.7747474747474747;35154
5;2019-01;0.6553030303030303;35154
6;2020-01;0.696969696969697;35154
7;2021-01;0.771969696969697;35154
8;2022-01;0.7402777777777778;35154
9;2023-01;0.6068181818181818;35154
10;2024-01;0.6943181818181818;35154
0;2014-01;0.7964743589743589;35081
1;2015-01;0.8696886446886447;35081
2;2016-01;0.8727106227106226;35081
3;2017-01;0.8588217338217339;35081
4;2018-01;0.8630952380952381;35081
5;2019-01;0.8470238095238095;35081
6;2020-01;0.8136904761904763;35081
7;2021-01;0.7012698412698413;35081
8;2022-01;0.7135157041540021;35081
9;2023-01;0.6665552178318135;35081
10;2024-01;0.6690366430260047;35081
0;2014-01;0.8521367521367521;35082
1;2015-01;0.9;35082
2;2016-01;0.9262626262626263;35082
3;2017-01;0.9595959595959596;35082
4;2018-01;0.8718881118881118;35082
5;2019-01;0.7942812742812743;35082
6;2020-01;0.7126695526695526;35082
7;2021-01;0.7853968253968253;35082
8;2022-01;0.7365079365079366;35082
9;2023-01;0.7336507936507937;35082
10;2024-01;0.7142857142857142;35082
0;2014-01;0.6868181818181818;35141
1;2015-01;0.8068181818181819;35141
2;2016-01;0.7895021645021645;35141
3;2017-01;0.8237012987012987;35141
4;2018-01;0.6528138528138527;35141
5;2019-01;0.8071428571428572;35141
6;2020-01;0.7817460317460317;35141
7;2021-01;0.7674603174603175;35141
8;2022-01;0.7753968253968254;35141
9;2023-01;0.6611111111111111;35141
10;2024-01;0.5797979797979798;35141
0;2014-01;0.744664840438874;35132
1;2015-01;0.8479305280595619;35132
2;2016-01;0.8298657565962035;35132
3;2017-01;0.8530755054184767;35132
4;2018-01;0.8539969834087481;35132
5;2019-01;0.7551592851592852;35132
6;2020-01;0.7955804195804196;35132
7;2021-01;0.7074519281887703;35132
8;2022-01;0.7056757044125466;35132
9;2023-01;0.7625079816658763;35132
10;2024-01;0.7913052951083511;35132
0;2014-01;0.86;35033
1;2015-01;0.825;35033
2;2016-01;0.8333333333333333;35033
3;2017-01;0.9166666666666666;35033
4;2018-01;0.9333333333333333;35033
5;2019-01;0.9514285714285714;35033
6;2020-01;0.8542857142857143;35033
7;2021-01;0.7185714285714285;35033
8;2022-01;0.7785714285714286;35033
9;2023-01;0.7482142857142857;35033
10;2024-01;0.7582142857142857;35033
0;2014-01;0.6626984126984127;35115
1;2015-01;0.7202380952380952;35115
2;2016-01;0.7291666666666666;35115
3;2017-01;0.8125;35115
4;2018-01;0.85;35115
5;2019-01;0.75;35115
6;2020-01;0.8;35115
7;2021-01;0.8;35115
8;2022-01;0.8;35115
9;2023-01;0.8333333333333333;35115
10;2024-01;0.7333333333333333;35115
0;2014-01;0.8400000000000001;35152
1;2015-01;0.7977777777777778;35152
2;2016-01;0.6611111111111111;35152
3;2017-01;0.5944444444444444;35152
4;2018-01;0.6333333333333333;35152
5;2019-01;0.7833333333333333;35152
6;2020-01;0.8;35152
7;2021-01;0.8;35152
8;2022-01;0.7;35152
9;2023-01;0.6599999999999999;35152
10;2024-01;0.6599999999999999;35152
0;2014-01;0.631437908496732;35094
1;2015-01;0.6983333333333334;35094
2;2016-01;0.7777777777777778;35094
3;2017-01;0.7861111111111111;35094
4;2018-01;0.8151515151515152;35094
5;2019-01;0.8018181818181818;35094
6;2020-01;0.6998268398268398;35094
7;2021-01;0.6628571428571428;35094
8;2022-01;0.6145887445887446;35094
9;2023-01;0.7212554112554113;35094
10;2024-01;0.7018506493506493;35094
0;2014-01;0.8333333333333334;35113
1;2015-01;1.0;35113
2;2016-01;1.0;35113
3;2017-01;1.0;35113
4;2018-01;0.875;35113
5;2019-01;0.9;35113
6;2020-01;0.9;35113
7;2021-01;0.875;35113
8;2022-01;0.8125;35113
9;2023-01;0.9017857142857143;35113
10;2024-01;0.7619047619047619;35113
0;2014-01;0.6363768115942029;35104
1;2015-01;0.6389409141583055;35104
2;2016-01;0.6758974358974359;35104
3;2017-01;0.6943589743589744;35104
4;2018-01;0.798974358974359;35104
5;2019-01;0.686923076923077;35104
6;2020-01;0.7388461538461539;35104
7;2021-01;0.7444017094017095;35104
8;2022-01;0.6879239766081872;35104
9;2023-01;0.7063450292397662;35104
10;2024-01;0.7019005847953217;35104
0;2014-01;0.8333333333333334;35114
1;2015-01;0.7933333333333333;35114
2;2016-01;0.7933333333333333;35114
3;2017-01;0.7866666666666667;35114
4;2018-01;0.7866666666666666;35114
5;2019-01;0.8166666666666667;35114
6;2020-01;0.775;35114
7;2021-01;0.875;35114
8;2022-01;0.6666666666666667;35114
9;2023-01;0.575;35114
10;2024-01;0.7083333333333333;35114
0;2014-01;0.6749204736573645;35016
1;2015-01;0.6676451529529626;35016
2;2016-01;0.6988354035427774;35016
3;2017-01;0.6898422715103463;35016
4;2018-01;0.6771958392954189;35016
5;2019-01;0.6686581267892338;35016
6;2020-01;0.5690166451939274;35016
7;2021-01;0.5824789626079632;35016
8;2022-01;0.6088888699609184;35016
9;2023-01;0.6158502294946067;35016
10;2024-01;0.6203310389983058;35016
0;2014-01;1.0;12001
1;2015-01;1.0;12001
2;2016-01;0.6666666666666666;12001
3;2017-01;0.5;12001
4;2018-01;0.5;12001
5;2019-01;0.625;12001
6;2020-01;0.6666666666666667;12001
7;2021-01;0.9166666666666667;12001
8;2022-01;0.8333333333333333;12001
9;2023-01;0.8888888888888888;12001
10;2024-01;0.875;12001
0;2014-01;0.72;12003
1;2015-01;0.705;12003
2;2016-01;0.705;12003
3;2017-01;0.6799999999999999;12003
4;2018-01;0.6383333333333333;12003
5;2019-01;0.71875;12003
6;2020-01;0.75;12003
7;2021-01;0.65;12003
8;2022-01;0.5333333333333333;12003
9;2023-01;0.48;12003
10;2024-01;0.5383333333333333;12003
0;2014-01;0.7034001554001554;12002
1;2015-01;0.651040071040071;12002
2;2016-01;0.7566810966810966;12002
3;2017-01;0.7545165945165945;12002
4;2018-01;0.7091197691197691;12002
5;2019-01;0.8122943722943724;12002
6;2020-01;0.8562004662004663;12002
7;2021-01;0.8514054572878103;12002
8;2022-01;0.8130810366104484;12002
9;2023-01;0.8659201974496092;12002
10;2024-01;0.7916237488002194;12002
0;2014-01;0.6458333333333334;21001
1;2015-01;0.6458333333333334;21001
2;2016-01;0.8;21001
3;2017-01;0.7;21001
4;2018-01;0.875;21001
5;2019-01;0.8392857142857143;21001
6;2020-01;0.8142857142857143;21001
7;2021-01;0.7942857142857143;21001
8;2022-01;0.6942857142857143;21001
9;2023-01;0.6076190476190476;21001
10;2024-01;0.62;21001
0;2014-01;0.5028571428571429;21006
1;2015-01;0.6392857142857142;21006
2;2016-01;0.5676190476190477;21006
3;2017-01;0.5193452380952381;21006
4;2018-01;0.55625;21006
5;2019-01;0.6951754385964912;21006
6;2020-01;0.6844736842105263;21006
7;2021-01;0.5907017543859648;21006
8;2022-01;0.5974269005847953;21006
9;2023-01;0.6307894736842105;21006
10;2024-01;0.6775;21006
0;2014-01;0.8374890640618255;21016
1;2015-01;0.8870045288409744;21016
2;2016-01;0.7937474558065867;21016
3;2017-01;0.8199090583601862;21016
4;2018-01;0.8300467652648104;21016
5;2019-01;0.8395084021962177;21016
6;2020-01;0.8513489801074516;21016
7;2021-01;0.8160053558553919;21016
8;2022-01;0.8059544160797045;21016
9;2023-01;0.8038298750139404;21016
10;2024-01;0.7977671760902494;21016
0;2014-01;0.645;21005
1;2015-01;0.7033333333333334;21005
2;2016-01;0.7033333333333334;21005
3;2017-01;0.62;21005
4;2018-01;0.43289473684210533;21005
5;2019-01;0.6013157894736842;21005
6;2020-01;0.7102093468966534;21005
7;2021-01;0.7301009877635265;21005
8;2022-01;0.732109685979655;21005
9;2023-01;0.808785332314744;21005
10;2024-01;0.7955436720142602;21005
0;2014-01;0.6805555555555556;21007
1;2015-01;0.7615079365079365;21007
2;2016-01;0.6757936507936508;21007
3;2017-01;0.6873015873015873;21007
4;2018-01;0.5428571428571429;21007
5;2019-01;0.6285714285714286;21007
6;2020-01;0.6971428571428572;21007
7;2021-01;0.6671428571428571;21007
8;2022-01;0.6378571428571429;21007
9;2023-01;0.7553571428571428;21007
10;2024-01;0.7569246031746031;21007
0;2014-01;0.46487012987012993;21014
1;2015-01;0.5895454545454546;21014
2;2016-01;0.6784848484848485;21014
3;2017-01;0.5922348484848485;21014
4;2018-01;0.6803030303030303;21014
5;2019-01;0.5898268398268398;21014
6;2020-01;0.628968253968254;21014
7;2021-01;0.5794372294372294;21014
8;2022-01;0.6527958152958153;21014
9;2023-01;0.6982323232323233;21014
10;2024-01;0.6750346320346321;21014
0;2014-01;0.8371212121212122;21003
1;2015-01;0.9121212121212121;21003
2;2016-01;0.9666666666666666;21003
3;2017-01;0.9;21003
4;2018-01;0.7833333333333333;21003
5;2019-01;0.8151515151515152;21003
6;2020-01;0.8901515151515152;21003
7;2021-01;0.8772727272727273;21003
8;2022-01;0.815909090909091;21003
9;2023-01;0.80995670995671;21003
10;2024-01;0.6380952380952382;21003
0;2014-01;0.7314285714285715;21008
1;2015-01;0.7666666666666667;21008
2;2016-01;0.8355555555555556;21008
3;2017-01;0.8400000000000001;21008
4;2018-01;0.7773737373737374;21008
5;2019-01;0.6862626262626262;21008
6;2020-01;0.5608888888888889;21008
7;2021-01;0.539607843137255;21008
8;2022-01;0.5926556058320764;21008
9;2023-01;0.6426469217057452;21008
10;2024-01;0.6999802550390786;21008
0;2014-01;0.543974358974359;21009
1;2015-01;0.6487362637362637;21009
2;2016-01;0.6910714285714286;21009
3;2017-01;0.6116883116883117;21009
4;2018-01;0.5782617382617382;21009
5;2019-01;0.6290209790209791;21009
6;2020-01;0.6028321678321678;21009
7;2021-01;0.5416083916083916;21009
8;2022-01;0.5357642357642358;21009
9;2023-01;0.6964285714285714;21009
10;2024-01;0.7082251082251082;21009
0;2014-01;0.5416666666666666;21004
1;2015-01;0.7083333333333334;21004
2;2016-01;0.6177777777777778;21004
3;2017-01;0.5222222222222223;21004
4;2018-01;0.6833333333333333;21004
5;2019-01;0.6611111111111111;21004
6;2020-01;0.7055555555555555;21004
7;2021-01;0.7388888888888889;21004
8;2022-01;0.8944444444444445;21004
9;2023-01;0.7976190476190477;21004
10;2024-01;0.769047619047619;21004
0;2014-01;0.5;21002
1;2015-01;0.5068181818181818;21002
2;2016-01;0.5613636363636364;21002
3;2017-01;0.5181818181818182;21002
4;2018-01;0.533080808080808;21002
5;2019-01;0.6125757575757576;21002
6;2020-01;0.5697619047619048;21002
7;2021-01;0.6825396825396826;21002
8;2022-01;0.6353174603174603;21002
9;2023-01;0.7178571428571429;21002
10;2024-01;0.8098412698412698;21002
0;2014-01;0.7333333333333333;21015
1;2015-01;0.7833333333333333;21015
2;2016-01;0.7711111111111111;21015
3;2017-01;0.5565079365079365;21015
4;2018-01;0.5946031746031746;21015
5;2019-01;0.6241847041847042;21015
6;2020-01;0.6165584415584415;21015
7;2021-01;0.648997113997114;21015
8;2022-01;0.6947113997113996;21015
9;2023-01;0.8101984126984128;21015
10;2024-01;0.8060714285714285;21015
0;2014-01;0.6583333333333334;21013
1;2015-01;0.5666666666666667;21013
2;2016-01;0.6916666666666667;21013
3;2017-01;0.5428571428571429;21013
4;2018-01;0.4892857142857142;21013
5;2019-01;0.5190476190476191;21013
6;2020-01;0.6251831501831502;21013
7;2021-01;0.6195970695970695;21013
8;2022-01;0.5578754578754579;21013
9;2023-01;0.5297535797535797;21013
10;2024-01;0.6025974025974026;21013
0;2014-01;0.4926739926739927;21011
1;2015-01;0.575;21011
2;2016-01;0.5992063492063492;21011
3;2017-01;0.6644345238095238;21011
4;2018-01;0.5430555555555555;21011
5;2019-01;0.5023989898989899;21011
6;2020-01;0.5276767676767677;21011
7;2021-01;0.4172727272727273;21011
8;2022-01;0.521780303030303;21011
9;2023-01;0.5944055944055944;21011
10;2024-01;0.6959134615384616;21011
0;2014-01;0.36481481481481487;21018
1;2015-01;0.4423611111111111;21018
2;2016-01;0.6620370370370371;21018
3;2017-01;0.4722222222222222;21018
4;2018-01;0.4161616161616162;21018
5;2019-01;0.5022727272727272;21018
6;2020-01;0.5436868686868687;21018
7;2021-01;0.498989898989899;21018
8;2022-01;0.5265151515151515;21018
9;2023-01;0.6666666666666666;21018
10;2024-01;0.6717948717948719;21018
0;2014-01;0.763095238095238;21012
1;2015-01;0.6752380952380952;21012
2;2016-01;0.6133333333333333;21012
3;2017-01;0.43584415584415587;21012
4;2018-01;0.5605194805194805;21012
5;2019-01;0.6156709956709957;21012
6;2020-01;0.6300432900432901;21012
7;2021-01;0.6004329004329004;21012
8;2022-01;0.578655462184874;21012
9;2023-01;0.6979389650597081;21012
10;2024-01;0.7518443166740381;21012
0;2014-01;0.5174603174603175;21019
1;2015-01;0.6285714285714286;21019
2;2016-01;0.7119047619047618;21019
3;2017-01;0.5585714285714285;21019
4;2018-01;0.5900000000000001;21019
5;2019-01;0.64;21019
6;2020-01;0.655;21019
7;2021-01;0.635;21019
8;2022-01;0.72;21019
9;2023-01;0.737948717948718;21019
10;2024-01;0.8558974358974358;21019
0;2014-01;0.8392857142857143;21010
1;2015-01;0.8428571428571429;21010
2;2016-01;0.8778571428571429;21010
3;2017-01;0.7728571428571429;21010
4;2018-01;0.6692857142857143;21010
5;2019-01;0.6216666666666667;21010
6;2020-01;0.6644444444444444;21010
7;2021-01;0.65;21010
8;2022-01;0.5877777777777778;21010
9;2023-01;0.7155555555555556;21010
10;2024-01;0.6974891774891775;21010
0;2014-01;0.6642857142857143;21017
1;2015-01;0.7178571428571429;21017
2;2016-01;0.7095238095238094;21017
3;2017-01;0.5988095238095238;21017
4;2018-01;0.5964285714285714;21017
5;2019-01;0.5698412698412698;21017
6;2020-01;0.7166666666666667;21017
7;2021-01;0.7666666666666666;21017
8;2022-01;0.7733333333333333;21017
9;2023-01;0.9;21017
10;2024-01;0.9111111111111111;21017
0;2014-01;0.7844101880481095;31016
1;2015-01;0.8143267859973605;31016
2;2016-01;0.7400811505537762;31016
3;2017-01;0.7525717863207945;31016
4;2018-01;0.7860494413758886;31016
5;2019-01;0.7867238392697437;31016
6;2020-01;0.7737465961135517;31016
7;2021-01;0.7776872897089836;31016
8;2022-01;0.7623454800084353;31016
9;2023-01;0.7541448067128672;31016
10;2024-01;0.7175206891357637;31016
0;2014-01;0.4583333333333333;31068
1;2015-01;0.5333333333333333;31068
2;2016-01;0.7;31068
3;2017-01;0.5555555555555555;31068
4;2018-01;0.6666666666666666;31068
5;2019-01;0.6666666666666666;31068
6;2020-01;0.8041666666666667;31068
7;2021-01;0.5566666666666666;31068
8;2022-01;0.77;31068
9;2023-01;0.9375;31068
10;2024-01;0.7666666666666666;31068
0;2014-01;0.5416666666666666;31040
1;2015-01;0.5666666666666667;31040
2;2016-01;0.7;31040
3;2017-01;0.7;31040
4;2018-01;0.5625;31040
5;2019-01;0.7291666666666666;31040
6;2020-01;0.7708333333333334;31040
7;2021-01;0.8375;31040
8;2022-01;0.8033333333333333;31040
9;2023-01;0.9199999999999999;31040
10;2024-01;0.96;31040
0;2014-01;0.8430963773069037;31008
1;2015-01;0.8496753246753247;31008
2;2016-01;0.854978354978355;31008
3;2017-01;0.7564935064935066;31008
4;2018-01;0.7232323232323232;31008
5;2019-01;0.6150505050505051;31008
6;2020-01;0.6102777777777778;31008
7;2021-01;0.5977777777777777;31008
8;2022-01;0.6092543859649122;31008
9;2023-01;0.6598340961098398;31008
10;2024-01;0.7144508009153319;31008
0;2014-01;0.8311111111111111;31041
1;2015-01;0.7755555555555556;31041
2;2016-01;0.82;31041
3;2017-01;0.96;31041
4;2018-01;0.8933333333333333;31041
5;2019-01;0.8416666666666666;31041
6;2020-01;0.6283333333333333;31041
7;2021-01;0.7883333333333333;31041
8;2022-01;0.75;31041
9;2023-01;0.70625;31041
10;2024-01;0.8;31041
0;2014-01;0.909253065774805;31001
1;2015-01;0.8538461538461538;31001
2;2016-01;0.831140350877193;31001
3;2017-01;0.7956140350877193;31001
4;2018-01;0.7634502923976608;31001
5;2019-01;0.7967836257309941;31001
6;2020-01;0.7529239766081871;31001
7;2021-01;0.7521241830065359;31001
8;2022-01;0.7779411764705882;31001
9;2023-01;0.8208898944193062;31001
10;2024-01;0.8711827388297977;31001
0;2014-01;0.5764285714285714;31094
1;2015-01;0.6728571428571428;31094
2;2016-01;0.6342857142857142;31094
3;2017-01;0.5966666666666667;31094
4;2018-01;0.6133333333333333;31094
5;2019-01;0.6022222222222222;31094
6;2020-01;0.6466666666666667;31094
7;2021-01;0.7333333333333333;31094
8;2022-01;0.6666666666666666;31094
9;2023-01;0.7420634920634921;31094
10;2024-01;0.7476190476190476;31094
0;2014-01;0.6977777777777778;31092
1;2015-01;0.7977777777777778;31092
2;2016-01;0.8088888888888889;31092
3;2017-01;0.9;31092
4;2018-01;0.9;31092
5;2019-01;0.6333333333333333;31092
6;2020-01;0.6857142857142857;31092
7;2021-01;0.7273809523809524;31092
8;2022-01;0.7071428571428571;31092
9;2023-01;0.7387820512820513;31092
10;2024-01;0.8051282051282052;31092
0;2014-01;0.744935064935065;31013
1;2015-01;0.856103896103896;31013
2;2016-01;0.8418181818181818;31013
3;2017-01;0.8948551448551448;31013
4;2018-01;0.7926073926073925;31013
5;2019-01;0.8174825174825175;31013
6;2020-01;0.8007818268687835;31013
7;2021-01;0.8353620803748681;31013
8;2022-01;0.7863696814694257;31013
9;2023-01;0.81047418774273;31013
10;2024-01;0.715505162451454;31013
0;2014-01;0.6193181818181819;31060
1;2015-01;0.7304292929292929;31060
2;2016-01;0.740530303030303;31060
3;2017-01;0.7073863636363636;31060
4;2018-01;0.6875;31060
5;2019-01;0.7666666666666666;31060
6;2020-01;0.7944444444444445;31060
7;2021-01;0.8053418803418804;31060
8;2022-01;0.7940170940170941;31060
9;2023-01;0.7843822843822844;31060
10;2024-01;0.7707292707292707;31060
0;2014-01;0.8333333333333334;31095
1;2015-01;0.8055555555555555;31095
2;2016-01;0.8055555555555555;31095
3;2017-01;0.7708333333333333;31095
4;2018-01;0.8333333333333334;31095
5;2019-01;0.8;31095
6;2020-01;0.7166666666666666;31095
7;2021-01;0.5458333333333334;31095
8;2022-01;0.5041666666666667;31095
9;2023-01;0.4777777777777778;31095
10;2024-01;0.4666666666666666;31095
0;2014-01;0.8189705031810295;31006
1;2015-01;0.8769423558897242;31006
2;2016-01;0.7674185463659148;31006
3;2017-01;0.7828571428571428;31006
4;2018-01;0.7908658008658008;31006
5;2019-01;0.7493939393939394;31006
6;2020-01;0.735064935064935;31006
7;2021-01;0.7664502164502165;31006
8;2022-01;0.7238323080428344;31006
9;2023-01;0.6757518796992481;31006
10;2024-01;0.672673061965258;31006
0;2014-01;0.6666666666666666;31090
1;2015-01;0.7083333333333334;31090
2;2016-01;0.7666666666666667;31090
3;2017-01;0.6555555555555556;31090
4;2018-01;0.7708333333333333;31090
5;2019-01;0.711111111111111;31090
6;2020-01;0.75;31090
7;2021-01;0.625;31090
8;2022-01;0.6666666666666667;31090
9;2023-01;0.6918181818181818;31090
10;2024-01;0.8484848484848484;31090
0;2014-01;0.6666666666666666;31064
1;2015-01;0.7;31064
2;2016-01;0.7083333333333333;31064
3;2017-01;0.7083333333333333;31064
4;2018-01;0.7916666666666666;31064
5;2019-01;0.7777777777777778;31064
6;2020-01;0.6666666666666666;31064
7;2021-01;0.6666666666666666;31064
8;2022-01;0.7333333333333333;31064
9;2023-01;0.7777777777777778;31064
10;2024-01;0.6365079365079365;31064
0;2014-01;0.859782840110709;31075
1;2015-01;0.8714990723562153;31075
2;2016-01;0.7658237207926649;31075
3;2017-01;0.7730020703933748;31075
4;2018-01;0.7719358178053831;31075
5;2019-01;0.8066414179669747;31075
6;2020-01;0.832180982679392;31075
7;2021-01;0.8632919773267164;31075
8;2022-01;0.8183400407722443;31075
9;2023-01;0.8028038443579438;31075
10;2024-01;0.7745233698643561;31075
0;2014-01;0.6951282051282052;31061
1;2015-01;0.7566666666666666;31061
2;2016-01;0.7647619047619048;31061
3;2017-01;0.6523809523809524;31061
4;2018-01;0.7690476190476191;31061
5;2019-01;0.7012820512820512;31061
6;2020-01;0.7847985347985349;31061
7;2021-01;0.7359890109890109;31061
8;2022-01;0.7202797202797202;31061
9;2023-01;0.6976023976023976;31061
10;2024-01;0.6883716283716284;31061
0;2014-01;0.8469696969696969;31070
1;2015-01;0.8803565062388591;31070
2;2016-01;0.8262745098039215;31070
3;2017-01;0.8424148606811144;31070
4;2018-01;0.8313725490196079;31070
5;2019-01;0.8449353020560452;31070
6;2020-01;0.8486504723346829;31070
7;2021-01;0.8919838056680162;31070
8;2022-01;0.8630364372469636;31070
9;2023-01;0.8073684210526316;31070
10;2024-01;0.8300000000000001;31070
0;2014-01;0.7361904761904763;31087
1;2015-01;0.6461904761904762;31087
2;2016-01;0.589047619047619;31087
3;2017-01;0.5757142857142857;31087
4;2018-01;0.6842857142857143;31087
5;2019-01;0.6385714285714286;31087
6;2020-01;0.6314285714285715;31087
7;2021-01;0.6814285714285714;31087
8;2022-01;0.6547619047619048;31087
9;2023-01;0.7666666666666667;31087
10;2024-01;0.776;31087
0;2014-01;0.7901787101787102;31044
1;2015-01;0.8157342657342657;31044
2;2016-01;0.7489860139860139;31044
3;2017-01;0.6961616161616162;31044
4;2018-01;0.6950653594771242;31044
5;2019-01;0.7748010798522308;31044
6;2020-01;0.7824097755044047;31044
7;2021-01;0.8023358908780903;31044
8;2022-01;0.8304846049091573;31044
9;2023-01;0.8054997176736307;31044
10;2024-01;0.8014935064935065;31044
0;2014-01;0.64;31019
1;2015-01;0.72;31019
2;2016-01;0.7833333333333333;31019
3;2017-01;0.8233333333333333;31019
4;2018-01;0.6733333333333333;31019
5;2019-01;0.7816666666666666;31019
6;2020-01;0.8166666666666667;31019
7;2021-01;0.8964285714285714;31019
8;2022-01;0.8348901098901098;31019
9;2023-01;0.7327472527472527;31019
10;2024-01;0.7427472527472527;31019
0;2014-01;0.7733333333333333;31030
1;2015-01;0.9083333333333334;31030
2;2016-01;0.9055555555555556;31030
3;2017-01;0.9099999999999999;31030
4;2018-01;0.8366666666666667;31030
5;2019-01;0.5333333333333333;31030
6;2020-01;0.7416666666666667;31030
7;2021-01;0.7393939393939395;31030
8;2022-01;0.5646969696969697;31030
9;2023-01;0.6537878787878788;31030
10;2024-01;0.7989898989898989;31030
0;2014-01;0.7293884220354808;31021
1;2015-01;0.8107376283846872;31021
2;2016-01;0.8278499278499278;31021
3;2017-01;0.748917748917749;31021
4;2018-01;0.6426406926406927;31021
5;2019-01;0.7428571428571429;31021
6;2020-01;0.7555555555555555;31021
7;2021-01;0.7488888888888889;31021
8;2022-01;0.8355555555555556;31021
9;2023-01;0.866934481109517;31021
10;2024-01;0.8156575801052128;31021
0;2014-01;0.69593837535014;31015
1;2015-01;0.7547619047619047;31015
2;2016-01;0.8147619047619047;31015
3;2017-01;0.8128571428571428;31015
4;2018-01;0.82;31015
5;2019-01;0.8088888888888889;31015
6;2020-01;0.6987878787878788;31015
7;2021-01;0.7007575757575758;31015
8;2022-01;0.6979797979797979;31015
9;2023-01;0.7296464646464647;31015
10;2024-01;0.6824242424242424;31015
0;2014-01;0.737807486631016;31037
1;2015-01;0.737860962566845;31037
2;2016-01;0.8018181818181818;31037
3;2017-01;0.6987878787878788;31037
4;2018-01;0.6409090909090909;31037
5;2019-01;0.6836796536796537;31037
6;2020-01;0.7198901098901099;31037
7;2021-01;0.7689377289377289;31037
8;2022-01;0.7981684981684982;31037
9;2023-01;0.728105228105228;31037
10;2024-01;0.5881118881118882;31037
0;2014-01;0.6724401913875597;31017
1;2015-01;0.7489593301435407;31017
2;2016-01;0.7499770258980785;31017
3;2017-01;0.7585725182521521;31017
4;2018-01;0.7237181409295352;31017
5;2019-01;0.7491525070797934;31017
6;2020-01;0.8197559553556555;31017
7;2021-01;0.8837591326288076;31017
8;2022-01;0.8275918138491729;31017
9;2023-01;0.8464610286320255;31017
10;2024-01;0.8655774737463225;31017
0;2014-01;0.725;31047
1;2015-01;0.85;31047
2;2016-01;0.85;31047
3;2017-01;0.6366666666666667;31047
4;2018-01;0.5866666666666667;31047
5;2019-01;0.5721212121212121;31047
6;2020-01;0.6435497835497835;31047
7;2021-01;0.7520346320346321;31047
8;2022-01;0.6072727272727272;31047
9;2023-01;0.6686868686868687;31047
10;2024-01;0.6825396825396826;31047
0;2014-01;0.8714285714285713;31011
1;2015-01;0.9314285714285715;31011
2;2016-01;0.8533333333333333;31011
3;2017-01;0.8533333333333333;31011
4;2018-01;0.8533333333333333;31011
5;2019-01;0.7933333333333333;31011
6;2020-01;0.8597222222222223;31011
7;2021-01;0.7569444444444444;31011
8;2022-01;0.7986111111111112;31011
9;2023-01;0.7468253968253968;31011
10;2024-01;0.7634920634920634;31011
0;2014-01;0.6944444444444445;31083
1;2015-01;0.9166666666666666;31083
2;2016-01;0.7666666666666666;31083
3;2017-01;0.7166666666666667;31083
4;2018-01;0.725;31083
5;2019-01;0.73;31083
6;2020-01;0.6;31083
7;2021-01;0.625;31083
8;2022-01;0.5833333333333333;31083
9;2023-01;0.6458333333333333;31083
10;2024-01;0.7916666666666666;31083
0;2014-01;0.7699134199134199;31028
1;2015-01;0.7365800865800866;31028
2;2016-01;0.8151515151515152;31028
3;2017-01;0.7429292929292929;31028
4;2018-01;0.7929292929292929;31028
5;2019-01;0.7611111111111111;31028
6;2020-01;0.8277777777777778;31028
7;2021-01;0.8277777777777778;31028
8;2022-01;0.7555555555555555;31028
9;2023-01;0.8155555555555555;31028
10;2024-01;0.7071794871794872;31028
0;2014-01;0.8124742970395145;31007
1;2015-01;0.8348052993705167;31007
2;2016-01;0.815098814229249;31007
3;2017-01;0.8466666666666667;31007
4;2018-01;0.8337878787878787;31007
5;2019-01;0.8693939393939394;31007
6;2020-01;0.8025974025974026;31007
7;2021-01;0.7906813186813186;31007
8;2022-01;0.812010733452594;31007
9;2023-01;0.8251605271804607;31007
10;2024-01;0.8109854608674635;31007
0;2014-01;0.7833333333333333;31049
1;2015-01;0.6916666666666667;31049
2;2016-01;0.6785714285714286;31049
3;2017-01;0.6907142857142857;31049
4;2018-01;0.680952380952381;31049
5;2019-01;0.7490476190476191;31049
6;2020-01;0.7928571428571429;31049
7;2021-01;0.8555555555555555;31049
8;2022-01;0.6717171717171717;31049
9;2023-01;0.7381507381507382;31049
10;2024-01;0.6767871017871018;31049
0;2014-01;0.6533333333333333;31055
1;2015-01;0.615;31055
2;2016-01;0.6346153846153847;31055
3;2017-01;0.6725641025641026;31055
4;2018-01;0.6900000000000001;31055
5;2019-01;0.6466666666666667;31055
6;2020-01;0.7666666666666666;31055
7;2021-01;0.7666666666666666;31055
8;2022-01;0.7416666666666667;31055
9;2023-01;0.95;31055
10;2024-01;0.825;31055
0;2014-01;0.6400505050505051;31024
1;2015-01;0.7155555555555556;31024
2;2016-01;0.8117094017094016;31024
3;2017-01;0.7569871794871794;31024
4;2018-01;0.7496153846153846;31024
5;2019-01;0.7182051282051283;31024
6;2020-01;0.772845596432553;31024
7;2021-01;0.816736343366778;31024
8;2022-01;0.7806911928651059;31024
9;2023-01;0.7340324892498805;31024
10;2024-01;0.6791585708977014;31024
0;2014-01;0.9014285714285715;31010
1;2015-01;0.9142857142857143;31010
2;2016-01;0.8357142857142857;31010
3;2017-01;0.8571428571428571;31010
4;2018-01;0.8571428571428571;31010
5;2019-01;0.7385714285714287;31010
6;2020-01;0.78;31010
7;2021-01;0.7428571428571429;31010
8;2022-01;0.7095238095238094;31010
9;2023-01;0.6695238095238095;31010
10;2024-01;0.6447619047619048;31010
0;2014-01;0.8083333333333333;31089
1;2015-01;0.846969696969697;31089
2;2016-01;0.8954545454545455;31089
3;2017-01;0.6988636363636364;31089
4;2018-01;0.6409090909090909;31089
5;2019-01;0.7305194805194806;31089
6;2020-01;0.7142857142857142;31089
7;2021-01;0.7857142857142858;31089
8;2022-01;0.7571428571428571;31089
9;2023-01;0.6444155844155844;31089
10;2024-01;0.7372727272727273;31089
0;2014-01;0.851045621045621;31072
1;2015-01;0.8819547119547119;31072
2;2016-01;0.8283882783882784;31072
3;2017-01;0.7827547452547453;31072
4;2018-01;0.7495712620712621;31072
5;2019-01;0.7400932400932401;31072
6;2020-01;0.77397668997669;31072
7;2021-01;0.7428250664064617;31072
8;2022-01;0.7095120839033286;31072
9;2023-01;0.6466904593632431;31072
10;2024-01;0.592268534852508;31072
0;2014-01;0.6255952380952381;31073
1;2015-01;0.7098214285714286;31073
2;2016-01;0.7400793650793651;31073
3;2017-01;0.8025793650793651;31073
4;2018-01;0.7626984126984127;31073
5;2019-01;0.8484126984126984;31073
6;2020-01;0.861111111111111;31073
7;2021-01;0.8388888888888889;31073
8;2022-01;0.9333333333333332;31073
9;2023-01;0.8883333333333333;31073
10;2024-01;0.8927777777777777;31073
0;2014-01;0.5892857142857142;31042
1;2015-01;0.5976190476190476;31042
2;2016-01;0.7055555555555555;31042
3;2017-01;0.5833333333333333;31042
4;2018-01;0.6666666666666667;31042
5;2019-01;0.7333333333333334;31042
6;2020-01;0.7722222222222223;31042
7;2021-01;0.711010101010101;31042
8;2022-01;0.7987878787878788;31042
9;2023-01;0.7987878787878788;31042
10;2024-01;0.749090909090909;31042
0;2014-01;0.6723809523809524;31034
1;2015-01;0.660952380952381;31034
2;2016-01;0.6057142857142856;31034
3;2017-01;0.6085714285714285;31034
4;2018-01;0.6597619047619048;31034
5;2019-01;0.6947619047619048;31034
6;2020-01;0.7816666666666666;31034
7;2021-01;0.8316666666666667;31034
8;2022-01;0.8666666666666666;31034
9;2023-01;0.8901515151515152;31034
10;2024-01;0.8068181818181819;31034
0;2014-01;0.8166666666666667;31004
1;2015-01;0.8877777777777778;31004
2;2016-01;0.8588888888888888;31004
3;2017-01;0.8588888888888888;31004
4;2018-01;0.858095238095238;31004
5;2019-01;0.7938095238095239;31004
6;2020-01;0.8628571428571428;31004
7;2021-01;0.8914285714285715;31004
8;2022-01;0.9;31004
9;2023-01;0.8255411255411256;31004
10;2024-01;0.5567099567099567;31004
0;2014-01;0.7222222222222222;31091
1;2015-01;0.7083333333333333;31091
2;2016-01;0.7916666666666666;31091
3;2017-01;0.7222222222222222;31091
4;2018-01;0.8333333333333334;31091
5;2019-01;1.0;31091
6;2020-01;0.8888888888888888;31091
7;2021-01;0.611111111111111;31091
8;2022-01;0.7083333333333333;31091
9;2023-01;0.4583333333333333;31091
10;2024-01;0.5;31091
0;2014-01;0.7533333333333333;31079
1;2015-01;0.7420634920634921;31079
2;2016-01;0.7753968253968254;31079
3;2017-01;0.6623809523809523;31079
4;2018-01;0.6244444444444445;31079
5;2019-01;0.6177777777777778;31079
6;2020-01;0.6333333333333333;31079
7;2021-01;0.6761904761904762;31079
8;2022-01;0.639047619047619;31079
9;2023-01;0.658961038961039;31079
10;2024-01;0.6207792207792208;31079
0;2014-01;0.9375;31038
1;2015-01;0.9166666666666667;31038
2;2016-01;0.9166666666666666;31038
3;2017-01;0.8333333333333334;31038
4;2018-01;0.875;31038
5;2019-01;0.875;31038
6;2020-01;0.7083333333333334;31038
7;2021-01;0.8125;31038
8;2022-01;0.75;31038
9;2023-01;0.5555555555555555;31038
10;2024-01;0.5555555555555555;31038
0;2014-01;0.6746794871794872;31027
1;2015-01;0.59375;31027
2;2016-01;0.7916666666666666;31027
3;2017-01;0.79375;31027
4;2018-01;0.68125;31027
5;2019-01;0.6105555555555556;31027
6;2020-01;0.72;31027
7;2021-01;0.8088888888888889;31027
8;2022-01;0.8833333333333334;31027
9;2023-01;0.9333333333333332;31027
10;2024-01;0.8976190476190476;31027
0;2014-01;0.8836781609195402;31084
1;2015-01;0.8804388714733543;31084
2;2016-01;0.9183333333333333;31084
3;2017-01;0.8269696969696969;31084
4;2018-01;0.8475699300699301;31084
5;2019-01;0.8515034965034965;31084
6;2020-01;0.8556332556332557;31084
7;2021-01;0.8012140637140638;31084
8;2022-01;0.8015151515151515;31084
9;2023-01;0.9015151515151516;31084
10;2024-01;0.8514104608841452;31084
0;2014-01;0.77;31078
1;2015-01;0.8214285714285715;31078
2;2016-01;0.8028571428571428;31078
3;2017-01;0.8628571428571428;31078
4;2018-01;0.7942857142857143;31078
5;2019-01;0.8342857142857143;31078
6;2020-01;0.8518181818181818;31078
7;2021-01;0.9318181818181819;31078
8;2022-01;0.8418181818181818;31078
9;2023-01;0.8351515151515152;31078
10;2024-01;0.8166666666666667;31078
0;2014-01;0.779124716553288;31018
1;2015-01;0.8132380952380952;31018
2;2016-01;0.8256825396825397;31018
3;2017-01;0.7712753623188405;31018
4;2018-01;0.6801352657004831;31018
5;2019-01;0.6465081470564152;31018
6;2020-01;0.571534990756183;31018
7;2021-01;0.5077995878754819;31018
8;2022-01;0.5009253269268809;31018
9;2023-01;0.5336046612850482;31018
10;2024-01;0.49493505386520525;31018
0;2014-01;0.75;31050
1;2015-01;0.75;31050
2;2016-01;0.75;31050
3;2017-01;0.6666666666666666;31050
4;2018-01;0.75;31050
5;2019-01;0.7833333333333333;31050
6;2020-01;0.8666666666666667;31050
7;2021-01;0.95;31050
8;2022-01;0.95;31050
9;2023-01;1.0;31050
10;2024-01;1.0;31050
0;2014-01;0.9492307692307692;31012
1;2015-01;0.885;31012
2;2016-01;0.9107142857142858;31012
3;2017-01;0.8964285714285714;31012
4;2018-01;0.8714285714285713;31012
5;2019-01;0.8742063492063492;31012
6;2020-01;0.9242063492063493;31012
7;2021-01;0.9527777777777778;31012
8;2022-01;0.9654761904761905;31012
9;2023-01;0.9135987201204593;31012
10;2024-01;0.8806277056277058;31012
0;2014-01;0.5942390942390942;31074
1;2015-01;0.6271062271062271;31074
2;2016-01;0.7382173382173383;31074
3;2017-01;0.6885470085470086;31074
4;2018-01;0.6724542124542123;31074
5;2019-01;0.7203174603174602;31074
6;2020-01;0.8003174603174603;31074
7;2021-01;0.858095238095238;31074
8;2022-01;0.9028571428571428;31074
9;2023-01;0.940952380952381;31074
10;2024-01;0.9314285714285713;31074
0;2014-01;0.7033333333333334;31035
1;2015-01;0.78;31035
2;2016-01;0.5066666666666666;31035
3;2017-01;0.49333333333333335;31035
4;2018-01;0.638095238095238;31035
5;2019-01;0.7914285714285715;31035
6;2020-01;0.7914285714285715;31035
7;2021-01;0.9314285714285713;31035
8;2022-01;0.8323809523809524;31035
9;2023-01;0.7304761904761905;31035
10;2024-01;0.6217582417582418;31035
0;2014-01;0.7334165834165834;31026
1;2015-01;0.614035964035964;31026
2;2016-01;0.6175091575091575;31026
3;2017-01;0.6141758241758242;31026
4;2018-01;0.6884615384615385;31026
5;2019-01;0.7157142857142857;31026
6;2020-01;0.7534126984126984;31026
7;2021-01;0.7536741363211952;31026
8;2022-01;0.5987394957983193;31026
9;2023-01;0.5269747899159664;31026
10;2024-01;0.549281045751634;31026
0;2014-01;0.875;31051
1;2015-01;1.0;31051
2;2016-01;0.9583333333333334;31051
3;2017-01;0.6666666666666666;31051
4;2018-01;0.5875;31051
5;2019-01;0.3958333333333333;31051
6;2020-01;0.6333333333333333;31051
7;2021-01;0.8;31051
8;2022-01;0.7233333333333334;31051
9;2023-01;0.8933333333333333;31051
10;2024-01;0.9333333333333332;31051
0;2014-01;0.8371654262958611;31086
1;2015-01;0.8224430312665607;31086
2;2016-01;0.8669139727963258;31086
3;2017-01;0.8871948419007243;31086
4;2018-01;0.8889136195018548;31086
5;2019-01;0.848197318453073;31086
6;2020-01;0.7725529542920847;31086
7;2021-01;0.654227222053309;31086
8;2022-01;0.7203093757816397;31086
9;2023-01;0.7324523972831398;31086
10;2024-01;0.7631343611016932;31086
0;2014-01;0.86;31093
1;2015-01;0.85;31093
2;2016-01;0.9166666666666666;31093
3;2017-01;0.75;31093
4;2018-01;0.7333333333333333;31093
5;2019-01;0.65;31093
6;2020-01;0.7833333333333333;31093
7;2021-01;0.86;31093
8;2022-01;0.9033333333333333;31093
9;2023-01;0.8314285714285713;31093
10;2024-01;0.7861904761904762;31093
0;2014-01;0.7791718607618006;31097
1;2015-01;0.7783503385624764;31097
2;2016-01;0.7528896711714171;31097
3;2017-01;0.775912935049589;31097
4;2018-01;0.8074779366779516;31097
5;2019-01;0.752181571946792;31097
6;2020-01;0.754809965794782;31097
7;2021-01;0.7804025547318011;31097
8;2022-01;0.7710708010395789;31097
9;2023-01;0.773684666210982;31097
10;2024-01;0.7433389563652721;31097
0;2014-01;0.9199999999999999;31096
1;2015-01;0.9199999999999999;31096
2;2016-01;1.0;31096
3;2017-01;0.7333333333333333;31096
4;2018-01;0.75;31096
5;2019-01;0.8;31096
6;2020-01;0.9;31096
7;2021-01;0.9;31096
8;2022-01;0.85;31096
9;2023-01;0.85;31096
10;2024-01;0.8125;31096
0;2014-01;0.6921693121693122;31036
1;2015-01;0.6951058201058201;31036
2;2016-01;0.6698039215686274;31036
3;2017-01;0.7243697478991596;31036
4;2018-01;0.7102877514642221;31036
5;2019-01;0.8072376425317602;31036
6;2020-01;0.7107358413859962;31036
7;2021-01;0.7139629376471481;31036
8;2022-01;0.7304928989139515;31036
9;2023-01;0.7702364886575414;31036
10;2024-01;0.7297821476768845;31036
0;2014-01;0.7111111111111111;31098
1;2015-01;0.6888888888888888;31098
2;2016-01;0.8666666666666667;31098
3;2017-01;0.8375;31098
4;2018-01;0.8125;31098
5;2019-01;0.8099999999999999;31098
6;2020-01;0.82;31098
7;2021-01;0.96;31098
8;2022-01;0.86;31098
9;2023-01;0.6883333333333332;31098
10;2024-01;0.7583333333333333;31098
0;2014-01;0.6666666666666666;31020
1;2015-01;0.6875;31020
2;2016-01;0.7222222222222222;31020
3;2017-01;0.7361111111111112;31020
4;2018-01;0.5277777777777778;31020
5;2019-01;0.5833333333333334;31020
6;2020-01;0.611111111111111;31020
7;2021-01;0.4777777777777778;31020
8;2022-01;0.6933333333333334;31020
9;2023-01;0.5961904761904762;31020
10;2024-01;0.5961904761904762;31020
0;2014-01;0.8026107226107226;31048
1;2015-01;0.8308158508158507;31048
2;2016-01;0.8003496503496503;31048
3;2017-01;0.8127407886231415;31048
4;2018-01;0.6448287007110537;31048
5;2019-01;0.6888412206988058;31048
6;2020-01;0.6794913754975674;31048
7;2021-01;0.7681410422608245;31048
8;2022-01;0.8397822141560798;31048
9;2023-01;0.8306283457121506;31048
10;2024-01;0.7642625325992466;31048
0;2014-01;0.935064935064935;31002
1;2015-01;0.935064935064935;31002
2;2016-01;0.8761904761904763;31002
3;2017-01;0.8428571428571429;31002
4;2018-01;0.9214285714285714;31002
5;2019-01;0.7261904761904762;31002
6;2020-01;0.7547619047619047;31002
7;2021-01;0.8261904761904763;31002
8;2022-01;0.7690476190476191;31002
9;2023-01;0.8107142857142857;31002
10;2024-01;0.7801587301587302;31002
0;2014-01;0.6976190476190476;31032
1;2015-01;0.830952380952381;31032
2;2016-01;0.7222943722943722;31032
3;2017-01;0.6989610389610389;31032
4;2018-01;0.5927705627705627;31032
5;2019-01;0.621017316017316;31032
6;2020-01;0.6286363636363637;31032
7;2021-01;0.41761904761904767;31032
8;2022-01;0.5440476190476191;31032
9;2023-01;0.49793103448275866;31032
10;2024-01;0.5476804454915399;31032
0;2014-01;0.8295704295704296;31059
1;2015-01;0.8193872793872794;31059
2;2016-01;0.7958663558663559;31059
3;2017-01;0.8916239316239316;31059
4;2018-01;0.8326534576534577;31059
5;2019-01;0.8424825174825175;31059
6;2020-01;0.85506993006993;31059
7;2021-01;0.8762820512820513;31059
8;2022-01;0.717948717948718;31059
9;2023-01;0.7222672064777328;31059
10;2024-01;0.6759350298823983;31059
0;2014-01;0.7083333333333333;31053
1;2015-01;0.7666666666666666;31053
2;2016-01;0.7202380952380952;31053
3;2017-01;0.7357142857142858;31053
4;2018-01;0.7142857142857142;31053
5;2019-01;0.6571428571428571;31053
6;2020-01;0.6964285714285714;31053
7;2021-01;0.6904761904761904;31053
8;2022-01;0.7857142857142857;31053
9;2023-01;0.8333333333333333;31053
10;2024-01;0.8055555555555555;31053
0;2014-01;0.7492063492063492;31031
1;2015-01;0.7158730158730158;31031
2;2016-01;0.7641269841269842;31031
3;2017-01;0.7955555555555556;31031
4;2018-01;0.6816666666666666;31031
5;2019-01;0.885;31031
6;2020-01;0.7877777777777778;31031
7;2021-01;0.8277777777777778;31031
8;2022-01;0.7982323232323232;31031
9;2023-01;0.779040404040404;31031
10;2024-01;0.8068181818181819;31031
0;2014-01;0.6866233766233766;31003
1;2015-01;0.6843506493506494;31003
2;2016-01;0.7486363636363637;31003
3;2017-01;0.6704545454545455;31003
4;2018-01;0.7636363636363637;31003
5;2019-01;0.8027777777777778;31003
6;2020-01;0.8405555555555555;31003
7;2021-01;0.8917251461988304;31003
8;2022-01;0.8456725146198831;31003
9;2023-01;0.7992352676563204;31003
10;2024-01;0.7147773279352226;31003
0;2014-01;0.7825;31009
1;2015-01;0.9;31009
2;2016-01;0.7928571428571429;31009
3;2017-01;0.8420634920634921;31009
4;2018-01;0.7684126984126984;31009
5;2019-01;0.7484126984126984;31009
6;2020-01;0.8477777777777777;31009
7;2021-01;0.8166666666666667;31009
8;2022-01;0.8544444444444445;31009
9;2023-01;0.7814529914529914;31009
10;2024-01;0.7278998778998779;31009
0;2014-01;0.875;31065
1;2015-01;0.75;31065
2;2016-01;0.75;31065
3;2017-01;0.7083333333333334;31065
4;2018-01;0.5333333333333333;31065
5;2019-01;0.56875;31065
6;2020-01;0.4625;31065
7;2021-01;0.55;31065
8;2022-01;0.5;31065
9;2023-01;0.6733333333333333;31065
10;2024-01;0.6533333333333333;31065
0;2014-01;0.6645454545454546;31071
1;2015-01;0.7554545454545455;31071
2;2016-01;0.6914285714285715;31071
3;2017-01;0.7380952380952381;31071
4;2018-01;0.7695238095238095;31071
5;2019-01;0.7780952380952381;31071
6;2020-01;0.7295238095238095;31071
7;2021-01;0.7416666666666667;31071
8;2022-01;0.7666666666666667;31071
9;2023-01;0.8416666666666666;31071
10;2024-01;0.8527777777777779;31071
0;2014-01;0.6846464646464646;31052
1;2015-01;0.6530303030303031;31052
2;2016-01;0.7621212121212121;31052
3;2017-01;0.7924242424242424;31052
4;2018-01;0.7070707070707071;31052
5;2019-01;0.8363636363636363;31052
6;2020-01;0.8272727272727274;31052
7;2021-01;0.7954545454545455;31052
8;2022-01;0.760909090909091;31052
9;2023-01;0.736909090909091;31052
10;2024-01;0.8219999999999998;31052
0;2014-01;0.7611111111111111;31023
1;2015-01;0.7833333333333334;31023
2;2016-01;0.7166666666666667;31023
3;2017-01;0.8277777777777778;31023
4;2018-01;0.9269841269841269;31023
5;2019-01;0.9428571428571428;31023
6;2020-01;0.8761904761904761;31023
7;2021-01;0.8666666666666666;31023
8;2022-01;0.7833333333333333;31023
9;2023-01;0.7833333333333333;31023
10;2024-01;0.7833333333333333;31023
0;2014-01;0.6325287031808771;31057
1;2015-01;0.6048666007905139;31057
2;2016-01;0.629387731833384;31057
3;2017-01;0.639198644604823;31057
4;2018-01;0.6876603087987527;31057
5;2019-01;0.6799101118180065;31057
6;2020-01;0.6487974744553692;31057
7;2021-01;0.7304824561403509;31057
8;2022-01;0.7058743842364532;31057
9;2023-01;0.7042331691297209;31057
10;2024-01;0.7374474548440066;31057
0;2014-01;1.0;31077
1;2015-01;1.0;31077
2;2016-01;1.0;31077
3;2017-01;1.0;31077
4;2018-01;0.8666666666666667;31077
5;2019-01;0.8666666666666667;31077
6;2020-01;0.8333333333333333;31077
7;2021-01;0.8333333333333334;31077
8;2022-01;0.95;31077
9;2023-01;0.95;31077
10;2024-01;0.9166666666666666;31077
0;2014-01;0.75;31062
1;2015-01;0.6666666666666666;31062
2;2016-01;0.5833333333333333;31062
3;2017-01;0.5;31062
4;2018-01;0.4291666666666667;31062
5;2019-01;0.5433333333333333;31062
6;2020-01;0.525;31062
7;2021-01;0.5466666666666666;31062
8;2022-01;0.6;31062
9;2023-01;0.5625;31062
10;2024-01;0.6041666666666667;31062
0;2014-01;0.5957142857142858;31099
1;2015-01;0.5923809523809525;31099
2;2016-01;0.579047619047619;31099
3;2017-01;0.6823809523809523;31099
4;2018-01;0.676969696969697;31099
5;2019-01;0.6936363636363636;31099
6;2020-01;0.7493506493506493;31099
7;2021-01;0.815064935064935;31099
8;2022-01;0.789025974025974;31099
9;2023-01;0.7660714285714285;31099
10;2024-01;0.7128571428571429;31099
0;2014-01;0.8333333333333334;31076
1;2015-01;0.875;31076
2;2016-01;0.85;31076
3;2017-01;1.0;31076
4;2018-01;0.75;31076
5;2019-01;0.8125;31076
6;2020-01;0.9166666666666666;31076
7;2021-01;0.75;31076
8;2022-01;0.8125;31076
9;2023-01;0.7;31076
10;2024-01;0.7708333333333334;31076
0;2014-01;0.635;31022
1;2015-01;0.6229411764705882;31022
2;2016-01;0.708655462184874;31022
3;2017-01;0.838655462184874;31022
4;2018-01;0.8910364145658264;31022
5;2019-01;0.8733193277310924;31022
6;2020-01;0.9071428571428571;31022
7;2021-01;0.9099999999999999;31022
8;2022-01;0.8283333333333334;31022
9;2023-01;0.8683333333333334;31022
10;2024-01;0.8711111111111111;31022
0;2014-01;0.7106060606060606;31025
1;2015-01;0.8679487179487179;31025
2;2016-01;0.767948717948718;31025
3;2017-01;0.8179487179487179;31025
4;2018-01;0.7628671328671329;31025
5;2019-01;0.7572727272727272;31025
6;2020-01;0.5781818181818182;31025
7;2021-01;0.6322943722943724;31025
8;2022-01;0.610995670995671;31025
9;2023-01;0.6028571428571429;31025
10;2024-01;0.6652813852813853;31025
0;2014-01;0.7566666666666666;31045
1;2015-01;0.7780952380952381;31045
2;2016-01;0.5980952380952381;31045
3;2017-01;0.7076190476190476;31045
4;2018-01;0.7571428571428571;31045
5;2019-01;0.6866666666666668;31045
6;2020-01;0.7511904761904762;31045
7;2021-01;0.7833333333333334;31045
8;2022-01;0.8086363636363636;31045
9;2023-01;0.8398432601880877;31045
10;2024-01;0.8366457680250784;31045
0;2014-01;0.7222222222222222;31066
1;2015-01;0.7222222222222222;31066
2;2016-01;0.7222222222222222;31066
3;2017-01;0.6666666666666666;31066
4;2018-01;0.6666666666666666;31066
5;2019-01;0.7333333333333333;31066
6;2020-01;0.8666666666666666;31066
7;2021-01;0.9333333333333332;31066
8;2022-01;0.8333333333333333;31066
9;2023-01;0.6364102564102565;31066
10;2024-01;0.6543589743589744;31066
0;2014-01;0.8854166666666666;31088
1;2015-01;0.835;31088
2;2016-01;0.6866666666666668;31088
3;2017-01;0.6416666666666666;31088
4;2018-01;0.5916666666666667;31088
5;2019-01;0.675;31088
6;2020-01;0.5083333333333333;31088
7;2021-01;0.5128787878787879;31088
8;2022-01;0.7128787878787879;31088
9;2023-01;0.6776290376290376;31088
10;2024-01;0.7444888444888444;31088
0;2014-01;0.7317460317460317;31058
1;2015-01;0.8317460317460318;31058
2;2016-01;0.7457142857142858;31058
3;2017-01;0.7438095238095238;31058
4;2018-01;0.818095238095238;31058
5;2019-01;0.7428571428571429;31058
6;2020-01;0.7;31058
7;2021-01;0.82;31058
8;2022-01;0.6930392156862745;31058
9;2023-01;0.7359803921568627;31058
10;2024-01;0.6827450980392157;31058
0;2014-01;0.5361904761904761;31085
1;2015-01;0.6261904761904762;31085
2;2016-01;0.6761904761904762;31085
3;2017-01;0.6683333333333333;31085
4;2018-01;0.6933333333333334;31085
5;2019-01;0.7964285714285715;31085
6;2020-01;0.8028571428571428;31085
7;2021-01;0.7857142857142858;31085
8;2022-01;0.7035714285714285;31085
9;2023-01;0.6785714285714286;31085
10;2024-01;0.7166117216117216;31085
0;2014-01;0.8333333333333333;31046
1;2015-01;0.8888888888888888;31046
2;2016-01;0.8888888888888888;31046
3;2017-01;0.9166666666666666;31046
4;2018-01;1.0;31046
5;2019-01;0.8333333333333333;31046
6;2020-01;0.6708333333333333;31046
7;2021-01;0.62;31046
8;2022-01;0.6866666666666666;31046
9;2023-01;0.5875;31046
10;2024-01;0.53125;31046
0;2014-01;0.8333333333333333;31067
1;2015-01;0.8055555555555555;31067
2;2016-01;0.7708333333333333;31067
3;2017-01;0.6833333333333333;31067
4;2018-01;0.8125;31067
5;2019-01;0.7125;31067
6;2020-01;0.9;31067
7;2021-01;0.55;31067
8;2022-01;0.45555555555555555;31067
9;2023-01;0.6222222222222222;31067
10;2024-01;0.7375;31067
0;2014-01;0.6239316239316239;31082
1;2015-01;0.6709401709401709;31082
2;2016-01;0.6074481074481074;31082
3;2017-01;0.5970695970695971;31082
4;2018-01;0.7197802197802198;31082
5;2019-01;0.8325396825396826;31082
6;2020-01;0.7142857142857142;31082
7;2021-01;0.7428571428571429;31082
8;2022-01;0.5867965367965369;31082
9;2023-01;0.656027306027306;31082
10;2024-01;0.6535964035964036;31082
0;2014-01;1.0;31081
1;2015-01;1.0;31081
2;2016-01;1.0;31081
3;2017-01;1.0;31081
4;2018-01;0.75;31081
5;2019-01;0.7222222222222222;31081
6;2020-01;0.7083333333333333;31081
7;2021-01;0.7083333333333333;31081
8;2022-01;0.611111111111111;31081
9;2023-01;0.6333333333333334;31081
10;2024-01;0.8333333333333334;31081
0;2014-01;1.0;31080
1;2015-01;0.8333333333333334;31080
2;2016-01;0.875;31080
3;2017-01;0.9;31080
4;2018-01;0.9;31080
5;2019-01;0.8;31080
6;2020-01;1.0;31080
7;2021-01;1.0;31080
8;2022-01;1.0;31080
9;2023-01;0.9;31080
10;2024-01;0.6266666666666667;31080
