;ano;retention;regiao_saude
0;2014-01;1.0;13008
1;2015-01;1.0;13008
2;2016-01;1.0;13008
3;2017-01;1.0;13008
4;2018-01;1.0;13008
5;2019-01;1.0;13008
6;2020-01;1.0;13008
7;2021-01;1.0;13008
8;2022-01;1.0;13008
9;2023-01;0.75;13008
10;2024-01;0.75;13008
0;2014-01;0.6930891330891331;13001
1;2015-01;0.6286446886446886;13001
2;2016-01;0.6432105149752207;13001
3;2017-01;0.6688450764921353;13001
4;2018-01;0.6226379013143719;13001
5;2019-01;0.6578568490333196;13001
6;2020-01;0.6444750347691525;13001
7;2021-01;0.6861621711621713;13001
8;2022-01;0.6778746253746254;13001
9;2023-01;0.7124269982890673;13001
10;2024-01;0.6925000287069253;13001
0;2015-01;1.0;13009
1;2016-01;1.0;13009
2;2017-01;1.0;13009
3;2018-01;1.0;13009
4;2019-01;0.875;13009
5;2020-01;0.9166666666666666;13009
6;2021-01;0.8333333333333334;13009
7;2022-01;0.8055555555555555;13009
8;2023-01;0.8541666666666666;13009
9;2024-01;0.7916666666666666;13009
0;2014-01;1.0;13002
1;2015-01;0.8333333333333334;13002
2;2016-01;0.7222222222222222;13002
3;2017-01;0.6666666666666666;13002
4;2018-01;0.5833333333333334;13002
5;2019-01;0.75;13002
6;2020-01;0.7777777777777778;13002
7;2021-01;0.7916666666666666;13002
8;2022-01;0.6666666666666666;13002
9;2023-01;0.7333333333333333;13002
10;2024-01;0.625;13002
0;2014-01;1.0;13003
1;2015-01;1.0;13003
2;2016-01;1.0;13003
3;2017-01;1.0;13003
4;2018-01;1.0;13003
5;2019-01;1.0;13003
6;2020-01;1.0;13003
7;2021-01;1.0;13003
8;2022-01;1.0;13003
9;2023-01;1.0;13003
10;2024-01;1.0;13003
0;2015-01;1.0;13004
1;2016-01;1.0;13004
2;2017-01;1.0;13004
3;2018-01;;13004
4;2019-01;1.0;13004
5;2020-01;1.0;13004
6;2021-01;0.7222222222222222;13004
7;2022-01;0.8333333333333334;13004
8;2023-01;0.6875;13004
9;2024-01;0.7291666666666666;13004
0;2014-01;1.0;13006
1;2015-01;1.0;13006
2;2016-01;1.0;13006
3;2017-01;1.0;13006
4;2018-01;1.0;13006
5;2019-01;1.0;13006
6;2020-01;1.0;13006
7;2021-01;1.0;13006
8;2022-01;1.0;13006
9;2023-01;1.0;13006
10;2024-01;0.9;13006
0;2014-01;;13005
1;2015-01;0.75;13005
2;2016-01;1.0;13005
3;2017-01;0.8333333333333334;13005
4;2018-01;0.875;13005
5;2019-01;1.0;13005
6;2020-01;0.9166666666666666;13005
7;2021-01;0.9166666666666666;13005
8;2022-01;0.8888888888888888;13005
9;2023-01;0.8888888888888888;13005
10;2024-01;0.8888888888888888;13005
0;2022-01;1.0;13007
1;2023-01;1.0;13007
2;2024-01;1.0;13007
0;2014-01;1.0;16002
1;2015-01;;16002
2;2016-01;1.0;16002
3;2017-01;1.0;16002
4;2018-01;1.0;16002
5;2019-01;;16002
6;2020-01;;16002
7;2021-01;1.0;16002
8;2022-01;;16002
9;2023-01;1.0;16002
10;2024-01;1.0;16002
0;2014-01;0.6866666666666668;16003
1;2015-01;0.8;16003
2;2016-01;0.8333333333333334;16003
3;2017-01;0.8;16003
4;2018-01;0.6666666666666666;16003
5;2019-01;0.6666666666666666;16003
6;2020-01;0.75;16003
7;2021-01;0.5833333333333333;16003
8;2022-01;0.5;16003
9;2023-01;0.5;16003
10;2024-01;0.625;16003
0;2014-01;0.803968253968254;16001
1;2015-01;0.8011904761904761;16001
2;2016-01;0.8861111111111111;16001
3;2017-01;0.8861111111111111;16001
4;2018-01;0.888888888888889;16001
5;2019-01;1.0;16001
6;2020-01;0.9714285714285715;16001
7;2021-01;0.8714285714285713;16001
8;2022-01;0.8714285714285713;16001
9;2023-01;0.8714285714285713;16001
10;2024-01;0.9047619047619048;16001
0;2014-01;0.75;29003
1;2015-01;0.8;29003
2;2016-01;0.8;29003
3;2017-01;0.625;29003
4;2018-01;0.7;29003
5;2019-01;0.8;29003
6;2020-01;0.7333333333333333;29003
7;2021-01;0.8333333333333333;29003
8;2022-01;0.7916666666666666;29003
9;2023-01;0.611111111111111;29003
10;2024-01;0.5833333333333334;29003
0;2014-01;0.875;29001
1;2015-01;0.8714285714285716;29001
2;2016-01;0.9428571428571428;29001
3;2017-01;0.8869047619047619;29001
4;2018-01;0.8303571428571428;29001
5;2019-01;0.8303571428571428;29001
6;2020-01;0.7897727272727273;29001
7;2021-01;0.8314393939393939;29001
8;2022-01;0.6303030303030303;29001
9;2023-01;0.7121212121212122;29001
10;2024-01;0.7916666666666666;29001
0;2014-01;0.75;29026
1;2015-01;0.75;29026
2;2016-01;0.75;29026
3;2017-01;0.75;29026
4;2018-01;0.5833333333333333;29026
5;2019-01;0.5833333333333333;29026
6;2020-01;0.6833333333333333;29026
7;2021-01;0.625;29026
8;2022-01;0.675;29026
9;2023-01;0.6214285714285714;29026
10;2024-01;0.6642857142857143;29026
0;2014-01;0.5833333333333334;29022
1;2015-01;0.625;29022
2;2016-01;0.5833333333333334;29022
3;2017-01;0.6277777777777778;29022
4;2018-01;0.6291666666666667;29022
5;2019-01;0.7392857142857143;29022
6;2020-01;0.7767857142857143;29022
7;2021-01;0.7714285714285715;29022
8;2022-01;0.8047619047619048;29022
9;2023-01;0.8;29022
10;2024-01;0.7333333333333333;29022
0;2014-01;0.7995238095238095;29006
1;2015-01;0.8122222222222222;29006
2;2016-01;0.8058730158730159;29006
3;2017-01;0.7747619047619048;29006
4;2018-01;0.7980952380952381;29006
5;2019-01;0.7045238095238096;29006
6;2020-01;0.655;29006
7;2021-01;0.755;29006
8;2022-01;0.695;29006
9;2023-01;0.7151515151515151;29006
10;2024-01;0.8065800865800865;29006
0;2014-01;1.0;29010
1;2015-01;0.8666666666666667;29010
2;2016-01;0.7166666666666667;29010
3;2017-01;0.7066666666666667;29010
4;2018-01;0.64;29010
5;2019-01;0.525;29010
6;2020-01;0.5199999999999999;29010
7;2021-01;0.52;29010
8;2022-01;0.5866666666666667;29010
9;2023-01;0.6266666666666667;29010
10;2024-01;0.7266666666666667;29010
0;2014-01;1.0;29024
1;2015-01;1.0;29024
2;2016-01;1.0;29024
3;2017-01;1.0;29024
4;2018-01;1.0;29024
5;2019-01;1.0;29024
6;2020-01;1.0;29024
7;2021-01;0.875;29024
8;2022-01;0.875;29024
9;2023-01;0.9;29024
10;2024-01;1.0;29024
0;2014-01;0.9166666666666667;29025
1;2015-01;0.8125;29025
2;2016-01;0.7625;29025
3;2017-01;0.6708333333333334;29025
4;2018-01;0.425;29025
5;2019-01;0.5855555555555556;29025
6;2020-01;0.6233333333333333;29025
7;2021-01;0.6166666666666666;29025
8;2022-01;0.4259259259259259;29025
9;2023-01;0.46944444444444444;29025
10;2024-01;0.65;29025
0;2014-01;1.0;29008
1;2015-01;1.0;29008
2;2016-01;1.0;29008
3;2017-01;1.0;29008
4;2018-01;1.0;29008
5;2019-01;1.0;29008
6;2020-01;1.0;29008
7;2021-01;0.8888888888888888;29008
8;2022-01;0.9166666666666666;29008
9;2023-01;0.8333333333333333;29008
10;2024-01;0.9333333333333332;29008
0;2014-01;0.9333333333333332;29028
1;2015-01;0.8333333333333333;29028
2;2016-01;0.6666666666666666;29028
3;2017-01;0.6666666666666667;29028
4;2018-01;0.8;29028
5;2019-01;0.7666666666666667;29028
6;2020-01;0.7666666666666667;29028
7;2021-01;0.7666666666666667;29028
8;2022-01;0.8333333333333333;29028
9;2023-01;0.8333333333333333;29028
10;2024-01;0.76;29028
0;2014-01;0.6833333333333333;29002
1;2015-01;0.7833333333333333;29002
2;2016-01;0.7833333333333333;29002
3;2017-01;0.75;29002
4;2018-01;0.7;29002
5;2019-01;0.75;29002
6;2020-01;0.8333333333333333;29002
7;2021-01;0.7666666666666666;29002
8;2022-01;0.7333333333333333;29002
9;2023-01;0.8333333333333334;29002
10;2024-01;0.7933333333333333;29002
0;2014-01;1.0;29015
1;2015-01;0.7916666666666666;29015
2;2016-01;0.8333333333333333;29015
3;2017-01;0.8533333333333333;29015
4;2018-01;0.7533333333333333;29015
5;2019-01;0.775;29015
6;2020-01;0.77;29015
7;2021-01;0.7;29015
8;2022-01;0.6333333333333333;29015
9;2023-01;0.6533333333333333;29015
10;2024-01;0.6466666666666667;29015
0;2014-01;0.875;29021
1;2015-01;1.0;29021
2;2016-01;1.0;29021
3;2017-01;1.0;29021
4;2018-01;0.875;29021
5;2019-01;0.875;29021
6;2020-01;0.875;29021
7;2021-01;0.75;29021
8;2022-01;0.8333333333333334;29021
9;2023-01;0.8333333333333334;29021
10;2024-01;0.875;29021
0;2014-01;0.75;29013
1;2015-01;0.75;29013
2;2016-01;0.8333333333333334;29013
3;2017-01;0.8333333333333334;29013
4;2018-01;0.7222222222222222;29013
5;2019-01;0.8333333333333334;29013
6;2020-01;0.8333333333333334;29013
7;2021-01;0.8333333333333334;29013
8;2022-01;1.0;29013
9;2023-01;1.0;29013
10;2024-01;0.8333333333333334;29013
0;2014-01;0.7333333333333333;29005
1;2015-01;0.5;29005
2;2016-01;0.5833333333333333;29005
3;2017-01;0.6666666666666666;29005
4;2018-01;0.5416666666666666;29005
5;2019-01;0.6333333333333333;29005
6;2020-01;0.7;29005
7;2021-01;0.8333333333333333;29005
8;2022-01;0.6666666666666666;29005
9;2023-01;0.6666666666666666;29005
10;2024-01;0.6666666666666666;29005
0;2014-01;1.0;29007
1;2015-01;1.0;29007
2;2016-01;1.0;29007
3;2017-01;0.875;29007
4;2018-01;0.7333333333333333;29007
5;2019-01;0.7666666666666666;29007
6;2020-01;0.75;29007
7;2021-01;0.6416666666666666;29007
8;2022-01;0.78125;29007
9;2023-01;0.6916666666666667;29007
10;2024-01;0.825;29007
0;2014-01;0.6388888888888888;29012
1;2015-01;0.8222222222222223;29012
2;2016-01;0.85;29012
3;2017-01;0.7625;29012
4;2018-01;0.5125;29012
5;2019-01;0.6418181818181818;29012
6;2020-01;0.6818181818181819;29012
7;2021-01;0.5818181818181818;29012
8;2022-01;0.5795454545454546;29012
9;2023-01;0.5554545454545454;29012
10;2024-01;0.46515151515151515;29012
0;2014-01;0.8011363636363636;29004
1;2015-01;0.7242424242424242;29004
2;2016-01;0.8429292929292929;29004
3;2017-01;0.7575757575757576;29004
4;2018-01;0.8242424242424242;29004
5;2019-01;0.7877777777777778;29004
6;2020-01;0.6844444444444444;29004
7;2021-01;0.6406349206349207;29004
8;2022-01;0.7752503052503052;29004
9;2023-01;0.7073978309272426;29004
10;2024-01;0.741988077282195;29004
0;2014-01;0.7629706804351835;29020
1;2015-01;0.7306466609082174;29020
2;2016-01;0.7313886389401496;29020
3;2017-01;0.7657688896460714;29020
4;2018-01;0.7857448537622058;29020
5;2019-01;0.7976689118520688;29020
6;2020-01;0.8079342102903999;29020
7;2021-01;0.7905590651103767;29020
8;2022-01;0.7877695525262556;29020
9;2023-01;0.7643170661590657;29020
10;2024-01;0.6863585462689606;29020
0;2014-01;0.875;29016
1;2015-01;0.9;29016
2;2016-01;1.0;29016
3;2017-01;0.75;29016
4;2018-01;0.75;29016
5;2019-01;0.8;29016
6;2020-01;0.9;29016
7;2021-01;0.9;29016
8;2022-01;0.825;29016
9;2023-01;0.8699999999999999;29016
10;2024-01;0.8699999999999999;29016
0;2014-01;0.9375;29017
1;2015-01;0.95;29017
2;2016-01;0.85;29017
3;2017-01;0.9166666666666666;29017
4;2018-01;1.0;29017
5;2019-01;1.0;29017
6;2020-01;1.0;29017
7;2021-01;1.0;29017
8;2022-01;1.0;29017
9;2023-01;0.875;29017
10;2024-01;0.875;29017
0;2014-01;;29019
1;2015-01;0.875;29019
2;2016-01;0.75;29019
3;2017-01;0.5833333333333334;29019
4;2018-01;0.625;29019
5;2019-01;0.5;29019
6;2020-01;0.6458333333333334;29019
7;2021-01;0.47916666666666663;29019
8;2022-01;0.9166666666666667;29019
9;2023-01;0.8888888888888888;29019
10;2024-01;0.5972222222222222;29019
0;2014-01;0.8333333333333334;29018
1;2015-01;0.7916666666666666;29018
2;2016-01;0.7916666666666666;29018
3;2017-01;0.8333333333333334;29018
4;2018-01;0.9;29018
5;2019-01;1.0;29018
6;2020-01;1.0;29018
7;2021-01;1.0;29018
8;2022-01;0.8125;29018
9;2023-01;0.8125;29018
10;2024-01;0.65;29018
0;2014-01;0.8333333333333334;29027
1;2015-01;0.875;29027
2;2016-01;0.8333333333333333;29027
3;2017-01;0.9166666666666666;29027
4;2018-01;0.9166666666666666;29027
5;2019-01;0.7916666666666666;29027
6;2020-01;0.7;29027
7;2021-01;0.75;29027
8;2022-01;0.8888888888888888;29027
9;2023-01;0.8333333333333333;29027
10;2024-01;0.6666666666666666;29027
0;2014-01;0.75;29011
1;2015-01;0.75;29011
2;2016-01;0.875;29011
3;2017-01;0.7916666666666666;29011
4;2018-01;0.7708333333333333;29011
5;2019-01;0.8055555555555555;29011
6;2020-01;0.7222222222222222;29011
7;2021-01;0.6041666666666666;29011
8;2022-01;0.5208333333333333;29011
9;2023-01;0.6166666666666666;29011
10;2024-01;0.6166666666666666;29011
0;2014-01;0.625;29009
1;2015-01;0.7083333333333333;29009
2;2016-01;0.7333333333333333;29009
3;2017-01;0.7333333333333333;29009
4;2018-01;0.7;29009
5;2019-01;0.7;29009
6;2020-01;0.8333333333333333;29009
7;2021-01;0.8666666666666666;29009
8;2022-01;0.8;29009
9;2023-01;0.7916666666666666;29009
10;2024-01;0.9166666666666666;29009
0;2014-01;0.8888888888888888;29023
1;2015-01;1.0;29023
2;2016-01;0.8541666666666666;29023
3;2017-01;0.5833333333333334;29023
4;2018-01;0.75;29023
5;2019-01;0.75;29023
6;2020-01;0.75;29023
7;2021-01;1.0;29023
8;2022-01;0.5;29023
9;2023-01;0.75;29023
10;2024-01;0.75;29023
0;2014-01;1.0;29014
1;2015-01;0.8333333333333334;29014
2;2016-01;1.0;29014
3;2017-01;0.8125;29014
4;2018-01;0.875;29014
5;2019-01;0.90625;29014
6;2020-01;0.84375;29014
7;2021-01;0.8;29014
8;2022-01;0.8125;29014
9;2023-01;0.775;29014
10;2024-01;0.775;29014
0;2014-01;0.7777777777777778;23012
1;2015-01;0.6666666666666666;23012
2;2016-01;1.0;23012
3;2017-01;0.7083333333333333;23012
4;2018-01;0.75;23012
5;2019-01;0.75;23012
6;2020-01;0.625;23012
7;2021-01;0.6875;23012
8;2022-01;0.5833333333333334;23012
9;2023-01;0.5833333333333334;23012
10;2024-01;0.5625;23012
0;2014-01;0.65;23014
1;2015-01;0.55;23014
2;2016-01;0.55;23014
3;2017-01;0.45;23014
4;2018-01;0.6333333333333333;23014
5;2019-01;0.6333333333333333;23014
6;2020-01;0.6333333333333333;23014
7;2021-01;0.675;23014
8;2022-01;0.6333333333333333;23014
9;2023-01;0.8;23014
10;2024-01;0.7;23014
0;2014-01;0.7333333333333334;23006
1;2015-01;0.8888888888888888;23006
2;2016-01;0.611111111111111;23006
3;2017-01;0.6666666666666666;23006
4;2018-01;0.5833333333333333;23006
5;2019-01;0.7222222222222222;23006
6;2020-01;0.7916666666666666;23006
7;2021-01;0.7291666666666666;23006
8;2022-01;0.6666666666666666;23006
9;2023-01;0.6875;23006
10;2024-01;0.5833333333333334;23006
0;2014-01;0.8279429590017825;23001
1;2015-01;0.8288520499108735;23001
2;2016-01;0.8245278750998832;23001
3;2017-01;0.8023175978855491;23001
4;2018-01;0.7841506971730097;23001
5;2019-01;0.7493753575700838;23001
6;2020-01;0.7826954499748617;23001
7;2021-01;0.7477415230489001;23001
8;2022-01;0.7226050861706599;23001
9;2023-01;0.6771249674733281;23001
10;2024-01;0.6162867551392142;23001
0;2014-01;1.0;23007
1;2015-01;1.0;23007
2;2016-01;1.0;23007
3;2017-01;1.0;23007
4;2018-01;1.0;23007
5;2019-01;1.0;23007
6;2020-01;1.0;23007
7;2021-01;1.0;23007
8;2022-01;1.0;23007
9;2023-01;1.0;23007
10;2024-01;1.0;23007
0;2014-01;1.0;23019
1;2015-01;1.0;23019
2;2016-01;1.0;23019
3;2017-01;0.8888888888888888;23019
4;2018-01;0.7777777777777777;23019
5;2019-01;0.611111111111111;23019
6;2020-01;0.4444444444444444;23019
7;2021-01;0.3333333333333333;23019
8;2022-01;0.6666666666666666;23019
9;2023-01;0.8333333333333333;23019
10;2024-01;0.8333333333333333;23019
0;2014-01;0.7277777777777777;23021
1;2015-01;0.8;23021
2;2016-01;0.8;23021
3;2017-01;0.7333333333333333;23021
4;2018-01;0.9;23021
5;2019-01;0.8666666666666666;23021
6;2020-01;1.0;23021
7;2021-01;1.0;23021
8;2022-01;1.0;23021
9;2023-01;0.7911111111111111;23021
10;2024-01;0.7458333333333333;23021
0;2014-01;0.6666666666666666;23004
1;2015-01;0.75;23004
2;2016-01;0.875;23004
3;2017-01;0.6666666666666666;23004
4;2018-01;0.7083333333333333;23004
5;2019-01;0.5833333333333333;23004
6;2020-01;0.6666666666666667;23004
7;2021-01;0.611111111111111;23004
8;2022-01;0.7083333333333333;23004
9;2023-01;0.8333333333333333;23004
10;2024-01;0.6458333333333334;23004
0;2014-01;1.0;23005
1;2015-01;0.8333333333333334;23005
2;2016-01;0.5833333333333334;23005
3;2017-01;0.8333333333333334;23005
4;2018-01;0.6666666666666666;23005
5;2019-01;0.625;23005
6;2020-01;0.5625;23005
7;2021-01;0.75;23005
8;2022-01;0.75;23005
9;2023-01;0.8125;23005
10;2024-01;0.8125;23005
0;2014-01;1.0;23016
1;2015-01;1.0;23016
2;2016-01;0.8333333333333333;23016
3;2017-01;1.0;23016
4;2018-01;0.75;23016
5;2019-01;0.75;23016
6;2020-01;0.6666666666666666;23016
7;2021-01;0.6666666666666666;23016
8;2022-01;0.5;23016
9;2023-01;0.5;23016
10;2024-01;0.75;23016
0;2014-01;0.8800000000000001;23011
1;2015-01;0.8400000000000001;23011
2;2016-01;0.8333333333333334;23011
3;2017-01;0.788888888888889;23011
4;2018-01;0.5888888888888888;23011
5;2019-01;0.69375;23011
6;2020-01;0.5375;23011
7;2021-01;0.4875;23011
8;2022-01;0.5900000000000001;23011
9;2023-01;0.625;23011
10;2024-01;0.46952380952380957;23011
0;2014-01;0.9;23022
1;2015-01;0.9199999999999999;23022
2;2016-01;0.8055555555555555;23022
3;2017-01;0.7083333333333333;23022
4;2018-01;0.6666666666666666;23022
5;2019-01;0.6933333333333334;23022
6;2020-01;0.76;23022
7;2021-01;0.64;23022
8;2022-01;0.675;23022
9;2023-01;0.6333333333333333;23022
10;2024-01;0.4666666666666666;23022
0;2014-01;0.6626984126984127;23002
1;2015-01;0.8126984126984127;23002
2;2016-01;0.7833333333333333;23002
3;2017-01;0.6333333333333333;23002
4;2018-01;0.6041666666666666;23002
5;2019-01;0.6666666666666667;23002
6;2020-01;0.6666666666666666;23002
7;2021-01;0.6875;23002
8;2022-01;0.7291666666666666;23002
9;2023-01;0.7833333333333333;23002
10;2024-01;0.6309523809523809;23002
0;2014-01;0.7083333333333334;23015
1;2015-01;0.7291666666666666;23015
2;2016-01;0.6875;23015
3;2017-01;0.6875;23015
4;2018-01;0.5625;23015
5;2019-01;0.7;23015
6;2020-01;0.75;23015
7;2021-01;0.625;23015
8;2022-01;0.5;23015
9;2023-01;0.6;23015
10;2024-01;0.7;23015
0;2014-01;0.6666666666666666;23020
1;2015-01;0.75;23020
2;2016-01;0.72;23020
3;2017-01;0.5533333333333333;23020
4;2018-01;0.725;23020
5;2019-01;0.85;23020
6;2020-01;0.6666666666666666;23020
7;2021-01;0.6666666666666666;23020
8;2022-01;0.7916666666666666;23020
9;2023-01;0.875;23020
10;2024-01;0.6733333333333333;23020
0;2014-01;0.875;23010
1;2015-01;0.875;23010
2;2016-01;0.75;23010
3;2017-01;1.0;23010
4;2018-01;1.0;23010
5;2019-01;1.0;23010
6;2020-01;1.0;23010
7;2021-01;1.0;23010
8;2022-01;1.0;23010
9;2023-01;0.9375;23010
10;2024-01;0.9;23010
0;2014-01;0.8191919191919192;23003
1;2015-01;0.9017316017316018;23003
2;2016-01;0.7761904761904762;23003
3;2017-01;0.7428571428571429;23003
4;2018-01;0.6476190476190476;23003
5;2019-01;0.5968253968253968;23003
6;2020-01;0.6147741147741148;23003
7;2021-01;0.6014957264957265;23003
8;2022-01;0.5615384615384615;23003
9;2023-01;0.6147008547008548;23003
10;2024-01;0.6226923076923077;23003
0;2014-01;0.6666666666666666;23013
1;2015-01;0.7777777777777777;23013
2;2016-01;0.7777777777777777;23013
3;2017-01;0.8333333333333333;23013
4;2018-01;0.8666666666666666;23013
5;2019-01;0.8;23013
6;2020-01;0.7;23013
7;2021-01;0.7;23013
8;2022-01;0.7666666666666666;23013
9;2023-01;0.7916666666666666;23013
10;2024-01;0.8333333333333333;23013
0;2014-01;;23017
1;2015-01;1.0;23017
2;2016-01;1.0;23017
3;2017-01;1.0;23017
4;2018-01;1.0;23017
5;2019-01;1.0;23017
6;2020-01;1.0;23017
7;2021-01;1.0;23017
8;2022-01;1.0;23017
9;2023-01;1.0;23017
10;2024-01;0.8333333333333334;23017
0;2014-01;0.6666666666666666;23018
1;2015-01;0.5;23018
2;2016-01;0.6666666666666666;23018
3;2017-01;0.8333333333333333;23018
4;2018-01;0.5;23018
5;2019-01;0.5;23018
6;2020-01;0.75;23018
7;2021-01;0.75;23018
8;2022-01;0.75;23018
9;2023-01;1.0;23018
10;2024-01;1.0;23018
0;2014-01;1.0;23009
1;2015-01;0.8333333333333334;23009
2;2016-01;0.75;23009
3;2017-01;0.5;23009
4;2018-01;0.5;23009
5;2019-01;1.0;23009
6;2020-01;1.0;23009
7;2021-01;1.0;23009
8;2022-01;1.0;23009
9;2023-01;1.0;23009
10;2024-01;0.5416666666666666;23009
0;2014-01;0.5;23008
1;2015-01;0.75;23008
2;2016-01;0.5833333333333334;23008
3;2017-01;0.6875;23008
4;2018-01;0.75;23008
5;2019-01;0.7291666666666666;23008
6;2020-01;0.7777777777777778;23008
7;2021-01;0.7222222222222222;23008
8;2022-01;0.7083333333333333;23008
9;2023-01;0.75;23008
10;2024-01;0.875;23008
0;2014-01;0.7704870335230867;53001
1;2015-01;0.6701086563657721;53001
2;2016-01;0.6731499051233396;53001
3;2017-01;0.6154481792717087;53001
4;2018-01;0.5612044817927171;53001
5;2019-01;0.5812955182072829;53001
6;2020-01;0.7144162407230933;53001
7;2021-01;0.6857036010280402;53001
8;2022-01;0.762395893364069;53001
9;2023-01;0.7193525783240234;53001
10;2024-01;0.7811592352622003;53001
0;2014-01;0.8565656565656565;32002
1;2015-01;0.7589934432039696;32002
2;2016-01;0.7836983873825979;32002
3;2017-01;0.7763033847244374;32002
4;2018-01;0.761210349105086;32002
5;2019-01;0.813411306042885;32002
6;2020-01;0.7419987228607918;32002
7;2021-01;0.7980268199233717;32002
8;2022-01;0.8005094674884781;32002
9;2023-01;0.7873294602698651;32002
10;2024-01;0.7972951605592552;32002
0;2014-01;0.8071428571428572;32005
1;2015-01;0.6047619047619047;32005
2;2016-01;0.6380952380952382;32005
3;2017-01;0.7023809523809523;32005
4;2018-01;0.6706349206349206;32005
5;2019-01;0.638095238095238;32005
6;2020-01;0.7047619047619047;32005
7;2021-01;0.6325396825396826;32005
8;2022-01;0.6071428571428571;32005
9;2023-01;0.4838461538461539;32005
10;2024-01;0.5987179487179487;32005
0;2014-01;0.7964285714285715;32004
1;2015-01;0.7978571428571428;32004
2;2016-01;0.79;32004
3;2017-01;0.9099999999999999;32004
4;2018-01;0.63;32004
5;2019-01;0.7416666666666666;32004
6;2020-01;0.6666666666666667;32004
7;2021-01;0.7016666666666667;32004
8;2022-01;0.6747619047619048;32004
9;2023-01;0.7461904761904762;32004
10;2024-01;0.7014285714285714;32004
0;2014-01;0.5277777777777778;52004
1;2015-01;0.6458333333333334;52004
2;2016-01;0.6458333333333334;52004
3;2017-01;0.8333333333333334;52004
4;2018-01;0.6;52004
5;2019-01;0.7083333333333333;52004
6;2020-01;0.7166666666666667;52004
7;2021-01;0.7625;52004
8;2022-01;0.85;52004
9;2023-01;0.8375;52004
10;2024-01;0.8318181818181818;52004
0;2014-01;0.8666666666666666;52011
1;2015-01;0.8261904761904761;52011
2;2016-01;0.8;52011
3;2017-01;0.7333333333333333;52011
4;2018-01;0.5766666666666667;52011
5;2019-01;0.5024242424242424;52011
6;2020-01;0.6524242424242425;52011
7;2021-01;0.7275757575757575;52011
8;2022-01;0.7842424242424242;52011
9;2023-01;0.7909090909090909;52011
10;2024-01;0.8214285714285715;52011
0;2014-01;0.8652913752913752;52001
1;2015-01;0.8995337995337996;52001
2;2016-01;0.8381818181818183;52001
3;2017-01;0.7826436781609195;52001
4;2018-01;0.8005364834212605;52001
5;2019-01;0.7546021066121991;52001
6;2020-01;0.7282068575844859;52001
7;2021-01;0.7437135778094567;52001
8;2022-01;0.7498805139995215;52001
9;2023-01;0.7550244028057096;52001
10;2024-01;0.6761467861375146;52001
0;2014-01;0.8547619047619047;52002
1;2015-01;0.719047619047619;52002
2;2016-01;0.5866666666666667;52002
3;2017-01;0.6976190476190476;52002
4;2018-01;0.5803571428571428;52002
5;2019-01;0.6056998556998557;52002
6;2020-01;0.6667965367965368;52002
7;2021-01;0.6836940836940837;52002
8;2022-01;0.7286147186147186;52002
9;2023-01;0.5897258297258297;52002
10;2024-01;0.5977777777777777;52002
0;2014-01;1.0;52012
1;2015-01;0.75;52012
2;2016-01;0.6666666666666666;52012
3;2017-01;0.6041666666666666;52012
4;2018-01;0.6166666666666667;52012
5;2019-01;0.7333333333333333;52012
6;2020-01;0.6666666666666667;52012
7;2021-01;0.8833333333333334;52012
8;2022-01;0.8125;52012
9;2023-01;0.6833333333333333;52012
10;2024-01;0.4833333333333333;52012
0;2014-01;1.0;52007
1;2015-01;1.0;52007
2;2016-01;1.0;52007
3;2017-01;1.0;52007
4;2018-01;1.0;52007
5;2019-01;1.0;52007
6;2020-01;1.0;52007
7;2021-01;1.0;52007
8;2022-01;1.0;52007
9;2023-01;0.8333333333333333;52007
10;2024-01;0.7777777777777777;52007
0;2014-01;0.95;52017
1;2015-01;0.85;52017
2;2016-01;0.7333333333333333;52017
3;2017-01;0.6666666666666667;52017
4;2018-01;0.65;52017
5;2019-01;0.8;52017
6;2020-01;0.9;52017
7;2021-01;0.9166666666666666;52017
8;2022-01;0.625;52017
9;2023-01;0.8333333333333334;52017
10;2024-01;0.7777777777777778;52017
0;2014-01;0.8416666666666666;52005
1;2015-01;0.8666666666666666;52005
2;2016-01;0.9333333333333333;52005
3;2017-01;0.95;52005
4;2018-01;0.86;52005
5;2019-01;0.9;52005
6;2020-01;1.0;52005
7;2021-01;1.0;52005
8;2022-01;1.0;52005
9;2023-01;1.0;52005
10;2024-01;1.0;52005
0;2014-01;1.0;52006
1;2015-01;1.0;52006
2;2016-01;1.0;52006
3;2017-01;1.0;52006
4;2018-01;1.0;52006
5;2019-01;1.0;52006
6;2020-01;1.0;52006
7;2021-01;1.0;52006
8;2022-01;1.0;52006
9;2023-01;1.0;52006
10;2024-01;1.0;52006
0;2014-01;1.0;52013
1;2015-01;0.8333333333333334;52013
2;2016-01;0.6666666666666666;52013
3;2017-01;0.6666666666666666;52013
4;2018-01;0.5;52013
5;2019-01;0.75;52013
6;2020-01;0.8333333333333334;52013
7;2021-01;1.0;52013
8;2022-01;0.8333333333333334;52013
9;2023-01;0.8333333333333334;52013
10;2024-01;0.875;52013
0;2014-01;0.625;52008
1;2015-01;0.8333333333333334;52008
2;2016-01;0.8125;52008
3;2017-01;0.75;52008
4;2018-01;0.875;52008
5;2019-01;0.875;52008
6;2020-01;0.8333333333333334;52008
7;2021-01;0.6666666666666666;52008
8;2022-01;0.5;52008
9;2023-01;0.75;52008
10;2024-01;0.75;52008
0;2014-01;1.0;52003
1;2015-01;0.9375;52003
2;2016-01;0.9375;52003
3;2017-01;0.875;52003
4;2018-01;0.625;52003
5;2019-01;0.875;52003
6;2020-01;0.875;52003
7;2021-01;0.7266666666666667;52003
8;2022-01;0.85;52003
9;2023-01;0.725;52003
10;2024-01;0.7666666666666666;52003
0;2014-01;1.0;52009
1;2015-01;1.0;52009
2;2016-01;1.0;52009
3;2017-01;1.0;52009
4;2018-01;1.0;52009
5;2019-01;1.0;52009
6;2020-01;1.0;52009
7;2021-01;1.0;52009
8;2022-01;1.0;52009
9;2023-01;1.0;52009
10;2024-01;1.0;52009
0;2014-01;1.0;52018
1;2015-01;1.0;52018
2;2016-01;1.0;52018
3;2017-01;0.8125;52018
4;2018-01;0.9166666666666666;52018
5;2019-01;0.75;52018
6;2020-01;0.8333333333333334;52018
7;2021-01;0.875;52018
8;2022-01;0.7916666666666666;52018
9;2023-01;0.5;52018
10;2024-01;0.55;52018
0;2014-01;0.7619047619047619;52016
1;2015-01;0.7619047619047619;52016
2;2016-01;0.8095238095238095;52016
3;2017-01;0.8095238095238095;52016
4;2018-01;0.8095238095238095;52016
5;2019-01;0.8476190476190476;52016
6;2020-01;0.7238095238095237;52016
7;2021-01;0.6571428571428571;52016
8;2022-01;0.7;52016
9;2023-01;0.7;52016
10;2024-01;0.5666666666666667;52016
0;2014-01;0.9166666666666666;52014
1;2015-01;0.9166666666666666;52014
2;2016-01;0.7916666666666666;52014
3;2017-01;0.7916666666666666;52014
4;2018-01;0.7916666666666666;52014
5;2019-01;0.7666666666666666;52014
6;2020-01;0.8333333333333333;52014
7;2021-01;0.8166666666666667;52014
8;2022-01;0.7083333333333333;52014
9;2023-01;0.611111111111111;52014
10;2024-01;0.7083333333333334;52014
0;2014-01;1.0;52010
1;2015-01;0.8333333333333333;52010
2;2016-01;0.8666666666666666;52010
3;2017-01;0.8166666666666667;52010
4;2018-01;0.7;52010
5;2019-01;0.7;52010
6;2020-01;0.5625;52010
7;2021-01;0.6041666666666666;52010
8;2022-01;0.6875;52010
9;2023-01;0.8125;52010
10;2024-01;0.6875;52010
0;2014-01;0.8055555555555555;52015
1;2015-01;0.7916666666666666;52015
2;2016-01;0.7;52015
3;2017-01;0.825;52015
4;2018-01;0.6083333333333334;52015
5;2019-01;0.6133333333333333;52015
6;2020-01;0.5666666666666667;52015
7;2021-01;0.5327380952380952;52015
8;2022-01;0.6023809523809524;52015
9;2023-01;0.49523809523809526;52015
10;2024-01;0.4595238095238095;52015
0;2014-01;0.6333333333333333;15011
1;2015-01;0.6666666666666667;15011
2;2016-01;0.7833333333333333;15011
3;2017-01;0.7833333333333333;15011
4;2018-01;0.7;15011
5;2019-01;0.6785714285714286;15011
6;2020-01;0.4285714285714286;15011
7;2021-01;0.6017857142857143;15011
8;2022-01;0.5842857142857143;15011
9;2023-01;0.5342857142857143;15011
10;2024-01;0.5180952380952382;15011
0;2014-01;1.0;15007
1;2015-01;0.8333333333333334;15007
2;2016-01;0.75;15007
3;2017-01;0.7916666666666666;15007
4;2018-01;0.7083333333333333;15007
5;2019-01;0.7083333333333333;15007
6;2020-01;0.7083333333333334;15007
7;2021-01;0.8333333333333334;15007
8;2022-01;0.8333333333333334;15007
9;2023-01;0.75;15007
10;2024-01;0.875;15007
0;2014-01;1.0;15013
1;2015-01;1.0;15013
2;2016-01;1.0;15013
3;2017-01;1.0;15013
4;2018-01;1.0;15013
5;2019-01;1.0;15013
6;2020-01;1.0;15013
7;2021-01;1.0;15013
8;2022-01;1.0;15013
9;2023-01;1.0;15013
10;2024-01;1.0;15013
0;2014-01;0.78;15001
1;2015-01;0.58;15001
2;2016-01;0.75;15001
3;2017-01;0.75;15001
4;2018-01;0.75;15001
5;2019-01;0.6875;15001
6;2020-01;0.4166666666666667;15001
7;2021-01;0.8;15001
8;2022-01;0.8;15001
9;2023-01;0.75;15001
10;2024-01;0.85;15001
0;2014-01;0.8125;15002
1;2015-01;0.8125;15002
2;2016-01;0.8;15002
3;2017-01;0.85;15002
4;2018-01;0.7666666666666666;15002
5;2019-01;0.7166666666666667;15002
6;2020-01;0.9333333333333333;15002
7;2021-01;0.8;15002
8;2022-01;0.7666666666666666;15002
9;2023-01;0.5595238095238095;15002
10;2024-01;0.692063492063492;15002
0;2014-01;1.0;15012
1;2015-01;1.0;15012
2;2016-01;0.8333333333333334;15012
3;2017-01;1.0;15012
4;2018-01;0.8888888888888888;15012
5;2019-01;0.7111111111111111;15012
6;2020-01;0.9333333333333332;15012
7;2021-01;0.8;15012
8;2022-01;0.6444444444444445;15012
9;2023-01;0.5777777777777778;15012
10;2024-01;0.7166666666666667;15012
0;2014-01;0.8486807870489084;15006
1;2015-01;0.877038516595093;15006
2;2016-01;0.8463658910083558;15006
3;2017-01;0.8205056759545923;15006
4;2018-01;0.8008126934984521;15006
5;2019-01;0.7852395411605938;15006
6;2020-01;0.7302350427350428;15006
7;2021-01;0.7368589743589744;15006
8;2022-01;0.7891880341880342;15006
9;2023-01;0.811744595274007;15006
10;2024-01;0.8901203990368076;15006
0;2014-01;0.6166666666666667;15009
1;2015-01;0.5466666666666666;15009
2;2016-01;0.58;15009
3;2017-01;0.6;15009
4;2018-01;0.6;15009
5;2019-01;0.6666666666666666;15009
6;2020-01;0.625;15009
7;2021-01;0.75;15009
8;2022-01;0.7083333333333333;15009
9;2023-01;0.875;15009
10;2024-01;0.6666666666666666;15009
0;2014-01;0.9158730158730158;15003
1;2015-01;0.8377777777777778;15003
2;2016-01;0.731111111111111;15003
3;2017-01;0.6977777777777778;15003
4;2018-01;0.7466666666666667;15003
5;2019-01;0.8133333333333332;15003
6;2020-01;0.8583333333333334;15003
7;2021-01;0.7811111111111111;15003
8;2022-01;0.8694444444444445;15003
9;2023-01;0.821969696969697;15003
10;2024-01;0.7272727272727273;15003
0;2014-01;1.0;15004
1;2015-01;1.0;15004
2;2016-01;0.95;15004
3;2017-01;0.875;15004
4;2018-01;0.7083333333333333;15004
5;2019-01;0.7708333333333333;15004
6;2020-01;0.7833333333333333;15004
7;2021-01;0.9166666666666666;15004
8;2022-01;0.8333333333333334;15004
9;2023-01;0.9;15004
10;2024-01;0.9;15004
0;2014-01;0.8333333333333334;15014
1;2015-01;1.0;15014
2;2016-01;0.75;15014
3;2017-01;0.75;15014
4;2018-01;0.75;15014
5;2019-01;0.8333333333333334;15014
6;2020-01;1.0;15014
7;2021-01;1.0;15014
8;2022-01;0.5;15014
9;2023-01;0.75;15014
10;2024-01;0.5;15014
0;2014-01;0.6583333333333333;15008
1;2015-01;0.7416666666666667;15008
2;2016-01;0.7016666666666667;15008
3;2017-01;0.6849999999999999;15008
4;2018-01;0.76;15008
5;2019-01;0.7875;15008
6;2020-01;0.8375;15008
7;2021-01;0.7514285714285714;15008
8;2022-01;0.6157142857142858;15008
9;2023-01;0.6971428571428572;15008
10;2024-01;0.72;15008
0;2017-01;1.0;15010
1;2018-01;0.5;15010
2;2019-01;0.5;15010
3;2020-01;0.75;15010
4;2021-01;0.75;15010
5;2022-01;0.5222222222222223;15010
6;2023-01;0.65;15010
7;2024-01;0.5583333333333333;15010
0;2014-01;0.875;26001
1;2015-01;0.8055555555555555;26001
2;2016-01;0.8541666666666666;26001
3;2017-01;0.5833333333333333;26001
4;2018-01;0.75;26001
5;2019-01;1.0;26001
6;2020-01;1.0;26001
7;2021-01;1.0;26001
8;2022-01;0.7777777777777777;26001
9;2023-01;0.7777777777777777;26001
10;2024-01;1.0;26001
0;2014-01;0.75;26009
1;2015-01;0.875;26009
2;2016-01;0.8333333333333333;26009
3;2017-01;0.7833333333333333;26009
4;2018-01;0.825;26009
5;2019-01;0.675;26009
6;2020-01;0.6833333333333333;26009
7;2021-01;0.625;26009
8;2022-01;0.7416666666666667;26009
9;2023-01;0.75;26009
10;2024-01;0.8833333333333332;26009
0;2014-01;0.73;26003
1;2015-01;0.7237878787878789;26003
2;2016-01;0.6556060606060605;26003
3;2017-01;0.5606060606060606;26003
4;2018-01;0.6016450216450216;26003
5;2019-01;0.6072727272727272;26003
6;2020-01;0.6514285714285715;26003
7;2021-01;0.6871428571428572;26003
8;2022-01;0.6171428571428571;26003
9;2023-01;0.5885714285714285;26003
10;2024-01;0.6042857142857143;26003
0;2014-01;0.5571428571428572;26008
1;2015-01;0.49523809523809526;26008
2;2016-01;0.5599999999999999;26008
3;2017-01;0.44166666666666665;26008
4;2018-01;0.5583333333333333;26008
5;2019-01;0.5166666666666667;26008
6;2020-01;0.6055555555555555;26008
7;2021-01;0.7333333333333334;26008
8;2022-01;0.65;26008
9;2023-01;0.63;26008
10;2024-01;0.6633333333333333;26008
0;2014-01;0.9166666666666666;26005
1;2015-01;0.84375;26005
2;2016-01;0.825;26005
3;2017-01;0.6833333333333333;26005
4;2018-01;0.7291666666666666;26005
5;2019-01;0.8125;26005
6;2020-01;0.7;26005
7;2021-01;0.625;26005
8;2022-01;0.6928571428571428;26005
9;2023-01;0.7361904761904762;26005
10;2024-01;0.6671428571428571;26005
0;2014-01;0.809766081871345;26010
1;2015-01;0.8178872169022648;26010
2;2016-01;0.8094392031070647;26010
3;2017-01;0.8108771116037967;26010
4;2018-01;0.8001522628667777;26010
5;2019-01;0.8151442632036057;26010
6;2020-01;0.6746168428338318;26010
7;2021-01;0.7726222506087581;26010
8;2022-01;0.7787940601173606;26010
9;2023-01;0.7325407533710595;26010
10;2024-01;0.7614497153775647;26010
0;2014-01;0.8;26002
1;2015-01;0.725;26002
2;2016-01;0.65;26002
3;2017-01;0.55;26002
4;2018-01;0.525;26002
5;2019-01;0.6083333333333333;26002
6;2020-01;0.6833333333333333;26002
7;2021-01;0.7833333333333333;26002
8;2022-01;0.7833333333333333;26002
9;2023-01;0.8333333333333334;26002
10;2024-01;0.8;26002
0;2014-01;0.7083333333333333;26007
1;2015-01;0.8055555555555555;26007
2;2016-01;0.8541666666666666;26007
3;2017-01;0.7833333333333333;26007
4;2018-01;0.8333333333333333;26007
5;2019-01;0.8888888888888888;26007
6;2020-01;0.8888888888888888;26007
7;2021-01;1.0;26007
8;2022-01;1.0;26007
9;2023-01;0.75;26007
10;2024-01;0.75;26007
0;2014-01;0.86;26004
1;2015-01;0.8766666666666667;26004
2;2016-01;0.85;26004
3;2017-01;0.85;26004
4;2018-01;0.7833333333333333;26004
5;2019-01;0.7666666666666666;26004
6;2020-01;0.5666666666666667;26004
7;2021-01;0.6;26004
8;2022-01;0.6;26004
9;2023-01;0.6666666666666666;26004
10;2024-01;0.7083333333333334;26004
0;2014-01;0.8333333333333334;26012
1;2015-01;0.611111111111111;26012
2;2016-01;0.7083333333333334;26012
3;2017-01;0.75;26012
4;2018-01;0.8333333333333334;26012
5;2019-01;0.8333333333333334;26012
6;2020-01;0.875;26012
7;2021-01;0.875;26012
8;2022-01;1.0;26012
9;2023-01;1.0;26012
10;2024-01;0.9166666666666666;26012
0;2014-01;0.6438095238095237;26006
1;2015-01;0.5961904761904762;26006
2;2016-01;0.6533333333333333;26006
3;2017-01;0.7416666666666667;26006
4;2018-01;0.95;26006
5;2019-01;0.9636363636363636;26006
6;2020-01;0.7121212121212122;26006
7;2021-01;0.7454545454545454;26006
8;2022-01;0.7454545454545454;26006
9;2023-01;0.8121212121212121;26006
10;2024-01;0.6454545454545455;26006
0;2014-01;1.0;26011
1;2015-01;0.8333333333333333;26011
2;2016-01;0.7777777777777778;26011
3;2017-01;0.611111111111111;26011
4;2018-01;0.611111111111111;26011
5;2019-01;0.5277777777777778;26011
6;2020-01;0.5277777777777778;26011
7;2021-01;0.5833333333333334;26011
8;2022-01;0.6666666666666666;26011
9;2023-01;0.6666666666666666;26011
10;2024-01;0.5;26011
0;2014-01;1.0;22007
1;2015-01;1.0;22007
2;2016-01;0.8333333333333333;22007
3;2017-01;0.8333333333333333;22007
4;2018-01;0.8333333333333333;22007
5;2019-01;0.8333333333333333;22007
6;2020-01;0.41666666666666663;22007
7;2021-01;0.41666666666666663;22007
8;2022-01;0.41666666666666663;22007
9;2023-01;0.41666666666666663;22007
10;2024-01;0.41666666666666663;22007
0;2014-01;0.6666666666666666;22011
1;2015-01;0.8055555555555555;22011
2;2016-01;0.7291666666666666;22011
3;2017-01;0.7638888888888888;22011
4;2018-01;0.6666666666666666;22011
5;2019-01;0.5694444444444444;22011
6;2020-01;0.625;22011
7;2021-01;0.6666666666666666;22011
8;2022-01;0.7083333333333334;22011
9;2023-01;0.7266666666666667;22011
10;2024-01;0.6866666666666666;22011
0;2014-01;0.625;22003
1;2015-01;0.7222222222222222;22003
2;2016-01;0.7611111111111111;22003
3;2017-01;0.7277777777777777;22003
4;2018-01;0.6977777777777778;22003
5;2019-01;0.7644444444444445;22003
6;2020-01;0.78;22003
7;2021-01;0.6599999999999999;22003
8;2022-01;0.6933333333333334;22003
9;2023-01;0.7133333333333333;22003
10;2024-01;0.6;22003
0;2014-01;1.0;22002
1;2015-01;1.0;22002
2;2016-01;0.875;22002
3;2017-01;0.8333333333333334;22002
4;2018-01;0.8333333333333334;22002
5;2019-01;0.8333333333333334;22002
6;2020-01;1.0;22002
7;2021-01;1.0;22002
8;2022-01;0.8333333333333334;22002
9;2023-01;0.875;22002
10;2024-01;0.875;22002
0;2014-01;0.6333333333333333;22005
1;2015-01;0.5333333333333333;22005
2;2016-01;0.5208333333333334;22005
3;2017-01;0.4708333333333333;22005
4;2018-01;0.5875;22005
5;2019-01;0.5700000000000001;22005
6;2020-01;0.6799999999999999;22005
7;2021-01;0.6799999999999999;22005
8;2022-01;0.675;22005
9;2023-01;0.875;22005
10;2024-01;0.8888888888888888;22005
0;2014-01;0.7142857142857143;22009
1;2015-01;0.7;22009
2;2016-01;0.5628571428571428;22009
3;2017-01;0.43619047619047613;22009
4;2018-01;0.44253968253968257;22009
5;2019-01;0.4953174603174603;22009
6;2020-01;0.6023015873015873;22009
7;2021-01;0.6087301587301587;22009
8;2022-01;0.6392857142857142;22009
9;2023-01;0.625;22009
10;2024-01;0.5416666666666666;22009
0;2014-01;0.75;22001
1;2015-01;0.7666666666666667;22001
2;2016-01;0.7;22001
3;2017-01;0.5;22001
4;2018-01;0.6;22001
5;2019-01;0.7666666666666666;22001
6;2020-01;0.775;22001
7;2021-01;0.6166666666666667;22001
8;2022-01;0.5875;22001
9;2023-01;0.6;22001
10;2024-01;0.6514285714285715;22001
0;2014-01;0.75;22010
1;2015-01;0.8333333333333334;22010
2;2016-01;1.0;22010
3;2017-01;1.0;22010
4;2018-01;0.8333333333333334;22010
5;2019-01;0.875;22010
6;2020-01;0.9;22010
7;2021-01;0.7333333333333333;22010
8;2022-01;0.6666666666666666;22010
9;2023-01;0.6666666666666666;22010
10;2024-01;0.625;22010
0;2014-01;1.0;22008
1;2015-01;0.9047619047619048;22008
2;2016-01;0.8571428571428571;22008
3;2017-01;0.8571428571428572;22008
4;2018-01;0.8214285714285714;22008
5;2019-01;0.8857142857142858;22008
6;2020-01;0.8571428571428571;22008
7;2021-01;0.875;22008
8;2022-01;0.875;22008
9;2023-01;0.7916666666666666;22008
10;2024-01;0.8333333333333334;22008
0;2014-01;0.7978787878787879;22004
1;2015-01;0.802878787878788;22004
2;2016-01;0.7962121212121211;22004
3;2017-01;0.7873737373737374;22004
4;2018-01;0.8024242424242424;22004
5;2019-01;0.7088888888888889;22004
6;2020-01;0.5244444444444445;22004
7;2021-01;0.5985185185185184;22004
8;2022-01;0.6555555555555556;22004
9;2023-01;0.7611111111111111;22004
10;2024-01;0.7014646464646465;22004
0;2014-01;1.0;22006
1;2015-01;0.9444444444444445;22006
2;2016-01;1.0;22006
3;2017-01;0.9444444444444445;22006
4;2018-01;0.875;22006
5;2019-01;0.875;22006
6;2020-01;0.875;22006
7;2021-01;0.8333333333333334;22006
8;2022-01;1.0;22006
9;2023-01;0.875;22006
10;2024-01;0.875;22006
0;2014-01;0.734223236813649;41002
1;2015-01;0.7214464817492573;41002
2;2016-01;0.73950749278756;41002
3;2017-01;0.6889189115482219;41002
4;2018-01;0.7112140015157257;41002
5;2019-01;0.7189693371144984;41002
6;2020-01;0.6880894777265745;41002
7;2021-01;0.7454497261737795;41002
8;2022-01;0.7851688975114556;41002
9;2023-01;0.813867954187456;41002
10;2024-01;0.7419603090440843;41002
0;2014-01;0.74;41012
1;2015-01;0.78;41012
2;2016-01;0.79;41012
3;2017-01;0.79;41012
4;2018-01;0.82;41012
5;2019-01;0.8800000000000001;41012
6;2020-01;0.8800000000000001;41012
7;2021-01;1.0;41012
8;2022-01;0.8095238095238095;41012
9;2023-01;0.7428571428571429;41012
10;2024-01;0.7666666666666666;41012
0;2014-01;0.7678571428571428;41014
1;2015-01;0.8095238095238095;41014
2;2016-01;0.7571428571428571;41014
3;2017-01;0.7571428571428571;41014
4;2018-01;0.8;41014
5;2019-01;0.7666666666666666;41014
6;2020-01;0.5833333333333333;41014
7;2021-01;0.6266666666666667;41014
8;2022-01;0.6599999999999999;41014
9;2023-01;0.6444444444444445;41014
10;2024-01;0.5777777777777778;41014
0;2014-01;0.6643313570487483;41017
1;2015-01;0.6392424242424243;41017
2;2016-01;0.6992424242424242;41017
3;2017-01;0.7297619047619047;41017
4;2018-01;0.8032467532467532;41017
5;2019-01;0.8782467532467532;41017
6;2020-01;0.7775324675324675;41017
7;2021-01;0.7896753246753246;41017
8;2022-01;0.6903968253968253;41017
9;2023-01;0.6238888888888889;41017
10;2024-01;0.5676767676767677;41017
0;2014-01;0.7916666666666666;41018
1;2015-01;0.75;41018
2;2016-01;0.75;41018
3;2017-01;0.8875;41018
4;2018-01;0.8375;41018
5;2019-01;0.8699999999999999;41018
6;2020-01;0.8800000000000001;41018
7;2021-01;0.8300000000000001;41018
8;2022-01;0.7916666666666666;41018
9;2023-01;0.8541666666666666;41018
10;2024-01;0.8333333333333333;41018
0;2014-01;0.8044444444444444;41016
1;2015-01;0.8377777777777778;41016
2;2016-01;0.9266666666666667;41016
3;2017-01;0.8433333333333334;41016
4;2018-01;0.6966666666666667;41016
5;2019-01;0.6966666666666667;41016
6;2020-01;0.64;41016
7;2021-01;0.7333333333333334;41016
8;2022-01;0.8533333333333333;41016
9;2023-01;0.8533333333333333;41016
10;2024-01;0.72;41016
0;2014-01;0.7980952380952381;41011
1;2015-01;0.6628571428571428;41011
2;2016-01;0.7961904761904762;41011
3;2017-01;0.6961904761904762;41011
4;2018-01;0.7936507936507936;41011
5;2019-01;0.9166666666666666;41011
6;2020-01;0.8392857142857143;41011
7;2021-01;0.9642857142857143;41011
8;2022-01;0.8914285714285715;41011
9;2023-01;0.7942857142857143;41011
10;2024-01;0.7142857142857142;41011
0;2014-01;0.9333333333333332;41020
1;2015-01;0.9333333333333332;41020
2;2016-01;0.8333333333333333;41020
3;2017-01;0.8333333333333333;41020
4;2018-01;0.7666666666666666;41020
5;2019-01;0.8047619047619048;41020
6;2020-01;0.7714285714285715;41020
7;2021-01;0.7523809523809524;41020
8;2022-01;0.700952380952381;41020
9;2023-01;0.7676190476190475;41020
10;2024-01;0.6647619047619047;41020
0;2014-01;0.6967948717948718;41015
1;2015-01;0.7315170940170941;41015
2;2016-01;0.7481837606837607;41015
3;2017-01;0.7276709401709403;41015
4;2018-01;0.6862820512820513;41015
5;2019-01;0.7096153846153846;41015
6;2020-01;0.723397435897436;41015
7;2021-01;0.7558974358974359;41015
8;2022-01;0.8057142857142857;41015
9;2023-01;0.807703081232493;41015
10;2024-01;0.7635001826817683;41015
0;2014-01;0.6733333333333333;41008
1;2015-01;0.7150000000000001;41008
2;2016-01;0.675;41008
3;2017-01;0.78;41008
4;2018-01;0.82;41008
5;2019-01;0.8949999999999999;41008
6;2020-01;0.8;41008
7;2021-01;0.76;41008
8;2022-01;0.8;41008
9;2023-01;0.76;41008
10;2024-01;0.6533333333333333;41008
0;2014-01;0.6535353535353534;41010
1;2015-01;0.7044444444444444;41010
2;2016-01;0.5844444444444444;41010
3;2017-01;0.6044444444444445;41010
4;2018-01;0.5666666666666667;41010
5;2019-01;0.611111111111111;41010
6;2020-01;0.7002136752136752;41010
7;2021-01;0.8145299145299145;41010
8;2022-01;0.7690753690753691;41010
9;2023-01;0.7316938616938617;41010
10;2024-01;0.7370163170163171;41010
0;2014-01;0.7119047619047618;41005
1;2015-01;0.7190476190476189;41005
2;2016-01;0.7761904761904762;41005
3;2017-01;0.7642857142857143;41005
4;2018-01;0.8023809523809524;41005
5;2019-01;0.8766666666666666;41005
6;2020-01;0.9266666666666665;41005
7;2021-01;0.9266666666666667;41005
8;2022-01;0.82;41005
9;2023-01;0.67;41005
10;2024-01;0.67;41005
0;2014-01;0.7690476190476191;41003
1;2015-01;0.9023809523809524;41003
2;2016-01;0.8714285714285713;41003
3;2017-01;0.7276190476190476;41003
4;2018-01;0.7847619047619048;41003
5;2019-01;0.8333333333333333;41003
6;2020-01;0.7041666666666667;41003
7;2021-01;0.8375;41003
8;2022-01;0.7412299465240642;41003
9;2023-01;0.7559358288770054;41003
10;2024-01;0.7841875771287536;41003
0;2014-01;0.5357142857142857;41019
1;2015-01;0.680952380952381;41019
2;2016-01;0.7666666666666666;41019
3;2017-01;0.6666666666666666;41019
4;2018-01;0.611111111111111;41019
5;2019-01;0.8333333333333334;41019
6;2020-01;0.8125;41019
7;2021-01;0.8125;41019
8;2022-01;0.8;41019
9;2023-01;0.8666666666666668;41019
10;2024-01;0.6666666666666667;41019
0;2014-01;0.8333333333333334;41013
1;2015-01;0.8333333333333334;41013
2;2016-01;0.875;41013
3;2017-01;1.0;41013
4;2018-01;0.8333333333333334;41013
5;2019-01;0.875;41013
6;2020-01;0.875;41013
7;2021-01;0.8;41013
8;2022-01;0.7333333333333333;41013
9;2023-01;0.8333333333333334;41013
10;2024-01;0.9333333333333333;41013
0;2014-01;0.7666666666666666;41007
1;2015-01;0.6916666666666667;41007
2;2016-01;0.525;41007
3;2017-01;0.7083333333333333;41007
4;2018-01;0.6666666666666666;41007
5;2019-01;0.6333333333333333;41007
6;2020-01;0.6333333333333333;41007
7;2021-01;0.6666666666666666;41007
8;2022-01;0.65625;41007
9;2023-01;0.575;41007
10;2024-01;0.66875;41007
0;2014-01;0.7916666666666666;41021
1;2015-01;0.8333333333333334;41021
2;2016-01;0.7666666666666667;41021
3;2017-01;0.8666666666666666;41021
4;2018-01;0.8;41021
5;2019-01;1.0;41021
6;2020-01;1.0;41021
7;2021-01;1.0;41021
8;2022-01;0.8666666666666667;41021
9;2023-01;0.45555555555555555;41021
10;2024-01;0.6333333333333333;41021
0;2014-01;0.6314285714285715;41009
1;2015-01;0.6266666666666667;41009
2;2016-01;0.82;41009
3;2017-01;0.818095238095238;41009
4;2018-01;0.8866666666666667;41009
5;2019-01;0.9266666666666667;41009
6;2020-01;0.7266666666666667;41009
7;2021-01;0.8644444444444443;41009
8;2022-01;0.7977777777777778;41009
9;2023-01;0.7622222222222221;41009
10;2024-01;0.7865217391304349;41009
0;2014-01;0.5791666666666666;41001
1;2015-01;0.7916666666666666;41001
2;2016-01;0.7333333333333333;41001
3;2017-01;0.8;41001
4;2018-01;0.8;41001
5;2019-01;0.8;41001
6;2020-01;0.85;41001
7;2021-01;0.85;41001
8;2022-01;0.8;41001
9;2023-01;0.7333333333333333;41001
10;2024-01;0.7916666666666666;41001
0;2014-01;0.47222222222222215;41004
1;2015-01;0.5833333333333334;41004
2;2016-01;0.6944444444444443;41004
3;2017-01;0.8333333333333334;41004
4;2018-01;0.8125;41004
5;2019-01;0.6833333333333333;41004
6;2020-01;0.78;41004
7;2021-01;0.94375;41004
8;2022-01;0.91875;41004
9;2023-01;0.9016666666666667;41004
10;2024-01;0.885;41004
0;2014-01;0.6666666666666666;41022
1;2015-01;0.8333333333333334;41022
2;2016-01;0.8333333333333334;41022
3;2017-01;1.0;41022
4;2018-01;1.0;41022
5;2019-01;0.75;41022
6;2020-01;0.5;41022
7;2021-01;0.625;41022
8;2022-01;0.75;41022
9;2023-01;0.6799999999999999;41022
10;2024-01;0.6466666666666667;41022
0;2014-01;0.8333333333333334;41006
1;2015-01;0.6666666666666666;41006
2;2016-01;0.8333333333333334;41006
3;2017-01;0.875;41006
4;2018-01;1.0;41006
5;2019-01;1.0;41006
6;2020-01;0.95;41006
7;2021-01;0.82;41006
8;2022-01;0.74;41006
9;2023-01;0.9;41006
10;2024-01;0.7875;41006
0;2014-01;0.8099999999999999;33001
1;2015-01;0.75;33001
2;2016-01;0.8514285714285714;33001
3;2017-01;0.8514285714285714;33001
4;2018-01;0.7247619047619047;33001
5;2019-01;0.660952380952381;33001
6;2020-01;0.6647619047619047;33001
7;2021-01;0.7333333333333333;33001
8;2022-01;0.7333333333333333;33001
9;2023-01;0.7166666666666667;33001
10;2024-01;0.8833333333333332;33001
0;2014-01;0.8095238095238095;33007
1;2015-01;0.8761904761904763;33007
2;2016-01;0.8361904761904763;33007
3;2017-01;0.8544566544566544;33007
4;2018-01;0.8962148962148963;33007
5;2019-01;0.872008547008547;33007
6;2020-01;0.8492063492063492;33007
7;2021-01;0.8019841269841269;33007
8;2022-01;0.8269841269841269;33007
9;2023-01;0.8330952380952381;33007
10;2024-01;0.8564285714285715;33007
0;2014-01;0.8876923076923078;33002
1;2015-01;0.8;33002
2;2016-01;0.7985703185703186;33002
3;2017-01;0.7876767676767678;33002
4;2018-01;0.7787257187257188;33002
5;2019-01;0.8169075369075369;33002
6;2020-01;0.7946853146853148;33002
7;2021-01;0.8258974358974358;33002
8;2022-01;0.8558974358974358;33002
9;2023-01;0.7547619047619047;33002
10;2024-01;0.795204872646733;33002
0;2014-01;0.8707312252964426;33004
1;2015-01;0.8557467532467532;33004
2;2016-01;0.8732467532467533;33004
3;2017-01;0.8265800865800866;33004
4;2018-01;0.8351515151515152;33004
5;2019-01;0.75;33004
6;2020-01;0.7666666666666667;33004
7;2021-01;0.711111111111111;33004
8;2022-01;0.6833333333333333;33004
9;2023-01;0.611111111111111;33004
10;2024-01;0.7325396825396825;33004
0;2014-01;0.8052316971613959;33005
1;2015-01;0.7327113987473373;33005
2;2016-01;0.7347621853115941;33005
3;2017-01;0.7244146134712715;33005
4;2018-01;0.7232428369040391;33005
5;2019-01;0.7455625243021189;33005
6;2020-01;0.651818625830759;33005
7;2021-01;0.5960203688225875;33005
8;2022-01;0.6428376103826222;33005
9;2023-01;0.6477186004879212;33005
10;2024-01;0.6492824631123798;33005
0;2014-01;0.8805555555555555;33009
1;2015-01;0.8865079365079366;33009
2;2016-01;0.8976190476190476;33009
3;2017-01;0.9059523809523811;33009
4;2018-01;0.775;33009
5;2019-01;0.7882352941176471;33009
6;2020-01;0.7924019607843137;33009
7;2021-01;0.7215686274509804;33009
8;2022-01;0.7764705882352941;33009
9;2023-01;0.8389705882352942;33009
10;2024-01;0.7507352941176471;33009
0;2014-01;0.8949019607843137;33008
1;2015-01;0.8065584415584416;33008
2;2016-01;0.7209956709956711;33008
3;2017-01;0.7466233766233766;33008
4;2018-01;0.6909956709956709;33008
5;2019-01;0.7995670995670995;33008
6;2020-01;0.8055555555555556;33008
7;2021-01;0.8098039215686275;33008
8;2022-01;0.8145845004668534;33008
9;2023-01;0.6790359477124184;33008
10;2024-01;0.7545915032679739;33008
0;2014-01;0.6954545454545455;33003
1;2015-01;0.6987012987012987;33003
2;2016-01;0.7047619047619047;33003
3;2017-01;0.8893772893772894;33003
4;2018-01;0.7871794871794873;33003
5;2019-01;0.8484615384615385;33003
6;2020-01;0.9199999999999999;33003
7;2021-01;0.78;33003
8;2022-01;0.6728571428571428;33003
9;2023-01;0.6942857142857143;33003
10;2024-01;0.6595238095238095;33003
0;2014-01;0.8729397655484611;33006
1;2015-01;0.8719831123557832;33006
2;2016-01;0.7602541851389778;33006
3;2017-01;0.7116580807825048;33006
4;2018-01;0.7075442222907661;33006
5;2019-01;0.7573810521275959;33006
6;2020-01;0.6687160025300443;33006
7;2021-01;0.6770605864723512;33006
8;2022-01;0.6644700397641574;33006
9;2023-01;0.5715417956656347;33006
10;2024-01;0.5493895371913948;33006
0;2014-01;0.85;24004
1;2015-01;0.7928571428571429;24004
2;2016-01;0.569047619047619;24004
3;2017-01;0.669047619047619;24004
4;2018-01;0.6357142857142858;24004
5;2019-01;0.5746031746031746;24004
6;2020-01;0.55;24004
7;2021-01;0.625;24004
8;2022-01;0.47896825396825393;24004
9;2023-01;0.44603174603174606;24004
10;2024-01;0.3671428571428571;24004
0;2014-01;0.8888888888888888;24008
1;2015-01;0.8333333333333333;24008
2;2016-01;0.7166666666666666;24008
3;2017-01;0.6666666666666666;24008
4;2018-01;0.5;24008
5;2019-01;0.5208333333333333;24008
6;2020-01;0.5;24008
7;2021-01;0.5416666666666666;24008
8;2022-01;0.611111111111111;24008
9;2023-01;1.0;24008
10;2024-01;0.8333333333333334;24008
0;2014-01;0.7291666666666666;24003
1;2015-01;0.75;24003
2;2016-01;0.6458333333333334;24003
3;2017-01;0.5833333333333333;24003
4;2018-01;0.6166666666666667;24003
5;2019-01;0.6166666666666666;24003
6;2020-01;0.5952380952380952;24003
7;2021-01;0.5571428571428572;24003
8;2022-01;0.6523809523809524;24003
9;2023-01;0.679047619047619;24003
10;2024-01;0.5271428571428571;24003
0;2014-01;0.8;24006
1;2015-01;0.95;24006
2;2016-01;0.8227272727272726;24006
3;2017-01;0.7863636363636364;24006
4;2018-01;0.6963636363636364;24006
5;2019-01;0.6078787878787878;24006
6;2020-01;0.7133333333333333;24006
7;2021-01;0.5933333333333334;24006
8;2022-01;0.58;24006
9;2023-01;0.4666666666666667;24006
10;2024-01;0.55;24006
0;2014-01;0.875;24002
1;2015-01;0.9;24002
2;2016-01;0.86;24002
3;2017-01;0.78;24002
4;2018-01;0.8800000000000001;24002
5;2019-01;0.8033333333333333;24002
6;2020-01;0.78;24002
7;2021-01;0.86;24002
8;2022-01;0.76;24002
9;2023-01;0.6599999999999999;24002
10;2024-01;0.71;24002
0;2014-01;0.7295238095238095;24001
1;2015-01;0.7180952380952381;24001
2;2016-01;0.6597619047619048;24001
3;2017-01;0.8226190476190476;24001
4;2018-01;0.6440476190476191;24001
5;2019-01;0.5857142857142856;24001
6;2020-01;0.6155555555555555;24001
7;2021-01;0.6777777777777778;24001
8;2022-01;0.6222222222222222;24001
9;2023-01;0.5555555555555556;24001
10;2024-01;0.5;24001
0;2014-01;0.9070740365111561;24007
1;2015-01;0.86673197492163;24007
2;2016-01;0.7847091605712295;24007
3;2017-01;0.7886363636363637;24007
4;2018-01;0.8401515151515152;24007
5;2019-01;0.766919191919192;24007
6;2020-01;0.6545454545454545;24007
7;2021-01;0.7181049626701801;24007
8;2022-01;0.7192261962145313;24007
9;2023-01;0.8303141928860521;24007
10;2024-01;0.8251915933346977;24007
0;2014-01;0.5555555555555555;24005
1;2015-01;0.6354166666666666;24005
2;2016-01;0.5645833333333333;24005
3;2017-01;0.7416666666666667;24005
4;2018-01;0.6277777777777778;24005
5;2019-01;0.60625;24005
6;2020-01;0.9333333333333332;24005
7;2021-01;0.8333333333333334;24005
8;2022-01;0.6875;24005
9;2023-01;0.61;24005
10;2024-01;0.6083333333333333;24005
0;2014-01;0.7222222222222222;11001
1;2015-01;0.7222222222222222;11001
2;2016-01;0.7222222222222222;11001
3;2017-01;0.7222222222222222;11001
4;2018-01;0.7916666666666666;11001
5;2019-01;0.9166666666666666;11001
6;2020-01;0.8333333333333334;11001
7;2021-01;0.9166666666666666;11001
8;2022-01;0.7916666666666666;11001
9;2023-01;0.7222222222222222;11001
10;2024-01;0.8333333333333334;11001
0;2014-01;1.0;11002
1;2015-01;1.0;11002
2;2016-01;1.0;11002
3;2017-01;1.0;11002
4;2018-01;1.0;11002
5;2019-01;1.0;11002
6;2020-01;1.0;11002
7;2021-01;1.0;11002
8;2022-01;0.7916666666666666;11002
9;2023-01;0.875;11002
10;2024-01;0.8958333333333334;11002
0;2014-01;0.8333333333333334;11006
1;2015-01;0.6666666666666667;11006
2;2016-01;0.75;11006
3;2017-01;0.75;11006
4;2018-01;0.7916666666666666;11006
5;2019-01;0.7222222222222222;11006
6;2020-01;0.7083333333333333;11006
7;2021-01;0.8;11006
8;2022-01;0.8666666666666666;11006
9;2023-01;0.9333333333333332;11006
10;2024-01;0.8333333333333334;11006
0;2014-01;1.0;11003
1;2015-01;0.9;11003
2;2016-01;1.0;11003
3;2017-01;0.8666666666666666;11003
4;2018-01;0.75;11003
5;2019-01;0.5833333333333333;11003
6;2020-01;0.5333333333333333;11003
7;2021-01;0.6;11003
8;2022-01;0.41666666666666663;11003
9;2023-01;0.6;11003
10;2024-01;0.6666666666666666;11003
0;2014-01;1.0;11005
1;2015-01;1.0;11005
2;2016-01;1.0;11005
3;2017-01;1.0;11005
4;2018-01;1.0;11005
5;2019-01;1.0;11005
6;2020-01;1.0;11005
7;2021-01;1.0;11005
8;2022-01;1.0;11005
9;2023-01;0.9;11005
10;2024-01;1.0;11005
0;2014-01;0.8195238095238094;11004
1;2015-01;0.7702380952380953;11004
2;2016-01;0.7119047619047618;11004
3;2017-01;0.7188888888888889;11004
4;2018-01;0.7796031746031746;11004
5;2019-01;0.8438888888888888;11004
6;2020-01;0.746984126984127;11004
7;2021-01;0.7797619047619048;11004
8;2022-01;0.7603174603174603;11004
9;2023-01;0.8277777777777778;11004
10;2024-01;0.7720846233230134;11004
0;2016-01;;11007
1;2017-01;;11007
2;2018-01;1.0;11007
3;2019-01;1.0;11007
4;2020-01;;11007
5;2021-01;;11007
6;2022-01;;11007
7;2023-01;;11007
8;2024-01;;11007
0;2014-01;0.675;14001
1;2015-01;0.7177777777777778;14001
2;2016-01;0.7877777777777778;14001
3;2017-01;0.7533333333333333;14001
4;2018-01;0.8977777777777778;14001
5;2019-01;0.9595959595959596;14001
6;2020-01;0.9636363636363636;14001
7;2021-01;0.9636363636363636;14001
8;2022-01;0.8969696969696969;14001
9;2023-01;0.8727272727272727;14001
10;2024-01;0.825;14001
0;2014-01;;14002
1;2015-01;;14002
2;2016-01;;14002
3;2017-01;;14002
4;2018-01;;14002
5;2019-01;1.0;14002
6;2020-01;1.0;14002
7;2021-01;1.0;14002
8;2022-01;1.0;14002
9;2023-01;0.8333333333333334;14002
10;2024-01;0.8333333333333334;14002
0;2014-01;0.9028571428571428;43001
1;2015-01;0.8414285714285714;43001
2;2016-01;0.7739285714285714;43001
3;2017-01;0.7255952380952382;43001
4;2018-01;0.6988095238095238;43001
5;2019-01;0.7160714285714286;43001
6;2020-01;0.7323593073593073;43001
7;2021-01;0.7573593073593073;43001
8;2022-01;0.6265584415584415;43001
9;2023-01;0.6008116883116883;43001
10;2024-01;0.6045879120879121;43001
0;2014-01;0.8666666666666666;43003
1;2015-01;0.8;43003
2;2016-01;0.7333333333333333;43003
3;2017-01;0.7333333333333333;43003
4;2018-01;0.8;43003
5;2019-01;0.6933333333333334;43003
6;2020-01;0.8266666666666668;43003
7;2021-01;0.96;43003
8;2022-01;0.86;43003
9;2023-01;0.9;43003
10;2024-01;1.0;43003
0;2014-01;0.6666666666666666;43015
1;2015-01;0.75;43015
2;2016-01;0.475;43015
3;2017-01;0.6;43015
4;2018-01;0.6625;43015
5;2019-01;0.55;43015
6;2020-01;0.54;43015
7;2021-01;0.825;43015
8;2022-01;0.73;43015
9;2023-01;0.5375;43015
10;2024-01;0.8222222222222222;43015
0;2014-01;0.9368944099378883;43010
1;2015-01;0.8674948240165632;43010
2;2016-01;0.8737888198757764;43010
3;2017-01;0.7897308488612836;43010
4;2018-01;0.7953322040278563;43010
5;2019-01;0.7695472321559278;43010
6;2020-01;0.7519189345276301;43010
7;2021-01;0.733308559395516;43010
8;2022-01;0.7656047656047656;43010
9;2023-01;0.7337355455002513;43010
10;2024-01;0.7413641695994637;43010
0;2014-01;0.95;43026
1;2015-01;0.9;43026
2;2016-01;0.8714285714285713;43026
3;2017-01;0.8714285714285713;43026
4;2018-01;0.9;43026
5;2019-01;0.9;43026
6;2020-01;0.8;43026
7;2021-01;0.9;43026
8;2022-01;0.9;43026
9;2023-01;0.8266666666666665;43026
10;2024-01;0.6933333333333334;43026
0;2014-01;0.7561904761904762;43029
1;2015-01;0.6028571428571429;43029
2;2016-01;0.6161904761904762;43029
3;2017-01;0.6125;43029
4;2018-01;0.7333333333333333;43029
5;2019-01;0.86;43029
6;2020-01;0.73;43029
7;2021-01;0.79;43029
8;2022-01;0.5414285714285715;43029
9;2023-01;0.5257142857142857;43029
10;2024-01;0.5307142857142857;43029
0;2014-01;1.0;43027
1;2015-01;1.0;43027
2;2016-01;1.0;43027
3;2017-01;1.0;43027
4;2018-01;1.0;43027
5;2019-01;1.0;43027
6;2020-01;0.9333333333333333;43027
7;2021-01;0.875;43027
8;2022-01;0.75;43027
9;2023-01;0.7333333333333333;43027
10;2024-01;0.7333333333333333;43027
0;2014-01;0.6901515151515152;43021
1;2015-01;0.8636363636363636;43021
2;2016-01;0.8064935064935066;43021
3;2017-01;0.7716450216450216;43021
4;2018-01;0.7994227994227995;43021
5;2019-01;0.8253968253968254;43021
6;2020-01;0.7888888888888889;43021
7;2021-01;0.6333333333333334;43021
8;2022-01;0.51;43021
9;2023-01;0.5747619047619048;43021
10;2024-01;0.6914285714285715;43021
0;2014-01;0.7000000000000001;43013
1;2015-01;0.5083333333333333;43013
2;2016-01;0.5583333333333333;43013
3;2017-01;0.6833333333333333;43013
4;2018-01;0.75;43013
5;2019-01;0.6785714285714286;43013
6;2020-01;0.7428571428571429;43013
7;2021-01;0.8111904761904762;43013
8;2022-01;0.6970238095238095;43013
9;2023-01;0.6916666666666667;43013
10;2024-01;0.45763888888888893;43013
0;2014-01;0.7916666666666666;43022
1;2015-01;0.7916666666666666;43022
2;2016-01;0.7083333333333333;43022
3;2017-01;0.8333333333333333;43022
4;2018-01;0.9333333333333332;43022
5;2019-01;0.9333333333333332;43022
6;2020-01;0.7333333333333333;43022
7;2021-01;0.6666666666666666;43022
8;2022-01;0.7666666666666666;43022
9;2023-01;0.7666666666666666;43022
10;2024-01;0.7083333333333333;43022
0;2014-01;0.8800000000000001;43008
1;2015-01;0.65;43008
2;2016-01;0.7333333333333334;43008
3;2017-01;0.6327777777777778;43008
4;2018-01;0.7433333333333334;43008
5;2019-01;0.6561111111111111;43008
6;2020-01;0.711111111111111;43008
7;2021-01;0.7536507936507937;43008
8;2022-01;0.7586749482401656;43008
9;2023-01;0.5746169772256728;43008
10;2024-01;0.6476016127274709;43008
0;2014-01;0.7714285714285715;43016
1;2015-01;0.9714285714285713;43016
2;2016-01;0.9428571428571428;43016
3;2017-01;0.9428571428571428;43016
4;2018-01;0.8261904761904763;43016
5;2019-01;0.85;43016
6;2020-01;0.7666666666666666;43016
7;2021-01;0.8333333333333333;43016
8;2022-01;0.7333333333333333;43016
9;2023-01;0.7333333333333333;43016
10;2024-01;0.7;43016
0;2014-01;0.7916666666666666;43019
1;2015-01;0.8888888888888888;43019
2;2016-01;0.8333333333333334;43019
3;2017-01;1.0;43019
4;2018-01;0.8333333333333334;43019
5;2019-01;0.9166666666666666;43019
6;2020-01;0.9375;43019
7;2021-01;0.8888888888888888;43019
8;2022-01;0.7916666666666666;43019
9;2023-01;0.7833333333333333;43019
10;2024-01;0.7166666666666667;43019
0;2014-01;1.0;43025
1;2015-01;1.0;43025
2;2016-01;1.0;43025
3;2017-01;0.9428571428571428;43025
4;2018-01;0.9142857142857143;43025
5;2019-01;0.8142857142857143;43025
6;2020-01;0.8142857142857143;43025
7;2021-01;0.8857142857142858;43025
8;2022-01;0.9380952380952381;43025
9;2023-01;0.9095238095238095;43025
10;2024-01;0.8942857142857144;43025
0;2014-01;0.625;43030
1;2015-01;0.875;43030
2;2016-01;0.875;43030
3;2017-01;0.7916666666666666;43030
4;2018-01;0.7916666666666666;43030
5;2019-01;0.7333333333333333;43030
6;2020-01;0.7333333333333333;43030
7;2021-01;0.7666666666666667;43030
8;2022-01;0.75;43030
9;2023-01;0.8333333333333334;43030
10;2024-01;0.7;43030
0;2014-01;0.7333333333333333;43020
1;2015-01;0.8333333333333333;43020
2;2016-01;0.8333333333333334;43020
3;2017-01;0.9;43020
4;2018-01;0.9;43020
5;2019-01;0.85;43020
6;2020-01;0.7916666666666666;43020
7;2021-01;0.8541666666666666;43020
8;2022-01;0.5458333333333334;43020
9;2023-01;0.57;43020
10;2024-01;0.47333333333333333;43020
0;2014-01;0.5625;43009
1;2015-01;0.6;43009
2;2016-01;0.7;43009
3;2017-01;0.7;43009
4;2018-01;0.8125;43009
5;2019-01;0.8;43009
6;2020-01;0.7666666666666667;43009
7;2021-01;0.625;43009
8;2022-01;0.75;43009
9;2023-01;0.65;43009
10;2024-01;0.6833333333333333;43009
0;2014-01;0.8378571428571429;43007
1;2015-01;0.8003968253968253;43007
2;2016-01;0.8234848484848485;43007
3;2017-01;0.6779220779220779;43007
4;2018-01;0.6945887445887446;43007
5;2019-01;0.7549062049062049;43007
6;2020-01;0.7662698412698413;43007
7;2021-01;0.7478571428571429;43007
8;2022-01;0.6599999999999999;43007
9;2023-01;0.6527777777777778;43007
10;2024-01;0.6025;43007
0;2014-01;0.7333333333333333;43014
1;2015-01;0.7;43014
2;2016-01;0.6166666666666667;43014
3;2017-01;0.7416666666666667;43014
4;2018-01;0.7;43014
5;2019-01;0.76;43014
6;2020-01;0.9;43014
7;2021-01;0.875;43014
8;2022-01;1.0;43014
9;2023-01;1.0;43014
10;2024-01;0.8541666666666666;43014
0;2014-01;0.7840981240981242;43023
1;2015-01;0.7773448773448773;43023
2;2016-01;0.7238095238095238;43023
3;2017-01;0.8338217338217339;43023
4;2018-01;0.8258852258852258;43023
5;2019-01;0.7834920634920635;43023
6;2020-01;0.8044444444444444;43023
7;2021-01;0.8254545454545454;43023
8;2022-01;0.7689393939393939;43023
9;2023-01;0.7643939393939394;43023
10;2024-01;0.7181818181818181;43023
0;2014-01;1.0;43004
1;2015-01;1.0;43004
2;2016-01;0.8333333333333334;43004
3;2017-01;1.0;43004
4;2018-01;1.0;43004
5;2019-01;1.0;43004
6;2020-01;1.0;43004
7;2021-01;1.0;43004
8;2022-01;0.9166666666666666;43004
9;2023-01;0.8333333333333333;43004
10;2024-01;0.6666666666666666;43004
0;2014-01;0.8206060606060607;43017
1;2015-01;0.8764790764790764;43017
2;2016-01;0.807936507936508;43017
3;2017-01;0.6822222222222223;43017
4;2018-01;0.7352380952380952;43017
5;2019-01;0.8017316017316019;43017
6;2020-01;0.735064935064935;43017
7;2021-01;0.7483957219251337;43017
8;2022-01;0.57825311942959;43017
9;2023-01;0.5754901960784313;43017
10;2024-01;0.5670588235294118;43017
0;2014-01;0.7333333333333333;43011
1;2015-01;0.75;43011
2;2016-01;0.6933333333333334;43011
3;2017-01;0.63;43011
4;2018-01;0.48;43011
5;2019-01;0.48;43011
6;2020-01;0.6133333333333333;43011
7;2021-01;0.6666666666666667;43011
8;2022-01;0.6166666666666667;43011
9;2023-01;0.5666666666666667;43011
10;2024-01;0.6875;43011
0;2014-01;0.8;43005
1;2015-01;0.8666666666666666;43005
2;2016-01;0.7333333333333334;43005
3;2017-01;0.7866666666666667;43005
4;2018-01;0.5166666666666666;43005
5;2019-01;0.6833333333333333;43005
6;2020-01;0.6833333333333333;43005
7;2021-01;0.6266666666666667;43005
8;2022-01;0.72;43005
9;2023-01;0.67;43005
10;2024-01;0.58;43005
0;2014-01;1.0;43012
1;2015-01;1.0;43012
2;2016-01;0.9333333333333332;43012
3;2017-01;0.9333333333333332;43012
4;2018-01;0.9333333333333332;43012
5;2019-01;0.8888888888888888;43012
6;2020-01;0.8888888888888888;43012
7;2021-01;0.9166666666666666;43012
8;2022-01;0.8333333333333333;43012
9;2023-01;0.7708333333333334;43012
10;2024-01;0.875;43012
0;2014-01;1.0;43018
1;2015-01;1.0;43018
2;2016-01;1.0;43018
3;2017-01;0.95;43018
4;2018-01;0.9199999999999999;43018
5;2019-01;0.9;43018
6;2020-01;0.9;43018
7;2021-01;0.8666666666666667;43018
8;2022-01;1.0;43018
9;2023-01;1.0;43018
10;2024-01;0.7083333333333334;43018
0;2014-01;0.8888888888888888;43006
1;2015-01;0.9166666666666666;43006
2;2016-01;0.8666666666666666;43006
3;2017-01;0.8666666666666666;43006
4;2018-01;0.8666666666666666;43006
5;2019-01;0.8666666666666666;43006
6;2020-01;0.9166666666666666;43006
7;2021-01;1.0;43006
8;2022-01;1.0;43006
9;2023-01;0.9;43006
10;2024-01;0.9166666666666666;43006
0;2014-01;0.8333333333333334;43028
1;2015-01;0.875;43028
2;2016-01;0.9;43028
3;2017-01;0.95;43028
4;2018-01;0.8;43028
5;2019-01;0.7;43028
6;2020-01;0.8;43028
7;2021-01;0.7;43028
8;2022-01;0.8;43028
9;2023-01;0.76;43028
10;2024-01;0.7414285714285714;43028
0;2014-01;1.0;43002
1;2015-01;0.875;43002
2;2016-01;0.875;43002
3;2017-01;0.75;43002
4;2018-01;0.8;43002
5;2019-01;0.8;43002
6;2020-01;0.825;43002
7;2021-01;0.95;43002
8;2022-01;0.85;43002
9;2023-01;0.8800000000000001;43002
10;2024-01;0.8800000000000001;43002
0;2014-01;1.0;43024
1;2015-01;1.0;43024
2;2016-01;1.0;43024
3;2017-01;1.0;43024
4;2018-01;1.0;43024
5;2019-01;1.0;43024
6;2020-01;0.8888888888888888;43024
7;2021-01;1.0;43024
8;2022-01;1.0;43024
9;2023-01;0.875;43024
10;2024-01;0.875;43024
0;2014-01;0.6;42008
1;2015-01;0.58;42008
2;2016-01;0.75;42008
3;2017-01;0.75;42008
4;2018-01;0.75;42008
5;2019-01;0.6333333333333333;42008
6;2020-01;0.875;42008
7;2021-01;0.8047619047619048;42008
8;2022-01;0.8714285714285713;42008
9;2023-01;0.7357142857142858;42008
10;2024-01;0.7857142857142858;42008
0;2014-01;0.7083333333333334;42003
1;2015-01;0.8055555555555555;42003
2;2016-01;0.7083333333333333;42003
3;2017-01;0.7;42003
4;2018-01;0.7333333333333333;42003
5;2019-01;0.7083333333333334;42003
6;2020-01;0.7916666666666666;42003
7;2021-01;0.7933333333333333;42003
8;2022-01;0.6799999999999999;42003
9;2023-01;0.6066666666666667;42003
10;2024-01;0.5495238095238095;42003
0;2014-01;0.6455182072829132;42002
1;2015-01;0.6727450980392157;42002
2;2016-01;0.5658823529411765;42002
3;2017-01;0.5700000000000001;42002
4;2018-01;0.5877777777777777;42002
5;2019-01;0.7222222222222222;42002
6;2020-01;0.6295238095238095;42002
7;2021-01;0.6295238095238095;42002
8;2022-01;0.6490842490842491;42002
9;2023-01;0.6174825174825175;42002
10;2024-01;0.6646853146853147;42002
0;2014-01;0.6679436442769328;42007
1;2015-01;0.653468966533982;42007
2;2016-01;0.6757776794928498;42007
3;2017-01;0.7362538699690402;42007
4;2018-01;0.7675646011580676;42007
5;2019-01;0.7400285195747991;42007
6;2020-01;0.7653051492829437;42007
7;2021-01;0.7605830499168814;42007
8;2022-01;0.7633724778477634;42007
9;2023-01;0.7383041362998288;42007
10;2024-01;0.6762896624777313;42007
0;2014-01;0.5142857142857142;42001
1;2015-01;0.5166666666666666;42001
2;2016-01;0.42916666666666664;42001
3;2017-01;0.5777777777777778;42001
4;2018-01;0.45666666666666667;42001
5;2019-01;0.55;42001
6;2020-01;0.67;42001
7;2021-01;0.8766666666666667;42001
8;2022-01;0.8480952380952381;42001
9;2023-01;0.6133333333333333;42001
10;2024-01;0.6761904761904762;42001
0;2014-01;0.7666666666666666;42013
1;2015-01;0.8333333333333333;42013
2;2016-01;0.8333333333333333;42013
3;2017-01;0.75;42013
4;2018-01;0.7000000000000001;42013
5;2019-01;0.6444444444444444;42013
6;2020-01;0.5791666666666666;42013
7;2021-01;0.5566666666666666;42013
8;2022-01;0.49000000000000005;42013
9;2023-01;0.5833333333333333;42013
10;2024-01;0.6833333333333333;42013
0;2014-01;0.6666666666666667;42010
1;2015-01;0.7;42010
2;2016-01;0.7;42010
3;2017-01;0.7083333333333334;42010
4;2018-01;0.625;42010
5;2019-01;0.7916666666666666;42010
6;2020-01;0.7333333333333333;42010
7;2021-01;0.8;42010
8;2022-01;0.8714285714285713;42010
9;2023-01;0.8178571428571428;42010
10;2024-01;0.8392857142857143;42010
0;2014-01;0.6666666666666666;42011
1;2015-01;0.7;42011
2;2016-01;0.675;42011
3;2017-01;0.67;42011
4;2018-01;0.625;42011
5;2019-01;0.745;42011
6;2020-01;0.7333333333333333;42011
7;2021-01;0.717948717948718;42011
8;2022-01;0.817032967032967;42011
9;2023-01;0.8058800848274533;42011
10;2024-01;0.7019201850780797;42011
0;2014-01;1.0;42014
1;2015-01;1.0;42014
2;2016-01;1.0;42014
3;2017-01;0.8333333333333334;42014
4;2018-01;1.0;42014
5;2019-01;0.7222222222222222;42014
6;2020-01;0.5888888888888889;42014
7;2021-01;0.6416666666666666;42014
8;2022-01;0.6133333333333333;42014
9;2023-01;0.6799999999999999;42014
10;2024-01;0.6828571428571429;42014
0;2014-01;0.6666666666666666;42016
1;2015-01;0.7666666666666667;42016
2;2016-01;0.8666666666666666;42016
3;2017-01;0.8166666666666667;42016
4;2018-01;0.8833333333333332;42016
5;2019-01;0.8166666666666667;42016
6;2020-01;0.8333333333333333;42016
7;2021-01;0.8333333333333333;42016
8;2022-01;0.7333333333333333;42016
9;2023-01;0.7083333333333333;42016
10;2024-01;0.7027777777777777;42016
0;2014-01;0.5371428571428571;42009
1;2015-01;0.39714285714285713;42009
2;2016-01;0.47333333333333333;42009
3;2017-01;0.47333333333333333;42009
4;2018-01;0.6333333333333333;42009
5;2019-01;0.6333333333333333;42009
6;2020-01;0.8222222222222223;42009
7;2021-01;0.8666666666666667;42009
8;2022-01;0.7125;42009
9;2023-01;0.7;42009
10;2024-01;0.8333333333333334;42009
0;2014-01;0.6716880341880341;42005
1;2015-01;0.7319444444444445;42005
2;2016-01;0.861111111111111;42005
3;2017-01;0.7363888888888889;42005
4;2018-01;0.7933974358974358;42005
5;2019-01;0.7012782805429865;42005
6;2020-01;0.5705656108597286;42005
7;2021-01;0.5962822945555393;42005
8;2022-01;0.6548469367444699;42005
9;2023-01;0.6724023920418608;42005
10;2024-01;0.7368227860654228;42005
0;2014-01;0.9375;42017
1;2015-01;0.9375;42017
2;2016-01;0.725;42017
3;2017-01;0.8857142857142857;42017
4;2018-01;0.8190476190476191;42017
5;2019-01;0.5785714285714285;42017
6;2020-01;0.3869047619047619;42017
7;2021-01;0.5511904761904762;42017
8;2022-01;0.5541666666666667;42017
9;2023-01;0.7041666666666666;42017
10;2024-01;0.6188461538461538;42017
0;2014-01;0.5366666666666667;42006
1;2015-01;0.6477777777777778;42006
2;2016-01;0.6089682539682539;42006
3;2017-01;0.6137301587301588;42006
4;2018-01;0.5657792207792208;42006
5;2019-01;0.6242108585858586;42006
6;2020-01;0.5506021756021756;42006
7;2021-01;0.5846930846930847;42006
8;2022-01;0.555022755022755;42006
9;2023-01;0.5826617826617826;42006
10;2024-01;0.5553846153846154;42006
0;2014-01;0.6242857142857143;42012
1;2015-01;0.5861904761904763;42012
2;2016-01;0.6676190476190476;42012
3;2017-01;0.6580952380952381;42012
4;2018-01;0.7380952380952381;42012
5;2019-01;0.7695238095238095;42012
6;2020-01;0.7628571428571428;42012
7;2021-01;0.7228571428571429;42012
8;2022-01;0.7533333333333333;42012
9;2023-01;0.72;42012
10;2024-01;0.7714285714285714;42012
0;2014-01;0.6166666666666667;42015
1;2015-01;0.7;42015
2;2016-01;0.6583333333333333;42015
3;2017-01;0.6533333333333333;42015
4;2018-01;0.62;42015
5;2019-01;0.5199999999999999;42015
6;2020-01;0.5533333333333333;42015
7;2021-01;0.5495726495726496;42015
8;2022-01;0.5548229548229549;42015
9;2023-01;0.6573870573870574;42015
10;2024-01;0.6720390720390721;42015
0;2014-01;0.82;42004
1;2015-01;0.6733333333333333;42004
2;2016-01;0.6333333333333334;42004
3;2017-01;0.44166666666666665;42004
4;2018-01;0.44999999999999996;42004
5;2019-01;0.6199999999999999;42004
6;2020-01;0.775;42004
7;2021-01;0.75;42004
8;2022-01;0.7166666666666667;42004
9;2023-01;0.8;42004
10;2024-01;0.7777777777777778;42004
0;2014-01;1.0;28007
1;2015-01;1.0;28007
2;2016-01;0.75;28007
3;2017-01;0.75;28007
4;2018-01;1.0;28007
5;2019-01;0.75;28007
6;2020-01;0.75;28007
7;2021-01;0.4166666666666667;28007
8;2022-01;0.47916666666666663;28007
9;2023-01;0.5;28007
10;2024-01;0.43452380952380953;28007
0;2014-01;0.8172077922077922;28001
1;2015-01;0.8418831168831169;28001
2;2016-01;0.846025974025974;28001
3;2017-01;0.8808831168831169;28001
4;2018-01;0.9268571428571428;28001
5;2019-01;0.8384285714285713;28001
6;2020-01;0.8696428571428572;28001
7;2021-01;0.7982142857142858;28001
8;2022-01;0.7544047619047619;28001
9;2023-01;0.6812554112554112;28001
10;2024-01;0.6186673686673687;28001
0;2014-01;0.41666666666666663;28006
1;2015-01;0.4444444444444444;28006
2;2016-01;0.5;28006
3;2017-01;0.5416666666666666;28006
4;2018-01;0.7083333333333333;28006
5;2019-01;0.5416666666666666;28006
6;2020-01;0.5666666666666667;28006
7;2021-01;0.6083333333333333;28006
8;2022-01;0.5666666666666667;28006
9;2023-01;0.5276190476190477;28006
10;2024-01;0.3823809523809524;28006
0;2014-01;1.0;28002
1;2015-01;0.8333333333333334;28002
2;2016-01;1.0;28002
3;2017-01;1.0;28002
4;2018-01;0.8888888888888888;28002
5;2019-01;0.8166666666666667;28002
6;2020-01;0.6799999999999999;28002
7;2021-01;0.6833333333333333;28002
8;2022-01;0.6583333333333333;28002
9;2023-01;0.5666666666666667;28002
10;2024-01;0.5666666666666667;28002
0;2014-01;1.0;28005
1;2015-01;1.0;28005
2;2016-01;0.75;28005
3;2017-01;0.5;28005
4;2018-01;0.5;28005
5;2019-01;0.6666666666666667;28005
6;2020-01;0.6666666666666666;28005
7;2021-01;0.611111111111111;28005
8;2022-01;0.611111111111111;28005
9;2023-01;0.625;28005
10;2024-01;0.611111111111111;28005
0;2014-01;1.0;28003
1;2015-01;1.0;28003
2;2016-01;1.0;28003
3;2017-01;1.0;28003
4;2018-01;0.8666666666666666;28003
5;2019-01;0.9333333333333332;28003
6;2020-01;0.95;28003
7;2021-01;0.8266666666666665;28003
8;2022-01;0.7866666666666667;28003
9;2023-01;0.7866666666666667;28003
10;2024-01;0.6166666666666667;28003
0;2014-01;1.0;28004
1;2015-01;0.8333333333333334;28004
2;2016-01;0.5555555555555555;28004
3;2017-01;0.6416666666666666;28004
4;2018-01;0.6291666666666667;28004
5;2019-01;0.71875;28004
6;2020-01;0.6083333333333333;28004
7;2021-01;0.731140350877193;28004
8;2022-01;0.7960526315789473;28004
9;2023-01;0.6648391812865497;28004
10;2024-01;0.5830409356725147;28004
0;2014-01;1.0;17002
1;2015-01;1.0;17002
2;2016-01;1.0;17002
3;2017-01;1.0;17002
4;2018-01;1.0;17002
5;2019-01;1.0;17002
6;2020-01;;17002
7;2021-01;1.0;17002
8;2022-01;1.0;17002
9;2023-01;1.0;17002
10;2024-01;1.0;17002
0;2014-01;1.0;17005
1;2015-01;1.0;17005
2;2016-01;1.0;17005
3;2017-01;1.0;17005
4;2018-01;0.9;17005
5;2019-01;0.9;17005
6;2020-01;0.9166666666666666;17005
7;2021-01;1.0;17005
8;2022-01;1.0;17005
9;2023-01;0.9333333333333333;17005
10;2024-01;0.9;17005
0;2014-01;0.9375;17001
1;2015-01;0.9166666666666666;17001
2;2016-01;0.875;17001
3;2017-01;0.8125;17001
4;2018-01;0.8125;17001
5;2019-01;0.8125;17001
6;2020-01;0.6875;17001
7;2021-01;0.75;17001
8;2022-01;0.7083333333333334;17001
9;2023-01;0.7333333333333333;17001
10;2024-01;0.7666666666666666;17001
0;2017-01;1.0;17003
1;2018-01;1.0;17003
2;2019-01;;17003
3;2020-01;;17003
4;2021-01;;17003
5;2022-01;;17003
6;2023-01;;17003
7;2024-01;1.0;17003
0;2014-01;0.6666666666666666;17004
1;2015-01;0.7777777777777778;17004
2;2016-01;0.6944444444444445;17004
3;2017-01;0.7708333333333334;17004
4;2018-01;0.8166666666666667;17004
5;2019-01;0.9;17004
6;2020-01;0.85;17004
7;2021-01;0.85;17004
8;2022-01;1.0;17004
9;2023-01;1.0;17004
10;2024-01;1.0;17004
0;2014-01;0.5;17007
1;2015-01;1.0;17007
2;2016-01;0.75;17007
3;2017-01;0.75;17007
4;2018-01;1.0;17007
5;2019-01;0.75;17007
6;2020-01;0.8333333333333334;17007
7;2021-01;1.0;17007
8;2022-01;0.75;17007
9;2023-01;0.5;17007
10;2024-01;0.6666666666666666;17007
0;2014-01;0.861111111111111;17006
1;2015-01;0.9277777777777778;17006
2;2016-01;0.9083333333333334;17006
3;2017-01;0.925;17006
4;2018-01;0.9596153846153846;17006
5;2019-01;0.8442307692307691;17006
6;2020-01;0.8192307692307692;17006
7;2021-01;0.8192307692307692;17006
8;2022-01;0.7730769230769231;17006
9;2023-01;0.77;17006
10;2024-01;0.8099999999999999;17006
0;2014-01;0.5;17008
1;2015-01;0.6666666666666666;17008
2;2016-01;0.75;17008
3;2017-01;0.75;17008
4;2018-01;0.8333333333333334;17008
5;2019-01;0.75;17008
6;2020-01;0.625;17008
7;2021-01;0.6;17008
8;2022-01;0.6;17008
9;2023-01;0.625;17008
10;2024-01;0.6666666666666666;17008
0;2014-01;0.6599999999999999;27007
1;2015-01;0.7266666666666667;27007
2;2016-01;0.7266666666666667;27007
3;2017-01;0.7666666666666666;27007
4;2018-01;0.7833333333333333;27007
5;2019-01;0.725;27007
6;2020-01;0.725;27007
7;2021-01;0.7766666666666666;27007
8;2022-01;0.6409523809523809;27007
9;2023-01;0.5873809523809524;27007
10;2024-01;0.6371428571428572;27007
0;2014-01;1.0;27004
1;2015-01;1.0;27004
2;2016-01;1.0;27004
3;2017-01;1.0;27004
4;2018-01;1.0;27004
5;2019-01;1.0;27004
6;2020-01;1.0;27004
7;2021-01;1.0;27004
8;2022-01;1.0;27004
9;2023-01;1.0;27004
10;2024-01;0.8333333333333334;27004
0;2014-01;1.0;27005
1;2015-01;0.611111111111111;27005
2;2016-01;0.5833333333333333;27005
3;2017-01;0.611111111111111;27005
4;2018-01;0.625;27005
5;2019-01;0.5833333333333333;27005
6;2020-01;0.7222222222222222;27005
7;2021-01;0.6190476190476191;27005
8;2022-01;0.5238095238095238;27005
9;2023-01;0.36507936507936506;27005
10;2024-01;0.41005291005291006;27005
0;2014-01;1.0;27003
1;2015-01;1.0;27003
2;2016-01;1.0;27003
3;2017-01;1.0;27003
4;2018-01;0.75;27003
5;2019-01;0.8333333333333334;27003
6;2020-01;0.6666666666666666;27003
7;2021-01;0.6666666666666666;27003
8;2022-01;0.5833333333333333;27003
9;2023-01;0.7222222222222222;27003
10;2024-01;1.0;27003
0;2014-01;1.0;27008
1;2015-01;0.6666666666666666;27008
2;2016-01;0.8333333333333333;27008
3;2017-01;0.8333333333333333;27008
4;2018-01;0.8333333333333333;27008
5;2019-01;0.8888888888888888;27008
6;2020-01;0.6083333333333333;27008
7;2021-01;0.6866666666666666;27008
8;2022-01;0.8333333333333334;27008
9;2023-01;0.5071428571428571;27008
10;2024-01;0.3771428571428571;27008
0;2014-01;0.6125;27006
1;2015-01;0.6900000000000001;27006
2;2016-01;0.7916666666666666;27006
3;2017-01;0.7666666666666666;27006
4;2018-01;0.7666666666666666;27006
5;2019-01;0.7916666666666666;27006
6;2020-01;0.7083333333333333;27006
7;2021-01;0.7416666666666667;27006
8;2022-01;0.6583333333333333;27006
9;2023-01;0.48333333333333334;27006
10;2024-01;0.41944444444444445;27006
0;2014-01;1.0;27010
1;2015-01;1.0;27010
2;2016-01;1.0;27010
3;2017-01;1.0;27010
4;2018-01;1.0;27010
5;2019-01;1.0;27010
6;2020-01;0.8333333333333334;27010
7;2021-01;0.8333333333333334;27010
8;2022-01;0.9166666666666666;27010
9;2023-01;0.8055555555555555;27010
10;2024-01;0.6388888888888888;27010
0;2014-01;0.7476190476190476;27001
1;2015-01;0.7533333333333333;27001
2;2016-01;0.8257142857142858;27001
3;2017-01;0.7539105339105339;27001
4;2018-01;0.717914862914863;27001
5;2019-01;0.7080380730380731;27001
6;2020-01;0.6832750582750583;27001
7;2021-01;0.7216783216783217;27001
8;2022-01;0.6220920745920746;27001
9;2023-01;0.5886013986013986;27001
10;2024-01;0.5549999999999999;27001
0;2014-01;0.8333333333333334;27002
1;2015-01;1.0;27002
2;2016-01;1.0;27002
3;2017-01;0.6666666666666666;27002
4;2018-01;1.0;27002
5;2019-01;1.0;27002
6;2020-01;1.0;27002
7;2021-01;0.875;27002
8;2022-01;0.5833333333333333;27002
9;2023-01;0.5833333333333333;27002
10;2024-01;0.4038095238095238;27002
0;2014-01;1.0;27009
1;2015-01;0.625;27009
2;2016-01;0.625;27009
3;2017-01;0.75;27009
4;2018-01;0.3833333333333333;27009
5;2019-01;0.40925925925925927;27009
6;2020-01;0.5481481481481482;27009
7;2021-01;0.6333333333333333;27009
8;2022-01;0.3208333333333333;27009
9;2023-01;0.45666666666666667;27009
10;2024-01;0.3844444444444445;27009
0;2014-01;0.5844444444444445;50003
1;2015-01;0.6066666666666667;50003
2;2016-01;0.6733333333333333;50003
3;2017-01;0.7733333333333333;50003
4;2018-01;0.6599999999999999;50003
5;2019-01;0.6666666666666666;50003
6;2020-01;0.6933333333333334;50003
7;2021-01;0.7266666666666667;50003
8;2022-01;0.82;50003
9;2023-01;0.6757142857142857;50003
10;2024-01;0.5926984126984127;50003
0;2014-01;0.7863611826769722;50001
1;2015-01;0.7765867465867465;50001
2;2016-01;0.8103896103896104;50001
3;2017-01;0.7521500721500722;50001
4;2018-01;0.7212409812409812;50001
5;2019-01;0.6876479076479077;50001
6;2020-01;0.6570562770562771;50001
7;2021-01;0.686955266955267;50001
8;2022-01;0.7075095492742551;50001
9;2023-01;0.733083778966132;50001
10;2024-01;0.6710491469314999;50001
0;2014-01;0.8888888888888888;50002
1;2015-01;1.0;50002
2;2016-01;0.7222222222222222;50002
3;2017-01;0.7222222222222222;50002
4;2018-01;0.8333333333333334;50002
5;2019-01;0.7222222222222222;50002
6;2020-01;1.0;50002
7;2021-01;0.875;50002
8;2022-01;0.9;50002
9;2023-01;0.6666666666666666;50002
10;2024-01;0.6666666666666666;50002
0;2014-01;0.75;50004
1;2015-01;0.9772727272727273;50004
2;2016-01;0.9318181818181819;50004
3;2017-01;0.8484848484848485;50004
4;2018-01;0.8606060606060606;50004
5;2019-01;0.8606060606060606;50004
6;2020-01;1.0;50004
7;2021-01;0.8666666666666666;50004
8;2022-01;0.9166666666666666;50004
9;2023-01;0.8333333333333333;50004
10;2024-01;0.7083333333333333;50004
0;2014-01;0.7929411764705883;51002
1;2015-01;0.7029411764705882;51002
2;2016-01;0.7766666666666666;51002
3;2017-01;0.639047619047619;51002
4;2018-01;0.6678571428571428;51002
5;2019-01;0.6158834586466165;51002
6;2020-01;0.8026566416040101;51002
7;2021-01;0.8539888181993446;51002
8;2022-01;0.7531694621168306;51002
9;2023-01;0.7726061193708252;51002
10;2024-01;0.7141133376427493;51002
0;2014-01;0.611111111111111;51001
1;2015-01;0.7916666666666666;51001
2;2016-01;0.7222222222222222;51001
3;2017-01;0.611111111111111;51001
4;2018-01;0.611111111111111;51001
5;2019-01;0.7916666666666666;51001
6;2020-01;0.7083333333333334;51001
7;2021-01;1.0;51001
8;2022-01;1.0;51001
9;2023-01;1.0;51001
10;2024-01;1.0;51001
0;2014-01;0.7357142857142858;51013
1;2015-01;0.6528571428571428;51013
2;2016-01;0.6028571428571429;51013
3;2017-01;0.6166666666666667;51013
4;2018-01;0.4533333333333333;51013
5;2019-01;0.47619047619047616;51013
6;2020-01;0.6261904761904762;51013
7;2021-01;0.7261904761904762;51013
8;2022-01;0.7761904761904762;51013
9;2023-01;0.7928571428571429;51013
10;2024-01;0.75;51013
0;2014-01;1.0;51004
1;2015-01;1.0;51004
2;2016-01;1.0;51004
3;2017-01;1.0;51004
4;2018-01;1.0;51004
5;2019-01;1.0;51004
6;2020-01;1.0;51004
7;2021-01;1.0;51004
8;2022-01;1.0;51004
9;2023-01;1.0;51004
10;2024-01;1.0;51004
0;2017-01;1.0;51008
1;2018-01;1.0;51008
2;2019-01;1.0;51008
3;2020-01;1.0;51008
4;2021-01;1.0;51008
5;2022-01;1.0;51008
6;2023-01;0.875;51008
7;2024-01;0.875;51008
0;2014-01;0.6666666666666666;51007
1;2015-01;0.8333333333333334;51007
2;2016-01;0.75;51007
3;2017-01;0.8888888888888888;51007
4;2018-01;0.7916666666666666;51007
5;2019-01;0.8888888888888888;51007
6;2020-01;0.8888888888888888;51007
7;2021-01;0.7777777777777777;51007
8;2022-01;0.8333333333333333;51007
9;2023-01;0.8333333333333334;51007
10;2024-01;0.8666666666666666;51007
0;2014-01;1.0;51011
1;2015-01;1.0;51011
2;2016-01;0.9333333333333332;51011
3;2017-01;0.9333333333333332;51011
4;2018-01;0.8333333333333333;51011
5;2019-01;0.8333333333333333;51011
6;2020-01;0.8333333333333334;51011
7;2021-01;0.7083333333333334;51011
8;2022-01;0.5833333333333334;51011
9;2023-01;0.8333333333333334;51011
10;2024-01;0.8666666666666666;51011
0;2014-01;1.0;51010
1;2015-01;1.0;51010
2;2016-01;1.0;51010
3;2017-01;1.0;51010
4;2018-01;1.0;51010
5;2019-01;1.0;51010
6;2020-01;1.0;51010
7;2021-01;1.0;51010
8;2022-01;1.0;51010
9;2023-01;0.6666666666666666;51010
10;2024-01;0.41666666666666663;51010
0;2014-01;1.0;51003
1;2015-01;1.0;51003
2;2016-01;1.0;51003
3;2017-01;;51003
4;2018-01;;51003
5;2019-01;1.0;51003
6;2020-01;0.8333333333333333;51003
7;2021-01;0.8333333333333333;51003
8;2022-01;0.8333333333333333;51003
9;2023-01;0.8333333333333333;51003
10;2024-01;0.41666666666666663;51003
0;2014-01;1.0;51015
1;2015-01;1.0;51015
2;2016-01;1.0;51015
3;2017-01;1.0;51015
4;2018-01;1.0;51015
5;2019-01;1.0;51015
6;2020-01;1.0;51015
7;2021-01;1.0;51015
8;2022-01;1.0;51015
9;2023-01;0.875;51015
10;2024-01;0.9;51015
0;2014-01;1.0;51016
1;2015-01;1.0;51016
2;2016-01;1.0;51016
3;2017-01;1.0;51016
4;2018-01;1.0;51016
5;2019-01;1.0;51016
6;2020-01;1.0;51016
7;2021-01;1.0;51016
8;2022-01;1.0;51016
9;2023-01;1.0;51016
10;2024-01;1.0;51016
0;2014-01;0.6271428571428571;51014
1;2015-01;0.7195238095238096;51014
2;2016-01;0.6623809523809523;51014
3;2017-01;0.6457142857142857;51014
4;2018-01;0.6057142857142856;51014
5;2019-01;0.655;51014
6;2020-01;0.63;51014
7;2021-01;0.7068181818181818;51014
8;2022-01;0.6818181818181819;51014
9;2023-01;0.7486363636363637;51014
10;2024-01;0.6954545454545455;51014
0;2020-01;;51009
1;2021-01;;51009
2;2022-01;;51009
3;2023-01;;51009
4;2024-01;1.0;51009
0;2014-01;0.8333333333333334;51005
1;2015-01;0.8333333333333334;51005
2;2016-01;0.8333333333333334;51005
3;2017-01;0.875;51005
4;2018-01;0.8;51005
5;2019-01;0.7;51005
6;2020-01;0.75;51005
7;2021-01;0.8333333333333334;51005
8;2022-01;0.75;51005
9;2023-01;0.75;51005
10;2024-01;1.0;51005
0;2014-01;0.8333333333333334;51006
1;2015-01;0.8333333333333334;51006
2;2016-01;0.8333333333333334;51006
3;2017-01;0.8333333333333334;51006
4;2018-01;0.8333333333333334;51006
5;2019-01;0.8333333333333334;51006
6;2020-01;0.875;51006
7;2021-01;0.875;51006
8;2022-01;0.875;51006
9;2023-01;0.9166666666666666;51006
10;2024-01;0.7916666666666666;51006
0;2014-01;1.0;51012
1;2015-01;1.0;51012
2;2016-01;1.0;51012
3;2017-01;1.0;51012
4;2018-01;1.0;51012
5;2019-01;0.8333333333333334;51012
6;2020-01;1.0;51012
7;2021-01;0.75;51012
8;2022-01;0.8333333333333334;51012
9;2023-01;0.8333333333333334;51012
10;2024-01;0.8333333333333334;51012
0;2014-01;0.875;25010
1;2015-01;0.875;25010
2;2016-01;0.75;25010
3;2017-01;0.8125;25010
4;2018-01;0.7083333333333334;25010
5;2019-01;0.78125;25010
6;2020-01;0.6875;25010
7;2021-01;0.875;25010
8;2022-01;0.78125;25010
9;2023-01;0.825;25010
10;2024-01;0.6083333333333333;25010
0;2014-01;0.8163781269331555;25001
1;2015-01;0.8486583467133751;25001
2;2016-01;0.8131798277623705;25001
3;2017-01;0.8057816377171216;25001
4;2018-01;0.8131674208144796;25001
5;2019-01;0.7766892911010558;25001
6;2020-01;0.7534436770659682;25001
7;2021-01;0.721436056203858;25001
8;2022-01;0.6462024291497975;25001
9;2023-01;0.6521169590643275;25001
10;2024-01;0.5961481481481481;25001
0;2014-01;0.5;25015
1;2015-01;0.8;25015
2;2016-01;0.775;25015
3;2017-01;0.6833333333333332;25015
4;2018-01;0.45;25015
5;2019-01;0.55;25015
6;2020-01;0.75;25015
7;2021-01;0.5555555555555555;25015
8;2022-01;0.4444444444444444;25015
9;2023-01;0.6666666666666666;25015
10;2024-01;0.4444444444444444;25015
0;2014-01;0.5866666666666667;25002
1;2015-01;0.5866666666666667;25002
2;2016-01;0.5809523809523809;25002
3;2017-01;0.5071428571428571;25002
4;2018-01;0.5035714285714286;25002
5;2019-01;0.5014880952380952;25002
6;2020-01;0.5973214285714286;25002
7;2021-01;0.5692857142857143;25002
8;2022-01;0.5428571428571428;25002
9;2023-01;0.6421428571428571;25002
10;2024-01;0.529047619047619;25002
0;2014-01;0.8333333333333333;25003
1;2015-01;1.0;25003
2;2016-01;0.5833333333333333;25003
3;2017-01;1.0;25003
4;2018-01;0.6666666666666666;25003
5;2019-01;0.6666666666666666;25003
6;2020-01;0.625;25003
7;2021-01;0.75;25003
8;2022-01;0.611111111111111;25003
9;2023-01;0.7222222222222222;25003
10;2024-01;0.7777777777777777;25003
0;2014-01;0.8;25009
1;2015-01;0.8222222222222223;25009
2;2016-01;0.8222222222222223;25009
3;2017-01;0.7555555555555555;25009
4;2018-01;0.6666666666666666;25009
5;2019-01;0.7083333333333334;25009
6;2020-01;0.5666666666666667;25009
7;2021-01;1.0;25009
8;2022-01;0.8333333333333334;25009
9;2023-01;0.75;25009
10;2024-01;0.8333333333333334;25009
0;2014-01;0.7321428571428572;25016
1;2015-01;0.6821428571428572;25016
2;2016-01;0.65;25016
3;2017-01;0.625;25016
4;2018-01;0.75;25016
5;2019-01;0.8066666666666666;25016
6;2020-01;0.8283333333333334;25016
7;2021-01;0.7783333333333333;25016
8;2022-01;0.8;25016
9;2023-01;0.5672348484848485;25016
10;2024-01;0.6196172248803827;25016
0;2014-01;0.75;25008
1;2015-01;0.8333333333333334;25008
2;2016-01;0.6666666666666666;25008
3;2017-01;0.75;25008
4;2018-01;0.875;25008
5;2019-01;0.875;25008
6;2020-01;0.8333333333333333;25008
7;2021-01;0.8333333333333333;25008
8;2022-01;0.8333333333333333;25008
9;2023-01;0.7916666666666667;25008
10;2024-01;0.6666666666666666;25008
0;2014-01;1.0;25004
1;2015-01;1.0;25004
2;2016-01;0.7;25004
3;2017-01;0.6;25004
4;2018-01;0.5;25004
5;2019-01;0.6666666666666666;25004
6;2020-01;0.75;25004
7;2021-01;0.6666666666666666;25004
8;2022-01;0.7777777777777778;25004
9;2023-01;0.611111111111111;25004
10;2024-01;0.6666666666666667;25004
0;2014-01;0.75;25007
1;2015-01;0.75;25007
2;2016-01;0.75;25007
3;2017-01;0.5555555555555555;25007
4;2018-01;0.5833333333333333;25007
5;2019-01;0.6388888888888888;25007
6;2020-01;0.5555555555555555;25007
7;2021-01;0.611111111111111;25007
8;2022-01;0.5555555555555555;25007
9;2023-01;0.6666666666666666;25007
10;2024-01;0.6041666666666666;25007
0;2014-01;1.0;25011
1;2015-01;1.0;25011
2;2016-01;1.0;25011
3;2017-01;0.8333333333333334;25011
4;2018-01;1.0;25011
5;2019-01;0.8333333333333333;25011
6;2020-01;0.6666666666666666;25011
7;2021-01;0.611111111111111;25011
8;2022-01;0.5;25011
9;2023-01;0.41666666666666663;25011
10;2024-01;0.6666666666666666;25011
0;2014-01;0.75;25012
1;2015-01;0.5625;25012
2;2016-01;0.6375;25012
3;2017-01;0.65;25012
4;2018-01;0.5583333333333333;25012
5;2019-01;0.6;25012
6;2020-01;0.45666666666666667;25012
7;2021-01;0.38888888888888884;25012
8;2022-01;0.5;25012
9;2023-01;0.5166666666666667;25012
10;2024-01;0.7291666666666666;25012
0;2014-01;0.7916666666666666;25014
1;2015-01;0.6666666666666666;25014
2;2016-01;0.65;25014
3;2017-01;0.4666666666666666;25014
4;2018-01;0.39999999999999997;25014
5;2019-01;0.4666666666666666;25014
6;2020-01;0.5333333333333333;25014
7;2021-01;0.5777777777777778;25014
8;2022-01;0.5277777777777778;25014
9;2023-01;0.6666666666666666;25014
10;2024-01;0.6388888888888888;25014
0;2014-01;0.375;25005
1;2015-01;0.625;25005
2;2016-01;0.625;25005
3;2017-01;0.6875;25005
4;2018-01;0.625;25005
5;2019-01;0.5;25005
6;2020-01;0.6666666666666666;25005
7;2021-01;0.5625;25005
8;2022-01;0.4166666666666667;25005
9;2023-01;0.625;25005
10;2024-01;0.8333333333333334;25005
0;2014-01;0.6458333333333334;25006
1;2015-01;0.8125;25006
2;2016-01;0.8125;25006
3;2017-01;0.625;25006
4;2018-01;0.75;25006
5;2019-01;0.7083333333333334;25006
6;2020-01;0.7222222222222222;25006
7;2021-01;0.611111111111111;25006
8;2022-01;0.5726190476190476;25006
9;2023-01;0.5961904761904762;25006
10;2024-01;0.6228571428571429;25006
0;2014-01;1.0;25013
1;2015-01;0.8888888888888888;25013
2;2016-01;0.8888888888888888;25013
3;2017-01;0.8888888888888888;25013
4;2018-01;0.7777777777777777;25013
5;2019-01;0.6666666666666666;25013
6;2020-01;0.6666666666666666;25013
7;2021-01;0.5;25013
8;2022-01;0.41666666666666663;25013
9;2023-01;0.5;25013
10;2024-01;0.41666666666666663;25013
0;2014-01;1.0;35091
1;2015-01;0.9166666666666666;35091
2;2016-01;1.0;35091
3;2017-01;0.8333333333333334;35091
4;2018-01;0.75;35091
5;2019-01;0.8333333333333334;35091
6;2020-01;1.0;35091
7;2021-01;0.875;35091
8;2022-01;0.6666666666666666;35091
9;2023-01;0.5833333333333333;35091
10;2024-01;0.6;35091
0;2014-01;0.9166666666666666;35156
1;2015-01;1.0;35156
2;2016-01;1.0;35156
3;2017-01;0.9;35156
4;2018-01;0.9;35156
5;2019-01;0.8333333333333334;35156
6;2020-01;0.75;35156
7;2021-01;0.8333333333333334;35156
8;2022-01;1.0;35156
9;2023-01;0.8888888888888888;35156
10;2024-01;0.7777777777777778;35156
0;2014-01;0.86;35142
1;2015-01;0.82;35142
2;2016-01;1.0;35142
3;2017-01;0.9714285714285713;35142
4;2018-01;0.9095238095238095;35142
5;2019-01;0.9666666666666666;35142
6;2020-01;1.0;35142
7;2021-01;0.9333333333333332;35142
8;2022-01;0.8833333333333334;35142
9;2023-01;0.7833333333333333;35142
10;2024-01;0.7333333333333333;35142
0;2014-01;0.9166666666666666;35074
1;2015-01;0.9166666666666666;35074
2;2016-01;0.8333333333333333;35074
3;2017-01;0.7666666666666666;35074
4;2018-01;0.7666666666666666;35074
5;2019-01;0.75;35074
6;2020-01;0.7833333333333333;35074
7;2021-01;0.7;35074
8;2022-01;0.6599999999999999;35074
9;2023-01;0.7533333333333333;35074
10;2024-01;0.7866666666666666;35074
0;2014-01;0.7139285714285715;35062
1;2015-01;0.7150633640552996;35062
2;2016-01;0.5891417050691243;35062
3;2017-01;0.6513440860215054;35062
4;2018-01;0.6522401433691757;35062
5;2019-01;0.6957885304659498;35062
6;2020-01;0.6513888888888889;35062
7;2021-01;0.7297222222222223;35062
8;2022-01;0.7202777777777778;35062
9;2023-01;0.6705555555555556;35062
10;2024-01;0.6338888888888888;35062
0;2014-01;0.8266666666666665;35051
1;2015-01;0.6833333333333333;35051
2;2016-01;0.5666666666666667;35051
3;2017-01;0.6770833333333333;35051
4;2018-01;0.691025641025641;35051
5;2019-01;0.8100961538461539;35051
6;2020-01;0.7814102564102564;35051
7;2021-01;0.7826923076923077;35051
8;2022-01;0.6423076923076924;35051
9;2023-01;0.7256944444444444;35051
10;2024-01;0.7583333333333333;35051
0;2014-01;0.85;35133
1;2015-01;0.75;35133
2;2016-01;0.6428571428571428;35133
3;2017-01;0.6321428571428571;35133
4;2018-01;0.6357142857142857;35133
5;2019-01;0.5857142857142857;35133
6;2020-01;0.44857142857142857;35133
7;2021-01;0.375;35133
8;2022-01;0.575;35133
9;2023-01;0.6;35133
10;2024-01;0.6666666666666666;35133
0;2014-01;0.9166666666666666;35157
1;2015-01;0.9333333333333332;35157
2;2016-01;0.9333333333333333;35157
3;2017-01;0.95;35157
4;2018-01;0.85;35157
5;2019-01;0.9;35157
6;2020-01;0.7916666666666666;35157
7;2021-01;0.9166666666666666;35157
8;2022-01;0.9166666666666666;35157
9;2023-01;0.9166666666666666;35157
10;2024-01;0.9333333333333333;35157
0;2014-01;0.9;35112
1;2015-01;0.9333333333333332;35112
2;2016-01;0.7666666666666666;35112
3;2017-01;0.7666666666666666;35112
4;2018-01;0.8333333333333333;35112
5;2019-01;0.8;35112
6;2020-01;0.6666666666666666;35112
7;2021-01;0.7416666666666666;35112
8;2022-01;0.6770833333333334;35112
9;2023-01;0.7576388888888889;35112
10;2024-01;0.8129273504273504;35112
0;2014-01;0.9114285714285714;35093
1;2015-01;0.8742857142857142;35093
2;2016-01;0.8778571428571429;35093
3;2017-01;0.8928571428571429;35093
4;2018-01;0.724175824175824;35093
5;2019-01;0.7848901098901099;35093
6;2020-01;0.7045704295704296;35093
7;2021-01;0.6834765234765234;35093
8;2022-01;0.6516439116439117;35093
9;2023-01;0.6593362193362193;35093
10;2024-01;0.6668253968253969;35093
0;2014-01;0.8063672605489192;35072
1;2015-01;0.7845389494226703;35072
2;2016-01;0.7119359436732898;35072
3;2017-01;0.7549488814878692;35072
4;2018-01;0.7658613394591507;35072
5;2019-01;0.7270455531484943;35072
6;2020-01;0.7410040154041703;35072
7;2021-01;0.7782806828278964;35072
8;2022-01;0.7800885706689412;35072
9;2023-01;0.7757908381076432;35072
10;2024-01;0.7651635831165964;35072
0;2014-01;0.9596153846153846;35031
1;2015-01;0.8916666666666666;35031
2;2016-01;0.7916666666666667;35031
3;2017-01;0.8;35031
4;2018-01;0.86;35031
5;2019-01;0.7927272727272727;35031
6;2020-01;0.6375757575757575;35031
7;2021-01;0.6292424242424242;35031
8;2022-01;0.6842424242424242;35031
9;2023-01;0.6310606060606061;35031
10;2024-01;0.575;35031
0;2014-01;0.85;35022
1;2015-01;0.85;35022
2;2016-01;0.85;35022
3;2017-01;0.9;35022
4;2018-01;0.9;35022
5;2019-01;1.0;35022
6;2020-01;0.9333333333333332;35022
7;2021-01;0.9333333333333332;35022
8;2022-01;0.9333333333333332;35022
9;2023-01;0.7083333333333333;35022
10;2024-01;0.8333333333333333;35022
0;2014-01;0.8536507936507937;35172
1;2015-01;0.9047619047619048;35172
2;2016-01;0.875;35172
3;2017-01;1.0;35172
4;2018-01;0.95;35172
5;2019-01;0.95;35172
6;2020-01;0.8875;35172
7;2021-01;0.8875;35172
8;2022-01;0.885;35172
9;2023-01;0.875;35172
10;2024-01;0.6464285714285715;35172
0;2014-01;0.6944444444444445;35153
1;2015-01;0.7458333333333333;35153
2;2016-01;0.7566666666666666;35153
3;2017-01;0.9099999999999999;35153
4;2018-01;0.9199999999999999;35153
5;2019-01;0.9199999999999999;35153
6;2020-01;0.9;35153
7;2021-01;0.875;35153
8;2022-01;0.8333333333333334;35153
9;2023-01;0.5;35153
10;2024-01;0.625;35153
0;2014-01;0.725;35162
1;2015-01;0.85;35162
2;2016-01;0.7999999999999999;35162
3;2017-01;0.7999999999999999;35162
4;2018-01;1.0;35162
5;2019-01;0.9375;35162
6;2020-01;0.75;35162
7;2021-01;0.8;35162
8;2022-01;0.8333333333333334;35162
9;2023-01;0.875;35162
10;2024-01;0.7916666666666666;35162
0;2014-01;0.8430236430236431;35163
1;2015-01;0.8265734265734267;35163
2;2016-01;0.8686188811188812;35163
3;2017-01;0.7779095904095904;35163
4;2018-01;0.7964542036910458;35163
5;2019-01;0.7821086807928913;35163
6;2020-01;0.7269110275689223;35163
7;2021-01;0.750125313283208;35163
8;2022-01;0.7572263993316625;35163
9;2023-01;0.748233328419087;35163
10;2024-01;0.7513948269366226;35163
0;2014-01;0.7914285714285715;35021
1;2015-01;0.5978571428571429;35021
2;2016-01;0.5585714285714285;35021
3;2017-01;0.6563492063492063;35021
4;2018-01;0.8055555555555556;35021
5;2019-01;0.7333333333333333;35021
6;2020-01;0.7833333333333333;35021
7;2021-01;0.7833333333333333;35021
8;2022-01;0.8099999999999999;35021
9;2023-01;0.6533333333333333;35021
10;2024-01;0.6966666666666667;35021
0;2014-01;1.0;35083
1;2015-01;0.9375;35083
2;2016-01;1.0;35083
3;2017-01;1.0;35083
4;2018-01;1.0;35083
5;2019-01;0.95;35083
6;2020-01;0.9375;35083
7;2021-01;0.9375;35083
8;2022-01;0.75;35083
9;2023-01;0.625;35083
10;2024-01;0.8333333333333334;35083
0;2014-01;0.9666666666666666;35101
1;2015-01;0.75;35101
2;2016-01;0.7;35101
3;2017-01;0.7214285714285714;35101
4;2018-01;0.6726190476190477;35101
5;2019-01;0.6889880952380952;35101
6;2020-01;0.7306547619047619;35101
7;2021-01;0.7660714285714285;35101
8;2022-01;0.7601190476190476;35101
9;2023-01;0.6478571428571429;35101
10;2024-01;0.5547619047619048;35101
0;2014-01;0.7341991341991342;35011
1;2015-01;0.7014243820695434;35011
2;2016-01;0.6822413070800167;35011
3;2017-01;0.7334614578969417;35011
4;2018-01;0.7875112790435371;35011
5;2019-01;0.8106670211508922;35011
6;2020-01;0.7073717948717949;35011
7;2021-01;0.6781318681318681;35011
8;2022-01;0.7775091575091575;35011
9;2023-01;0.6464696223316914;35011
10;2024-01;0.6317068533402471;35011
0;2014-01;0.8800000000000001;35092
1;2015-01;0.8533333333333333;35092
2;2016-01;0.8533333333333333;35092
3;2017-01;0.8533333333333333;35092
4;2018-01;0.9333333333333332;35092
5;2019-01;0.9333333333333333;35092
6;2020-01;0.8333333333333334;35092
7;2021-01;0.875;35092
8;2022-01;0.875;35092
9;2023-01;0.9;35092
10;2024-01;1.0;35092
0;2014-01;0.8984848484848484;35071
1;2015-01;0.7704545454545455;35071
2;2016-01;0.9318181818181819;35071
3;2017-01;0.8809523809523809;35071
4;2018-01;0.9077380952380952;35071
5;2019-01;0.8720238095238095;35071
6;2020-01;0.8261904761904763;35071
7;2021-01;0.8833333333333334;35071
8;2022-01;0.9583333333333334;35071
9;2023-01;0.75;35071
10;2024-01;0.625;35071
0;2014-01;0.8;35061
1;2015-01;0.8;35061
2;2016-01;0.8;35061
3;2017-01;0.9333333333333333;35061
4;2018-01;1.0;35061
5;2019-01;0.75;35061
6;2020-01;0.8392857142857143;35061
7;2021-01;0.8869047619047619;35061
8;2022-01;0.7238095238095238;35061
9;2023-01;0.7;35061
10;2024-01;0.4464285714285714;35061
0;2014-01;0.6523726273726274;35155
1;2015-01;0.7405594405594406;35155
2;2016-01;0.736013986013986;35155
3;2017-01;0.7941558441558442;35155
4;2018-01;0.7727272727272727;35155
5;2019-01;0.7628787878787879;35155
6;2020-01;0.7234848484848484;35155
7;2021-01;0.834090909090909;35155
8;2022-01;0.7891666666666667;35155
9;2023-01;0.6878030303030302;35155
10;2024-01;0.7079611330698288;35155
0;2014-01;0.7928571428571429;35023
1;2015-01;0.7053571428571428;35023
2;2016-01;0.7125;35023
3;2017-01;0.77;35023
4;2018-01;0.63;35023
5;2019-01;0.73;35023
6;2020-01;0.7133333333333333;35023
7;2021-01;0.7666666666666666;35023
8;2022-01;0.8333333333333333;35023
9;2023-01;0.6666666666666666;35023
10;2024-01;0.75;35023
0;2014-01;0.86;35064
1;2015-01;0.9099999999999999;35064
2;2016-01;0.8833333333333332;35064
3;2017-01;0.9666666666666666;35064
4;2018-01;0.9666666666666666;35064
5;2019-01;0.9666666666666666;35064
6;2020-01;0.7833333333333333;35064
7;2021-01;0.8433333333333334;35064
8;2022-01;0.8166666666666667;35064
9;2023-01;0.8833333333333332;35064
10;2024-01;0.7633333333333333;35064
0;2014-01;0.8666666666666666;35121
1;2015-01;0.8333333333333334;35121
2;2016-01;0.9;35121
3;2017-01;0.9;35121
4;2018-01;0.8;35121
5;2019-01;0.8;35121
6;2020-01;0.8;35121
7;2021-01;0.8333333333333334;35121
8;2022-01;0.8333333333333334;35121
9;2023-01;0.7222222222222222;35121
10;2024-01;0.7916666666666666;35121
0;2014-01;0.8654545454545455;35131
1;2015-01;0.8583333333333334;35131
2;2016-01;0.7651515151515151;35131
3;2017-01;0.79004329004329;35131
4;2018-01;0.79004329004329;35131
5;2019-01;0.8034632034632034;35131
6;2020-01;0.7765584415584416;35131
7;2021-01;0.8578571428571429;35131
8;2022-01;0.73;35131
9;2023-01;0.625;35131
10;2024-01;0.5900000000000001;35131
0;2014-01;0.681345877897602;35014
1;2015-01;0.7320224455112893;35014
2;2016-01;0.7047369866384459;35014
3;2017-01;0.693612624823251;35014
4;2018-01;0.700311737598265;35014
5;2019-01;0.658258486190175;35014
6;2020-01;0.7171899641577062;35014
7;2021-01;0.7638588945481984;35014
8;2022-01;0.744368986983588;35014
9;2023-01;0.67772015571676;35014
10;2024-01;0.6761300612234399;35014
0;2014-01;1.0;35095
1;2015-01;0.8333333333333334;35095
2;2016-01;0.8333333333333334;35095
3;2017-01;0.8333333333333334;35095
4;2018-01;0.6666666666666666;35095
5;2019-01;0.6666666666666666;35095
6;2020-01;0.8333333333333334;35095
7;2021-01;0.5;35095
8;2022-01;0.5;35095
9;2023-01;0.6666666666666666;35095
10;2024-01;0.6666666666666666;35095
0;2014-01;0.72;35052
1;2015-01;0.6;35052
2;2016-01;0.7333333333333333;35052
3;2017-01;0.7333333333333333;35052
4;2018-01;0.6333333333333333;35052
5;2019-01;0.6333333333333333;35052
6;2020-01;0.6666666666666667;35052
7;2021-01;0.7;35052
8;2022-01;0.8333333333333333;35052
9;2023-01;0.7666666666666666;35052
10;2024-01;0.7666666666666666;35052
0;2014-01;0.7715728715728716;35041
1;2015-01;0.7617316017316018;35041
2;2016-01;0.735064935064935;35041
3;2017-01;0.7010101010101011;35041
4;2018-01;0.8391919191919192;35041
5;2019-01;0.8005555555555557;35041
6;2020-01;0.8329365079365079;35041
7;2021-01;0.8607142857142858;35041
8;2022-01;0.8023809523809524;35041
9;2023-01;0.7623809523809524;35041
10;2024-01;0.7368253968253968;35041
0;2014-01;0.7666666666666666;35032
1;2015-01;0.7666666666666666;35032
2;2016-01;0.7666666666666666;35032
3;2017-01;0.825;35032
4;2018-01;0.7;35032
5;2019-01;0.6666666666666666;35032
6;2020-01;0.8333333333333334;35032
7;2021-01;0.875;35032
8;2022-01;0.875;35032
9;2023-01;1.0;35032
10;2024-01;0.875;35032
0;2014-01;0.9583333333333334;35063
1;2015-01;0.9333333333333332;35063
2;2016-01;0.9333333333333332;35063
3;2017-01;0.9333333333333333;35063
4;2018-01;0.95;35063
5;2019-01;0.8833333333333332;35063
6;2020-01;0.7;35063
7;2021-01;0.71;35063
8;2022-01;0.62;35063
9;2023-01;0.5;35063
10;2024-01;0.52;35063
0;2014-01;0.7537950937950939;35073
1;2015-01;0.7252958152958153;35073
2;2016-01;0.6433333333333333;35073
3;2017-01;0.6036752136752137;35073
4;2018-01;0.6187257187257187;35073
5;2019-01;0.5814918414918415;35073
6;2020-01;0.5351048951048951;35073
7;2021-01;0.5476923076923077;35073
8;2022-01;0.42628787878787877;35073
9;2023-01;0.40522727272727277;35073
10;2024-01;0.485;35073
0;2014-01;0.7333957219251337;35171
1;2015-01;0.758939393939394;35171
2;2016-01;0.8213519813519813;35171
3;2017-01;0.7125718725718726;35171
4;2018-01;0.7501554001554002;35171
5;2019-01;0.7847008547008547;35171
6;2020-01;0.8216117216117216;35171
7;2021-01;0.7856990231990232;35171
8;2022-01;0.7588186813186814;35171
9;2023-01;0.7850187969924812;35171
10;2024-01;0.7803759398496241;35171
0;2014-01;0.6466666666666667;35143
1;2015-01;0.6366666666666666;35143
2;2016-01;0.62;35143
3;2017-01;0.6866666666666668;35143
4;2018-01;0.7266666666666667;35143
5;2019-01;0.86;35143
6;2020-01;0.82;35143
7;2021-01;0.8;35143
8;2022-01;0.8;35143
9;2023-01;0.875;35143
10;2024-01;0.5;35143
0;2014-01;0.6666666666666666;35065
1;2015-01;0.6666666666666666;35065
2;2016-01;0.8888888888888888;35065
3;2017-01;0.7222222222222222;35065
4;2018-01;0.6875;35065
5;2019-01;0.6875;35065
6;2020-01;0.85;35065
7;2021-01;0.9375;35065
8;2022-01;0.95;35065
9;2023-01;1.0;35065
10;2024-01;0.9166666666666666;35065
0;2014-01;0.6190476190476191;35012
1;2015-01;0.6079365079365079;35012
2;2016-01;0.6634920634920635;35012
3;2017-01;0.6801587301587302;35012
4;2018-01;0.7722222222222221;35012
5;2019-01;0.85;35012
6;2020-01;0.7833333333333333;35012
7;2021-01;0.8880952380952382;35012
8;2022-01;0.6904761904761905;35012
9;2023-01;0.819047619047619;35012
10;2024-01;0.7104761904761905;35012
0;2014-01;0.7856060606060606;35174
1;2015-01;0.8;35174
2;2016-01;0.9333333333333333;35174
3;2017-01;0.9333333333333333;35174
4;2018-01;0.8;35174
5;2019-01;0.75;35174
6;2020-01;0.8099999999999999;35174
7;2021-01;0.7766666666666666;35174
8;2022-01;0.79;35174
9;2023-01;0.8066666666666666;35174
10;2024-01;0.8216666666666667;35174
0;2014-01;0.6965079365079365;35161
1;2015-01;0.6046031746031746;35161
2;2016-01;0.696031746031746;35161
3;2017-01;0.7119047619047618;35161
4;2018-01;0.7761904761904762;35161
5;2019-01;0.8142857142857143;35161
6;2020-01;0.9428571428571428;35161
7;2021-01;0.8666666666666666;35161
8;2022-01;0.6647619047619047;35161
9;2023-01;0.5633333333333332;35161
10;2024-01;0.5633333333333332;35161
0;2014-01;0.9261904761904761;35103
1;2015-01;0.875;35103
2;2016-01;0.7833333333333334;35103
3;2017-01;0.7833333333333333;35103
4;2018-01;0.825;35103
5;2019-01;0.6683333333333333;35103
6;2020-01;0.735;35103
7;2021-01;0.8064285714285713;35103
8;2022-01;0.7528571428571429;35103
9;2023-01;0.7778571428571428;35103
10;2024-01;0.7559523809523809;35103
0;2014-01;0.8111111111111111;35173
1;2015-01;0.8711111111111112;35173
2;2016-01;0.85;35173
3;2017-01;0.8875;35173
4;2018-01;0.625;35173
5;2019-01;0.7;35173
6;2020-01;0.75;35173
7;2021-01;0.9166666666666666;35173
8;2022-01;0.6875;35173
9;2023-01;0.6319444444444444;35173
10;2024-01;0.8944444444444445;35173
0;2014-01;0.65;35151
1;2015-01;0.6666666666666666;35151
2;2016-01;0.7333333333333333;35151
3;2017-01;0.9;35151
4;2018-01;1.0;35151
5;2019-01;1.0;35151
6;2020-01;1.0;35151
7;2021-01;0.8;35151
8;2022-01;0.9333333333333332;35151
9;2023-01;0.6666666666666666;35151
10;2024-01;0.6266666666666667;35151
0;2014-01;0.7277777777777777;35102
1;2015-01;0.8027777777777778;35102
2;2016-01;0.7456349206349207;35102
3;2017-01;0.7158730158730158;35102
4;2018-01;0.5428571428571429;35102
5;2019-01;0.5623809523809523;35102
6;2020-01;0.5866666666666667;35102
7;2021-01;0.6457142857142857;35102
8;2022-01;0.7390476190476191;35102
9;2023-01;0.6371428571428572;35102
10;2024-01;0.6571428571428571;35102
0;2014-01;0.82;35013
1;2015-01;0.6792063492063491;35013
2;2016-01;0.7647619047619048;35013
3;2017-01;0.7495238095238095;35013
4;2018-01;0.733968253968254;35013
5;2019-01;0.7097222222222223;35013
6;2020-01;0.726388888888889;35013
7;2021-01;0.8033333333333333;35013
8;2022-01;0.7083974358974359;35013
9;2023-01;0.6434615384615385;35013
10;2024-01;0.6505769230769232;35013
0;2014-01;0.7166666666666667;35034
1;2015-01;0.85;35034
2;2016-01;0.96;35034
3;2017-01;0.9099999999999999;35034
4;2018-01;0.96;35034
5;2019-01;0.86;35034
6;2020-01;0.6666666666666666;35034
7;2021-01;0.7533333333333333;35034
8;2022-01;0.73;35034
9;2023-01;0.7066666666666667;35034
10;2024-01;0.8;35034
0;2014-01;0.7998766253938667;35015
1;2015-01;0.8197618133926451;35015
2;2016-01;0.7243396841495219;35015
3;2017-01;0.6908966424407601;35015
4;2018-01;0.6879857483533953;35015
5;2019-01;0.7194886062533121;35015
6;2020-01;0.6983836777954425;35015
7;2021-01;0.7180754283695461;35015
8;2022-01;0.6929738562091503;35015
9;2023-01;0.6263071895424837;35015
10;2024-01;0.6540277777777778;35015
0;2014-01;1.0;35111
1;2015-01;1.0;35111
2;2016-01;1.0;35111
3;2017-01;1.0;35111
4;2018-01;0.9333333333333332;35111
5;2019-01;0.8666666666666666;35111
6;2020-01;0.8333333333333333;35111
7;2021-01;0.75;35111
8;2022-01;0.75;35111
9;2023-01;0.8333333333333334;35111
10;2024-01;0.8666666666666666;35111
0;2014-01;0.6444444444444445;35154
1;2015-01;0.7333333333333334;35154
2;2016-01;0.8266666666666668;35154
3;2017-01;0.96;35154
4;2018-01;0.8133333333333332;35154
5;2019-01;0.8533333333333333;35154
6;2020-01;0.8933333333333333;35154
7;2021-01;0.9333333333333333;35154
8;2022-01;1.0;35154
9;2023-01;0.85;35154
10;2024-01;0.6833333333333333;35154
0;2014-01;0.9158730158730158;35081
1;2015-01;0.9206349206349206;35081
2;2016-01;0.8484126984126984;35081
3;2017-01;0.8388888888888889;35081
4;2018-01;0.875;35081
5;2019-01;0.9222222222222222;35081
6;2020-01;0.888888888888889;35081
7;2021-01;0.7881944444444444;35081
8;2022-01;0.7944444444444445;35081
9;2023-01;0.8166666666666667;35081
10;2024-01;0.76;35081
0;2014-01;0.95;35082
1;2015-01;1.0;35082
2;2016-01;0.8125;35082
3;2017-01;0.8125;35082
4;2018-01;0.7833333333333333;35082
5;2019-01;0.7833333333333333;35082
6;2020-01;0.85;35082
7;2021-01;0.8;35082
8;2022-01;0.65;35082
9;2023-01;0.75;35082
10;2024-01;0.85;35082
0;2014-01;0.7933333333333333;35141
1;2015-01;0.76;35141
2;2016-01;0.75;35141
3;2017-01;0.875;35141
4;2018-01;0.7916666666666666;35141
5;2019-01;0.7083333333333333;35141
6;2020-01;0.7666666666666666;35141
7;2021-01;0.7;35141
8;2022-01;0.6666666666666666;35141
9;2023-01;0.7916666666666666;35141
10;2024-01;0.6666666666666666;35141
0;2014-01;0.8340896358543418;35132
1;2015-01;0.8352380952380953;35132
2;2016-01;0.7685714285714286;35132
3;2017-01;0.7160714285714286;35132
4;2018-01;0.7535714285714286;35132
5;2019-01;0.7330808080808081;35132
6;2020-01;0.7300505050505051;35132
7;2021-01;0.7785353535353535;35132
8;2022-01;0.7774891774891775;35132
9;2023-01;0.7720598845598846;35132
10;2024-01;0.7295550038197097;35132
0;2014-01;1.0;35033
1;2015-01;0.8888888888888888;35033
2;2016-01;0.8888888888888888;35033
3;2017-01;0.8888888888888888;35033
4;2018-01;0.9166666666666666;35033
5;2019-01;0.9333333333333333;35033
6;2020-01;1.0;35033
7;2021-01;1.0;35033
8;2022-01;0.95;35033
9;2023-01;0.8375;35033
10;2024-01;0.8875;35033
0;2014-01;1.0;35115
1;2015-01;1.0;35115
2;2016-01;1.0;35115
3;2017-01;0.9166666666666666;35115
4;2018-01;0.8333333333333334;35115
5;2019-01;0.8125;35115
6;2020-01;0.8125;35115
7;2021-01;0.6833333333333333;35115
8;2022-01;0.6166666666666666;35115
9;2023-01;0.6666666666666666;35115
10;2024-01;0.6666666666666667;35115
0;2014-01;0.7222222222222222;35152
1;2015-01;0.7222222222222222;35152
2;2016-01;0.625;35152
3;2017-01;0.611111111111111;35152
4;2018-01;0.7777777777777777;35152
5;2019-01;0.7777777777777777;35152
6;2020-01;0.7777777777777778;35152
7;2021-01;0.7777777777777778;35152
8;2022-01;0.7777777777777778;35152
9;2023-01;1.0;35152
10;2024-01;0.8333333333333334;35152
0;2014-01;0.6133333333333333;35094
1;2015-01;0.5833333333333333;35094
2;2016-01;0.625;35094
3;2017-01;0.75;35094
4;2018-01;0.6666666666666666;35094
5;2019-01;0.5541666666666667;35094
6;2020-01;0.46249999999999997;35094
7;2021-01;0.65;35094
8;2022-01;0.67;35094
9;2023-01;0.57;35094
10;2024-01;0.7166666666666666;35094
0;2014-01;0.8333333333333334;35113
1;2015-01;0.875;35113
2;2016-01;0.875;35113
3;2017-01;0.875;35113
4;2018-01;0.875;35113
5;2019-01;0.7916666666666666;35113
6;2020-01;0.8888888888888888;35113
7;2021-01;0.9166666666666666;35113
8;2022-01;0.9166666666666666;35113
9;2023-01;0.9166666666666666;35113
10;2024-01;0.9166666666666666;35113
0;2014-01;0.8;35104
1;2015-01;0.8;35104
2;2016-01;0.8;35104
3;2017-01;0.95;35104
4;2018-01;0.95;35104
5;2019-01;0.8833333333333332;35104
6;2020-01;0.85;35104
7;2021-01;0.7666666666666666;35104
8;2022-01;0.6666666666666666;35104
9;2023-01;0.6533333333333333;35104
10;2024-01;0.6466666666666667;35104
0;2014-01;1.0;35114
1;2015-01;1.0;35114
2;2016-01;1.0;35114
3;2017-01;1.0;35114
4;2018-01;1.0;35114
5;2019-01;0.9166666666666666;35114
6;2020-01;0.8888888888888888;35114
7;2021-01;0.8888888888888888;35114
8;2022-01;0.8888888888888888;35114
9;2023-01;0.8333333333333333;35114
10;2024-01;1.0;35114
0;2014-01;0.7651547568387226;35016
1;2015-01;0.7231230306737974;35016
2;2016-01;0.7166970915041819;35016
3;2017-01;0.6878576325844319;35016
4;2018-01;0.7112634110050965;35016
5;2019-01;0.7273237991513742;35016
6;2020-01;0.6636488964834291;35016
7;2021-01;0.630533218171259;35016
8;2022-01;0.629574924744787;35016
9;2023-01;0.6401566006936452;35016
10;2024-01;0.6576716127823481;35016
0;2016-01;;12001
1;2017-01;;12001
2;2018-01;;12001
3;2019-01;;12001
4;2020-01;;12001
5;2021-01;;12001
6;2022-01;;12001
7;2023-01;;12001
8;2024-01;1.0;12001
0;2014-01;0.8333333333333333;12003
1;2015-01;0.8888888888888888;12003
2;2016-01;0.9166666666666666;12003
3;2017-01;0.9166666666666666;12003
4;2018-01;0.9166666666666666;12003
5;2019-01;0.8888888888888888;12003
6;2020-01;0.9166666666666666;12003
7;2021-01;0.9166666666666666;12003
8;2022-01;0.8888888888888888;12003
9;2023-01;0.75;12003
10;2024-01;0.4583333333333333;12003
0;2014-01;0.85;12002
1;2015-01;0.6895833333333333;12002
2;2016-01;0.5645833333333333;12002
3;2017-01;0.6145833333333334;12002
4;2018-01;0.71875;12002
5;2019-01;0.7291666666666666;12002
6;2020-01;0.6833333333333333;12002
7;2021-01;0.8166666666666667;12002
8;2022-01;0.8666666666666666;12002
9;2023-01;0.7095238095238094;12002
10;2024-01;0.8547619047619047;12002
0;2014-01;0.7222222222222222;21001
1;2015-01;0.7222222222222222;21001
2;2016-01;0.7916666666666666;21001
3;2017-01;0.7916666666666666;21001
4;2018-01;0.7916666666666666;21001
5;2019-01;0.7083333333333334;21001
6;2020-01;0.875;21001
7;2021-01;0.875;21001
8;2022-01;0.611111111111111;21001
9;2023-01;0.7083333333333334;21001
10;2024-01;0.8333333333333334;21001
0;2014-01;0.675;21006
1;2015-01;0.7166666666666667;21006
2;2016-01;0.875;21006
3;2017-01;0.8541666666666666;21006
4;2018-01;0.7222222222222222;21006
5;2019-01;0.7291666666666666;21006
6;2020-01;0.7;21006
7;2021-01;0.44791666666666663;21006
8;2022-01;0.725;21006
9;2023-01;0.6083333333333333;21006
10;2024-01;0.5625;21006
0;2014-01;0.9241375497567448;21016
1;2015-01;0.8991409003792905;21016
2;2016-01;0.7699685934980052;21016
3;2017-01;0.8147856271695281;21016
4;2018-01;0.7955665009225381;21016
5;2019-01;0.8123730575372787;21016
6;2020-01;0.7872028536815183;21016
7;2021-01;0.7469501537633183;21016
8;2022-01;0.7848307222906765;21016
9;2023-01;0.7797805550665963;21016
10;2024-01;0.7298794499276113;21016
0;2014-01;0.6845238095238094;21005
1;2015-01;0.6651785714285714;21005
2;2016-01;0.78125;21005
3;2017-01;0.8958333333333334;21005
4;2018-01;0.7833333333333333;21005
5;2019-01;0.7933333333333333;21005
6;2020-01;0.8266666666666665;21005
7;2021-01;0.72;21005
8;2022-01;0.6533333333333333;21005
9;2023-01;0.6533333333333333;21005
10;2024-01;0.6333333333333333;21005
0;2014-01;1.0;21007
1;2015-01;0.8333333333333334;21007
2;2016-01;0.875;21007
3;2017-01;0.95;21007
4;2018-01;0.85;21007
5;2019-01;0.95;21007
6;2020-01;0.75;21007
7;2021-01;0.8666666666666667;21007
8;2022-01;0.9;21007
9;2023-01;0.8111111111111112;21007
10;2024-01;0.6333333333333333;21007
0;2014-01;0.7666666666666666;21014
1;2015-01;0.9166666666666666;21014
2;2016-01;0.8888888888888888;21014
3;2017-01;0.6333333333333333;21014
4;2018-01;0.7916666666666666;21014
5;2019-01;0.875;21014
6;2020-01;0.8333333333333334;21014
7;2021-01;0.625;21014
8;2022-01;0.6388888888888888;21014
9;2023-01;0.6666666666666666;21014
10;2024-01;0.6666666666666666;21014
0;2014-01;1.0;21003
1;2015-01;1.0;21003
2;2016-01;1.0;21003
3;2017-01;1.0;21003
4;2018-01;0.8833333333333332;21003
5;2019-01;0.8433333333333334;21003
6;2020-01;0.8041666666666667;21003
7;2021-01;0.7416666666666667;21003
8;2022-01;0.6416666666666666;21003
9;2023-01;0.7533333333333333;21003
10;2024-01;0.7125;21003
0;2014-01;0.8742857142857143;21008
1;2015-01;0.8583333333333334;21008
2;2016-01;0.8583333333333334;21008
3;2017-01;0.8583333333333334;21008
4;2018-01;0.875;21008
5;2019-01;0.7916666666666667;21008
6;2020-01;0.8;21008
7;2021-01;0.5533333333333333;21008
8;2022-01;0.5233333333333333;21008
9;2023-01;0.48999999999999994;21008
10;2024-01;0.5869696969696969;21008
0;2014-01;0.6499999999999999;21009
1;2015-01;0.5833333333333333;21009
2;2016-01;0.6933333333333334;21009
3;2017-01;0.6933333333333334;21009
4;2018-01;0.6599999999999999;21009
5;2019-01;0.7416666666666667;21009
6;2020-01;0.7533333333333333;21009
7;2021-01;0.5;21009
8;2022-01;0.38888888888888884;21009
9;2023-01;0.611111111111111;21009
10;2024-01;0.7083333333333334;21009
0;2014-01;0.5;21004
1;2015-01;0.75;21004
2;2016-01;0.875;21004
3;2017-01;0.6666666666666666;21004
4;2018-01;0.8333333333333334;21004
5;2019-01;0.9;21004
6;2020-01;0.9;21004
7;2021-01;0.75;21004
8;2022-01;0.8333333333333334;21004
9;2023-01;0.875;21004
10;2024-01;0.6875;21004
0;2014-01;0.75;21002
1;2015-01;0.8333333333333334;21002
2;2016-01;0.75;21002
3;2017-01;0.8333333333333334;21002
4;2018-01;1.0;21002
5;2019-01;1.0;21002
6;2020-01;1.0;21002
7;2021-01;0.875;21002
8;2022-01;0.75;21002
9;2023-01;0.8;21002
10;2024-01;0.65;21002
0;2014-01;0.5;21015
1;2015-01;0.6666666666666666;21015
2;2016-01;0.75;21015
3;2017-01;0.5;21015
4;2018-01;0.75;21015
5;2019-01;0.75;21015
6;2020-01;0.6666666666666666;21015
7;2021-01;0.6666666666666666;21015
8;2022-01;0.5;21015
9;2023-01;0.6;21015
10;2024-01;0.6333333333333333;21015
0;2014-01;0.6916666666666667;21013
1;2015-01;0.6733333333333333;21013
2;2016-01;0.7333333333333333;21013
3;2017-01;0.7222222222222222;21013
4;2018-01;0.8333333333333334;21013
5;2019-01;0.9444444444444445;21013
6;2020-01;0.9166666666666667;21013
7;2021-01;0.7777777777777777;21013
8;2022-01;0.7916666666666666;21013
9;2023-01;0.6666666666666666;21013
10;2024-01;0.5416666666666666;21013
0;2014-01;0.7777777777777777;21011
1;2015-01;0.5416666666666666;21011
2;2016-01;0.6666666666666666;21011
3;2017-01;0.3333333333333333;21011
4;2018-01;0.5333333333333333;21011
5;2019-01;0.5777777777777778;21011
6;2020-01;0.5333333333333333;21011
7;2021-01;0.35555555555555557;21011
8;2022-01;0.5166666666666666;21011
9;2023-01;0.5416666666666666;21011
10;2024-01;0.75;21011
0;2014-01;0.6666666666666666;21018
1;2015-01;0.5;21018
2;2016-01;0.5;21018
3;2017-01;0.4583333333333333;21018
4;2018-01;0.611111111111111;21018
5;2019-01;0.7083333333333334;21018
6;2020-01;0.8333333333333334;21018
7;2021-01;0.7083333333333333;21018
8;2022-01;0.611111111111111;21018
9;2023-01;0.8333333333333334;21018
10;2024-01;0.6666666666666666;21018
0;2014-01;0.8888888888888888;21012
1;2015-01;0.8541666666666666;21012
2;2016-01;0.7916666666666666;21012
3;2017-01;0.6375;21012
4;2018-01;0.6166666666666667;21012
5;2019-01;0.375;21012
6;2020-01;0.6;21012
7;2021-01;0.6625;21012
8;2022-01;0.8888888888888888;21012
9;2023-01;0.7266666666666667;21012
10;2024-01;0.6180952380952381;21012
0;2014-01;0.6666666666666666;21019
1;2015-01;0.75;21019
2;2016-01;0.75;21019
3;2017-01;0.5;21019
4;2018-01;0.5;21019
5;2019-01;0.5;21019
6;2020-01;0.5;21019
7;2021-01;0.6666666666666666;21019
8;2022-01;0.6666666666666666;21019
9;2023-01;0.75;21019
10;2024-01;0.8;21019
0;2014-01;1.0;21010
1;2015-01;0.75;21010
2;2016-01;1.0;21010
3;2017-01;0.8333333333333334;21010
4;2018-01;0.825;21010
5;2019-01;0.6266666666666667;21010
6;2020-01;0.825;21010
7;2021-01;0.9;21010
8;2022-01;0.9333333333333332;21010
9;2023-01;0.7266666666666667;21010
10;2024-01;0.6666666666666666;21010
0;2014-01;0.8125;21017
1;2015-01;0.9;21017
2;2016-01;0.7666666666666666;21017
3;2017-01;0.7666666666666667;21017
4;2018-01;0.85;21017
5;2019-01;0.9166666666666666;21017
6;2020-01;0.8166666666666667;21017
7;2021-01;0.8166666666666667;21017
8;2022-01;0.8125;21017
9;2023-01;0.7708333333333333;21017
10;2024-01;0.5833333333333333;21017
0;2014-01;0.799155125128474;31016
1;2015-01;0.7876858048204055;31016
2;2016-01;0.7176580758676584;31016
3;2017-01;0.7437188387004262;31016
4;2018-01;0.7763450281722707;31016
5;2019-01;0.7563781251435308;31016
6;2020-01;0.7745183812064724;31016
7;2021-01;0.7523330591556029;31016
8;2022-01;0.7304522702267591;31016
9;2023-01;0.6931209770829858;31016
10;2024-01;0.6501813713026527;31016
0;2014-01;;31068
1;2015-01;1.0;31068
2;2016-01;1.0;31068
3;2017-01;1.0;31068
4;2018-01;1.0;31068
5;2019-01;1.0;31068
6;2020-01;1.0;31068
7;2021-01;1.0;31068
8;2022-01;1.0;31068
9;2023-01;1.0;31068
10;2024-01;1.0;31068
0;2014-01;1.0;31040
1;2015-01;1.0;31040
2;2016-01;1.0;31040
3;2017-01;1.0;31040
4;2018-01;1.0;31040
5;2019-01;0.8333333333333334;31040
6;2020-01;0.75;31040
7;2021-01;1.0;31040
8;2022-01;1.0;31040
9;2023-01;0.5;31040
10;2024-01;0.6666666666666666;31040
0;2014-01;0.76;31008
1;2015-01;0.8666666666666666;31008
2;2016-01;0.6599999999999999;31008
3;2017-01;0.7;31008
4;2018-01;0.5666666666666667;31008
5;2019-01;0.7;31008
6;2020-01;0.7666666666666666;31008
7;2021-01;0.7916666666666666;31008
8;2022-01;0.7916666666666666;31008
9;2023-01;0.7333333333333333;31008
10;2024-01;0.6666666666666666;31008
0;2014-01;1.0;31041
1;2015-01;1.0;31041
2;2016-01;1.0;31041
3;2017-01;1.0;31041
4;2018-01;1.0;31041
5;2019-01;1.0;31041
6;2020-01;0.8666666666666666;31041
7;2021-01;0.8666666666666666;31041
8;2022-01;0.8333333333333333;31041
9;2023-01;0.8333333333333333;31041
10;2024-01;0.3333333333333333;31041
0;2014-01;0.725;31001
1;2015-01;0.74;31001
2;2016-01;0.9;31001
3;2017-01;0.8;31001
4;2018-01;0.8;31001
5;2019-01;0.9375;31001
6;2020-01;0.8125;31001
7;2021-01;0.6625;31001
8;2022-01;0.6633333333333333;31001
9;2023-01;0.6233333333333333;31001
10;2024-01;0.5666666666666667;31001
0;2014-01;1.0;31094
1;2015-01;1.0;31094
2;2016-01;1.0;31094
3;2017-01;0.8333333333333334;31094
4;2018-01;0.8333333333333334;31094
5;2019-01;0.8333333333333334;31094
6;2020-01;0.8333333333333334;31094
7;2021-01;0.8333333333333334;31094
8;2022-01;0.8333333333333334;31094
9;2023-01;0.8333333333333334;31094
10;2024-01;0.8333333333333334;31094
0;2014-01;0.7238095238095238;31092
1;2015-01;0.7904761904761906;31092
2;2016-01;0.7238095238095238;31092
3;2017-01;0.7708333333333334;31092
4;2018-01;0.75;31092
5;2019-01;0.7;31092
6;2020-01;0.7;31092
7;2021-01;0.825;31092
8;2022-01;0.7035714285714285;31092
9;2023-01;0.7047619047619048;31092
10;2024-01;0.7011904761904763;31092
0;2014-01;0.7333333333333333;31013
1;2015-01;0.75;31013
2;2016-01;0.8;31013
3;2017-01;0.85;31013
4;2018-01;0.825;31013
5;2019-01;0.8;31013
6;2020-01;0.85;31013
7;2021-01;0.975;31013
8;2022-01;0.96;31013
9;2023-01;0.96;31013
10;2024-01;1.0;31013
0;2014-01;0.6166666666666666;31060
1;2015-01;0.4833333333333333;31060
2;2016-01;0.5555555555555555;31060
3;2017-01;0.7222222222222222;31060
4;2018-01;0.75;31060
5;2019-01;0.5625;31060
6;2020-01;0.7291666666666666;31060
7;2021-01;0.6666666666666666;31060
8;2022-01;0.7333333333333333;31060
9;2023-01;0.6666666666666666;31060
10;2024-01;0.6666666666666666;31060
0;2014-01;0.875;31095
1;2015-01;0.875;31095
2;2016-01;0.8055555555555555;31095
3;2017-01;0.7083333333333334;31095
4;2018-01;0.625;31095
5;2019-01;0.625;31095
6;2020-01;0.625;31095
7;2021-01;0.625;31095
8;2022-01;0.6666666666666666;31095
9;2023-01;0.5;31095
10;2024-01;0.5555555555555555;31095
0;2014-01;0.7222222222222222;31006
1;2015-01;0.7916666666666666;31006
2;2016-01;0.7916666666666666;31006
3;2017-01;0.7916666666666666;31006
4;2018-01;1.0;31006
5;2019-01;1.0;31006
6;2020-01;1.0;31006
7;2021-01;0.8;31006
8;2022-01;0.875;31006
9;2023-01;0.75;31006
10;2024-01;0.9166666666666666;31006
0;2014-01;0.7999999999999999;31090
1;2015-01;0.85;31090
2;2016-01;0.8699999999999999;31090
3;2017-01;0.8699999999999999;31090
4;2018-01;0.725;31090
5;2019-01;0.7708333333333334;31090
6;2020-01;0.4166666666666667;31090
7;2021-01;0.5208333333333333;31090
8;2022-01;0.6666666666666666;31090
9;2023-01;0.5416666666666666;31090
10;2024-01;1.0;31090
0;2014-01;1.0;31064
1;2015-01;1.0;31064
2;2016-01;0.7083333333333333;31064
3;2017-01;0.8333333333333333;31064
4;2018-01;0.8666666666666666;31064
5;2019-01;0.8666666666666666;31064
6;2020-01;0.8666666666666666;31064
7;2021-01;0.8333333333333333;31064
8;2022-01;0.8333333333333334;31064
9;2023-01;1.0;31064
10;2024-01;1.0;31064
0;2014-01;0.7261904761904762;31075
1;2015-01;0.753968253968254;31075
2;2016-01;0.6484126984126984;31075
3;2017-01;0.638888888888889;31075
4;2018-01;0.5444444444444445;31075
5;2019-01;0.6666666666666666;31075
6;2020-01;0.6293650793650793;31075
7;2021-01;0.6162489557226399;31075
8;2022-01;0.6253550543024227;31075
9;2023-01;0.7592497503922407;31075
10;2024-01;0.7954659820282413;31075
0;2014-01;0.8888888888888888;31061
1;2015-01;0.9166666666666666;31061
2;2016-01;0.9333333333333333;31061
3;2017-01;0.8666666666666666;31061
4;2018-01;0.9333333333333332;31061
5;2019-01;0.9333333333333332;31061
6;2020-01;0.9333333333333333;31061
7;2021-01;1.0;31061
8;2022-01;1.0;31061
9;2023-01;1.0;31061
10;2024-01;1.0;31061
0;2014-01;0.8125;31070
1;2015-01;0.85;31070
2;2016-01;0.875;31070
3;2017-01;0.875;31070
4;2018-01;0.9;31070
5;2019-01;0.96;31070
6;2020-01;0.9199999999999999;31070
7;2021-01;0.9199999999999999;31070
8;2022-01;0.9199999999999999;31070
9;2023-01;0.9199999999999999;31070
10;2024-01;1.0;31070
0;2014-01;1.0;31087
1;2015-01;1.0;31087
2;2016-01;1.0;31087
3;2017-01;1.0;31087
4;2018-01;1.0;31087
5;2019-01;1.0;31087
6;2020-01;0.75;31087
7;2021-01;0.6875;31087
8;2022-01;0.6875;31087
9;2023-01;0.8125;31087
10;2024-01;0.8125;31087
0;2014-01;0.8452380952380952;31044
1;2015-01;0.9166666666666666;31044
2;2016-01;0.9166666666666666;31044
3;2017-01;0.8888888888888888;31044
4;2018-01;0.8333333333333334;31044
5;2019-01;0.875;31044
6;2020-01;0.6666666666666666;31044
7;2021-01;0.8333333333333333;31044
8;2022-01;0.7666666666666666;31044
9;2023-01;0.8666666666666666;31044
10;2024-01;0.9333333333333332;31044
0;2014-01;0.9333333333333333;31019
1;2015-01;1.0;31019
2;2016-01;1.0;31019
3;2017-01;1.0;31019
4;2018-01;1.0;31019
5;2019-01;1.0;31019
6;2020-01;1.0;31019
7;2021-01;1.0;31019
8;2022-01;1.0;31019
9;2023-01;1.0;31019
10;2024-01;0.9166666666666666;31019
0;2014-01;0.9166666666666666;31030
1;2015-01;0.8666666666666667;31030
2;2016-01;0.8533333333333333;31030
3;2017-01;0.9166666666666666;31030
4;2018-01;1.0;31030
5;2019-01;1.0;31030
6;2020-01;1.0;31030
7;2021-01;1.0;31030
8;2022-01;1.0;31030
9;2023-01;0.875;31030
10;2024-01;0.875;31030
0;2014-01;0.6845238095238095;31021
1;2015-01;0.780952380952381;31021
2;2016-01;0.830952380952381;31021
3;2017-01;0.8;31021
4;2018-01;0.7333333333333333;31021
5;2019-01;0.6833333333333333;31021
6;2020-01;0.67;31021
7;2021-01;0.65;31021
8;2022-01;0.5533333333333333;31021
9;2023-01;0.78;31021
10;2024-01;0.8800000000000001;31021
0;2014-01;0.9166666666666666;31015
1;2015-01;0.9666666666666666;31015
2;2016-01;0.8;31015
3;2017-01;0.7666666666666667;31015
4;2018-01;0.8166666666666667;31015
5;2019-01;0.7291666666666666;31015
6;2020-01;0.7291666666666666;31015
7;2021-01;0.6666666666666666;31015
8;2022-01;0.6666666666666666;31015
9;2023-01;0.6666666666666666;31015
10;2024-01;0.6166666666666667;31015
0;2014-01;0.7066666666666667;31037
1;2015-01;0.6366666666666667;31037
2;2016-01;0.7466666666666667;31037
3;2017-01;0.8266666666666668;31037
4;2018-01;0.85;31037
5;2019-01;0.7933333333333333;31037
6;2020-01;0.7433333333333334;31037
7;2021-01;0.7583333333333333;31037
8;2022-01;0.775;31037
9;2023-01;0.7958333333333334;31037
10;2024-01;0.7523809523809524;31037
0;2014-01;0.8871794871794872;31017
1;2015-01;0.8833333333333332;31017
2;2016-01;0.6823809523809523;31017
3;2017-01;0.699047619047619;31017
4;2018-01;0.6976190476190476;31017
5;2019-01;0.7166666666666666;31017
6;2020-01;0.7838497652582159;31017
7;2021-01;0.7943661971830986;31017
8;2022-01;0.6111571389119027;31017
9;2023-01;0.6696532133980353;31017
10;2024-01;0.7547150998683725;31017
0;2014-01;0.7000000000000001;31047
1;2015-01;0.7000000000000001;31047
2;2016-01;0.6083333333333333;31047
3;2017-01;0.7066666666666667;31047
4;2018-01;1.0;31047
5;2019-01;0.8333333333333333;31047
6;2020-01;0.7333333333333334;31047
7;2021-01;0.7333333333333334;31047
8;2022-01;0.65;31047
9;2023-01;0.6833333333333333;31047
10;2024-01;0.7066666666666667;31047
0;2014-01;1.0;31011
1;2015-01;0.8333333333333334;31011
2;2016-01;0.8333333333333334;31011
3;2017-01;0.875;31011
4;2018-01;0.875;31011
5;2019-01;0.8333333333333334;31011
6;2020-01;0.8392857142857143;31011
7;2021-01;0.9285714285714286;31011
8;2022-01;0.9285714285714286;31011
9;2023-01;0.7936507936507936;31011
10;2024-01;0.5904761904761905;31011
0;2014-01;1.0;31083
1;2015-01;1.0;31083
2;2016-01;1.0;31083
3;2017-01;1.0;31083
4;2018-01;1.0;31083
5;2019-01;1.0;31083
6;2020-01;1.0;31083
7;2021-01;1.0;31083
8;2022-01;0.9375;31083
9;2023-01;0.875;31083
10;2024-01;0.6666666666666666;31083
0;2014-01;1.0;31028
1;2015-01;0.9;31028
2;2016-01;0.9333333333333332;31028
3;2017-01;0.8666666666666667;31028
4;2018-01;1.0;31028
5;2019-01;1.0;31028
6;2020-01;1.0;31028
7;2021-01;1.0;31028
8;2022-01;1.0;31028
9;2023-01;1.0;31028
10;2024-01;1.0;31028
0;2014-01;0.8742857142857142;31007
1;2015-01;0.7371428571428572;31007
2;2016-01;0.6599999999999999;31007
3;2017-01;0.49738095238095237;31007
4;2018-01;0.7020833333333334;31007
5;2019-01;0.5666666666666667;31007
6;2020-01;0.6678571428571429;31007
7;2021-01;0.7642857142857142;31007
8;2022-01;0.6741071428571428;31007
9;2023-01;0.725;31007
10;2024-01;0.7580357142857143;31007
0;2014-01;0.8333333333333334;31049
1;2015-01;0.75;31049
2;2016-01;0.75;31049
3;2017-01;0.5555555555555555;31049
4;2018-01;0.6666666666666666;31049
5;2019-01;0.75;31049
6;2020-01;1.0;31049
7;2021-01;0.7;31049
8;2022-01;0.8666666666666667;31049
9;2023-01;0.725;31049
10;2024-01;0.74;31049
0;2014-01;1.0;31055
1;2015-01;1.0;31055
2;2016-01;1.0;31055
3;2017-01;0.8333333333333333;31055
4;2018-01;0.8333333333333333;31055
5;2019-01;0.8333333333333333;31055
6;2020-01;0.75;31055
7;2021-01;0.75;31055
8;2022-01;0.75;31055
9;2023-01;0.7916666666666666;31055
10;2024-01;0.9166666666666666;31055
0;2014-01;0.7521428571428571;31024
1;2015-01;0.7557142857142857;31024
2;2016-01;0.5633333333333332;31024
3;2017-01;0.5333333333333333;31024
4;2018-01;0.6333333333333334;31024
5;2019-01;0.65;31024
6;2020-01;0.6333333333333333;31024
7;2021-01;0.6666666666666667;31024
8;2022-01;0.6833333333333333;31024
9;2023-01;0.7;31024
10;2024-01;0.7;31024
0;2014-01;1.0;31010
1;2015-01;0.9;31010
2;2016-01;0.7666666666666667;31010
3;2017-01;0.875;31010
4;2018-01;1.0;31010
5;2019-01;0.75;31010
6;2020-01;0.75;31010
7;2021-01;0.75;31010
8;2022-01;0.75;31010
9;2023-01;0.7916666666666666;31010
10;2024-01;0.8333333333333333;31010
0;2014-01;0.5;31089
1;2015-01;1.0;31089
2;2016-01;0.5;31089
3;2017-01;0.75;31089
4;2018-01;0.611111111111111;31089
5;2019-01;0.611111111111111;31089
6;2020-01;0.611111111111111;31089
7;2021-01;0.611111111111111;31089
8;2022-01;0.7777777777777777;31089
9;2023-01;0.7777777777777777;31089
10;2024-01;0.8333333333333333;31089
0;2014-01;0.9017857142857143;31072
1;2015-01;0.7928571428571429;31072
2;2016-01;0.9428571428571428;31072
3;2017-01;0.9047619047619048;31072
4;2018-01;0.9333333333333332;31072
5;2019-01;0.9047619047619048;31072
6;2020-01;0.9464285714285714;31072
7;2021-01;0.8357142857142857;31072
8;2022-01;0.8583333333333332;31072
9;2023-01;0.6583333333333333;31072
10;2024-01;0.6916666666666667;31072
0;2014-01;0.875;31073
1;2015-01;1.0;31073
2;2016-01;0.75;31073
3;2017-01;0.8;31073
4;2018-01;0.9;31073
5;2019-01;0.875;31073
6;2020-01;0.875;31073
7;2021-01;0.875;31073
8;2022-01;0.9;31073
9;2023-01;0.9;31073
10;2024-01;0.8;31073
0;2014-01;0.8333333333333334;31042
1;2015-01;1.0;31042
2;2016-01;1.0;31042
3;2017-01;0.8333333333333334;31042
4;2018-01;0.8333333333333334;31042
5;2019-01;0.8888888888888888;31042
6;2020-01;0.9166666666666666;31042
7;2021-01;0.8666666666666667;31042
8;2022-01;0.8166666666666667;31042
9;2023-01;0.7866666666666666;31042
10;2024-01;0.8400000000000001;31042
0;2014-01;0.7916666666666666;31034
1;2015-01;0.7916666666666666;31034
2;2016-01;0.875;31034
3;2017-01;0.8333333333333333;31034
4;2018-01;0.7;31034
5;2019-01;0.8666666666666666;31034
6;2020-01;0.5666666666666667;31034
7;2021-01;0.7;31034
8;2022-01;0.7666666666666666;31034
9;2023-01;0.5333333333333333;31034
10;2024-01;0.5777777777777778;31034
0;2014-01;0.8333333333333334;31004
1;2015-01;0.8333333333333333;31004
2;2016-01;0.9;31004
3;2017-01;0.7333333333333333;31004
4;2018-01;0.9166666666666666;31004
5;2019-01;0.7222222222222222;31004
6;2020-01;0.8333333333333334;31004
7;2021-01;0.7916666666666666;31004
8;2022-01;0.7916666666666666;31004
9;2023-01;0.7916666666666666;31004
10;2024-01;0.9166666666666666;31004
0;2014-01;1.0;31091
1;2015-01;1.0;31091
2;2016-01;1.0;31091
3;2017-01;1.0;31091
4;2018-01;1.0;31091
5;2019-01;1.0;31091
6;2020-01;1.0;31091
7;2021-01;1.0;31091
8;2022-01;1.0;31091
9;2023-01;1.0;31091
10;2024-01;1.0;31091
0;2014-01;0.8190476190476191;31079
1;2015-01;0.7309523809523809;31079
2;2016-01;0.6;31079
3;2017-01;0.6833333333333333;31079
4;2018-01;0.7;31079
5;2019-01;0.6933333333333334;31079
6;2020-01;0.8933333333333333;31079
7;2021-01;0.8266666666666665;31079
8;2022-01;0.7166666666666667;31079
9;2023-01;0.5333333333333333;31079
10;2024-01;0.8;31079
0;2014-01;0.3333333333333333;31038
1;2015-01;0.5;31038
2;2016-01;0.75;31038
3;2017-01;0.611111111111111;31038
4;2018-01;0.3333333333333333;31038
5;2019-01;0.5555555555555555;31038
6;2020-01;0.5;31038
7;2021-01;0.5833333333333333;31038
8;2022-01;0.5833333333333333;31038
9;2023-01;0.6666666666666666;31038
10;2024-01;0.5;31038
0;2014-01;1.0;31027
1;2015-01;0.8333333333333333;31027
2;2016-01;0.8333333333333333;31027
3;2017-01;0.8666666666666666;31027
4;2018-01;0.6666666666666666;31027
5;2019-01;0.6666666666666666;31027
6;2020-01;0.7666666666666666;31027
7;2021-01;0.7666666666666666;31027
8;2022-01;0.6666666666666666;31027
9;2023-01;0.6666666666666667;31027
10;2024-01;0.7333333333333333;31027
0;2014-01;0.9464285714285714;31084
1;2015-01;0.8564285714285715;31084
2;2016-01;0.8414285714285714;31084
3;2017-01;0.9349999999999999;31084
4;2018-01;0.9349999999999999;31084
5;2019-01;0.96875;31084
6;2020-01;0.9166666666666666;31084
7;2021-01;0.9166666666666666;31084
8;2022-01;0.8666666666666666;31084
9;2023-01;0.8547619047619047;31084
10;2024-01;0.7795238095238095;31084
0;2014-01;0.9;31078
1;2015-01;0.8333333333333333;31078
2;2016-01;0.7666666666666666;31078
3;2017-01;0.7666666666666666;31078
4;2018-01;0.9333333333333332;31078
5;2019-01;0.9333333333333332;31078
6;2020-01;0.8666666666666666;31078
7;2021-01;0.8333333333333334;31078
8;2022-01;0.7;31078
9;2023-01;0.6466666666666667;31078
10;2024-01;0.6466666666666667;31078
0;2014-01;0.915151515151515;31018
1;2015-01;0.9215686274509803;31018
2;2016-01;0.8964705882352941;31018
3;2017-01;0.8668041762159409;31018
4;2018-01;0.8391851285968933;31018
5;2019-01;0.7837229437229437;31018
6;2020-01;0.6416783216783217;31018
7;2021-01;0.597531879884821;31018
8;2022-01;0.5756384251313257;31018
9;2023-01;0.5683465959328029;31018
10;2024-01;0.5437249700941384;31018
0;2014-01;1.0;31050
1;2015-01;1.0;31050
2;2016-01;1.0;31050
3;2017-01;1.0;31050
4;2018-01;1.0;31050
5;2019-01;1.0;31050
6;2020-01;1.0;31050
7;2021-01;1.0;31050
8;2022-01;;31050
9;2023-01;;31050
10;2024-01;;31050
0;2014-01;0.8888888888888888;31012
1;2015-01;0.9166666666666666;31012
2;2016-01;0.9333333333333332;31012
3;2017-01;0.9333333333333333;31012
4;2018-01;0.96;31012
5;2019-01;0.825;31012
6;2020-01;0.7625;31012
7;2021-01;0.72;31012
8;2022-01;0.8;31012
9;2023-01;0.9;31012
10;2024-01;0.72;31012
0;2014-01;0.4875;31074
1;2015-01;0.5900000000000001;31074
2;2016-01;0.65;31074
3;2017-01;0.8099999999999999;31074
4;2018-01;0.75;31074
5;2019-01;0.625;31074
6;2020-01;0.71875;31074
7;2021-01;0.78125;31074
8;2022-01;0.7083333333333334;31074
9;2023-01;0.71875;31074
10;2024-01;0.73125;31074
0;2014-01;0.9642857142857143;31035
1;2015-01;0.9142857142857143;31035
2;2016-01;0.9099999999999999;31035
3;2017-01;0.85;31035
4;2018-01;0.85;31035
5;2019-01;0.8099999999999999;31035
6;2020-01;0.8;31035
7;2021-01;0.7533333333333333;31035
8;2022-01;0.8533333333333333;31035
9;2023-01;0.8166666666666667;31035
10;2024-01;0.6599999999999999;31035
0;2014-01;0.6666666666666667;31026
1;2015-01;0.6666666666666667;31026
2;2016-01;0.6666666666666667;31026
3;2017-01;0.8;31026
4;2018-01;0.8;31026
5;2019-01;0.8;31026
6;2020-01;0.875;31026
7;2021-01;0.7083333333333333;31026
8;2022-01;0.611111111111111;31026
9;2023-01;0.7777777777777777;31026
10;2024-01;0.8666666666666666;31026
0;2014-01;;31051
1;2015-01;1.0;31051
2;2016-01;;31051
3;2017-01;;31051
4;2018-01;1.0;31051
5;2019-01;1.0;31051
6;2020-01;1.0;31051
7;2021-01;0.75;31051
8;2022-01;0.8333333333333334;31051
9;2023-01;1.0;31051
10;2024-01;1.0;31051
0;2014-01;0.8958333333333334;31086
1;2015-01;0.7708333333333334;31086
2;2016-01;0.7666666666666667;31086
3;2017-01;0.875;31086
4;2018-01;0.7708333333333333;31086
5;2019-01;0.7083333333333333;31086
6;2020-01;0.5333333333333333;31086
7;2021-01;0.5833333333333333;31086
8;2022-01;0.48666666666666664;31086
9;2023-01;0.5914285714285714;31086
10;2024-01;0.6327380952380952;31086
0;2014-01;1.0;31093
1;2015-01;1.0;31093
2;2016-01;1.0;31093
3;2017-01;0.8333333333333334;31093
4;2018-01;0.75;31093
5;2019-01;0.5833333333333334;31093
6;2020-01;0.375;31093
7;2021-01;0.6666666666666666;31093
8;2022-01;0.6666666666666666;31093
9;2023-01;0.6388888888888888;31093
10;2024-01;0.8888888888888888;31093
0;2014-01;0.9222807017543859;31097
1;2015-01;0.8833333333333334;31097
2;2016-01;0.8538461538461538;31097
3;2017-01;0.8517948717948718;31097
4;2018-01;0.8397435897435898;31097
5;2019-01;0.7445054945054945;31097
6;2020-01;0.7238095238095238;31097
7;2021-01;0.7738095238095238;31097
8;2022-01;0.8706349206349205;31097
9;2023-01;0.7988095238095239;31097
10;2024-01;0.645029239766082;31097
0;2014-01;1.0;31096
1;2015-01;1.0;31096
2;2016-01;1.0;31096
3;2017-01;1.0;31096
4;2018-01;1.0;31096
5;2019-01;1.0;31096
6;2020-01;1.0;31096
7;2021-01;1.0;31096
8;2022-01;1.0;31096
9;2023-01;1.0;31096
10;2024-01;1.0;31096
0;2014-01;0.76;31036
1;2015-01;0.86;31036
2;2016-01;0.63;31036
3;2017-01;0.6708333333333333;31036
4;2018-01;0.675;31036
5;2019-01;0.5716666666666667;31036
6;2020-01;0.7216666666666667;31036
7;2021-01;0.7347619047619047;31036
8;2022-01;0.6361904761904762;31036
9;2023-01;0.7206349206349206;31036
10;2024-01;0.8298412698412699;31036
0;2014-01;0.75;31098
1;2015-01;0.6666666666666666;31098
2;2016-01;0.6666666666666666;31098
3;2017-01;0.6666666666666666;31098
4;2018-01;0.6666666666666666;31098
5;2019-01;0.6666666666666666;31098
6;2020-01;0.5555555555555555;31098
7;2021-01;0.75;31098
8;2022-01;0.8333333333333334;31098
9;2023-01;0.75;31098
10;2024-01;0.8888888888888888;31098
0;2014-01;1.0;31020
1;2015-01;1.0;31020
2;2016-01;1.0;31020
3;2017-01;1.0;31020
4;2018-01;0.75;31020
5;2019-01;0.8333333333333334;31020
6;2020-01;0.8333333333333334;31020
7;2021-01;0.8333333333333334;31020
8;2022-01;0.7222222222222222;31020
9;2023-01;0.611111111111111;31020
10;2024-01;0.8888888888888888;31020
0;2014-01;0.7828571428571428;31048
1;2015-01;0.7342857142857142;31048
2;2016-01;0.8142857142857143;31048
3;2017-01;0.8333333333333333;31048
4;2018-01;0.7666666666666666;31048
5;2019-01;0.8333333333333333;31048
6;2020-01;0.8666666666666666;31048
7;2021-01;0.7866666666666667;31048
8;2022-01;0.7466666666666667;31048
9;2023-01;0.7066666666666667;31048
10;2024-01;0.7166666666666667;31048
0;2014-01;0.8333333333333334;31002
1;2015-01;0.8333333333333334;31002
2;2016-01;0.875;31002
3;2017-01;0.8333333333333334;31002
4;2018-01;0.8333333333333334;31002
5;2019-01;0.8333333333333334;31002
6;2020-01;1.0;31002
7;2021-01;0.8333333333333334;31002
8;2022-01;0.8333333333333334;31002
9;2023-01;0.8333333333333334;31002
10;2024-01;0.8888888888888888;31002
0;2014-01;0.8333333333333334;31032
1;2015-01;0.875;31032
2;2016-01;0.7708333333333333;31032
3;2017-01;0.7166666666666666;31032
4;2018-01;0.7083333333333333;31032
5;2019-01;0.7933333333333333;31032
6;2020-01;0.6366666666666667;31032
7;2021-01;0.5791666666666666;31032
8;2022-01;0.7541666666666667;31032
9;2023-01;0.6533333333333333;31032
10;2024-01;0.5833333333333333;31032
0;2014-01;0.6875;31059
1;2015-01;0.7333333333333333;31059
2;2016-01;0.7333333333333333;31059
3;2017-01;0.6166666666666667;31059
4;2018-01;0.65;31059
5;2019-01;0.6333333333333333;31059
6;2020-01;0.7666666666666666;31059
7;2021-01;0.8;31059
8;2022-01;0.6166666666666667;31059
9;2023-01;0.7291666666666666;31059
10;2024-01;0.7777777777777777;31059
0;2014-01;0.75;31053
1;2015-01;0.7166666666666667;31053
2;2016-01;0.7166666666666667;31053
3;2017-01;0.5499999999999999;31053
4;2018-01;0.7000000000000001;31053
5;2019-01;0.775;31053
6;2020-01;0.7000000000000001;31053
7;2021-01;1.0;31053
8;2022-01;0.8333333333333334;31053
9;2023-01;0.8333333333333334;31053
10;2024-01;0.75;31053
0;2014-01;0.95;31031
1;2015-01;0.95;31031
2;2016-01;0.85;31031
3;2017-01;0.86;31031
4;2018-01;0.72;31031
5;2019-01;0.6799999999999999;31031
6;2020-01;0.725;31031
7;2021-01;0.725;31031
8;2022-01;0.6625;31031
9;2023-01;0.75;31031
10;2024-01;0.875;31031
0;2014-01;0.7708333333333334;31003
1;2015-01;0.9375;31003
2;2016-01;1.0;31003
3;2017-01;1.0;31003
4;2018-01;0.9;31003
5;2019-01;0.9;31003
6;2020-01;0.8333333333333334;31003
7;2021-01;0.8333333333333334;31003
8;2022-01;0.6875;31003
9;2023-01;0.75;31003
10;2024-01;0.7222222222222222;31003
0;2014-01;0.9166666666666666;31009
1;2015-01;0.9166666666666666;31009
2;2016-01;0.9166666666666666;31009
3;2017-01;0.7083333333333334;31009
4;2018-01;0.7083333333333333;31009
5;2019-01;0.75;31009
6;2020-01;0.8333333333333334;31009
7;2021-01;0.875;31009
8;2022-01;0.7166666666666666;31009
9;2023-01;0.6875;31009
10;2024-01;0.65;31009
0;2014-01;1.0;31065
1;2015-01;1.0;31065
2;2016-01;0.5;31065
3;2017-01;0.5;31065
4;2018-01;0.75;31065
5;2019-01;0.75;31065
6;2020-01;0.75;31065
7;2021-01;0.8333333333333334;31065
8;2022-01;0.8333333333333334;31065
9;2023-01;0.8333333333333334;31065
10;2024-01;0.75;31065
0;2014-01;0.9;31071
1;2015-01;1.0;31071
2;2016-01;1.0;31071
3;2017-01;0.8;31071
4;2018-01;0.7333333333333333;31071
5;2019-01;0.6166666666666667;31071
6;2020-01;0.5222222222222223;31071
7;2021-01;0.5777777777777778;31071
8;2022-01;0.5916666666666667;31071
9;2023-01;0.675;31071
10;2024-01;0.6733333333333333;31071
0;2014-01;0.7266666666666667;31052
1;2015-01;0.86;31052
2;2016-01;0.875;31052
3;2017-01;0.875;31052
4;2018-01;1.0;31052
5;2019-01;0.9166666666666666;31052
6;2020-01;0.75;31052
7;2021-01;0.7708333333333333;31052
8;2022-01;0.7;31052
9;2023-01;0.6;31052
10;2024-01;0.6166666666666667;31052
0;2014-01;0.875;31023
1;2015-01;0.9;31023
2;2016-01;0.8;31023
3;2017-01;0.85;31023
4;2018-01;0.85;31023
5;2019-01;0.8833333333333332;31023
6;2020-01;0.7916666666666666;31023
7;2021-01;0.9166666666666666;31023
8;2022-01;0.8333333333333333;31023
9;2023-01;0.8888888888888888;31023
10;2024-01;0.8888888888888888;31023
0;2014-01;0.7875;31057
1;2015-01;0.9;31057
2;2016-01;0.8333333333333333;31057
3;2017-01;0.8333333333333333;31057
4;2018-01;0.9166666666666666;31057
5;2019-01;0.75;31057
6;2020-01;0.6666666666666666;31057
7;2021-01;0.6458333333333333;31057
8;2022-01;0.5505952380952381;31057
9;2023-01;0.6309523809523809;31057
10;2024-01;0.5390476190476191;31057
0;2014-01;1.0;31077
1;2015-01;1.0;31077
2;2016-01;1.0;31077
3;2017-01;1.0;31077
4;2018-01;1.0;31077
5;2019-01;1.0;31077
6;2020-01;1.0;31077
7;2021-01;1.0;31077
8;2022-01;1.0;31077
9;2023-01;1.0;31077
10;2024-01;1.0;31077
0;2014-01;1.0;31062
1;2015-01;1.0;31062
2;2016-01;1.0;31062
3;2017-01;1.0;31062
4;2018-01;1.0;31062
5;2019-01;1.0;31062
6;2020-01;1.0;31062
7;2021-01;1.0;31062
8;2022-01;1.0;31062
9;2023-01;1.0;31062
10;2024-01;1.0;31062
0;2014-01;0.7291666666666666;31099
1;2015-01;0.7166666666666666;31099
2;2016-01;0.7266666666666667;31099
3;2017-01;0.6866666666666666;31099
4;2018-01;0.6866666666666666;31099
5;2019-01;0.7666666666666666;31099
6;2020-01;0.7266666666666667;31099
7;2021-01;0.86;31099
8;2022-01;0.6799999999999999;31099
9;2023-01;0.54;31099
10;2024-01;0.5;31099
0;2014-01;1.0;31076
1;2015-01;1.0;31076
2;2016-01;1.0;31076
3;2017-01;1.0;31076
4;2018-01;1.0;31076
5;2019-01;1.0;31076
6;2020-01;1.0;31076
7;2021-01;1.0;31076
8;2022-01;1.0;31076
9;2023-01;1.0;31076
10;2024-01;1.0;31076
0;2014-01;0.7857142857142858;31022
1;2015-01;0.8142857142857143;31022
2;2016-01;0.8857142857142858;31022
3;2017-01;0.8642857142857143;31022
4;2018-01;0.8414285714285714;31022
5;2019-01;0.7914285714285715;31022
6;2020-01;0.7714285714285715;31022
7;2021-01;0.8;31022
8;2022-01;0.8;31022
9;2023-01;0.7666666666666667;31022
10;2024-01;0.8666666666666666;31022
0;2014-01;0.7633333333333333;31025
1;2015-01;0.8133333333333332;31025
2;2016-01;0.8133333333333332;31025
3;2017-01;0.6733333333333333;31025
4;2018-01;0.7933333333333333;31025
5;2019-01;0.9166666666666666;31025
6;2020-01;0.8095238095238095;31025
7;2021-01;0.8095238095238095;31025
8;2022-01;0.8869047619047619;31025
9;2023-01;0.5666666666666667;31025
10;2024-01;0.41428571428571426;31025
0;2014-01;0.7333333333333333;31045
1;2015-01;0.7666666666666667;31045
2;2016-01;0.8333333333333333;31045
3;2017-01;0.7666666666666666;31045
4;2018-01;0.7166666666666666;31045
5;2019-01;0.6166666666666666;31045
6;2020-01;0.7833333333333333;31045
7;2021-01;0.7166666666666667;31045
8;2022-01;0.75;31045
9;2023-01;0.8777777777777779;31045
10;2024-01;0.7222222222222222;31045
0;2014-01;0.3333333333333333;31066
1;2015-01;0.6666666666666666;31066
2;2016-01;0.6666666666666666;31066
3;2017-01;0.7777777777777778;31066
4;2018-01;0.7777777777777778;31066
5;2019-01;0.8888888888888888;31066
6;2020-01;0.8888888888888888;31066
7;2021-01;0.8888888888888888;31066
8;2022-01;0.9166666666666666;31066
9;2023-01;0.9166666666666666;31066
10;2024-01;0.8888888888888888;31066
0;2014-01;1.0;31088
1;2015-01;0.8888888888888888;31088
2;2016-01;0.8888888888888888;31088
3;2017-01;0.9166666666666666;31088
4;2018-01;0.8;31088
5;2019-01;0.8;31088
6;2020-01;0.6666666666666666;31088
7;2021-01;0.6041666666666666;31088
8;2022-01;0.6166666666666666;31088
9;2023-01;0.7291666666666666;31088
10;2024-01;0.7291666666666666;31088
0;2014-01;0.7333333333333333;31058
1;2015-01;0.8333333333333334;31058
2;2016-01;0.875;31058
3;2017-01;0.875;31058
4;2018-01;0.8333333333333334;31058
5;2019-01;0.8333333333333334;31058
6;2020-01;0.7222222222222222;31058
7;2021-01;0.7916666666666666;31058
8;2022-01;0.8;31058
9;2023-01;0.6333333333333333;31058
10;2024-01;0.5833333333333333;31058
0;2014-01;0.6666666666666666;31085
1;2015-01;0.7222222222222222;31085
2;2016-01;0.8222222222222223;31085
3;2017-01;0.6888888888888888;31085
4;2018-01;0.3666666666666667;31085
5;2019-01;0.8;31085
6;2020-01;0.45;31085
7;2021-01;0.6333333333333333;31085
8;2022-01;0.8333333333333334;31085
9;2023-01;0.6666666666666666;31085
10;2024-01;0.7916666666666666;31085
0;2014-01;1.0;31046
1;2015-01;1.0;31046
2;2016-01;1.0;31046
3;2017-01;1.0;31046
4;2018-01;1.0;31046
5;2019-01;1.0;31046
6;2020-01;1.0;31046
7;2021-01;1.0;31046
8;2022-01;1.0;31046
9;2023-01;1.0;31046
10;2024-01;1.0;31046
0;2014-01;;31067
1;2015-01;1.0;31067
2;2016-01;1.0;31067
3;2017-01;1.0;31067
4;2018-01;;31067
5;2019-01;;31067
6;2020-01;;31067
7;2021-01;;31067
8;2022-01;;31067
9;2023-01;;31067
10;2024-01;;31067
0;2014-01;1.0;31082
1;2015-01;1.0;31082
2;2016-01;1.0;31082
3;2017-01;1.0;31082
4;2018-01;1.0;31082
5;2019-01;1.0;31082
6;2020-01;1.0;31082
7;2021-01;1.0;31082
8;2022-01;1.0;31082
9;2023-01;1.0;31082
10;2024-01;1.0;31082
0;2014-01;1.0;31081
1;2015-01;;31081
2;2016-01;;31081
3;2017-01;0.5;31081
4;2018-01;0.5;31081
5;2019-01;1.0;31081
6;2020-01;1.0;31081
7;2021-01;1.0;31081
8;2022-01;1.0;31081
9;2023-01;1.0;31081
10;2024-01;1.0;31081
0;2014-01;1.0;31080
1;2015-01;1.0;31080
2;2016-01;1.0;31080
3;2017-01;1.0;31080
4;2018-01;1.0;31080
5;2019-01;1.0;31080
6;2020-01;1.0;31080
7;2021-01;1.0;31080
8;2022-01;1.0;31080
9;2023-01;1.0;31080
10;2024-01;1.0;31080
