;0;12;24;36;48;60;72;84;96;108;120;132;144;156;168;180;cod_regsaud
2012-01;1.0;1.0;1.0;1.0;1.0;1.0;;;;;;;;;;;13008
2016-01;1.0;;;;;;;;;;;;;;;;13008
2017-01;1.0;1.0;;;;;;;;;;;;;;;13008
2018-01;1.0;1.0;1.0;1.0;1.0;;;;;;;;;;;;13008
2020-01;1.0;1.0;1.0;1.0;;;;;;;;;;;;;13008
2021-01;2.0;2.0;;;;;;;;;;;;;;;13008
2022-01;2.0;1.0;1.0;;;;;;;;;;;;;;13008
2023-01;1.0;1.0;;;;;;;;;;;;;;;13008
2024-01;2.0;;;;;;;;;;;;;;;;13008
2009-01;18.0;11.0;11.0;13.0;13.0;13.0;12.0;12.0;12.0;10.0;9.0;9.0;11.0;9.0;7.0;7.0;13001
2010-01;21.0;19.0;18.0;17.0;16.0;15.0;13.0;13.0;9.0;8.0;7.0;6.0;6.0;6.0;6.0;;13001
2011-01;13.0;12.0;9.0;7.0;7.0;7.0;7.0;7.0;7.0;4.0;4.0;3.0;3.0;3.0;;;13001
2012-01;20.0;20.0;16.0;14.0;14.0;11.0;10.0;10.0;9.0;9.0;9.0;9.0;9.0;;;;13001
2013-01;14.0;9.0;6.0;6.0;6.0;6.0;7.0;6.0;5.0;4.0;3.0;4.0;;;;;13001
2014-01;21.0;16.0;14.0;13.0;10.0;7.0;4.0;5.0;5.0;4.0;4.0;;;;;;13001
2015-01;17.0;15.0;14.0;10.0;10.0;11.0;12.0;12.0;12.0;12.0;;;;;;;13001
2016-01;26.0;24.0;21.0;20.0;18.0;16.0;16.0;17.0;17.0;;;;;;;;13001
2017-01;16.0;13.0;12.0;10.0;10.0;9.0;8.0;7.0;;;;;;;;;13001
2018-01;33.0;28.0;17.0;17.0;17.0;19.0;18.0;;;;;;;;;;13001
2019-01;35.0;26.0;27.0;25.0;24.0;23.0;;;;;;;;;;;13001
2020-01;52.0;47.0;38.0;35.0;33.0;;;;;;;;;;;;13001
2021-01;15.0;13.0;12.0;8.0;;;;;;;;;;;;;13001
2022-01;29.0;24.0;22.0;;;;;;;;;;;;;;13001
2023-01;33.0;29.0;;;;;;;;;;;;;;;13001
2024-01;36.0;;;;;;;;;;;;;;;;13001
2014-01;1.0;1.0;1.0;1.0;1.0;1.0;1.0;1.0;;;;;;;;;13009
2015-01;1.0;1.0;1.0;;;;;;;;;;;;;;13009
2018-01;4.0;3.0;3.0;2.0;3.0;3.0;2.0;;;;;;;;;;13009
2019-01;2.0;2.0;2.0;2.0;2.0;2.0;;;;;;;;;;;13009
2021-01;3.0;2.0;2.0;2.0;;;;;;;;;;;;;13009
2022-01;2.0;2.0;2.0;;;;;;;;;;;;;;13009
2024-01;2.0;;;;;;;;;;;;;;;;13009
2010-01;2.0;2.0;2.0;2.0;2.0;2.0;2.0;2.0;;;;;;;;;13002
2012-01;3.0;3.0;3.0;3.0;2.0;2.0;1.0;1.0;1.0;1.0;1.0;1.0;1.0;;;;13002
2014-01;2.0;1.0;1.0;1.0;2.0;2.0;1.0;1.0;1.0;1.0;1.0;;;;;;13002
2015-01;1.0;;;;;;;;;;;;;;;;13002
2016-01;2.0;1.0;1.0;1.0;1.0;1.0;1.0;1.0;1.0;;;;;;;;13002
2017-01;2.0;1.0;1.0;;;;;;;;;;;;;;13002
2018-01;6.0;6.0;5.0;4.0;4.0;4.0;4.0;;;;;;;;;;13002
2019-01;2.0;2.0;2.0;1.0;1.0;1.0;;;;;;;;;;;13002
2020-01;1.0;1.0;1.0;1.0;;;;;;;;;;;;;13002
2021-01;2.0;1.0;1.0;1.0;;;;;;;;;;;;;13002
2022-01;2.0;2.0;2.0;;;;;;;;;;;;;;13002
2023-01;2.0;1.0;;;;;;;;;;;;;;;13002
2024-01;1.0;;;;;;;;;;;;;;;;13002
2010-01;1.0;1.0;1.0;1.0;1.0;1.0;1.0;1.0;1.0;1.0;1.0;1.0;1.0;1.0;1.0;;13003
2011-01;1.0;1.0;1.0;1.0;1.0;1.0;;1.0;1.0;1.0;1.0;1.0;1.0;1.0;;;13003
2014-01;1.0;1.0;1.0;1.0;1.0;1.0;1.0;1.0;1.0;1.0;1.0;;;;;;13003
2018-01;1.0;1.0;1.0;1.0;1.0;1.0;1.0;;;;;;;;;;13003
2019-01;1.0;1.0;1.0;1.0;1.0;1.0;;;;;;;;;;;13003
2020-01;1.0;1.0;;1.0;1.0;;;;;;;;;;;;13003
2021-01;2.0;2.0;2.0;2.0;;;;;;;;;;;;;13003
2022-01;1.0;1.0;1.0;;;;;;;;;;;;;;13003
2023-01;1.0;1.0;;;;;;;;;;;;;;;13003
2014-01;1.0;1.0;1.0;1.0;;;;;;;;;;;;;13004
2018-01;4.0;4.0;4.0;4.0;2.0;1.0;;;;;;;;;;;13004
2019-01;2.0;2.0;1.0;;;;;;;;;;;;;;13004
2020-01;3.0;2.0;3.0;3.0;2.0;;;;;;;;;;;;13004
2021-01;1.0;1.0;1.0;1.0;;;;;;;;;;;;;13004
2022-01;4.0;2.0;1.0;;;;;;;;;;;;;;13004
2023-01;2.0;2.0;;;;;;;;;;;;;;;13004
2024-01;1.0;;;;;;;;;;;;;;;;13004
2010-01;1.0;1.0;1.0;1.0;1.0;1.0;1.0;1.0;;;;;;;;;13006
2014-01;2.0;2.0;2.0;2.0;2.0;2.0;2.0;2.0;2.0;2.0;1.0;;;;;;13006
2019-01;1.0;1.0;1.0;1.0;1.0;1.0;;;;;;;;;;;13006
2021-01;3.0;3.0;3.0;3.0;;;;;;;;;;;;;13006
2022-01;2.0;2.0;2.0;;;;;;;;;;;;;;13006
2023-01;1.0;1.0;;;;;;;;;;;;;;;13006
2024-01;3.0;;;;;;;;;;;;;;;;13006
2009-01;1.0;1.0;1.0;1.0;1.0;;;;;;;;;;1.0;1.0;13005
2010-01;1.0;1.0;1.0;1.0;;;;;;;;;;;;;13005
2011-01;2.0;1.0;1.0;;1.0;;1.0;1.0;1.0;1.0;1.0;1.0;1.0;1.0;;;13005
2014-01;1.0;1.0;1.0;1.0;1.0;1.0;1.0;1.0;1.0;1.0;1.0;;;;;;13005
2015-01;1.0;1.0;1.0;1.0;1.0;1.0;1.0;1.0;1.0;1.0;;;;;;;13005
2016-01;1.0;;;;;;;;;;;;;;;;13005
2017-01;1.0;1.0;1.0;1.0;1.0;1.0;1.0;;;;;;;;;;13005
2018-01;3.0;3.0;2.0;2.0;2.0;2.0;2.0;;;;;;;;;;13005
2020-01;1.0;1.0;1.0;1.0;1.0;;;;;;;;;;;;13005
2021-01;1.0;;;;;;;;;;;;;;;;13005
2023-01;3.0;3.0;;;;;;;;;;;;;;;13005
2024-01;1.0;;;;;;;;;;;;;;;;13005
2021-01;1.0;1.0;1.0;1.0;;;;;;;;;;;;;13007
2024-01;2.0;;;;;;;;;;;;;;;;13007
2009-01;1.0;1.0;1.0;1.0;1.0;;;;;;;;;;;;16002
2010-01;1.0;1.0;1.0;1.0;1.0;;1.0;;;;;;;1.0;1.0;;16002
2015-01;1.0;1.0;1.0;1.0;;;1.0;;;;;;;;;;16002
2017-01;1.0;;;;1.0;;;;;;;;;;;;16002
2019-01;1.0;;;;;;;;;;;;;;;;16002
2020-01;1.0;1.0;;;;;;;;;;;;;;;16002
2021-01;1.0;;;;;;;;;;;;;;;;16002
2022-01;1.0;1.0;1.0;;;;;;;;;;;;;;16002
2023-01;1.0;1.0;;;;;;;;;;;;;;;16002
2009-01;5.0;3.0;3.0;3.0;3.0;3.0;3.0;2.0;2.0;1.0;1.0;1.0;1.0;1.0;1.0;1.0;16003
2010-01;3.0;3.0;2.0;2.0;1.0;2.0;2.0;1.0;1.0;1.0;1.0;1.0;1.0;1.0;1.0;;16003
2011-01;2.0;1.0;1.0;1.0;1.0;1.0;1.0;1.0;1.0;1.0;1.0;;;;;;16003
2012-01;1.0;1.0;1.0;1.0;1.0;1.0;1.0;1.0;1.0;1.0;1.0;;;;;;16003
2013-01;1.0;1.0;1.0;1.0;1.0;;;1.0;1.0;1.0;1.0;1.0;;;;;16003
2014-01;6.0;5.0;6.0;5.0;4.0;4.0;4.0;4.0;4.0;3.0;3.0;;;;;;16003
2016-01;3.0;2.0;2.0;2.0;2.0;1.0;1.0;1.0;1.0;;;;;;;;16003
2017-01;3.0;1.0;;;;;1.0;;;;;;;;;;16003
2018-01;6.0;4.0;4.0;4.0;3.0;3.0;2.0;;;;;;;;;;16003
2019-01;2.0;2.0;2.0;1.0;1.0;;;;;;;;;;;;16003
2020-01;3.0;1.0;;;;;;;;;;;;;;;16003
2021-01;1.0;;;;;;;;;;;;;;;;16003
2022-01;4.0;2.0;1.0;;;;;;;;;;;;;;16003
2023-01;3.0;3.0;;;;;;;;;;;;;;;16003
2024-01;5.0;;;;;;;;;;;;;;;;16003
2009-01;3.0;3.0;3.0;2.0;3.0;2.0;2.0;2.0;2.0;2.0;3.0;2.0;3.0;3.0;3.0;3.0;16001
2010-01;14.0;14.0;13.0;11.0;10.0;10.0;10.0;9.0;7.0;8.0;8.0;8.0;7.0;6.0;7.0;;16001
2011-01;1.0;1.0;1.0;1.0;1.0;1.0;1.0;1.0;1.0;1.0;1.0;1.0;;;;;16001
2012-01;8.0;7.0;6.0;5.0;7.0;7.0;6.0;7.0;7.0;8.0;7.0;7.0;7.0;;;;16001
2013-01;9.0;8.0;6.0;5.0;5.0;4.0;5.0;5.0;5.0;5.0;5.0;5.0;;;;;16001
2014-01;5.0;5.0;5.0;5.0;5.0;5.0;5.0;5.0;5.0;5.0;5.0;;;;;;16001
2015-01;8.0;8.0;8.0;8.0;8.0;8.0;8.0;8.0;8.0;8.0;;;;;;;16001
2016-01;3.0;3.0;3.0;3.0;3.0;3.0;3.0;2.0;2.0;;;;;;;;16001
2017-01;3.0;3.0;3.0;3.0;3.0;3.0;3.0;2.0;;;;;;;;;16001
2018-01;2.0;2.0;2.0;1.0;1.0;1.0;1.0;;;;;;;;;;16001
2019-01;7.0;6.0;6.0;6.0;6.0;6.0;;;;;;;;;;;16001
2020-01;2.0;2.0;2.0;2.0;2.0;;;;;;;;;;;;16001
2021-01;1.0;1.0;1.0;1.0;;;;;;;;;;;;;16001
2022-01;1.0;1.0;1.0;;;;;;;;;;;;;;16001
2023-01;3.0;2.0;;;;;;;;;;;;;;;16001
2024-01;8.0;;;;;;;;;;;;;;;;16001
2009-01;1.0;1.0;1.0;1.0;1.0;1.0;1.0;1.0;1.0;1.0;1.0;1.0;1.0;1.0;1.0;1.0;29003
2010-01;2.0;1.0;1.0;1.0;1.0;1.0;1.0;1.0;;;;;;;;;29003
2011-01;2.0;2.0;2.0;1.0;1.0;1.0;1.0;1.0;1.0;1.0;1.0;1.0;1.0;1.0;;;29003
2012-01;1.0;1.0;1.0;1.0;1.0;;1.0;1.0;1.0;1.0;1.0;1.0;1.0;;;;29003
2014-01;2.0;2.0;2.0;1.0;1.0;1.0;1.0;;1.0;1.0;2.0;;;;;;29003
2015-01;2.0;2.0;2.0;2.0;2.0;2.0;2.0;1.0;1.0;2.0;;;;;;;29003
2017-01;2.0;1.0;1.0;1.0;1.0;1.0;1.0;1.0;;;;;;;;;29003
2018-01;3.0;3.0;2.0;2.0;2.0;1.0;1.0;;;;;;;;;;29003
2019-01;2.0;2.0;2.0;2.0;1.0;1.0;;;;;;;;;;;29003
2020-01;1.0;1.0;1.0;1.0;1.0;;;;;;;;;;;;29003
2021-01;2.0;;;1.0;;;;;;;;;;;;;29003
2022-01;1.0;;;;;;;;;;;;;;;;29003
2024-01;1.0;;;;;;;;;;;;;;;;29003
2010-01;2.0;2.0;2.0;2.0;1.0;2.0;1.0;1.0;1.0;1.0;1.0;1.0;1.0;1.0;1.0;;29001
2011-01;2.0;2.0;2.0;2.0;1.0;2.0;2.0;2.0;2.0;2.0;2.0;2.0;2.0;2.0;;;29001
2012-01;6.0;6.0;6.0;6.0;6.0;5.0;2.0;2.0;2.0;2.0;2.0;2.0;2.0;;;;29001
2013-01;2.0;2.0;2.0;2.0;2.0;2.0;2.0;2.0;2.0;2.0;2.0;2.0;;;;;29001
2014-01;7.0;6.0;5.0;5.0;4.0;4.0;4.0;4.0;4.0;4.0;4.0;;;;;;29001
2015-01;1.0;1.0;1.0;1.0;1.0;1.0;1.0;1.0;1.0;1.0;;;;;;;29001
2016-01;1.0;;;;;;;;;;;;;;;;29001
2017-01;4.0;3.0;3.0;3.0;3.0;2.0;2.0;2.0;;;;;;;;;29001
2018-01;11.0;11.0;10.0;10.0;9.0;8.0;7.0;;;;;;;;;;29001
2019-01;2.0;1.0;2.0;1.0;1.0;1.0;;;;;;;;;;;29001
2020-01;3.0;2.0;1.0;1.0;2.0;;;;;;;;;;;;29001
2021-01;2.0;2.0;2.0;2.0;;;;;;;;;;;;;29001
2022-01;7.0;7.0;7.0;;;;;;;;;;;;;;29001
2023-01;2.0;;;;;;;;;;;;;;;;29001
2024-01;4.0;;;;;;;;;;;;;;;;29001
2009-01;4.0;4.0;4.0;1.0;2.0;2.0;2.0;3.0;3.0;2.0;2.0;3.0;3.0;3.0;3.0;3.0;29026
2010-01;4.0;4.0;4.0;4.0;4.0;4.0;4.0;4.0;4.0;4.0;4.0;3.0;3.0;3.0;4.0;;29026
2012-01;4.0;4.0;3.0;2.0;2.0;2.0;2.0;2.0;2.0;2.0;3.0;3.0;3.0;;;;29026
2014-01;4.0;4.0;4.0;2.0;1.0;1.0;1.0;2.0;3.0;3.0;3.0;;;;;;29026
2015-01;2.0;1.0;2.0;1.0;1.0;1.0;1.0;1.0;1.0;1.0;;;;;;;29026
2017-01;6.0;4.0;4.0;4.0;3.0;3.0;3.0;3.0;;;;;;;;;29026
2018-01;4.0;4.0;4.0;3.0;3.0;2.0;2.0;;;;;;;;;;29026
2019-01;8.0;8.0;7.0;7.0;6.0;6.0;;;;;;;;;;;29026
2022-01;7.0;6.0;4.0;;;;;;;;;;;;;;29026
2023-01;1.0;1.0;;;;;;;;;;;;;;;29026
2009-01;3.0;2.0;2.0;2.0;1.0;;;;1.0;;1.0;;;;;;29022
2010-01;2.0;2.0;2.0;1.0;1.0;1.0;1.0;1.0;;;;;;;;;29022
2011-01;2.0;2.0;2.0;1.0;1.0;1.0;;;;;;;;;;;29022
2012-01;1.0;1.0;;;;;;;;1.0;1.0;1.0;1.0;;;;29022
2013-01;4.0;3.0;2.0;1.0;1.0;1.0;1.0;1.0;1.0;1.0;1.0;1.0;;;;;29022
2014-01;5.0;5.0;5.0;4.0;3.0;3.0;3.0;3.0;3.0;3.0;2.0;;;;;;29022
2015-01;3.0;;;;;;;;;;;;;;;;29022
2016-01;6.0;5.0;4.0;4.0;4.0;4.0;4.0;4.0;4.0;;;;;;;;29022
2017-01;7.0;7.0;6.0;6.0;6.0;6.0;6.0;6.0;;;;;;;;;29022
2018-01;6.0;5.0;5.0;5.0;4.0;5.0;5.0;;;;;;;;;;29022
2019-01;4.0;3.0;2.0;2.0;2.0;2.0;;;;;;;;;;;29022
2020-01;2.0;2.0;2.0;2.0;2.0;;;;;;;;;;;;29022
2021-01;3.0;3.0;2.0;3.0;;;;;;;;;;;;;29022
2022-01;6.0;6.0;4.0;;;;;;;;;;;;;;29022
2023-01;2.0;1.0;;;;;;;;;;;;;;;29022
2024-01;6.0;;;;;;;;;;;;;;;;29022
2009-01;14.0;12.0;12.0;9.0;9.0;10.0;10.0;10.0;10.0;10.0;11.0;10.0;10.0;10.0;10.0;10.0;29006
2010-01;6.0;6.0;5.0;3.0;4.0;4.0;3.0;2.0;2.0;2.0;2.0;1.0;1.0;1.0;1.0;;29006
2011-01;15.0;13.0;14.0;13.0;13.0;13.0;13.0;13.0;12.0;12.0;12.0;13.0;12.0;12.0;;;29006
2012-01;12.0;11.0;9.0;9.0;9.0;9.0;9.0;9.0;9.0;8.0;7.0;7.0;8.0;;;;29006
2013-01;9.0;9.0;7.0;5.0;6.0;6.0;6.0;6.0;6.0;6.0;5.0;4.0;;;;;29006
2014-01;7.0;7.0;6.0;6.0;6.0;5.0;5.0;4.0;3.0;3.0;3.0;;;;;;29006
2015-01;3.0;3.0;3.0;2.0;2.0;1.0;2.0;3.0;2.0;2.0;;;;;;;29006
2016-01;5.0;3.0;4.0;3.0;3.0;3.0;3.0;2.0;1.0;;;;;;;;29006
2017-01;8.0;8.0;7.0;7.0;7.0;7.0;6.0;6.0;;;;;;;;;29006
2018-01;6.0;4.0;4.0;3.0;2.0;3.0;3.0;;;;;;;;;;29006
2019-01;10.0;8.0;8.0;6.0;5.0;6.0;;;;;;;;;;;29006
2020-01;1.0;1.0;1.0;1.0;1.0;;;;;;;;;;;;29006
2021-01;3.0;2.0;2.0;2.0;;;;;;;;;;;;;29006
2022-01;11.0;10.0;10.0;;;;;;;;;;;;;;29006
2023-01;7.0;6.0;;;;;;;;;;;;;;;29006
2024-01;12.0;;;;;;;;;;;;;;;;29006
2012-01;3.0;3.0;3.0;3.0;3.0;3.0;3.0;3.0;3.0;3.0;3.0;3.0;3.0;;;;29010
2013-01;2.0;2.0;2.0;2.0;2.0;2.0;2.0;2.0;2.0;2.0;2.0;2.0;;;;;29010
2014-01;5.0;3.0;1.0;1.0;2.0;;;1.0;1.0;1.0;1.0;;;;;;29010
2015-01;3.0;2.0;2.0;2.0;1.0;1.0;2.0;2.0;3.0;2.0;;;;;;;29010
2016-01;3.0;2.0;1.0;1.0;1.0;1.0;1.0;1.0;1.0;;;;;;;;29010
2017-01;5.0;4.0;3.0;3.0;3.0;3.0;3.0;2.0;;;;;;;;;29010
2018-01;6.0;5.0;4.0;2.0;2.0;2.0;4.0;;;;;;;;;;29010
2019-01;6.0;4.0;3.0;1.0;3.0;3.0;;;;;;;;;;;29010
2020-01;6.0;5.0;5.0;3.0;2.0;;;;;;;;;;;;29010
2021-01;1.0;1.0;1.0;1.0;;;;;;;;;;;;;29010
2022-01;5.0;4.0;4.0;;;;;;;;;;;;;;29010
2023-01;4.0;4.0;;;;;;;;;;;;;;;29010
2024-01;6.0;;;;;;;;;;;;;;;;29010
2010-01;1.0;1.0;1.0;1.0;1.0;1.0;1.0;1.0;1.0;1.0;1.0;1.0;;1.0;1.0;;29024
2011-01;1.0;1.0;1.0;1.0;1.0;1.0;1.0;;;;;;;;;;29024
2012-01;1.0;;1.0;;;1.0;;1.0;1.0;1.0;1.0;1.0;1.0;;;;29024
2013-01;1.0;1.0;1.0;1.0;1.0;1.0;1.0;1.0;1.0;1.0;1.0;1.0;;;;;29024
2014-01;1.0;1.0;1.0;1.0;1.0;1.0;1.0;1.0;1.0;1.0;1.0;;;;;;29024
2015-01;1.0;1.0;1.0;1.0;1.0;1.0;1.0;1.0;1.0;1.0;;;;;;;29024
2016-01;1.0;;;;;;;;;;;;;;;;29024
2017-01;1.0;1.0;1.0;1.0;1.0;1.0;1.0;1.0;;;;;;;;;29024
2018-01;2.0;2.0;2.0;1.0;1.0;1.0;;;;;;;;;;;29024
2019-01;2.0;2.0;2.0;2.0;2.0;2.0;;;;;;;;;;;29024
2021-01;2.0;2.0;2.0;2.0;;;;;;;;;;;;;29024
2022-01;5.0;5.0;5.0;;;;;;;;;;;;;;29024
2023-01;1.0;1.0;;;;;;;;;;;;;;;29024
2024-01;4.0;;;;;;;;;;;;;;;;29024
2010-01;6.0;6.0;5.0;4.0;5.0;5.0;5.0;5.0;5.0;5.0;5.0;5.0;5.0;4.0;3.0;;29025
2011-01;3.0;3.0;3.0;3.0;2.0;2.0;2.0;2.0;2.0;2.0;2.0;1.0;1.0;1.0;;;29025
2012-01;6.0;6.0;5.0;6.0;5.0;5.0;5.0;4.0;3.0;3.0;2.0;2.0;2.0;;;;29025
2013-01;1.0;1.0;;;;;;;;;;;;;;;29025
2014-01;4.0;3.0;3.0;2.0;2.0;2.0;2.0;2.0;2.0;2.0;2.0;;;;;;29025
2015-01;5.0;4.0;3.0;1.0;2.0;1.0;1.0;1.0;2.0;2.0;;;;;;;29025
2016-01;4.0;3.0;2.0;3.0;3.0;3.0;3.0;3.0;2.0;;;;;;;;29025
2017-01;2.0;1.0;1.0;1.0;1.0;;1.0;1.0;;;;;;;;;29025
2018-01;9.0;7.0;6.0;6.0;4.0;4.0;5.0;;;;;;;;;;29025
2019-01;6.0;6.0;2.0;1.0;1.0;1.0;;;;;;;;;;;29025
2020-01;6.0;5.0;4.0;4.0;5.0;;;;;;;;;;;;29025
2021-01;1.0;;;;;;;;;;;;;;;;29025
2022-01;5.0;3.0;3.0;;;;;;;;;;;;;;29025
2023-01;3.0;3.0;;;;;;;;;;;;;;;29025
2024-01;3.0;;;;;;;;;;;;;;;;29025
2011-01;1.0;1.0;1.0;1.0;1.0;1.0;1.0;1.0;1.0;1.0;1.0;1.0;1.0;1.0;;;29008
2014-01;1.0;1.0;1.0;1.0;1.0;1.0;1.0;1.0;1.0;1.0;1.0;;;;;;29008
2018-01;3.0;3.0;3.0;2.0;2.0;2.0;2.0;;;;;;;;;;29008
2021-01;1.0;1.0;1.0;1.0;;;;;;;;;;;;;29008
2022-01;2.0;1.0;2.0;;;;;;;;;;;;;;29008
2024-01;3.0;;;;;;;;;;;;;;;;29008
2009-01;1.0;1.0;1.0;1.0;1.0;1.0;1.0;1.0;1.0;1.0;1.0;1.0;1.0;1.0;1.0;1.0;29028
2010-01;3.0;3.0;3.0;3.0;3.0;3.0;3.0;3.0;3.0;3.0;3.0;3.0;3.0;3.0;3.0;;29028
2011-01;1.0;1.0;1.0;1.0;1.0;1.0;1.0;1.0;1.0;1.0;1.0;1.0;1.0;1.0;;;29028
2012-01;3.0;3.0;2.0;2.0;1.0;1.0;1.0;1.0;1.0;1.0;1.0;1.0;1.0;;;;29028
2013-01;4.0;4.0;2.0;2.0;2.0;2.0;2.0;2.0;2.0;2.0;2.0;2.0;;;;;29028
2014-01;2.0;2.0;2.0;2.0;2.0;2.0;2.0;1.0;1.0;1.0;1.0;;;;;;29028
2015-01;4.0;2.0;2.0;2.0;2.0;2.0;2.0;2.0;2.0;2.0;;;;;;;29028
2016-01;2.0;2.0;2.0;1.0;1.0;1.0;1.0;1.0;1.0;;;;;;;;29028
2017-01;2.0;2.0;2.0;2.0;2.0;2.0;2.0;2.0;;;;;;;;;29028
2018-01;6.0;5.0;5.0;5.0;4.0;4.0;3.0;;;;;;;;;;29028
2019-01;2.0;2.0;2.0;2.0;1.0;1.0;;;;;;;;;;;29028
2021-01;3.0;3.0;3.0;3.0;;;;;;;;;;;;;29028
2022-01;5.0;5.0;4.0;;;;;;;;;;;;;;29028
2023-01;3.0;3.0;;;;;;;;;;;;;;;29028
2024-01;4.0;;;;;;;;;;;;;;;;29028
2009-01;2.0;2.0;1.0;1.0;1.0;1.0;1.0;1.0;1.0;1.0;1.0;1.0;1.0;1.0;1.0;1.0;29002
2010-01;6.0;5.0;5.0;5.0;5.0;5.0;5.0;4.0;4.0;4.0;4.0;4.0;4.0;4.0;4.0;;29002
2011-01;4.0;4.0;3.0;3.0;3.0;3.0;3.0;2.0;2.0;2.0;2.0;2.0;2.0;1.0;;;29002
2012-01;3.0;3.0;1.0;1.0;1.0;1.0;1.0;1.0;1.0;1.0;1.0;1.0;1.0;;;;29002
2013-01;2.0;2.0;2.0;2.0;2.0;2.0;2.0;2.0;2.0;2.0;2.0;2.0;;;;;29002
2014-01;3.0;3.0;3.0;3.0;2.0;2.0;2.0;2.0;2.0;2.0;2.0;;;;;;29002
2017-01;2.0;2.0;2.0;2.0;2.0;1.0;1.0;1.0;;;;;;;;;29002
2018-01;4.0;3.0;2.0;2.0;2.0;2.0;2.0;;;;;;;;;;29002
2019-01;3.0;3.0;2.0;2.0;2.0;2.0;;;;;;;;;;;29002
2020-01;2.0;2.0;2.0;2.0;2.0;;;;;;;;;;;;29002
2021-01;2.0;2.0;2.0;1.0;;;;;;;;;;;;;29002
2022-01;5.0;5.0;4.0;;;;;;;;;;;;;;29002
2023-01;1.0;1.0;;;;;;;;;;;;;;;29002
2024-01;4.0;;;;;;;;;;;;;;;;29002
2010-01;2.0;2.0;2.0;2.0;2.0;1.0;1.0;1.0;1.0;1.0;1.0;1.0;1.0;;;;29015
2011-01;1.0;1.0;1.0;1.0;1.0;1.0;1.0;1.0;1.0;1.0;1.0;1.0;1.0;1.0;;;29015
2012-01;2.0;2.0;2.0;2.0;2.0;2.0;2.0;2.0;2.0;2.0;2.0;2.0;2.0;;;;29015
2014-01;3.0;2.0;2.0;2.0;2.0;;;;;;;;;;;;29015
2015-01;5.0;5.0;3.0;3.0;3.0;3.0;3.0;3.0;3.0;3.0;;;;;;;29015
2016-01;5.0;5.0;5.0;5.0;5.0;5.0;5.0;5.0;4.0;;;;;;;;29015
2017-01;2.0;1.0;1.0;1.0;1.0;1.0;1.0;1.0;;;;;;;;;29015
2018-01;4.0;4.0;4.0;2.0;2.0;2.0;1.0;;;;;;;;;;29015
2019-01;4.0;3.0;2.0;2.0;2.0;2.0;;;;;;;;;;;29015
2020-01;3.0;3.0;2.0;2.0;1.0;;;;;;;;;;;;29015
2021-01;4.0;4.0;4.0;4.0;;;;;;;;;;;;;29015
2022-01;5.0;3.0;2.0;;;;;;;;;;;;;;29015
2023-01;5.0;5.0;;;;;;;;;;;;;;;29015
2024-01;3.0;;;;;;;;;;;;;;;;29015
2009-01;2.0;2.0;1.0;1.0;1.0;1.0;;;;;;;;;;;29021
2010-01;1.0;1.0;;1.0;1.0;1.0;1.0;1.0;1.0;1.0;1.0;1.0;1.0;1.0;1.0;;29021
2011-01;2.0;2.0;2.0;2.0;2.0;2.0;2.0;2.0;2.0;2.0;2.0;2.0;2.0;2.0;;;29021
2013-01;2.0;2.0;2.0;2.0;2.0;2.0;2.0;2.0;1.0;1.0;1.0;2.0;;;;;29021
2014-01;1.0;1.0;1.0;1.0;1.0;1.0;1.0;1.0;1.0;1.0;1.0;;;;;;29021
2015-01;1.0;;;;;;;;;;;;;;;;29021
2016-01;2.0;2.0;1.0;1.0;1.0;1.0;;;1.0;;;;;;;;29021
2018-01;1.0;1.0;1.0;1.0;1.0;1.0;1.0;;;;;;;;;;29021
2019-01;2.0;2.0;1.0;1.0;1.0;1.0;;;;;;;;;;;29021
2020-01;1.0;1.0;1.0;;;;;;;;;;;;;;29021
2022-01;2.0;2.0;2.0;;;;;;;;;;;;;;29021
2023-01;1.0;1.0;;;;;;;;;;;;;;;29021
2024-01;2.0;;;;;;;;;;;;;;;;29021
2010-01;2.0;2.0;2.0;2.0;1.0;1.0;1.0;1.0;1.0;1.0;1.0;1.0;1.0;1.0;1.0;;29013
2011-01;1.0;;1.0;1.0;1.0;1.0;1.0;1.0;1.0;1.0;1.0;;;1.0;;;29013
2015-01;3.0;3.0;3.0;2.0;;;;;;;;;;;;;29013
2018-01;1.0;1.0;1.0;1.0;1.0;1.0;1.0;;;;;;;;;;29013
2020-01;1.0;;;;;;;;;;;;;;;;29013
2021-01;3.0;3.0;3.0;3.0;;;;;;;;;;;;;29013
2023-01;2.0;1.0;;;;;;;;;;;;;;;29013
2024-01;2.0;;;;;;;;;;;;;;;;29013
2009-01;1.0;;;;1.0;1.0;1.0;1.0;1.0;1.0;1.0;1.0;1.0;1.0;1.0;1.0;29005
2010-01;3.0;3.0;3.0;2.0;3.0;2.0;2.0;2.0;1.0;1.0;2.0;2.0;3.0;3.0;3.0;;29005
2011-01;1.0;1.0;1.0;1.0;;;;;;;;;;;;;29005
2012-01;3.0;3.0;1.0;1.0;1.0;1.0;;;;;;;1.0;;;;29005
2013-01;3.0;1.0;1.0;1.0;1.0;1.0;1.0;1.0;1.0;1.0;1.0;1.0;;;;;29005
2014-01;3.0;2.0;2.0;2.0;1.0;1.0;1.0;1.0;1.0;1.0;1.0;;;;;;29005
2015-01;2.0;2.0;2.0;1.0;1.0;1.0;1.0;2.0;2.0;2.0;;;;;;;29005
2016-01;1.0;1.0;1.0;1.0;1.0;1.0;1.0;1.0;1.0;;;;;;;;29005
2018-01;3.0;3.0;3.0;3.0;2.0;2.0;2.0;;;;;;;;;;29005
2019-01;3.0;2.0;2.0;1.0;1.0;1.0;;;;;;;;;;;29005
2020-01;1.0;1.0;;;;;;;;;;;;;;;29005
2021-01;2.0;;;;;;;;;;;;;;;;29005
2022-01;2.0;2.0;2.0;;;;;;;;;;;;;;29005
2023-01;1.0;;;;;;;;;;;;;;;;29005
2024-01;1.0;;;;;;;;;;;;;;;;29005
2011-01;2.0;2.0;2.0;2.0;2.0;2.0;2.0;1.0;2.0;2.0;2.0;2.0;2.0;2.0;;;29007
2013-01;1.0;1.0;1.0;1.0;1.0;1.0;1.0;1.0;1.0;1.0;1.0;1.0;;;;;29007
2014-01;3.0;3.0;3.0;3.0;2.0;2.0;2.0;1.0;1.0;1.0;1.0;;;;;;29007
2016-01;4.0;2.0;2.0;2.0;3.0;2.0;2.0;3.0;3.0;;;;;;;;29007
2017-01;1.0;1.0;1.0;1.0;1.0;1.0;1.0;1.0;;;;;;;;;29007
2018-01;3.0;2.0;1.0;1.0;;1.0;2.0;;;;;;;;;;29007
2019-01;2.0;2.0;1.0;1.0;1.0;1.0;;;;;;;;;;;29007
2020-01;8.0;7.0;5.0;5.0;5.0;;;;;;;;;;;;29007
2021-01;4.0;4.0;4.0;4.0;;;;;;;;;;;;;29007
2022-01;2.0;2.0;2.0;;;;;;;;;;;;;;29007
2023-01;3.0;3.0;;;;;;;;;;;;;;;29007
2024-01;4.0;;;;;;;;;;;;;;;;29007
2009-01;4.0;3.0;3.0;2.0;2.0;1.0;1.0;1.0;1.0;1.0;1.0;1.0;1.0;1.0;1.0;1.0;29012
2010-01;9.0;7.0;7.0;7.0;6.0;6.0;6.0;5.0;6.0;6.0;6.0;5.0;5.0;5.0;4.0;;29012
2011-01;3.0;3.0;;;;;;;;;;;;;;;29012
2012-01;2.0;2.0;2.0;2.0;2.0;2.0;1.0;1.0;1.0;1.0;1.0;1.0;1.0;;;;29012
2013-01;1.0;;;;;;;;;;;;;;;;29012
2014-01;5.0;4.0;4.0;4.0;4.0;4.0;4.0;4.0;3.0;3.0;4.0;;;;;;29012
2015-01;4.0;3.0;3.0;1.0;2.0;2.0;2.0;2.0;2.0;2.0;;;;;;;29012
2016-01;2.0;1.0;1.0;1.0;1.0;1.0;1.0;1.0;1.0;;;;;;;;29012
2017-01;4.0;2.0;2.0;2.0;2.0;2.0;1.0;1.0;;;;;;;;;29012
2018-01;11.0;10.0;10.0;10.0;9.0;8.0;6.0;;;;;;;;;;29012
2019-01;2.0;2.0;1.0;;1.0;;;;;;;;;;;;29012
2022-01;5.0;4.0;3.0;;;;;;;;;;;;;;29012
2023-01;1.0;;;;;;;;;;;;;;;;29012
2024-01;9.0;;;;;;;;;;;;;;;;29012
2009-01;1.0;;;;;;;;;;;;;;;;29004
2010-01;11.0;8.0;8.0;7.0;5.0;6.0;6.0;3.0;4.0;4.0;2.0;2.0;3.0;2.0;1.0;;29004
2011-01;4.0;4.0;2.0;3.0;2.0;3.0;3.0;3.0;3.0;3.0;3.0;3.0;3.0;3.0;;;29004
2012-01;2.0;2.0;2.0;2.0;2.0;2.0;1.0;2.0;2.0;2.0;2.0;2.0;2.0;;;;29004
2013-01;11.0;11.0;10.0;10.0;5.0;5.0;6.0;6.0;6.0;6.0;5.0;3.0;;;;;29004
2014-01;3.0;2.0;2.0;2.0;3.0;3.0;3.0;3.0;3.0;3.0;3.0;;;;;;29004
2015-01;9.0;8.0;6.0;6.0;5.0;5.0;5.0;3.0;3.0;3.0;;;;;;;29004
2016-01;6.0;6.0;6.0;5.0;4.0;3.0;4.0;5.0;4.0;;;;;;;;29004
2017-01;4.0;4.0;3.0;2.0;2.0;3.0;2.0;2.0;;;;;;;;;29004
2018-01;10.0;8.0;7.0;6.0;6.0;5.0;5.0;;;;;;;;;;29004
2019-01;9.0;9.0;8.0;8.0;7.0;7.0;;;;;;;;;;;29004
2020-01;7.0;5.0;5.0;4.0;4.0;;;;;;;;;;;;29004
2021-01;13.0;12.0;12.0;10.0;;;;;;;;;;;;;29004
2022-01;17.0;13.0;11.0;;;;;;;;;;;;;;29004
2023-01;18.0;17.0;;;;;;;;;;;;;;;29004
2024-01;9.0;;;;;;;;;;;;;;;;29004
2009-01;48.0;43.0;40.0;32.0;33.0;32.0;30.0;27.0;26.0;25.0;25.0;25.0;20.0;19.0;20.0;19.0;29020
2010-01;33.0;31.0;25.0;23.0;23.0;20.0;18.0;18.0;17.0;17.0;16.0;16.0;16.0;16.0;16.0;;29020
2011-01;40.0;38.0;35.0;26.0;24.0;23.0;23.0;19.0;20.0;18.0;16.0;15.0;17.0;17.0;;;29020
2012-01;34.0;34.0;29.0;27.0;24.0;22.0;21.0;20.0;19.0;20.0;19.0;21.0;20.0;;;;29020
2013-01;58.0;55.0;45.0;46.0;47.0;45.0;44.0;42.0;40.0;36.0;35.0;35.0;;;;;29020
2014-01;57.0;50.0;43.0;40.0;39.0;38.0;35.0;34.0;32.0;28.0;26.0;;;;;;29020
2015-01;35.0;29.0;26.0;26.0;28.0;27.0;27.0;25.0;24.0;22.0;;;;;;;29020
2016-01;41.0;38.0;31.0;31.0;30.0;28.0;28.0;27.0;26.0;;;;;;;;29020
2017-01;33.0;32.0;29.0;28.0;26.0;25.0;21.0;20.0;;;;;;;;;29020
2018-01;53.0;47.0;40.0;40.0;40.0;37.0;27.0;;;;;;;;;;29020
2019-01;60.0;56.0;48.0;45.0;40.0;31.0;;;;;;;;;;;29020
2020-01;55.0;51.0;43.0;42.0;41.0;;;;;;;;;;;;29020
2021-01;38.0;34.0;32.0;26.0;;;;;;;;;;;;;29020
2022-01;47.0;40.0;33.0;;;;;;;;;;;;;;29020
2023-01;60.0;47.0;;;;;;;;;;;;;;;29020
2024-01;90.0;;;;;;;;;;;;;;;;29020
2010-01;3.0;3.0;3.0;3.0;3.0;3.0;3.0;2.0;3.0;3.0;3.0;3.0;2.0;2.0;2.0;;29016
2011-01;1.0;1.0;1.0;1.0;1.0;1.0;1.0;1.0;1.0;1.0;1.0;1.0;1.0;1.0;;;29016
2012-01;2.0;;1.0;1.0;;1.0;1.0;1.0;1.0;1.0;2.0;2.0;2.0;;;;29016
2013-01;2.0;2.0;2.0;2.0;1.0;1.0;1.0;1.0;1.0;1.0;2.0;1.0;;;;;29016
2014-01;4.0;4.0;4.0;3.0;3.0;2.0;2.0;2.0;2.0;2.0;2.0;;;;;;29016
2015-01;1.0;1.0;1.0;1.0;1.0;1.0;1.0;;;;;;;;;;29016
2016-01;2.0;2.0;1.0;1.0;1.0;1.0;2.0;1.0;1.0;;;;;;;;29016
2017-01;4.0;4.0;4.0;4.0;4.0;4.0;4.0;4.0;;;;;;;;;29016
2018-01;4.0;4.0;4.0;4.0;2.0;3.0;3.0;;;;;;;;;;29016
2019-01;1.0;1.0;1.0;;1.0;1.0;;;;;;;;;;;29016
2021-01;5.0;4.0;3.0;3.0;;;;;;;;;;;;;29016
2022-01;4.0;4.0;4.0;;;;;;;;;;;;;;29016
2023-01;1.0;1.0;;;;;;;;;;;;;;;29016
2024-01;4.0;;;;;;;;;;;;;;;;29016
2009-01;1.0;;;;;1.0;1.0;1.0;1.0;1.0;1.0;1.0;1.0;1.0;1.0;;29017
2010-01;4.0;3.0;3.0;3.0;3.0;3.0;3.0;3.0;3.0;3.0;3.0;3.0;3.0;3.0;3.0;;29017
2011-01;1.0;1.0;1.0;1.0;1.0;1.0;1.0;1.0;1.0;1.0;1.0;1.0;1.0;1.0;;;29017
2012-01;1.0;1.0;1.0;1.0;1.0;;;;;;;;;;;;29017
2014-01;1.0;1.0;1.0;1.0;1.0;1.0;1.0;1.0;1.0;1.0;1.0;;;;;;29017
2015-01;2.0;1.0;;;;;;;;;;;;;;;29017
2017-01;1.0;1.0;1.0;1.0;1.0;1.0;1.0;1.0;;;;;;;;;29017
2018-01;1.0;1.0;1.0;1.0;1.0;1.0;1.0;;;;;;;;;;29017
2019-01;2.0;2.0;2.0;2.0;1.0;1.0;;;;;;;;;;;29017
2023-01;1.0;1.0;;;;;;;;;;;;;;;29017
2024-01;2.0;;;;;;;;;;;;;;;;29017
2012-01;1.0;;;1.0;1.0;;;;;;;;;;;;29019
2014-01;4.0;3.0;2.0;1.0;1.0;1.0;1.0;1.0;;;;;;;;;29019
2015-01;1.0;;1.0;1.0;1.0;1.0;1.0;1.0;1.0;;;;;;;;29019
2016-01;4.0;2.0;1.0;1.0;1.0;1.0;1.0;1.0;1.0;;;;;;;;29019
2017-01;2.0;2.0;1.0;1.0;1.0;;;;;;;;;;;;29019
2018-01;2.0;;;;;;;;;;;;;;;;29019
2019-01;6.0;5.0;4.0;5.0;4.0;4.0;;;;;;;;;;;29019
2020-01;2.0;1.0;;;;;;;;;;;;;;;29019
2021-01;1.0;1.0;1.0;;;;;;;;;;;;;;29019
2022-01;4.0;4.0;2.0;;;;;;;;;;;;;;29019
2023-01;8.0;5.0;;;;;;;;;;;;;;;29019
2024-01;6.0;;;;;;;;;;;;;;;;29019
2009-01;3.0;3.0;3.0;3.0;3.0;3.0;2.0;2.0;2.0;2.0;2.0;2.0;2.0;2.0;2.0;2.0;29018
2010-01;2.0;;;;;;;;;;;;;;;;29018
2011-01;3.0;3.0;3.0;3.0;3.0;2.0;2.0;2.0;2.0;2.0;2.0;2.0;2.0;2.0;;;29018
2012-01;2.0;1.0;1.0;1.0;1.0;1.0;1.0;1.0;1.0;1.0;;1.0;1.0;;;;29018
2014-01;1.0;1.0;1.0;1.0;1.0;1.0;1.0;1.0;1.0;1.0;1.0;;;;;;29018
2015-01;2.0;2.0;2.0;2.0;2.0;2.0;2.0;2.0;2.0;2.0;;;;;;;29018
2016-01;1.0;1.0;1.0;;;;;;;;;;;;;;29018
2017-01;1.0;1.0;1.0;1.0;1.0;1.0;1.0;1.0;;;;;;;;;29018
2018-01;4.0;4.0;4.0;4.0;3.0;3.0;2.0;;;;;;;;;;29018
2019-01;2.0;;;1.0;1.0;1.0;;;;;;;;;;;29018
2023-01;5.0;3.0;;;;;;;;;;;;;;;29018
2024-01;8.0;;;;;;;;;;;;;;;;29018
2009-01;3.0;3.0;3.0;3.0;3.0;3.0;3.0;3.0;2.0;2.0;2.0;2.0;2.0;2.0;2.0;2.0;29027
2010-01;2.0;2.0;2.0;2.0;1.0;1.0;1.0;2.0;2.0;2.0;2.0;2.0;2.0;2.0;2.0;;29027
2012-01;1.0;1.0;1.0;1.0;1.0;1.0;1.0;1.0;1.0;1.0;1.0;1.0;1.0;;;;29027
2014-01;3.0;3.0;2.0;3.0;3.0;3.0;1.0;1.0;;;;;;;;;29027
2015-01;3.0;3.0;2.0;2.0;2.0;2.0;2.0;2.0;2.0;2.0;;;;;;;29027
2016-01;1.0;;;;1.0;1.0;1.0;1.0;1.0;;;;;;;;29027
2018-01;2.0;1.0;1.0;;;;;;;;;;;;;;29027
2021-01;3.0;3.0;3.0;1.0;;;;;;;;;;;;;29027
2022-01;3.0;2.0;2.0;;;;;;;;;;;;;;29027
2023-01;3.0;2.0;;;;;;;;;;;;;;;29027
2024-01;2.0;;;;;;;;;;;;;;;;29027
2010-01;2.0;2.0;2.0;2.0;1.0;1.0;1.0;1.0;1.0;1.0;1.0;1.0;1.0;1.0;1.0;;29011
2011-01;2.0;;1.0;1.0;1.0;1.0;1.0;1.0;1.0;1.0;1.0;1.0;1.0;1.0;;;29011
2012-01;2.0;2.0;2.0;2.0;2.0;2.0;2.0;2.0;2.0;2.0;2.0;2.0;2.0;;;;29011
2013-01;1.0;1.0;;;;;;;;;;;;;;;29011
2014-01;3.0;3.0;3.0;2.0;1.0;;;;;;;;;;;;29011
2015-01;1.0;1.0;1.0;1.0;1.0;1.0;1.0;1.0;1.0;1.0;;;;;;;29011
2017-01;4.0;3.0;3.0;2.0;1.0;1.0;1.0;1.0;;;;;;;;;29011
2018-01;3.0;2.0;2.0;2.0;1.0;1.0;1.0;;;;;;;;;;29011
2020-01;2.0;1.0;1.0;1.0;1.0;;;;;;;;;;;;29011
2022-01;1.0;1.0;1.0;;;;;;;;;;;;;;29011
2024-01;3.0;;;;;;;;;;;;;;;;29011
2009-01;3.0;3.0;2.0;1.0;1.0;1.0;1.0;1.0;1.0;1.0;1.0;1.0;1.0;;;;29009
2010-01;1.0;1.0;1.0;;;;;;;;;;;;;;29009
2011-01;3.0;3.0;3.0;2.0;2.0;2.0;2.0;3.0;3.0;3.0;3.0;2.0;3.0;3.0;;;29009
2012-01;2.0;2.0;1.0;1.0;1.0;1.0;1.0;1.0;1.0;1.0;1.0;;;;;;29009
2013-01;2.0;2.0;2.0;2.0;2.0;2.0;1.0;1.0;;1.0;;1.0;;;;;29009
2014-01;3.0;2.0;2.0;2.0;1.0;2.0;2.0;2.0;2.0;1.0;1.0;;;;;;29009
2015-01;6.0;5.0;5.0;4.0;4.0;5.0;5.0;5.0;3.0;3.0;;;;;;;29009
2017-01;1.0;1.0;1.0;1.0;1.0;1.0;1.0;1.0;;;;;;;;;29009
2018-01;6.0;4.0;4.0;3.0;3.0;4.0;4.0;;;;;;;;;;29009
2019-01;2.0;2.0;2.0;1.0;1.0;;;;;;;;;;;;29009
2020-01;1.0;1.0;1.0;1.0;1.0;;;;;;;;;;;;29009
2021-01;1.0;1.0;;1.0;;;;;;;;;;;;;29009
2023-01;6.0;6.0;;;;;;;;;;;;;;;29009
2024-01;2.0;;;;;;;;;;;;;;;;29009
2011-01;1.0;1.0;1.0;1.0;1.0;1.0;1.0;1.0;1.0;1.0;1.0;1.0;1.0;1.0;;;29023
2012-01;3.0;2.0;2.0;3.0;2.0;1.0;1.0;2.0;2.0;1.0;2.0;2.0;2.0;;;;29023
2013-01;1.0;1.0;;;;;;;;;;;;;;;29023
2014-01;1.0;1.0;1.0;1.0;1.0;1.0;1.0;1.0;1.0;1.0;1.0;;;;;;29023
2015-01;4.0;3.0;2.0;2.0;2.0;2.0;2.0;1.0;1.0;1.0;;;;;;;29023
2016-01;2.0;1.0;1.0;1.0;1.0;;;;;;;;;;;;29023
2017-01;1.0;1.0;;;;;;;;;;;;;;;29023
2018-01;1.0;1.0;1.0;;;;;;;;;;;;;;29023
2019-01;1.0;1.0;1.0;;;;;;;;;;;;;;29023
2020-01;1.0;1.0;;;;;;;;;;;;;;;29023
2021-01;2.0;1.0;1.0;1.0;;;;;;;;;;;;;29023
2022-01;2.0;2.0;;;;;;;;;;;;;;;29023
2023-01;2.0;2.0;;;;;;;;;;;;;;;29023
2024-01;4.0;;;;;;;;;;;;;;;;29023
2010-01;2.0;2.0;2.0;2.0;2.0;1.0;;1.0;1.0;1.0;1.0;1.0;1.0;;;;29014
2011-01;2.0;2.0;2.0;2.0;2.0;2.0;2.0;2.0;2.0;2.0;2.0;2.0;1.0;1.0;;;29014
2014-01;4.0;4.0;4.0;3.0;4.0;3.0;3.0;3.0;2.0;2.0;2.0;;;;;;29014
2015-01;2.0;2.0;;;;;1.0;;1.0;1.0;;;;;;;29014
2016-01;1.0;1.0;1.0;1.0;1.0;1.0;1.0;1.0;1.0;;;;;;;;29014
2018-01;8.0;7.0;5.0;6.0;6.0;3.0;3.0;;;;;;;;;;29014
2019-01;3.0;3.0;3.0;3.0;3.0;3.0;;;;;;;;;;;29014
2020-01;4.0;3.0;2.0;2.0;2.0;;;;;;;;;;;;29014
2022-01;4.0;4.0;4.0;;;;;;;;;;;;;;29014
2023-01;3.0;3.0;;;;;;;;;;;;;;;29014
2024-01;3.0;;;;;;;;;;;;;;;;29014
2009-01;3.0;2.0;2.0;2.0;1.0;1.0;1.0;1.0;1.0;1.0;1.0;1.0;1.0;1.0;1.0;1.0;23012
2011-01;1.0;1.0;;;;;;;;;;;;;;;23012
2012-01;1.0;1.0;1.0;1.0;1.0;1.0;1.0;;;;;;;;;;23012
2013-01;1.0;1.0;1.0;;;;;;;;;;;;;;23012
2014-01;3.0;1.0;;1.0;;;1.0;;;;;;;;;;23012
2015-01;1.0;1.0;1.0;;;;;;1.0;1.0;;;;;;;23012
2016-01;2.0;1.0;1.0;1.0;;;;;;;;;;;;;23012
2017-01;1.0;1.0;1.0;1.0;1.0;;;;;;;;;;;;23012
2018-01;4.0;3.0;1.0;1.0;1.0;1.0;1.0;;;;;;;;;;23012
2019-01;2.0;;1.0;1.0;;;;;;;;;;;;;23012
2020-01;1.0;1.0;1.0;1.0;1.0;;;;;;;;;;;;23012
2022-01;2.0;1.0;1.0;;;;;;;;;;;;;;23012
2023-01;2.0;1.0;;;;;;;;;;;;;;;23012
2024-01;2.0;;;;;;;;;;;;;;;;23012
2011-01;2.0;1.0;1.0;1.0;1.0;1.0;1.0;1.0;1.0;1.0;1.0;1.0;;;;;23014
2012-01;5.0;4.0;4.0;3.0;3.0;2.0;2.0;2.0;2.0;1.0;2.0;3.0;2.0;;;;23014
2017-01;2.0;2.0;2.0;;;;;;;;;;;;;;23014
2019-01;1.0;1.0;1.0;;;;;;;;;;;;;;23014
2020-01;2.0;2.0;2.0;2.0;2.0;;;;;;;;;;;;23014
2009-01;5.0;4.0;3.0;3.0;1.0;1.0;1.0;1.0;1.0;1.0;1.0;1.0;1.0;1.0;1.0;1.0;23006
2010-01;1.0;1.0;;;;;;;;;;;;;;;23006
2011-01;1.0;;;1.0;1.0;1.0;;;;;;;;;;;23006
2012-01;1.0;;;;;;;;;;;;;;;;23006
2013-01;2.0;2.0;2.0;1.0;;;;;;;;;;;;;23006
2014-01;3.0;2.0;1.0;1.0;;;;;;;;;;;;;23006
2015-01;1.0;;;;;;;;;;;;;;;;23006
2016-01;3.0;3.0;2.0;2.0;2.0;2.0;2.0;2.0;1.0;;;;;;;;23006
2017-01;2.0;1.0;1.0;1.0;1.0;1.0;1.0;1.0;;;;;;;;;23006
2018-01;4.0;4.0;4.0;3.0;2.0;1.0;1.0;;;;;;;;;;23006
2019-01;1.0;1.0;1.0;1.0;1.0;1.0;;;;;;;;;;;23006
2021-01;1.0;;;;;;;;;;;;;;;;23006
2022-01;1.0;1.0;;;;;;;;;;;;;;;23006
2024-01;5.0;;;;;;;;;;;;;;;;23006
2009-01;40.0;38.0;37.0;36.0;34.0;33.0;32.0;32.0;31.0;31.0;31.0;29.0;26.0;26.0;25.0;23.0;23001
2010-01;68.0;66.0;64.0;63.0;53.0;53.0;53.0;53.0;53.0;52.0;50.0;48.0;48.0;49.0;48.0;;23001
2011-01;25.0;23.0;23.0;22.0;22.0;22.0;19.0;20.0;19.0;19.0;17.0;16.0;16.0;10.0;;;23001
2012-01;24.0;22.0;19.0;16.0;16.0;15.0;14.0;14.0;14.0;14.0;16.0;15.0;15.0;;;;23001
2013-01;22.0;19.0;18.0;17.0;17.0;17.0;16.0;16.0;16.0;15.0;14.0;15.0;;;;;23001
2014-01;29.0;29.0;25.0;24.0;20.0;19.0;20.0;19.0;18.0;17.0;18.0;;;;;;23001
2015-01;34.0;32.0;29.0;25.0;25.0;26.0;27.0;26.0;23.0;23.0;;;;;;;23001
2016-01;15.0;14.0;12.0;9.0;10.0;10.0;10.0;10.0;10.0;;;;;;;;23001
2017-01;13.0;12.0;12.0;12.0;12.0;11.0;10.0;7.0;;;;;;;;;23001
2018-01;18.0;15.0;14.0;13.0;12.0;12.0;12.0;;;;;;;;;;23001
2019-01;32.0;25.0;21.0;18.0;19.0;16.0;;;;;;;;;;;23001
2020-01;61.0;47.0;45.0;37.0;36.0;;;;;;;;;;;;23001
2021-01;40.0;32.0;29.0;26.0;;;;;;;;;;;;;23001
2022-01;63.0;50.0;35.0;;;;;;;;;;;;;;23001
2023-01;56.0;44.0;;;;;;;;;;;;;;;23001
2024-01;53.0;;;;;;;;;;;;;;;;23001
2010-01;1.0;1.0;1.0;1.0;1.0;1.0;1.0;1.0;1.0;;;;;;;;23007
2013-01;1.0;1.0;1.0;1.0;1.0;1.0;1.0;1.0;1.0;1.0;1.0;1.0;;;;;23007
2014-01;2.0;2.0;2.0;2.0;2.0;2.0;2.0;2.0;2.0;2.0;2.0;;;;;;23007
2016-01;1.0;1.0;1.0;1.0;;1.0;1.0;1.0;1.0;;;;;;;;23007
2019-01;2.0;2.0;;;;;;;;;;;;;;;23007
2020-01;1.0;1.0;1.0;1.0;1.0;;;;;;;;;;;;23007
2022-01;1.0;;;;;;;;;;;;;;;;23007
2024-01;1.0;;;;;;;;;;;;;;;;23007
2009-01;1.0;1.0;1.0;1.0;1.0;1.0;1.0;1.0;1.0;1.0;1.0;1.0;1.0;1.0;1.0;1.0;23019
2010-01;1.0;1.0;;;;;;;;;;;;;;;23019
2011-01;1.0;1.0;1.0;;;;1.0;1.0;1.0;1.0;1.0;1.0;;;;;23019
2012-01;1.0;1.0;1.0;1.0;1.0;1.0;1.0;1.0;1.0;1.0;1.0;1.0;;;;;23019
2013-01;1.0;1.0;1.0;;;;;;;;;;;;;;23019
2014-01;3.0;3.0;3.0;2.0;1.0;1.0;1.0;1.0;2.0;2.0;2.0;;;;;;23019
2017-01;1.0;;;;;;;;;;;;;;;;23019
2018-01;2.0;1.0;1.0;;;;;;;;;;;;;;23019
2019-01;2.0;1.0;;;;;;;;;;;;;;;23019
2022-01;2.0;2.0;2.0;;;;;;;;;;;;;;23019
2024-01;4.0;;;;;;;;;;;;;;;;23019
2009-01;9.0;8.0;8.0;8.0;7.0;8.0;6.0;6.0;5.0;6.0;6.0;6.0;6.0;7.0;6.0;6.0;23021
2010-01;2.0;2.0;2.0;2.0;1.0;1.0;1.0;1.0;1.0;1.0;1.0;1.0;1.0;1.0;1.0;;23021
2011-01;4.0;4.0;4.0;3.0;4.0;4.0;4.0;4.0;4.0;4.0;4.0;4.0;4.0;4.0;;;23021
2012-01;2.0;1.0;1.0;1.0;1.0;1.0;1.0;1.0;1.0;1.0;1.0;1.0;1.0;;;;23021
2013-01;2.0;2.0;2.0;1.0;1.0;1.0;1.0;1.0;1.0;1.0;1.0;2.0;;;;;23021
2014-01;3.0;3.0;3.0;2.0;3.0;2.0;2.0;2.0;2.0;1.0;1.0;;;;;;23021
2015-01;3.0;3.0;3.0;3.0;2.0;3.0;3.0;3.0;3.0;2.0;;;;;;;23021
2016-01;1.0;1.0;1.0;1.0;1.0;1.0;;;;;;;;;;;23021
2017-01;3.0;3.0;3.0;3.0;3.0;3.0;3.0;3.0;;;;;;;;;23021
2018-01;2.0;2.0;2.0;2.0;2.0;2.0;2.0;;;;;;;;;;23021
2019-01;2.0;2.0;2.0;2.0;1.0;;;;;;;;;;;;23021
2020-01;9.0;9.0;9.0;8.0;6.0;;;;;;;;;;;;23021
2021-01;3.0;3.0;2.0;2.0;;;;;;;;;;;;;23021
2022-01;10.0;9.0;9.0;;;;;;;;;;;;;;23021
2023-01;4.0;3.0;;;;;;;;;;;;;;;23021
2024-01;9.0;;;;;;;;;;;;;;;;23021
2009-01;2.0;2.0;1.0;1.0;1.0;1.0;;;;;;;;;;;23004
2010-01;1.0;1.0;1.0;1.0;;;;;;;;;;;;;23004
2011-01;1.0;1.0;;;;;;;;;;;;;;;23004
2012-01;1.0;1.0;1.0;1.0;1.0;1.0;1.0;1.0;1.0;;;;;;;;23004
2013-01;2.0;1.0;1.0;2.0;1.0;;;;;;;;;;;;23004
2014-01;1.0;;1.0;1.0;1.0;;;;;;;;;;;;23004
2015-01;2.0;1.0;1.0;2.0;1.0;1.0;1.0;1.0;1.0;;;;;;;;23004
2016-01;3.0;1.0;1.0;1.0;1.0;;1.0;1.0;1.0;;;;;;;;23004
2017-01;2.0;1.0;1.0;1.0;1.0;1.0;1.0;1.0;;;;;;;;;23004
2018-01;1.0;1.0;1.0;1.0;1.0;1.0;1.0;;;;;;;;;;23004
2019-01;3.0;3.0;1.0;1.0;1.0;1.0;;;;;;;;;;;23004
2020-01;1.0;;;1.0;1.0;;;;;;;;;;;;23004
2021-01;1.0;1.0;1.0;1.0;;;;;;;;;;;;;23004
2022-01;1.0;;;;;;;;;;;;;;;;23004
2023-01;4.0;1.0;;;;;;;;;;;;;;;23004
2024-01;1.0;;;;;;;;;;;;;;;;23004
2009-01;2.0;2.0;2.0;2.0;2.0;2.0;2.0;2.0;2.0;1.0;1.0;1.0;1.0;1.0;1.0;1.0;23005
2012-01;1.0;1.0;1.0;1.0;;;;;;;;;;;;;23005
2014-01;4.0;2.0;1.0;;;1.0;1.0;;;;;;;;;;23005
2015-01;2.0;1.0;1.0;1.0;1.0;1.0;1.0;1.0;1.0;1.0;;;;;;;23005
2016-01;4.0;4.0;4.0;3.0;2.0;3.0;3.0;3.0;3.0;;;;;;;;23005
2018-01;1.0;1.0;1.0;;;;;;;;;;;;;;23005
2020-01;1.0;1.0;1.0;1.0;1.0;;;;;;;;;;;;23005
2022-01;1.0;1.0;1.0;;;;;;;;;;;;;;23005
2024-01;1.0;;;;;;;;;;;;;;;;23005
2009-01;1.0;;;;;1.0;;;;1.0;1.0;1.0;1.0;1.0;1.0;;23016
2010-01;2.0;2.0;1.0;;;;;;;;;;;;;;23016
2011-01;1.0;1.0;1.0;;;;;;;;;;;;;;23016
2012-01;1.0;1.0;1.0;1.0;1.0;1.0;1.0;1.0;1.0;1.0;1.0;1.0;;;;;23016
2013-01;1.0;1.0;;;;;;1.0;1.0;1.0;1.0;1.0;;;;;23016
2015-01;3.0;2.0;;;;;;;;;;;;;;;23016
2017-01;2.0;1.0;1.0;1.0;1.0;1.0;1.0;1.0;;;;;;;;;23016
2018-01;1.0;;;;;;;;;;;;;;;;23016
2019-01;2.0;1.0;1.0;1.0;1.0;1.0;;;;;;;;;;;23016
2020-01;3.0;3.0;;;;;;;;;;;;;;;23016
2021-01;2.0;1.0;;2.0;;;;;;;;;;;;;23016
2022-01;4.0;2.0;2.0;;;;;;;;;;;;;;23016
2023-01;1.0;1.0;;;;;;;;;;;;;;;23016
2009-01;4.0;4.0;4.0;4.0;4.0;4.0;4.0;4.0;4.0;4.0;4.0;3.0;4.0;3.0;3.0;4.0;23011
2010-01;5.0;3.0;3.0;3.0;2.0;2.0;3.0;3.0;3.0;3.0;2.0;2.0;2.0;2.0;3.0;;23011
2011-01;5.0;5.0;5.0;5.0;4.0;4.0;4.0;4.0;4.0;3.0;3.0;2.0;2.0;2.0;;;23011
2012-01;2.0;2.0;2.0;2.0;2.0;2.0;2.0;2.0;1.0;2.0;1.0;1.0;1.0;;;;23011
2013-01;3.0;3.0;3.0;2.0;2.0;1.0;1.0;2.0;1.0;2.0;2.0;2.0;;;;;23011
2014-01;10.0;10.0;9.0;9.0;9.0;8.0;7.0;7.0;6.0;4.0;5.0;;;;;;23011
2015-01;5.0;4.0;3.0;3.0;3.0;3.0;3.0;3.0;1.0;2.0;;;;;;;23011
2016-01;9.0;7.0;1.0;;;;;;1.0;;;;;;;;23011
2017-01;2.0;2.0;1.0;1.0;1.0;1.0;1.0;1.0;;;;;;;;;23011
2018-01;8.0;7.0;2.0;4.0;4.0;4.0;4.0;;;;;;;;;;23011
2019-01;5.0;4.0;1.0;1.0;1.0;1.0;;;;;;;;;;;23011
2020-01;4.0;3.0;3.0;4.0;2.0;;;;;;;;;;;;23011
2021-01;3.0;3.0;;1.0;;;;;;;;;;;;;23011
2022-01;5.0;4.0;3.0;;;;;;;;;;;;;;23011
2023-01;7.0;5.0;;;;;;;;;;;;;;;23011
2024-01;11.0;;;;;;;;;;;;;;;;23011
2009-01;5.0;5.0;5.0;3.0;3.0;3.0;3.0;3.0;3.0;2.0;1.0;1.0;1.0;1.0;1.0;1.0;23022
2011-01;1.0;1.0;1.0;1.0;1.0;;;;;;;;;;;;23022
2012-01;1.0;1.0;1.0;1.0;;;;;;;;;;;;;23022
2013-01;3.0;3.0;3.0;2.0;2.0;2.0;1.0;2.0;2.0;2.0;2.0;2.0;;;;;23022
2014-01;3.0;3.0;3.0;2.0;2.0;2.0;1.0;1.0;2.0;2.0;2.0;;;;;;23022
2015-01;4.0;3.0;2.0;2.0;2.0;2.0;2.0;2.0;2.0;2.0;;;;;;;23022
2016-01;2.0;2.0;2.0;2.0;2.0;1.0;;;;;;;;;;;23022
2017-01;2.0;1.0;1.0;1.0;1.0;;;;;;;;;;;;23022
2018-01;5.0;4.0;4.0;4.0;4.0;4.0;4.0;;;;;;;;;;23022
2019-01;2.0;2.0;2.0;1.0;;;;;;;;;;;;;23022
2020-01;5.0;2.0;2.0;2.0;2.0;;;;;;;;;;;;23022
2021-01;3.0;3.0;2.0;1.0;;;;;;;;;;;;;23022
2022-01;3.0;2.0;2.0;;;;;;;;;;;;;;23022
2023-01;2.0;;;;;;;;;;;;;;;;23022
2024-01;8.0;;;;;;;;;;;;;;;;23022
2009-01;4.0;3.0;2.0;1.0;1.0;1.0;1.0;1.0;1.0;1.0;1.0;1.0;1.0;1.0;1.0;1.0;23002
2010-01;7.0;1.0;2.0;2.0;2.0;2.0;2.0;2.0;1.0;1.0;1.0;1.0;1.0;1.0;1.0;;23002
2011-01;9.0;8.0;7.0;7.0;7.0;6.0;7.0;6.0;6.0;5.0;5.0;5.0;5.0;5.0;;;23002
2012-01;4.0;4.0;4.0;4.0;4.0;4.0;4.0;4.0;4.0;4.0;4.0;4.0;4.0;;;;23002
2013-01;4.0;4.0;4.0;3.0;2.0;3.0;3.0;3.0;2.0;2.0;2.0;2.0;;;;;23002
2014-01;6.0;6.0;5.0;3.0;3.0;2.0;2.0;2.0;3.0;3.0;2.0;;;;;;23002
2015-01;3.0;2.0;2.0;2.0;2.0;2.0;1.0;1.0;1.0;;;;;;;;23002
2016-01;4.0;2.0;2.0;2.0;2.0;2.0;2.0;2.0;2.0;;;;;;;;23002
2017-01;1.0;;1.0;;;;;;;;;;;;;;23002
2018-01;6.0;5.0;4.0;4.0;2.0;2.0;3.0;;;;;;;;;;23002
2019-01;6.0;5.0;5.0;5.0;5.0;5.0;;;;;;;;;;;23002
2020-01;4.0;3.0;3.0;3.0;2.0;;;;;;;;;;;;23002
2021-01;2.0;2.0;2.0;1.0;;;;;;;;;;;;;23002
2022-01;4.0;4.0;3.0;;;;;;;;;;;;;;23002
2023-01;7.0;4.0;;;;;;;;;;;;;;;23002
2024-01;5.0;;;;;;;;;;;;;;;;23002
2009-01;2.0;2.0;1.0;2.0;2.0;1.0;1.0;1.0;1.0;1.0;1.0;1.0;1.0;1.0;1.0;1.0;23015
2010-01;3.0;3.0;2.0;2.0;1.0;2.0;3.0;2.0;2.0;2.0;2.0;2.0;2.0;2.0;3.0;;23015
2011-01;1.0;1.0;1.0;;;;;;;;;;;;;;23015
2012-01;1.0;1.0;1.0;1.0;1.0;1.0;;;1.0;1.0;;;;;;;23015
2013-01;2.0;2.0;1.0;1.0;1.0;1.0;1.0;1.0;;;;;;;;;23015
2014-01;4.0;3.0;3.0;3.0;3.0;4.0;3.0;2.0;2.0;2.0;2.0;;;;;;23015
2015-01;2.0;1.0;1.0;1.0;1.0;1.0;1.0;1.0;1.0;1.0;;;;;;;23015
2017-01;2.0;1.0;1.0;2.0;2.0;1.0;1.0;1.0;;;;;;;;;23015
2018-01;2.0;2.0;2.0;1.0;1.0;1.0;1.0;;;;;;;;;;23015
2022-01;4.0;4.0;4.0;;;;;;;;;;;;;;23015
2023-01;2.0;2.0;;;;;;;;;;;;;;;23015
2024-01;2.0;;;;;;;;;;;;;;;;23015
2009-01;1.0;1.0;1.0;1.0;1.0;1.0;1.0;1.0;1.0;1.0;1.0;1.0;;;;;23020
2011-01;3.0;2.0;2.0;2.0;2.0;2.0;1.0;1.0;1.0;1.0;1.0;1.0;1.0;1.0;;;23020
2012-01;3.0;2.0;1.0;1.0;1.0;1.0;;;;;;;;;;;23020
2014-01;5.0;5.0;3.0;3.0;2.0;2.0;2.0;2.0;2.0;3.0;3.0;;;;;;23020
2015-01;1.0;1.0;1.0;1.0;1.0;1.0;1.0;1.0;1.0;;;;;;;;23020
2016-01;2.0;1.0;1.0;;1.0;1.0;1.0;1.0;1.0;;;;;;;;23020
2017-01;2.0;2.0;2.0;1.0;1.0;1.0;1.0;1.0;;;;;;;;;23020
2018-01;3.0;3.0;1.0;;;;2.0;;;;;;;;;;23020
2019-01;2.0;2.0;2.0;2.0;2.0;1.0;;;;;;;;;;;23020
2020-01;3.0;2.0;2.0;3.0;2.0;;;;;;;;;;;;23020
2021-01;1.0;1.0;1.0;1.0;;;;;;;;;;;;;23020
2022-01;2.0;1.0;1.0;;;;;;;;;;;;;;23020
2023-01;10.0;7.0;;;;;;;;;;;;;;;23020
2024-01;4.0;;;;;;;;;;;;;;;;23020
2009-01;1.0;1.0;1.0;1.0;1.0;1.0;1.0;1.0;1.0;1.0;1.0;1.0;1.0;1.0;1.0;1.0;23010
2010-01;2.0;2.0;1.0;2.0;2.0;2.0;2.0;2.0;2.0;2.0;2.0;2.0;2.0;2.0;1.0;;23010
2011-01;2.0;2.0;2.0;1.0;1.0;1.0;1.0;1.0;1.0;1.0;1.0;1.0;1.0;1.0;;;23010
2012-01;1.0;;;;;;;;;;;;;;;;23010
2013-01;1.0;1.0;1.0;;;;;;;;;;;;;;23010
2014-01;1.0;1.0;;;;;;;;;;;;;;;23010
2015-01;1.0;1.0;1.0;1.0;1.0;1.0;1.0;1.0;1.0;1.0;;;;;;;23010
2016-01;1.0;;;1.0;;;1.0;1.0;1.0;;;;;;;;23010
2017-01;1.0;1.0;1.0;1.0;1.0;1.0;1.0;1.0;;;;;;;;;23010
2022-01;4.0;3.0;2.0;;;;;;;;;;;;;;23010
2023-01;2.0;2.0;;;;;;;;;;;;;;;23010
2024-01;2.0;;;;;;;;;;;;;;;;23010
2009-01;9.0;8.0;6.0;5.0;4.0;4.0;4.0;4.0;4.0;2.0;3.0;3.0;3.0;2.0;2.0;2.0;23003
2010-01;11.0;10.0;10.0;10.0;9.0;9.0;6.0;6.0;6.0;6.0;5.0;3.0;3.0;3.0;2.0;;23003
2011-01;5.0;5.0;5.0;5.0;5.0;5.0;5.0;5.0;4.0;4.0;2.0;1.0;1.0;2.0;;;23003
2012-01;2.0;2.0;2.0;2.0;1.0;2.0;2.0;2.0;2.0;2.0;2.0;1.0;1.0;;;;23003
2013-01;6.0;5.0;5.0;4.0;3.0;2.0;2.0;2.0;2.0;1.0;1.0;1.0;;;;;23003
2014-01;7.0;6.0;5.0;5.0;4.0;3.0;3.0;3.0;3.0;2.0;2.0;;;;;;23003
2015-01;2.0;2.0;1.0;1.0;1.0;1.0;1.0;1.0;;1.0;;;;;;;23003
2017-01;6.0;5.0;5.0;4.0;;1.0;1.0;3.0;;;;;;;;;23003
2018-01;9.0;8.0;5.0;4.0;3.0;2.0;4.0;;;;;;;;;;23003
2019-01;13.0;12.0;6.0;4.0;5.0;7.0;;;;;;;;;;;23003
2020-01;5.0;5.0;5.0;4.0;3.0;;;;;;;;;;;;23003
2021-01;5.0;5.0;5.0;3.0;;;;;;;;;;;;;23003
2022-01;6.0;4.0;3.0;;;;;;;;;;;;;;23003
2023-01;8.0;7.0;;;;;;;;;;;;;;;23003
2024-01;13.0;;;;;;;;;;;;;;;;23003
2010-01;3.0;2.0;2.0;2.0;2.0;2.0;2.0;2.0;2.0;2.0;2.0;2.0;2.0;2.0;2.0;;23013
2011-01;3.0;3.0;3.0;2.0;2.0;2.0;2.0;2.0;2.0;2.0;2.0;1.0;1.0;1.0;;;23013
2014-01;3.0;3.0;3.0;3.0;3.0;2.0;2.0;2.0;2.0;2.0;2.0;;;;;;23013
2016-01;1.0;1.0;1.0;1.0;1.0;1.0;1.0;1.0;1.0;;;;;;;;23013
2017-01;2.0;2.0;2.0;1.0;1.0;1.0;1.0;1.0;;;;;;;;;23013
2018-01;3.0;2.0;2.0;2.0;2.0;2.0;2.0;;;;;;;;;;23013
2021-01;1.0;1.0;;1.0;;;;;;;;;;;;;23013
2022-01;1.0;1.0;1.0;;;;;;;;;;;;;;23013
2024-01;3.0;;;;;;;;;;;;;;;;23013
2009-01;4.0;3.0;2.0;1.0;1.0;;;;;;;;;;;;23017
2010-01;3.0;2.0;2.0;;;;;;;;;;;;;;23017
2011-01;1.0;1.0;1.0;;;;;;;;;;;;;;23017
2012-01;1.0;1.0;;;;;;;;;;;;;;;23017
2013-01;1.0;;1.0;1.0;1.0;;;;;;;;;;;;23017
2014-01;2.0;2.0;2.0;2.0;;;;;;;1.0;;;;;;23017
2015-01;1.0;1.0;1.0;1.0;1.0;1.0;1.0;1.0;1.0;1.0;;;;;;;23017
2023-01;1.0;1.0;;;;;;;;;;;;;;;23017
2024-01;2.0;;;;;;;;;;;;;;;;23017
2009-01;3.0;3.0;3.0;3.0;3.0;2.0;1.0;1.0;2.0;2.0;2.0;2.0;2.0;2.0;2.0;2.0;23018
2011-01;3.0;3.0;2.0;2.0;2.0;2.0;2.0;2.0;2.0;2.0;2.0;2.0;2.0;2.0;;;23018
2013-01;1.0;;;;;;;;;;;;;;;;23018
2014-01;2.0;1.0;;;;;;;;;;;;;;;23018
2015-01;2.0;2.0;2.0;1.0;1.0;1.0;1.0;1.0;1.0;1.0;;;;;;;23018
2016-01;1.0;;;;;;;;;;;;;;;;23018
2017-01;1.0;;;;;;;;;;;;;;;;23018
2018-01;1.0;;;;;;;;;;;;;;;;23018
2019-01;1.0;1.0;1.0;1.0;1.0;1.0;;;;;;;;;;;23018
2022-01;1.0;;;;;;;;;;;;;;;;23018
2023-01;1.0;1.0;;;;;;;;;;;;;;;23018
2024-01;8.0;;;;;;;;;;;;;;;;23018
2009-01;2.0;2.0;2.0;2.0;2.0;2.0;2.0;2.0;2.0;1.0;1.0;1.0;1.0;1.0;1.0;1.0;23009
2011-01;1.0;1.0;;;1.0;1.0;1.0;1.0;1.0;1.0;1.0;1.0;1.0;1.0;;;23009
2012-01;1.0;;;;;;;;;;;;;;;;23009
2013-01;1.0;;;;;;;;;;;;;;;;23009
2014-01;2.0;1.0;;;;;;;;;;;;;;;23009
2015-01;2.0;1.0;1.0;;;;;;;1.0;;;;;;;23009
2016-01;2.0;1.0;1.0;2.0;2.0;2.0;;;1.0;;;;;;;;23009
2018-01;2.0;2.0;2.0;2.0;2.0;;1.0;;;;;;;;;;23009
2020-01;1.0;1.0;1.0;1.0;;;;;;;;;;;;;23009
2023-01;3.0;2.0;;;;;;;;;;;;;;;23009
2024-01;2.0;;;;;;;;;;;;;;;;23009
2009-01;2.0;2.0;2.0;2.0;1.0;;;;;;;;;1.0;1.0;1.0;23008
2010-01;2.0;2.0;1.0;1.0;1.0;1.0;1.0;1.0;1.0;1.0;1.0;1.0;1.0;1.0;1.0;;23008
2014-01;1.0;1.0;1.0;1.0;1.0;;;;;;;;;;;;23008
2015-01;4.0;1.0;1.0;1.0;1.0;;;;1.0;;;;;;;;23008
2016-01;3.0;3.0;3.0;2.0;1.0;;;;;;;;;;;;23008
2017-01;2.0;2.0;2.0;2.0;2.0;2.0;1.0;1.0;;;;;;;;;23008
2018-01;2.0;2.0;2.0;1.0;1.0;1.0;1.0;;;;;;;;;;23008
2020-01;3.0;2.0;1.0;;;;;;;;;;;;;;23008
2021-01;1.0;1.0;1.0;1.0;;;;;;;;;;;;;23008
2022-01;2.0;2.0;2.0;;;;;;;;;;;;;;23008
2023-01;3.0;3.0;;;;;;;;;;;;;;;23008
2024-01;1.0;;;;;;;;;;;;;;;;23008
2009-01;14.0;14.0;13.0;11.0;10.0;10.0;7.0;6.0;5.0;6.0;8.0;8.0;8.0;8.0;7.0;8.0;53001
2010-01;28.0;25.0;25.0;23.0;22.0;19.0;18.0;17.0;18.0;19.0;17.0;19.0;18.0;20.0;19.0;;53001
2011-01;31.0;30.0;28.0;26.0;19.0;20.0;13.0;10.0;12.0;10.0;11.0;13.0;15.0;16.0;;;53001
2012-01;30.0;29.0;26.0;16.0;15.0;13.0;5.0;5.0;8.0;10.0;12.0;13.0;12.0;;;;53001
2013-01;17.0;11.0;10.0;10.0;10.0;9.0;7.0;7.0;9.0;8.0;7.0;8.0;;;;;53001
2014-01;16.0;15.0;12.0;6.0;4.0;5.0;6.0;5.0;5.0;3.0;3.0;;;;;;53001
2015-01;17.0;15.0;14.0;13.0;12.0;14.0;13.0;13.0;12.0;12.0;;;;;;;53001
2016-01;14.0;12.0;6.0;6.0;8.0;7.0;7.0;7.0;8.0;;;;;;;;53001
2017-01;12.0;10.0;8.0;8.0;8.0;8.0;10.0;10.0;;;;;;;;;53001
2018-01;140.0;111.0;96.0;99.0;107.0;106.0;106.0;;;;;;;;;;53001
2019-01;97.0;80.0;75.0;71.0;58.0;76.0;;;;;;;;;;;53001
2020-01;119.0;93.0;85.0;83.0;83.0;;;;;;;;;;;;53001
2021-01;92.0;86.0;70.0;69.0;;;;;;;;;;;;;53001
2022-01;60.0;47.0;45.0;;;;;;;;;;;;;;53001
2023-01;133.0;123.0;;;;;;;;;;;;;;;53001
2024-01;60.0;;;;;;;;;;;;;;;;53001
2009-01;22.0;21.0;21.0;17.0;19.0;19.0;19.0;18.0;15.0;14.0;18.0;16.0;15.0;13.0;12.0;11.0;32002
2010-01;27.0;26.0;22.0;22.0;19.0;19.0;18.0;18.0;17.0;18.0;17.0;17.0;16.0;17.0;17.0;;32002
2011-01;27.0;25.0;25.0;23.0;19.0;20.0;19.0;17.0;16.0;16.0;16.0;15.0;16.0;15.0;;;32002
2012-01;22.0;21.0;20.0;19.0;19.0;19.0;17.0;18.0;17.0;15.0;13.0;12.0;12.0;;;;32002
2013-01;22.0;21.0;15.0;16.0;15.0;14.0;14.0;10.0;12.0;10.0;11.0;11.0;;;;;32002
2014-01;19.0;16.0;14.0;13.0;11.0;10.0;9.0;8.0;8.0;8.0;7.0;;;;;;32002
2015-01;20.0;17.0;16.0;17.0;16.0;13.0;13.0;13.0;12.0;12.0;;;;;;;32002
2016-01;27.0;23.0;23.0;23.0;18.0;18.0;18.0;16.0;14.0;;;;;;;;32002
2017-01;27.0;24.0;24.0;20.0;21.0;20.0;18.0;19.0;;;;;;;;;32002
2018-01;29.0;29.0;24.0;23.0;23.0;20.0;20.0;;;;;;;;;;32002
2019-01;40.0;33.0;37.0;35.0;33.0;32.0;;;;;;;;;;;32002
2020-01;29.0;24.0;21.0;20.0;18.0;;;;;;;;;;;;32002
2021-01;23.0;20.0;19.0;20.0;;;;;;;;;;;;;32002
2022-01;32.0;29.0;26.0;;;;;;;;;;;;;;32002
2023-01;43.0;38.0;;;;;;;;;;;;;;;32002
2024-01;54.0;;;;;;;;;;;;;;;;32002
2009-01;14.0;14.0;12.0;10.0;9.0;10.0;10.0;10.0;9.0;9.0;10.0;10.0;10.0;9.0;9.0;9.0;32005
2010-01;6.0;5.0;3.0;5.0;6.0;5.0;4.0;4.0;4.0;3.0;2.0;2.0;3.0;3.0;3.0;;32005
2011-01;7.0;6.0;6.0;5.0;1.0;3.0;3.0;4.0;4.0;5.0;5.0;5.0;5.0;5.0;;;32005
2012-01;7.0;7.0;6.0;5.0;3.0;3.0;3.0;4.0;4.0;4.0;4.0;4.0;4.0;;;;32005
2013-01;4.0;3.0;2.0;2.0;3.0;3.0;3.0;3.0;3.0;2.0;2.0;2.0;;;;;32005
2014-01;6.0;5.0;5.0;4.0;2.0;1.0;2.0;2.0;3.0;3.0;3.0;;;;;;32005
2015-01;1.0;1.0;1.0;1.0;1.0;1.0;1.0;1.0;1.0;1.0;;;;;;;32005
2016-01;9.0;6.0;5.0;6.0;6.0;5.0;6.0;5.0;5.0;;;;;;;;32005
2017-01;7.0;5.0;4.0;5.0;5.0;5.0;5.0;5.0;;;;;;;;;32005
2018-01;14.0;11.0;9.0;9.0;8.0;7.0;6.0;;;;;;;;;;32005
2019-01;4.0;2.0;2.0;2.0;2.0;2.0;;;;;;;;;;;32005
2020-01;4.0;3.0;1.0;1.0;;;;;;;;;;;;;32005
2021-01;5.0;5.0;2.0;3.0;;;;;;;;;;;;;32005
2022-01;13.0;10.0;6.0;;;;;;;;;;;;;;32005
2023-01;6.0;5.0;;;;;;;;;;;;;;;32005
2024-01;13.0;;;;;;;;;;;;;;;;32005
2009-01;12.0;11.0;9.0;9.0;10.0;9.0;8.0;7.0;7.0;9.0;9.0;8.0;8.0;8.0;8.0;8.0;32004
2010-01;7.0;7.0;7.0;7.0;6.0;5.0;4.0;5.0;5.0;4.0;4.0;4.0;4.0;4.0;4.0;;32004
2011-01;10.0;10.0;9.0;9.0;8.0;8.0;9.0;9.0;8.0;7.0;7.0;7.0;7.0;8.0;;;32004
2012-01;8.0;6.0;7.0;7.0;6.0;6.0;6.0;5.0;5.0;5.0;5.0;4.0;4.0;;;;32004
2013-01;5.0;3.0;3.0;2.0;4.0;2.0;2.0;2.0;2.0;3.0;3.0;3.0;;;;;32004
2014-01;4.0;4.0;4.0;4.0;3.0;4.0;4.0;3.0;3.0;3.0;3.0;;;;;;32004
2015-01;3.0;3.0;3.0;1.0;1.0;1.0;1.0;2.0;;2.0;;;;;;;32004
2016-01;3.0;3.0;2.0;2.0;2.0;2.0;2.0;1.0;1.0;;;;;;;;32004
2017-01;6.0;6.0;5.0;5.0;4.0;4.0;3.0;6.0;;;;;;;;;32004
2018-01;8.0;7.0;8.0;7.0;6.0;6.0;6.0;;;;;;;;;;32004
2019-01;4.0;2.0;2.0;2.0;3.0;2.0;;;;;;;;;;;32004
2020-01;5.0;4.0;3.0;3.0;4.0;;;;;;;;;;;;32004
2021-01;7.0;6.0;5.0;6.0;;;;;;;;;;;;;32004
2022-01;12.0;11.0;9.0;;;;;;;;;;;;;;32004
2023-01;5.0;3.0;;;;;;;;;;;;;;;32004
2024-01;14.0;;;;;;;;;;;;;;;;32004
2009-01;1.0;1.0;;;;;;;;;;;;;;;52004
2010-01;4.0;2.0;1.0;2.0;1.0;1.0;1.0;1.0;2.0;2.0;2.0;2.0;2.0;2.0;2.0;;52004
2011-01;1.0;;;;;;;;;;;;;;;;52004
2012-01;3.0;3.0;1.0;1.0;1.0;1.0;1.0;1.0;1.0;1.0;;;;;;;52004
2013-01;2.0;2.0;2.0;2.0;2.0;1.0;1.0;1.0;1.0;1.0;1.0;1.0;;;;;52004
2014-01;3.0;3.0;3.0;3.0;2.0;2.0;1.0;1.0;1.0;;1.0;;;;;;52004
2016-01;1.0;1.0;1.0;1.0;1.0;;;;;;;;;;;;52004
2017-01;2.0;1.0;1.0;1.0;1.0;;;;;;;;;;;;52004
2018-01;8.0;7.0;6.0;6.0;6.0;6.0;5.0;;;;;;;;;;52004
2019-01;2.0;2.0;2.0;2.0;2.0;2.0;;;;;;;;;;;52004
2020-01;5.0;4.0;4.0;3.0;4.0;;;;;;;;;;;;52004
2021-01;1.0;;;;;;;;;;;;;;;;52004
2022-01;11.0;11.0;8.0;;;;;;;;;;;;;;52004
2023-01;10.0;8.0;;;;;;;;;;;;;;;52004
2024-01;5.0;;;;;;;;;;;;;;;;52004
2009-01;3.0;3.0;3.0;3.0;2.0;2.0;2.0;2.0;2.0;2.0;2.0;2.0;2.0;2.0;2.0;2.0;52011
2010-01;7.0;7.0;7.0;7.0;7.0;5.0;5.0;5.0;5.0;6.0;6.0;6.0;6.0;5.0;5.0;;52011
2011-01;3.0;3.0;3.0;3.0;3.0;3.0;2.0;2.0;1.0;1.0;1.0;1.0;1.0;2.0;;;52011
2012-01;4.0;4.0;4.0;3.0;2.0;3.0;2.0;2.0;2.0;2.0;2.0;2.0;2.0;;;;52011
2013-01;3.0;2.0;2.0;2.0;2.0;2.0;2.0;2.0;2.0;2.0;2.0;2.0;;;;;52011
2014-01;4.0;4.0;4.0;4.0;2.0;1.0;1.0;2.0;3.0;2.0;2.0;;;;;;52011
2015-01;6.0;5.0;3.0;1.0;1.0;1.0;1.0;1.0;1.0;;;;;;;;52011
2016-01;4.0;3.0;3.0;3.0;3.0;3.0;3.0;1.0;1.0;;;;;;;;52011
2017-01;5.0;4.0;4.0;4.0;3.0;4.0;3.0;3.0;;;;;;;;;52011
2018-01;11.0;6.0;6.0;5.0;5.0;5.0;5.0;;;;;;;;;;52011
2019-01;6.0;6.0;5.0;4.0;3.0;3.0;;;;;;;;;;;52011
2020-01;2.0;2.0;2.0;2.0;2.0;;;;;;;;;;;;52011
2021-01;4.0;4.0;4.0;3.0;;;;;;;;;;;;;52011
2022-01;4.0;4.0;4.0;;;;;;;;;;;;;;52011
2023-01;7.0;6.0;;;;;;;;;;;;;;;52011
2024-01;18.0;;;;;;;;;;;;;;;;52011
2009-01;32.0;31.0;30.0;27.0;25.0;24.0;23.0;20.0;20.0;18.0;16.0;16.0;15.0;15.0;15.0;15.0;52001
2010-01;13.0;13.0;11.0;10.0;11.0;11.0;10.0;9.0;9.0;10.0;10.0;10.0;10.0;9.0;10.0;;52001
2011-01;24.0;24.0;23.0;24.0;24.0;22.0;22.0;22.0;22.0;21.0;21.0;20.0;20.0;17.0;;;52001
2012-01;30.0;29.0;26.0;25.0;25.0;23.0;23.0;22.0;23.0;23.0;22.0;21.0;20.0;;;;52001
2013-01;22.0;19.0;18.0;17.0;17.0;17.0;15.0;15.0;15.0;15.0;15.0;14.0;;;;;52001
2014-01;33.0;33.0;27.0;24.0;22.0;22.0;21.0;20.0;19.0;18.0;17.0;;;;;;52001
2015-01;20.0;17.0;15.0;15.0;14.0;13.0;12.0;12.0;11.0;12.0;;;;;;;52001
2016-01;29.0;26.0;25.0;23.0;22.0;20.0;20.0;19.0;13.0;;;;;;;;52001
2017-01;41.0;39.0;31.0;29.0;28.0;29.0;29.0;27.0;;;;;;;;;52001
2018-01;35.0;30.0;25.0;27.0;25.0;28.0;25.0;;;;;;;;;;52001
2019-01;37.0;30.0;27.0;23.0;21.0;20.0;;;;;;;;;;;52001
2020-01;58.0;49.0;47.0;41.0;38.0;;;;;;;;;;;;52001
2021-01;48.0;43.0;37.0;37.0;;;;;;;;;;;;;52001
2022-01;57.0;53.0;36.0;;;;;;;;;;;;;;52001
2023-01;46.0;36.0;;;;;;;;;;;;;;;52001
2024-01;54.0;;;;;;;;;;;;;;;;52001
2009-01;2.0;2.0;2.0;2.0;2.0;2.0;2.0;2.0;2.0;2.0;2.0;1.0;1.0;1.0;1.0;1.0;52002
2010-01;14.0;14.0;14.0;13.0;12.0;13.0;11.0;9.0;9.0;8.0;8.0;7.0;6.0;5.0;5.0;;52002
2011-01;4.0;4.0;3.0;3.0;2.0;2.0;1.0;1.0;1.0;1.0;1.0;1.0;1.0;1.0;;;52002
2012-01;4.0;4.0;4.0;3.0;3.0;3.0;2.0;3.0;3.0;3.0;3.0;3.0;3.0;;;;52002
2013-01;3.0;2.0;2.0;1.0;;;;;;1.0;;;;;;;52002
2014-01;12.0;9.0;9.0;7.0;7.0;7.0;6.0;5.0;5.0;4.0;4.0;;;;;;52002
2015-01;10.0;6.0;6.0;5.0;5.0;4.0;5.0;4.0;4.0;4.0;;;;;;;52002
2016-01;7.0;6.0;4.0;4.0;5.0;4.0;4.0;4.0;4.0;;;;;;;;52002
2017-01;9.0;6.0;5.0;6.0;4.0;6.0;4.0;4.0;;;;;;;;;52002
2018-01;11.0;9.0;7.0;6.0;6.0;6.0;4.0;;;;;;;;;;52002
2019-01;12.0;11.0;12.0;11.0;6.0;4.0;;;;;;;;;;;52002
2020-01;14.0;12.0;10.0;10.0;10.0;;;;;;;;;;;;52002
2021-01;15.0;12.0;7.0;9.0;;;;;;;;;;;;;52002
2022-01;18.0;13.0;10.0;;;;;;;;;;;;;;52002
2023-01;14.0;11.0;;;;;;;;;;;;;;;52002
2024-01;14.0;;;;;;;;;;;;;;;;52002
2009-01;1.0;;;;;1.0;1.0;;;;;;;;;;52012
2010-01;3.0;3.0;3.0;3.0;3.0;3.0;2.0;2.0;1.0;1.0;1.0;1.0;2.0;2.0;1.0;;52012
2011-01;1.0;1.0;1.0;;;;;;;;;;;;;;52012
2012-01;2.0;;;1.0;1.0;1.0;1.0;1.0;1.0;1.0;1.0;1.0;2.0;;;;52012
2014-01;4.0;2.0;2.0;1.0;1.0;1.0;1.0;1.0;1.0;1.0;1.0;;;;;;52012
2015-01;3.0;3.0;2.0;1.0;2.0;1.0;2.0;2.0;2.0;;;;;;;;52012
2016-01;1.0;1.0;1.0;1.0;1.0;1.0;1.0;;;;;;;;;;52012
2017-01;2.0;2.0;2.0;2.0;2.0;2.0;2.0;2.0;;;;;;;;;52012
2018-01;4.0;3.0;3.0;3.0;3.0;3.0;1.0;;;;;;;;;;52012
2020-01;2.0;2.0;;1.0;1.0;;;;;;;;;;;;52012
2021-01;2.0;1.0;1.0;1.0;;;;;;;;;;;;;52012
2022-01;3.0;2.0;2.0;;;;;;;;;;;;;;52012
2023-01;2.0;1.0;;;;;;;;;;;;;;;52012
2024-01;6.0;;;;;;;;;;;;;;;;52012
2010-01;1.0;1.0;1.0;1.0;1.0;1.0;1.0;1.0;1.0;1.0;;;;;;;52007
2011-01;1.0;1.0;1.0;1.0;1.0;1.0;1.0;1.0;1.0;1.0;1.0;1.0;1.0;1.0;;;52007
2015-01;1.0;;;;;;;;;;;;;;;;52007
2020-01;1.0;1.0;;;;;;;;;;;;;;;52007
2022-01;3.0;2.0;1.0;;;;;;;;;;;;;;52007
2023-01;1.0;1.0;;;;;;;;;;;;;;;52007
2009-01;4.0;4.0;3.0;3.0;3.0;3.0;4.0;4.0;3.0;3.0;3.0;3.0;3.0;3.0;3.0;3.0;52017
2010-01;2.0;2.0;2.0;2.0;2.0;2.0;2.0;2.0;;;;;;;;;52017
2011-01;1.0;1.0;1.0;1.0;1.0;1.0;1.0;1.0;;;;;;;;;52017
2012-01;3.0;3.0;3.0;3.0;2.0;1.0;2.0;2.0;2.0;1.0;1.0;1.0;1.0;;;;52017
2013-01;4.0;4.0;3.0;2.0;2.0;1.0;1.0;1.0;1.0;1.0;1.0;1.0;;;;;52017
2014-01;2.0;1.0;1.0;1.0;1.0;1.0;;;;;;;;;;;52017
2015-01;2.0;2.0;2.0;1.0;1.0;1.0;1.0;1.0;1.0;1.0;;;;;;;52017
2016-01;2.0;2.0;2.0;2.0;2.0;2.0;2.0;2.0;2.0;;;;;;;;52017
2017-01;2.0;2.0;2.0;2.0;2.0;2.0;2.0;2.0;;;;;;;;;52017
2018-01;4.0;4.0;4.0;3.0;1.0;2.0;1.0;;;;;;;;;;52017
2019-01;1.0;1.0;;;;;;;;;;;;;;;52017
2020-01;1.0;;;;;;;;;;;;;;;;52017
2021-01;1.0;;1.0;1.0;;;;;;;;;;;;;52017
2022-01;2.0;2.0;1.0;;;;;;;;;;;;;;52017
2023-01;6.0;5.0;;;;;;;;;;;;;;;52017
2024-01;3.0;;;;;;;;;;;;;;;;52017
2009-01;8.0;7.0;7.0;7.0;7.0;7.0;6.0;6.0;5.0;5.0;5.0;5.0;5.0;5.0;5.0;5.0;52005
2010-01;3.0;3.0;3.0;2.0;2.0;2.0;2.0;2.0;2.0;2.0;2.0;2.0;2.0;2.0;2.0;;52005
2011-01;3.0;3.0;2.0;2.0;2.0;2.0;2.0;2.0;2.0;2.0;2.0;2.0;1.0;1.0;;;52005
2012-01;1.0;;1.0;1.0;1.0;;;;;1.0;1.0;1.0;1.0;;;;52005
2013-01;5.0;5.0;5.0;5.0;4.0;4.0;4.0;3.0;3.0;2.0;2.0;2.0;;;;;52005
2014-01;2.0;2.0;2.0;2.0;2.0;2.0;2.0;2.0;2.0;2.0;2.0;;;;;;52005
2015-01;1.0;1.0;1.0;1.0;1.0;1.0;1.0;1.0;1.0;1.0;;;;;;;52005
2016-01;1.0;1.0;1.0;1.0;1.0;1.0;1.0;1.0;1.0;;;;;;;;52005
2017-01;2.0;1.0;1.0;;;;;;;;;;;;;;52005
2018-01;1.0;1.0;1.0;1.0;1.0;1.0;1.0;;;;;;;;;;52005
2019-01;1.0;;;;;;;;;;;;;;;;52005
2020-01;1.0;1.0;1.0;1.0;1.0;;;;;;;;;;;;52005
2021-01;1.0;1.0;1.0;1.0;;;;;;;;;;;;;52005
2022-01;3.0;3.0;3.0;;;;;;;;;;;;;;52005
2023-01;3.0;3.0;;;;;;;;;;;;;;;52005
2024-01;1.0;;;;;;;;;;;;;;;;52005
2009-01;1.0;1.0;1.0;1.0;1.0;1.0;1.0;1.0;1.0;1.0;1.0;1.0;1.0;1.0;1.0;1.0;52006
2014-01;1.0;1.0;1.0;1.0;1.0;1.0;1.0;;;;1.0;;;;;;52006
2009-01;2.0;2.0;2.0;2.0;2.0;2.0;2.0;2.0;2.0;2.0;2.0;2.0;2.0;2.0;2.0;2.0;52013
2010-01;1.0;1.0;1.0;;;;;;;;;;;;;;52013
2012-01;1.0;1.0;;;;;;;;;;;;;;;52013
2013-01;2.0;2.0;2.0;1.0;1.0;1.0;1.0;1.0;1.0;1.0;1.0;1.0;;;;;52013
2014-01;2.0;1.0;1.0;1.0;;;;;;;;;;;;;52013
2015-01;2.0;2.0;2.0;1.0;1.0;1.0;2.0;2.0;2.0;1.0;;;;;;;52013
2016-01;1.0;;;;;;;;;;;;;;;;52013
2017-01;1.0;;;;;;;;;;;;;;;;52013
2018-01;1.0;1.0;1.0;1.0;1.0;1.0;1.0;;;;;;;;;;52013
2019-01;2.0;2.0;2.0;2.0;2.0;2.0;;;;;;;;;;;52013
2020-01;2.0;2.0;1.0;1.0;1.0;;;;;;;;;;;;52013
2023-01;2.0;2.0;;;;;;;;;;;;;;;52013
2024-01;3.0;;;;;;;;;;;;;;;;52013
2009-01;4.0;4.0;4.0;3.0;2.0;1.0;2.0;1.0;1.0;2.0;2.0;2.0;2.0;2.0;2.0;2.0;52008
2010-01;1.0;1.0;1.0;;1.0;1.0;1.0;1.0;1.0;1.0;1.0;1.0;1.0;1.0;1.0;;52008
2014-01;1.0;1.0;1.0;1.0;1.0;1.0;1.0;1.0;1.0;1.0;1.0;;;;;;52008
2015-01;2.0;2.0;1.0;1.0;1.0;1.0;1.0;;;;;;;;;;52008
2016-01;1.0;1.0;;;;;;;;;;;;;;;52008
2017-01;1.0;1.0;1.0;;;;;;;;;;;;;;52008
2019-01;2.0;2.0;2.0;1.0;1.0;1.0;;;;;;;;;;;52008
2020-01;2.0;1.0;;;;;;;;;;;;;;;52008
2022-01;2.0;2.0;2.0;;;;;;;;;;;;;;52008
2024-01;1.0;;;;;;;;;;;;;;;;52008
2009-01;1.0;1.0;1.0;1.0;1.0;1.0;1.0;1.0;1.0;1.0;1.0;1.0;1.0;1.0;1.0;1.0;52003
2010-01;2.0;1.0;1.0;1.0;;;;;;;;;;;;;52003
2011-01;1.0;1.0;1.0;1.0;1.0;1.0;1.0;1.0;1.0;1.0;1.0;1.0;;;;;52003
2012-01;1.0;1.0;1.0;1.0;1.0;1.0;;;;;;;;;;;52003
2014-01;4.0;3.0;3.0;2.0;1.0;2.0;2.0;2.0;2.0;2.0;1.0;;;;;;52003
2015-01;1.0;1.0;1.0;;1.0;1.0;1.0;1.0;1.0;1.0;;;;;;;52003
2018-01;2.0;2.0;2.0;2.0;2.0;2.0;1.0;;;;;;;;;;52003
2019-01;5.0;5.0;4.0;2.0;2.0;;;;;;;;;;;;52003
2020-01;3.0;1.0;;;;;;;;;;;;;;;52003
2021-01;1.0;1.0;1.0;1.0;;;;;;;;;;;;;52003
2022-01;4.0;2.0;2.0;;;;;;;;;;;;;;52003
2023-01;5.0;4.0;;;;;;;;;;;;;;;52003
2024-01;1.0;;;;;;;;;;;;;;;;52003
2010-01;1.0;1.0;1.0;1.0;1.0;1.0;;1.0;1.0;1.0;1.0;1.0;;;;;52009
2011-01;1.0;1.0;1.0;1.0;1.0;1.0;1.0;1.0;1.0;1.0;1.0;1.0;1.0;1.0;;;52009
2012-01;1.0;1.0;1.0;1.0;1.0;1.0;1.0;1.0;1.0;1.0;1.0;1.0;1.0;;;;52009
2013-01;1.0;1.0;1.0;1.0;1.0;1.0;1.0;1.0;1.0;1.0;1.0;1.0;;;;;52009
2014-01;1.0;1.0;1.0;1.0;1.0;1.0;1.0;1.0;1.0;1.0;1.0;;;;;;52009
2016-01;1.0;1.0;;;;;;;;;;;;;;;52009
2018-01;1.0;1.0;1.0;1.0;1.0;1.0;1.0;;;;;;;;;;52009
2019-01;1.0;1.0;1.0;1.0;1.0;1.0;;;;;;;;;;;52009
2020-01;1.0;1.0;1.0;;;;;;;;;;;;;;52009
2021-01;1.0;1.0;;;;;;;;;;;;;;;52009
2022-01;1.0;;;;;;;;;;;;;;;;52009
2023-01;1.0;;;;;;;;;;;;;;;;52009
2024-01;2.0;;;;;;;;;;;;;;;;52009
2009-01;1.0;1.0;1.0;1.0;1.0;1.0;;;;;;;;;;;52018
2010-01;1.0;1.0;1.0;1.0;1.0;1.0;1.0;1.0;1.0;1.0;1.0;1.0;1.0;1.0;1.0;;52018
2012-01;1.0;1.0;1.0;1.0;1.0;1.0;1.0;1.0;1.0;1.0;;;;;;;52018
2013-01;1.0;1.0;;;;;;;;;;;;;;;52018
2014-01;1.0;1.0;1.0;1.0;1.0;;;;;;;;;;;;52018
2015-01;1.0;1.0;1.0;;;;;;;;;;;;;;52018
2016-01;4.0;1.0;3.0;3.0;3.0;3.0;3.0;2.0;3.0;;;;;;;;52018
2018-01;4.0;3.0;3.0;3.0;3.0;3.0;3.0;;;;;;;;;;52018
2019-01;3.0;3.0;3.0;2.0;2.0;2.0;;;;;;;;;;;52018
2020-01;3.0;3.0;3.0;1.0;1.0;;;;;;;;;;;;52018
2022-01;4.0;1.0;1.0;;;;;;;;;;;;;;52018
2024-01;3.0;;;;;;;;;;;;;;;;52018
2009-01;3.0;3.0;3.0;3.0;3.0;3.0;3.0;3.0;3.0;3.0;3.0;3.0;3.0;3.0;3.0;3.0;52016
2010-01;3.0;2.0;;1.0;1.0;1.0;1.0;1.0;;;;;;;;;52016
2011-01;1.0;1.0;1.0;1.0;1.0;1.0;1.0;1.0;1.0;1.0;1.0;1.0;1.0;1.0;;;52016
2012-01;7.0;7.0;5.0;5.0;5.0;5.0;4.0;4.0;2.0;2.0;2.0;2.0;1.0;;;;52016
2015-01;3.0;3.0;3.0;2.0;2.0;2.0;1.0;2.0;2.0;1.0;;;;;;;52016
2017-01;1.0;1.0;1.0;1.0;1.0;1.0;1.0;1.0;;;;;;;;;52016
2018-01;4.0;4.0;4.0;4.0;2.0;2.0;2.0;;;;;;;;;;52016
2019-01;3.0;2.0;2.0;2.0;2.0;2.0;;;;;;;;;;;52016
2021-01;3.0;2.0;2.0;1.0;;;;;;;;;;;;;52016
2024-01;4.0;;;;;;;;;;;;;;;;52016
2009-01;2.0;1.0;1.0;2.0;2.0;2.0;2.0;1.0;1.0;1.0;1.0;1.0;1.0;1.0;;;52014
2010-01;1.0;1.0;1.0;;;;;;;;;;;;;;52014
2011-01;2.0;2.0;2.0;2.0;2.0;1.0;1.0;1.0;1.0;1.0;1.0;1.0;1.0;1.0;;;52014
2012-01;1.0;1.0;1.0;1.0;1.0;1.0;1.0;1.0;1.0;1.0;1.0;1.0;1.0;;;;52014
2013-01;3.0;2.0;2.0;2.0;2.0;2.0;2.0;3.0;3.0;3.0;3.0;3.0;;;;;52014
2015-01;1.0;1.0;1.0;1.0;1.0;1.0;1.0;;;;;;;;;;52014
2018-01;3.0;2.0;2.0;1.0;1.0;1.0;1.0;;;;;;;;;;52014
2020-01;4.0;3.0;2.0;2.0;2.0;;;;;;;;;;;;52014
2021-01;1.0;1.0;;;;;;;;;;;;;;;52014
2022-01;4.0;4.0;4.0;;;;;;;;;;;;;;52014
2023-01;5.0;5.0;;;;;;;;;;;;;;;52014
2024-01;2.0;;;;;;;;;;;;;;;;52014
2009-01;2.0;2.0;2.0;2.0;2.0;2.0;1.0;1.0;1.0;1.0;1.0;1.0;1.0;1.0;1.0;1.0;52010
2010-01;1.0;1.0;1.0;;1.0;1.0;1.0;1.0;1.0;;;;;;;;52010
2012-01;1.0;1.0;1.0;1.0;1.0;1.0;1.0;1.0;1.0;1.0;1.0;;;;;;52010
2013-01;3.0;3.0;2.0;1.0;1.0;1.0;1.0;1.0;1.0;1.0;1.0;1.0;;;;;52010
2014-01;3.0;3.0;3.0;3.0;2.0;2.0;2.0;2.0;2.0;2.0;2.0;;;;;;52010
2015-01;4.0;4.0;3.0;2.0;2.0;1.0;1.0;1.0;1.0;1.0;;;;;;;52010
2017-01;2.0;2.0;2.0;2.0;2.0;1.0;2.0;2.0;;;;;;;;;52010
2019-01;1.0;;;;;;;;;;;;;;;;52010
2020-01;2.0;1.0;2.0;2.0;2.0;;;;;;;;;;;;52010
2021-01;2.0;2.0;2.0;1.0;;;;;;;;;;;;;52010
2024-01;3.0;;;;;;;;;;;;;;;;52010
2009-01;6.0;6.0;6.0;6.0;6.0;6.0;6.0;6.0;6.0;6.0;6.0;6.0;6.0;6.0;6.0;6.0;52015
2010-01;4.0;4.0;4.0;2.0;3.0;2.0;2.0;2.0;2.0;2.0;2.0;2.0;2.0;2.0;2.0;;52015
2012-01;3.0;3.0;2.0;2.0;2.0;2.0;2.0;2.0;2.0;2.0;2.0;2.0;2.0;;;;52015
2013-01;1.0;;;;;;;;;;;;;;;;52015
2014-01;6.0;6.0;5.0;5.0;5.0;4.0;5.0;5.0;5.0;5.0;5.0;;;;;;52015
2015-01;5.0;4.0;4.0;3.0;2.0;3.0;1.0;1.0;3.0;2.0;;;;;;;52015
2016-01;2.0;2.0;1.0;1.0;;;;;;;;;;;;;52015
2017-01;2.0;1.0;1.0;1.0;1.0;2.0;2.0;2.0;;;;;;;;;52015
2018-01;4.0;4.0;2.0;1.0;1.0;2.0;3.0;;;;;;;;;;52015
2019-01;3.0;2.0;2.0;1.0;1.0;1.0;;;;;;;;;;;52015
2020-01;7.0;5.0;5.0;4.0;4.0;;;;;;;;;;;;52015
2021-01;7.0;5.0;4.0;3.0;;;;;;;;;;;;;52015
2022-01;4.0;2.0;1.0;;;;;;;;;;;;;;52015
2023-01;7.0;5.0;;;;;;;;;;;;;;;52015
2024-01;7.0;;;;;;;;;;;;;;;;52015
2009-01;3.0;3.0;3.0;2.0;2.0;1.0;1.0;;;;;;;;1.0;1.0;15011
2010-01;2.0;2.0;2.0;2.0;1.0;1.0;1.0;1.0;1.0;1.0;1.0;1.0;1.0;1.0;1.0;;15011
2011-01;3.0;3.0;3.0;1.0;1.0;2.0;2.0;;;;;;;;;;15011
2012-01;3.0;3.0;3.0;3.0;3.0;2.0;1.0;1.0;1.0;1.0;1.0;1.0;1.0;;;;15011
2013-01;2.0;2.0;1.0;1.0;1.0;1.0;1.0;1.0;1.0;1.0;1.0;1.0;;;;;15011
2014-01;1.0;1.0;1.0;1.0;1.0;;;;;;;;;;;;15011
2015-01;4.0;3.0;3.0;2.0;2.0;1.0;1.0;1.0;1.0;;;;;;;;15011
2016-01;1.0;1.0;1.0;1.0;;;;;;;;;;;;;15011
2017-01;2.0;1.0;1.0;1.0;1.0;1.0;1.0;1.0;;;;;;;;;15011
2018-01;7.0;5.0;5.0;6.0;4.0;4.0;3.0;;;;;;;;;;15011
2019-01;4.0;1.0;1.0;1.0;1.0;1.0;;;;;;;;;;;15011
2020-01;5.0;4.0;3.0;3.0;2.0;;;;;;;;;;;;15011
2021-01;4.0;4.0;3.0;3.0;;;;;;;;;;;;;15011
2022-01;6.0;3.0;2.0;;;;;;;;;;;;;;15011
2023-01;7.0;6.0;;;;;;;;;;;;;;;15011
2024-01;4.0;;;;;;;;;;;;;;;;15011
2009-01;1.0;1.0;1.0;1.0;1.0;1.0;;;;;;;;;;;15007
2010-01;1.0;;;;1.0;1.0;1.0;1.0;1.0;1.0;1.0;;;;;;15007
2011-01;1.0;1.0;1.0;1.0;1.0;;1.0;1.0;1.0;1.0;1.0;1.0;1.0;1.0;;;15007
2014-01;2.0;1.0;1.0;1.0;1.0;1.0;1.0;1.0;1.0;1.0;1.0;;;;;;15007
2015-01;1.0;;;;;;;;;;;;;;;;15007
2016-01;3.0;2.0;1.0;1.0;1.0;1.0;;1.0;1.0;;;;;;;;15007
2018-01;1.0;1.0;1.0;1.0;;;1.0;;;;;;;;;;15007
2019-01;1.0;1.0;1.0;1.0;1.0;1.0;;;;;;;;;;;15007
2020-01;1.0;1.0;1.0;1.0;1.0;;;;;;;;;;;;15007
2021-01;2.0;1.0;1.0;;;;;;;;;;;;;;15007
2022-01;2.0;1.0;1.0;;;;;;;;;;;;;;15007
2023-01;1.0;1.0;;;;;;;;;;;;;;;15007
2024-01;1.0;;;;;;;;;;;;;;;;15007
2009-01;1.0;1.0;1.0;1.0;1.0;1.0;1.0;1.0;1.0;1.0;1.0;1.0;;;1.0;1.0;15013
2011-01;1.0;1.0;1.0;1.0;1.0;1.0;;;;;;;;;;;15013
2017-01;1.0;1.0;;1.0;1.0;1.0;1.0;1.0;;;;;;;;;15013
2019-01;1.0;;;;;;;;;;;;;;;;15013
2020-01;1.0;1.0;1.0;1.0;1.0;;;;;;;;;;;;15013
2022-01;1.0;1.0;1.0;;;;;;;;;;;;;;15013
2024-01;1.0;;;;;;;;;;;;;;;;15013
2009-01;1.0;1.0;1.0;1.0;1.0;1.0;1.0;1.0;1.0;1.0;1.0;1.0;1.0;1.0;1.0;1.0;15001
2010-01;5.0;5.0;3.0;3.0;2.0;2.0;2.0;4.0;4.0;4.0;4.0;3.0;3.0;3.0;3.0;;15001
2011-01;3.0;3.0;3.0;3.0;3.0;3.0;3.0;3.0;3.0;3.0;3.0;3.0;3.0;3.0;;;15001
2012-01;2.0;2.0;2.0;1.0;;;;;;;;;;;;;15001
2013-01;2.0;1.0;1.0;;;;;;;;;;;;;;15001
2014-01;2.0;1.0;1.0;1.0;1.0;1.0;1.0;1.0;1.0;1.0;1.0;;;;;;15001
2015-01;4.0;3.0;3.0;3.0;3.0;1.0;2.0;2.0;2.0;2.0;;;;;;;15001
2017-01;1.0;1.0;1.0;;1.0;1.0;1.0;1.0;;;;;;;;;15001
2018-01;2.0;1.0;1.0;2.0;2.0;2.0;2.0;;;;;;;;;;15001
2020-01;2.0;2.0;2.0;2.0;2.0;;;;;;;;;;;;15001
2022-01;4.0;1.0;1.0;;;;;;;;;;;;;;15001
2023-01;2.0;2.0;;;;;;;;;;;;;;;15001
2024-01;1.0;;;;;;;;;;;;;;;;15001
2009-01;2.0;2.0;2.0;2.0;2.0;2.0;2.0;2.0;2.0;2.0;2.0;2.0;2.0;2.0;2.0;2.0;15002
2010-01;1.0;1.0;1.0;;;;;;;;;;;;;;15002
2011-01;4.0;4.0;4.0;3.0;3.0;3.0;3.0;3.0;3.0;3.0;3.0;3.0;3.0;3.0;;;15002
2012-01;6.0;6.0;6.0;6.0;6.0;6.0;6.0;5.0;3.0;3.0;3.0;2.0;2.0;;;;15002
2013-01;2.0;1.0;1.0;1.0;1.0;2.0;2.0;2.0;2.0;;1.0;1.0;;;;;15002
2014-01;4.0;4.0;3.0;3.0;2.0;1.0;;;;1.0;1.0;;;;;;15002
2015-01;3.0;3.0;3.0;1.0;1.0;2.0;2.0;2.0;2.0;1.0;;;;;;;15002
2016-01;4.0;4.0;4.0;4.0;4.0;2.0;2.0;2.0;2.0;;;;;;;;15002
2017-01;1.0;1.0;1.0;1.0;1.0;1.0;1.0;1.0;;;;;;;;;15002
2018-01;3.0;3.0;3.0;2.0;1.0;1.0;1.0;;;;;;;;;;15002
2019-01;6.0;6.0;5.0;3.0;2.0;2.0;;;;;;;;;;;15002
2020-01;3.0;3.0;3.0;2.0;3.0;;;;;;;;;;;;15002
2021-01;7.0;7.0;5.0;4.0;;;;;;;;;;;;;15002
2022-01;4.0;3.0;4.0;;;;;;;;;;;;;;15002
2023-01;9.0;5.0;;;;;;;;;;;;;;;15002
2024-01;5.0;;;;;;;;;;;;;;;;15002
2012-01;1.0;1.0;1.0;;;;;1.0;1.0;1.0;1.0;1.0;1.0;;;;15012
2013-01;3.0;3.0;3.0;3.0;3.0;3.0;3.0;2.0;2.0;2.0;1.0;2.0;;;;;15012
2014-01;3.0;3.0;3.0;3.0;2.0;1.0;1.0;2.0;2.0;2.0;1.0;;;;;;15012
2015-01;2.0;1.0;;;;;;1.0;1.0;1.0;;;;;;;15012
2016-01;1.0;1.0;;;;;;;;;;;;;;;15012
2017-01;1.0;1.0;1.0;1.0;;;;;;;;;;;;;15012
2018-01;5.0;4.0;4.0;3.0;3.0;2.0;1.0;;;;;;;;;;15012
2019-01;3.0;3.0;3.0;1.0;1.0;2.0;;;;;;;;;;;15012
2021-01;1.0;1.0;;;;;;;;;;;;;;;15012
2022-01;1.0;1.0;1.0;;;;;;;;;;;;;;15012
2023-01;3.0;3.0;;;;;;;;;;;;;;;15012
2009-01;37.0;37.0;37.0;36.0;32.0;31.0;30.0;28.0;27.0;27.0;24.0;22.0;17.0;21.0;20.0;21.0;15006
2010-01;17.0;16.0;16.0;15.0;14.0;14.0;13.0;13.0;13.0;13.0;13.0;12.0;12.0;11.0;11.0;;15006
2011-01;31.0;30.0;29.0;24.0;25.0;27.0;26.0;27.0;25.0;23.0;24.0;23.0;23.0;23.0;;;15006
2012-01;15.0;14.0;13.0;13.0;13.0;11.0;13.0;12.0;11.0;11.0;10.0;10.0;9.0;;;;15006
2013-01;17.0;16.0;16.0;15.0;15.0;15.0;15.0;10.0;8.0;9.0;8.0;6.0;;;;;15006
2014-01;19.0;18.0;14.0;14.0;13.0;13.0;13.0;12.0;12.0;12.0;12.0;;;;;;15006
2015-01;24.0;21.0;20.0;18.0;16.0;16.0;14.0;15.0;15.0;11.0;;;;;;;15006
2016-01;24.0;22.0;21.0;22.0;16.0;15.0;15.0;15.0;13.0;;;;;;;;15006
2017-01;16.0;13.0;13.0;11.0;11.0;10.0;9.0;11.0;;;;;;;;;15006
2018-01;13.0;11.0;10.0;7.0;8.0;7.0;8.0;;;;;;;;;;15006
2019-01;36.0;31.0;30.0;29.0;29.0;29.0;;;;;;;;;;;15006
2020-01;17.0;17.0;17.0;15.0;16.0;;;;;;;;;;;;15006
2021-01;20.0;18.0;19.0;19.0;;;;;;;;;;;;;15006
2022-01;34.0;30.0;31.0;;;;;;;;;;;;;;15006
2023-01;19.0;16.0;;;;;;;;;;;;;;;15006
2024-01;33.0;;;;;;;;;;;;;;;;15006
2009-01;2.0;1.0;1.0;1.0;1.0;1.0;1.0;1.0;1.0;1.0;1.0;1.0;;1.0;1.0;1.0;15009
2010-01;5.0;5.0;5.0;5.0;4.0;2.0;2.0;1.0;2.0;2.0;2.0;2.0;2.0;2.0;2.0;;15009
2011-01;2.0;2.0;1.0;1.0;1.0;1.0;1.0;1.0;1.0;1.0;1.0;1.0;1.0;1.0;;;15009
2013-01;3.0;2.0;2.0;2.0;2.0;2.0;2.0;2.0;2.0;2.0;2.0;2.0;;;;;15009
2014-01;3.0;2.0;1.0;1.0;1.0;;;;;;;;;;;;15009
2015-01;2.0;2.0;1.0;1.0;1.0;1.0;1.0;1.0;1.0;1.0;;;;;;;15009
2016-01;2.0;2.0;1.0;1.0;1.0;1.0;1.0;1.0;1.0;;;;;;;;15009
2017-01;1.0;1.0;;;;;;;;;;;;;;;15009
2018-01;2.0;2.0;2.0;2.0;2.0;2.0;1.0;;;;;;;;;;15009
2019-01;2.0;1.0;1.0;1.0;1.0;1.0;;;;;;;;;;;15009
2020-01;3.0;3.0;3.0;3.0;2.0;;;;;;;;;;;;15009
2021-01;3.0;1.0;;;;;;;;;;;;;;;15009
2022-01;1.0;1.0;1.0;;;;;;;;;;;;;;15009
2023-01;2.0;1.0;;;;;;;;;;;;;;;15009
2024-01;5.0;;;;;;;;;;;;;;;;15009
2009-01;7.0;7.0;7.0;6.0;6.0;6.0;6.0;6.0;6.0;6.0;6.0;6.0;6.0;6.0;6.0;6.0;15003
2010-01;2.0;2.0;2.0;2.0;2.0;2.0;2.0;2.0;2.0;2.0;2.0;2.0;2.0;2.0;2.0;;15003
2011-01;6.0;5.0;6.0;6.0;5.0;5.0;5.0;5.0;5.0;5.0;5.0;5.0;5.0;5.0;;;15003
2012-01;9.0;9.0;8.0;8.0;8.0;5.0;5.0;5.0;6.0;5.0;5.0;5.0;5.0;;;;15003
2013-01;6.0;5.0;4.0;4.0;4.0;4.0;4.0;2.0;2.0;2.0;2.0;2.0;;;;;15003
2014-01;5.0;4.0;3.0;4.0;4.0;4.0;4.0;4.0;4.0;3.0;5.0;;;;;;15003
2015-01;3.0;2.0;2.0;2.0;2.0;;;;;;;;;;;;15003
2016-01;5.0;4.0;3.0;3.0;3.0;3.0;3.0;3.0;3.0;;;;;;;;15003
2017-01;9.0;9.0;9.0;9.0;8.0;8.0;8.0;8.0;;;;;;;;;15003
2018-01;3.0;3.0;3.0;3.0;3.0;3.0;3.0;;;;;;;;;;15003
2019-01;12.0;10.0;8.0;7.0;5.0;4.0;;;;;;;;;;;15003
2020-01;8.0;6.0;7.0;7.0;6.0;;;;;;;;;;;;15003
2021-01;7.0;7.0;7.0;7.0;;;;;;;;;;;;;15003
2022-01;11.0;9.0;7.0;;;;;;;;;;;;;;15003
2023-01;12.0;11.0;;;;;;;;;;;;;;;15003
2024-01;9.0;;;;;;;;;;;;;;;;15003
2009-01;2.0;2.0;2.0;2.0;2.0;2.0;2.0;2.0;2.0;2.0;2.0;2.0;2.0;2.0;2.0;2.0;15004
2010-01;2.0;2.0;2.0;2.0;2.0;2.0;2.0;2.0;2.0;2.0;2.0;2.0;2.0;2.0;2.0;;15004
2012-01;1.0;1.0;1.0;1.0;1.0;;;;;;;;;;;;15004
2014-01;4.0;4.0;3.0;2.0;2.0;3.0;3.0;3.0;3.0;3.0;3.0;;;;;;15004
2015-01;1.0;1.0;1.0;1.0;1.0;1.0;1.0;1.0;1.0;1.0;;;;;;;15004
2016-01;3.0;3.0;1.0;1.0;2.0;2.0;1.0;1.0;1.0;;;;;;;;15004
2017-01;2.0;2.0;2.0;2.0;2.0;2.0;2.0;2.0;;;;;;;;;15004
2019-01;2.0;1.0;;;1.0;1.0;;;;;;;;;;;15004
2020-01;1.0;1.0;1.0;1.0;1.0;;;;;;;;;;;;15004
2021-01;1.0;1.0;1.0;1.0;;;;;;;;;;;;;15004
2022-01;2.0;2.0;2.0;;;;;;;;;;;;;;15004
2024-01;3.0;;;;;;;;;;;;;;;;15004
2009-01;2.0;1.0;1.0;1.0;1.0;1.0;2.0;1.0;1.0;1.0;1.0;1.0;1.0;2.0;2.0;2.0;15014
2011-01;1.0;1.0;1.0;1.0;1.0;1.0;;;;;;;;;;;15014
2012-01;1.0;1.0;1.0;1.0;;;1.0;1.0;1.0;1.0;1.0;1.0;1.0;;;;15014
2016-01;1.0;1.0;;;;;;;;;;;;;;;15014
2018-01;1.0;1.0;1.0;1.0;;;;;;;;;;;;;15014
2019-01;1.0;;;;;;;;;;;;;;;;15014
2020-01;1.0;1.0;;;;;;;;;;;;;;;15014
2021-01;2.0;1.0;1.0;1.0;;;;;;;;;;;;;15014
2022-01;1.0;1.0;;;;;;;;;;;;;;;15014
2024-01;3.0;;;;;;;;;;;;;;;;15014
2009-01;3.0;3.0;1.0;1.0;1.0;1.0;2.0;2.0;1.0;1.0;2.0;2.0;1.0;2.0;2.0;2.0;15008
2010-01;3.0;3.0;3.0;3.0;3.0;3.0;3.0;2.0;3.0;2.0;2.0;1.0;1.0;;;;15008
2011-01;4.0;2.0;2.0;1.0;1.0;1.0;1.0;1.0;1.0;1.0;1.0;;;;;;15008
2012-01;8.0;8.0;7.0;5.0;5.0;5.0;4.0;4.0;3.0;2.0;3.0;3.0;3.0;;;;15008
2013-01;6.0;5.0;5.0;5.0;5.0;4.0;5.0;5.0;5.0;5.0;4.0;3.0;;;;;15008
2014-01;5.0;5.0;4.0;4.0;4.0;4.0;4.0;4.0;4.0;2.0;2.0;;;;;;15008
2015-01;3.0;3.0;2.0;1.0;;;;;;;;;;;;;15008
2016-01;2.0;1.0;2.0;2.0;2.0;2.0;1.0;1.0;;;;;;;;;15008
2017-01;4.0;4.0;3.0;3.0;2.0;1.0;1.0;;;;;;;;;;15008
2018-01;5.0;3.0;3.0;2.0;2.0;2.0;4.0;;;;;;;;;;15008
2019-01;1.0;1.0;1.0;1.0;1.0;1.0;;;;;;;;;;;15008
2020-01;7.0;6.0;3.0;4.0;4.0;;;;;;;;;;;;15008
2021-01;5.0;5.0;4.0;3.0;;;;;;;;;;;;;15008
2022-01;7.0;5.0;3.0;;;;;;;;;;;;;;15008
2023-01;4.0;4.0;;;;;;;;;;;;;;;15008
2024-01;7.0;;;;;;;;;;;;;;;;15008
2016-01;2.0;2.0;1.0;1.0;1.0;1.0;1.0;1.0;1.0;;;;;;;;15010
2019-01;3.0;3.0;3.0;2.0;3.0;3.0;;;;;;;;;;;15010
2020-01;1.0;;;;;;;;;;;;;;;;15010
2021-01;5.0;2.0;3.0;2.0;;;;;;;;;;;;;15010
2022-01;2.0;1.0;1.0;;;;;;;;;;;;;;15010
2023-01;3.0;1.0;;;;;;;;;;;;;;;15010
2024-01;1.0;;;;;;;;;;;;;;;;15010
2009-01;1.0;1.0;1.0;1.0;1.0;1.0;1.0;1.0;1.0;1.0;1.0;1.0;1.0;1.0;1.0;1.0;26001
2011-01;4.0;3.0;3.0;3.0;3.0;3.0;2.0;2.0;2.0;2.0;1.0;1.0;2.0;2.0;;;26001
2012-01;2.0;1.0;;;;;;;;;;;;;;;26001
2014-01;3.0;2.0;2.0;1.0;3.0;3.0;3.0;3.0;3.0;3.0;3.0;;;;;;26001
2015-01;2.0;2.0;1.0;1.0;;;;;;;;;;;;;26001
2017-01;1.0;1.0;;1.0;1.0;;;;;;;;;;;;26001
2018-01;1.0;1.0;1.0;1.0;1.0;;;;;;;;;;;;26001
2019-01;1.0;;;;;;;;;;;;;;;;26001
2020-01;1.0;1.0;1.0;1.0;1.0;;;;;;;;;;;;26001
2021-01;3.0;1.0;1.0;;;;;;;;;;;;;;26001
2022-01;2.0;2.0;;;;;;;;;;;;;;;26001
2024-01;2.0;;;;;;;;;;;;;;;;26001
2009-01;1.0;1.0;1.0;;;;;;;;;;;;;;26009
2010-01;5.0;5.0;5.0;5.0;5.0;5.0;5.0;4.0;3.0;3.0;3.0;3.0;3.0;3.0;3.0;;26009
2011-01;4.0;2.0;2.0;1.0;2.0;2.0;2.0;2.0;1.0;1.0;2.0;2.0;1.0;1.0;;;26009
2012-01;5.0;5.0;5.0;5.0;5.0;5.0;5.0;5.0;5.0;5.0;5.0;5.0;5.0;;;;26009
2014-01;3.0;3.0;2.0;2.0;3.0;2.0;2.0;2.0;2.0;2.0;2.0;;;;;;26009
2015-01;1.0;1.0;1.0;1.0;1.0;1.0;1.0;1.0;1.0;1.0;;;;;;;26009
2016-01;8.0;6.0;5.0;3.0;3.0;3.0;3.0;2.0;2.0;;;;;;;;26009
2017-01;2.0;1.0;1.0;1.0;1.0;1.0;1.0;1.0;;;;;;;;;26009
2018-01;6.0;5.0;4.0;3.0;2.0;1.0;2.0;;;;;;;;;;26009
2019-01;8.0;7.0;6.0;7.0;6.0;6.0;;;;;;;;;;;26009
2020-01;7.0;7.0;7.0;7.0;7.0;;;;;;;;;;;;26009
2021-01;4.0;4.0;4.0;4.0;;;;;;;;;;;;;26009
2022-01;6.0;5.0;6.0;;;;;;;;;;;;;;26009
2023-01;6.0;4.0;;;;;;;;;;;;;;;26009
2024-01;13.0;;;;;;;;;;;;;;;;26009
2009-01;10.0;7.0;8.0;9.0;8.0;4.0;5.0;5.0;2.0;4.0;5.0;5.0;5.0;4.0;5.0;5.0;26003
2010-01;8.0;7.0;7.0;6.0;6.0;6.0;6.0;5.0;5.0;6.0;6.0;5.0;5.0;5.0;7.0;;26003
2011-01;8.0;8.0;8.0;8.0;7.0;7.0;6.0;6.0;6.0;6.0;5.0;5.0;4.0;5.0;;;26003
2012-01;10.0;6.0;5.0;6.0;5.0;5.0;5.0;4.0;4.0;3.0;4.0;5.0;5.0;;;;26003
2013-01;3.0;3.0;2.0;2.0;2.0;2.0;2.0;2.0;1.0;1.0;2.0;2.0;;;;;26003
2014-01;11.0;8.0;7.0;7.0;8.0;7.0;8.0;7.0;7.0;6.0;6.0;;;;;;26003
2015-01;10.0;6.0;6.0;5.0;5.0;5.0;5.0;2.0;3.0;3.0;;;;;;;26003
2016-01;5.0;2.0;2.0;2.0;2.0;3.0;3.0;3.0;3.0;;;;;;;;26003
2017-01;14.0;10.0;9.0;9.0;8.0;8.0;7.0;7.0;;;;;;;;;26003
2018-01;7.0;6.0;5.0;5.0;5.0;4.0;4.0;;;;;;;;;;26003
2019-01;5.0;5.0;4.0;3.0;3.0;3.0;;;;;;;;;;;26003
2020-01;4.0;3.0;2.0;2.0;2.0;;;;;;;;;;;;26003
2021-01;10.0;7.0;7.0;7.0;;;;;;;;;;;;;26003
2022-01;7.0;4.0;4.0;;;;;;;;;;;;;;26003
2023-01;20.0;13.0;;;;;;;;;;;;;;;26003
2024-01;23.0;;;;;;;;;;;;;;;;26003
2009-01;6.0;5.0;6.0;5.0;5.0;4.0;5.0;5.0;5.0;5.0;5.0;4.0;4.0;4.0;4.0;4.0;26008
2010-01;7.0;7.0;4.0;3.0;2.0;1.0;1.0;1.0;1.0;1.0;2.0;2.0;2.0;2.0;2.0;;26008
2011-01;3.0;3.0;1.0;1.0;1.0;1.0;1.0;1.0;1.0;1.0;1.0;1.0;1.0;;;;26008
2012-01;2.0;2.0;1.0;1.0;1.0;1.0;1.0;1.0;1.0;;1.0;1.0;1.0;;;;26008
2013-01;2.0;2.0;1.0;1.0;;;;1.0;1.0;1.0;1.0;1.0;;;;;26008
2014-01;5.0;5.0;4.0;3.0;2.0;2.0;2.0;1.0;1.0;;;;;;;;26008
2015-01;3.0;2.0;1.0;1.0;1.0;;;1.0;1.0;1.0;;;;;;;26008
2017-01;2.0;2.0;1.0;;;;;;;;;;;;;;26008
2018-01;6.0;5.0;4.0;4.0;3.0;3.0;3.0;;;;;;;;;;26008
2019-01;4.0;3.0;;2.0;1.0;1.0;;;;;;;;;;;26008
2020-01;5.0;4.0;3.0;2.0;2.0;;;;;;;;;;;;26008
2021-01;2.0;2.0;2.0;2.0;;;;;;;;;;;;;26008
2022-01;3.0;3.0;2.0;;;;;;;;;;;;;;26008
2023-01;1.0;1.0;;;;;;;;;;;;;;;26008
2024-01;5.0;;;;;;;;;;;;;;;;26008
2009-01;4.0;3.0;3.0;3.0;3.0;3.0;3.0;3.0;2.0;3.0;3.0;3.0;3.0;3.0;3.0;3.0;26005
2011-01;5.0;5.0;5.0;5.0;5.0;5.0;5.0;4.0;3.0;2.0;2.0;2.0;2.0;2.0;;;26005
2013-01;3.0;3.0;3.0;3.0;2.0;2.0;2.0;1.0;2.0;2.0;2.0;1.0;;;;;26005
2014-01;8.0;5.0;5.0;4.0;4.0;4.0;1.0;1.0;1.0;2.0;2.0;;;;;;26005
2015-01;4.0;3.0;1.0;;;1.0;1.0;1.0;1.0;1.0;;;;;;;26005
2016-01;1.0;1.0;1.0;1.0;1.0;;;;;;;;;;;;26005
2017-01;4.0;3.0;3.0;2.0;1.0;1.0;1.0;1.0;;;;;;;;;26005
2018-01;3.0;3.0;3.0;3.0;3.0;2.0;2.0;;;;;;;;;;26005
2019-01;4.0;3.0;1.0;2.0;2.0;1.0;;;;;;;;;;;26005
2020-01;3.0;3.0;3.0;3.0;3.0;;;;;;;;;;;;26005
2021-01;7.0;5.0;5.0;2.0;;;;;;;;;;;;;26005
2022-01;5.0;4.0;4.0;;;;;;;;;;;;;;26005
2023-01;1.0;1.0;;;;;;;;;;;;;;;26005
2024-01;3.0;;;;;;;;;;;;;;;;26005
2009-01;57.0;54.0;48.0;47.0;45.0;43.0;45.0;42.0;41.0;41.0;41.0;29.0;27.0;29.0;25.0;27.0;26010
2010-01;45.0;42.0;39.0;34.0;35.0;31.0;29.0;29.0;29.0;31.0;24.0;22.0;23.0;24.0;25.0;;26010
2011-01;51.0;48.0;43.0;39.0;39.0;38.0;36.0;35.0;35.0;31.0;31.0;27.0;27.0;24.0;;;26010
2012-01;51.0;46.0;46.0;45.0;42.0;39.0;38.0;37.0;34.0;36.0;37.0;34.0;35.0;;;;26010
2013-01;40.0;34.0;32.0;33.0;31.0;27.0;27.0;22.0;22.0;20.0;20.0;20.0;;;;;26010
2014-01;43.0;41.0;37.0;37.0;37.0;37.0;32.0;33.0;31.0;30.0;26.0;;;;;;26010
2015-01;29.0;23.0;23.0;20.0;18.0;16.0;16.0;14.0;15.0;13.0;;;;;;;26010
2016-01;36.0;31.0;30.0;29.0;23.0;27.0;25.0;26.0;25.0;;;;;;;;26010
2017-01;52.0;49.0;44.0;40.0;41.0;43.0;41.0;40.0;;;;;;;;;26010
2018-01;35.0;33.0;23.0;28.0;21.0;19.0;20.0;;;;;;;;;;26010
2019-01;41.0;31.0;25.0;27.0;29.0;27.0;;;;;;;;;;;26010
2020-01;47.0;43.0;40.0;33.0;30.0;;;;;;;;;;;;26010
2021-01;47.0;45.0;36.0;37.0;;;;;;;;;;;;;26010
2022-01;72.0;68.0;62.0;;;;;;;;;;;;;;26010
2023-01;87.0;75.0;;;;;;;;;;;;;;;26010
2024-01;87.0;;;;;;;;;;;;;;;;26010
2009-01;2.0;1.0;2.0;2.0;2.0;2.0;2.0;2.0;2.0;2.0;2.0;2.0;2.0;2.0;2.0;2.0;26002
2010-01;2.0;2.0;2.0;2.0;1.0;1.0;1.0;1.0;1.0;1.0;1.0;;;;;;26002
2011-01;2.0;2.0;2.0;2.0;2.0;2.0;1.0;2.0;2.0;2.0;1.0;1.0;2.0;1.0;;;26002
2012-01;4.0;3.0;3.0;2.0;2.0;2.0;2.0;2.0;2.0;1.0;1.0;1.0;1.0;;;;26002
2013-01;8.0;6.0;5.0;4.0;2.0;1.0;3.0;3.0;3.0;2.0;2.0;2.0;;;;;26002
2014-01;4.0;4.0;3.0;3.0;3.0;2.0;2.0;2.0;1.0;1.0;2.0;;;;;;26002
2015-01;2.0;1.0;1.0;1.0;1.0;1.0;1.0;1.0;1.0;1.0;;;;;;;26002
2016-01;4.0;3.0;3.0;4.0;3.0;3.0;3.0;3.0;3.0;;;;;;;;26002
2018-01;3.0;2.0;2.0;2.0;2.0;2.0;1.0;;;;;;;;;;26002
2019-01;1.0;1.0;1.0;1.0;1.0;1.0;;;;;;;;;;;26002
2020-01;2.0;2.0;1.0;1.0;1.0;;;;;;;;;;;;26002
2021-01;2.0;2.0;2.0;2.0;;;;;;;;;;;;;26002
2022-01;2.0;2.0;1.0;;;;;;;;;;;;;;26002
2023-01;2.0;2.0;;;;;;;;;;;;;;;26002
2024-01;3.0;;;;;;;;;;;;;;;;26002
2009-01;4.0;3.0;3.0;2.0;3.0;3.0;3.0;3.0;3.0;3.0;3.0;2.0;2.0;2.0;2.0;2.0;26007
2010-01;6.0;6.0;5.0;5.0;4.0;4.0;4.0;3.0;3.0;3.0;3.0;3.0;4.0;4.0;2.0;;26007
2014-01;1.0;1.0;1.0;1.0;1.0;1.0;1.0;;1.0;1.0;1.0;;;;;;26007
2015-01;3.0;3.0;2.0;2.0;2.0;2.0;;;;;;;;;;;26007
2016-01;1.0;1.0;1.0;;;;;;;;;;;;;;26007
2017-01;2.0;2.0;2.0;2.0;2.0;2.0;1.0;1.0;;;;;;;;;26007
2018-01;1.0;;;;;;;;;;;;;;;;26007
2022-01;2.0;2.0;2.0;;;;;;;;;;;;;;26007
2009-01;2.0;2.0;2.0;1.0;1.0;1.0;1.0;1.0;1.0;1.0;1.0;1.0;1.0;1.0;1.0;1.0;26004
2010-01;5.0;5.0;4.0;4.0;4.0;4.0;4.0;4.0;3.0;2.0;2.0;2.0;3.0;3.0;3.0;;26004
2011-01;1.0;1.0;1.0;1.0;1.0;1.0;1.0;1.0;1.0;1.0;1.0;1.0;1.0;1.0;;;26004
2012-01;1.0;1.0;1.0;1.0;1.0;1.0;1.0;1.0;1.0;1.0;1.0;1.0;1.0;;;;26004
2013-01;6.0;6.0;5.0;5.0;5.0;5.0;5.0;5.0;5.0;4.0;4.0;4.0;;;;;26004
2014-01;4.0;3.0;3.0;3.0;3.0;2.0;2.0;2.0;2.0;2.0;2.0;;;;;;26004
2015-01;3.0;2.0;2.0;2.0;2.0;2.0;2.0;2.0;1.0;1.0;;;;;;;26004
2016-01;2.0;2.0;2.0;2.0;1.0;1.0;1.0;1.0;1.0;;;;;;;;26004
2017-01;3.0;2.0;2.0;2.0;2.0;2.0;2.0;;;;;;;;;;26004
2018-01;2.0;2.0;1.0;1.0;1.0;1.0;1.0;;;;;;;;;;26004
2020-01;3.0;2.0;2.0;2.0;1.0;;;;;;;;;;;;26004
2022-01;2.0;2.0;2.0;;;;;;;;;;;;;;26004
2023-01;1.0;1.0;;;;;;;;;;;;;;;26004
2024-01;3.0;;;;;;;;;;;;;;;;26004
2010-01;1.0;1.0;1.0;1.0;;;1.0;1.0;;;;;;;;;26012
2011-01;6.0;6.0;6.0;6.0;2.0;2.0;2.0;1.0;;4.0;4.0;4.0;4.0;4.0;;;26012
2012-01;2.0;2.0;1.0;1.0;1.0;1.0;1.0;1.0;1.0;1.0;1.0;1.0;;;;;26012
2013-01;1.0;1.0;;;;;;;;;;;;;;;26012
2014-01;2.0;2.0;2.0;1.0;2.0;1.0;1.0;1.0;1.0;1.0;1.0;;;;;;26012
2015-01;1.0;1.0;1.0;1.0;1.0;1.0;1.0;1.0;1.0;1.0;;;;;;;26012
2016-01;1.0;1.0;;;;;;;;;;;;;;;26012
2018-01;2.0;2.0;2.0;2.0;2.0;2.0;1.0;;;;;;;;;;26012
2019-01;1.0;1.0;1.0;1.0;;;;;;;;;;;;;26012
2020-01;2.0;1.0;;;;;;;;;;;;;;;26012
2021-01;1.0;1.0;1.0;1.0;;;;;;;;;;;;;26012
2022-01;4.0;4.0;3.0;;;;;;;;;;;;;;26012
2023-01;1.0;1.0;;;;;;;;;;;;;;;26012
2024-01;4.0;;;;;;;;;;;;;;;;26012
2009-01;7.0;6.0;5.0;4.0;4.0;3.0;3.0;3.0;3.0;3.0;2.0;2.0;2.0;2.0;2.0;2.0;26006
2010-01;7.0;7.0;7.0;6.0;6.0;5.0;5.0;5.0;6.0;5.0;6.0;5.0;5.0;5.0;5.0;;26006
2011-01;5.0;4.0;2.0;3.0;3.0;3.0;3.0;2.0;2.0;3.0;2.0;2.0;2.0;2.0;;;26006
2012-01;6.0;5.0;4.0;2.0;2.0;1.0;1.0;1.0;1.0;1.0;1.0;1.0;2.0;;;;26006
2013-01;3.0;2.0;1.0;1.0;;;;;;1.0;1.0;1.0;;;;;26006
2014-01;5.0;5.0;5.0;4.0;4.0;5.0;5.0;3.0;3.0;4.0;3.0;;;;;;26006
2015-01;2.0;2.0;2.0;2.0;2.0;1.0;1.0;1.0;1.0;1.0;;;;;;;26006
2016-01;1.0;1.0;1.0;1.0;1.0;1.0;1.0;1.0;1.0;;;;;;;;26006
2017-01;3.0;3.0;3.0;2.0;2.0;2.0;2.0;2.0;;;;;;;;;26006
2018-01;11.0;9.0;8.0;8.0;8.0;8.0;8.0;;;;;;;;;;26006
2019-01;3.0;2.0;1.0;1.0;2.0;1.0;;;;;;;;;;;26006
2020-01;2.0;2.0;2.0;2.0;2.0;;;;;;;;;;;;26006
2022-01;3.0;3.0;1.0;;;;;;;;;;;;;;26006
2023-01;6.0;5.0;;;;;;;;;;;;;;;26006
2024-01;9.0;;;;;;;;;;;;;;;;26006
2009-01;1.0;1.0;;1.0;1.0;1.0;1.0;;;;;;;;;;26011
2011-01;3.0;2.0;2.0;;1.0;1.0;1.0;1.0;1.0;1.0;1.0;1.0;1.0;1.0;;;26011
2013-01;2.0;2.0;2.0;2.0;1.0;1.0;1.0;1.0;1.0;1.0;1.0;1.0;;;;;26011
2014-01;1.0;1.0;1.0;1.0;;;;;;;;;;;;;26011
2017-01;1.0;1.0;;;;;;;;;;;;;;;26011
2018-01;4.0;3.0;3.0;3.0;2.0;2.0;2.0;;;;;;;;;;26011
2020-01;2.0;1.0;1.0;1.0;;;;;;;;;;;;;26011
2021-01;1.0;1.0;1.0;;;;;;;;;;;;;;26011
2023-01;1.0;;;;;;;;;;;;;;;;26011
2024-01;1.0;;;;;;;;;;;;;;;;26011
2010-01;1.0;1.0;1.0;1.0;1.0;1.0;1.0;1.0;1.0;1.0;1.0;1.0;1.0;1.0;1.0;;22007
2012-01;1.0;1.0;;;;;;;;;;;;;;;22007
2014-01;1.0;;;;;;;;;;;;;;;;22007
2015-01;3.0;2.0;2.0;2.0;2.0;1.0;1.0;1.0;1.0;1.0;;;;;;;22007
2017-01;1.0;;;;;;;;;;;;;;;;22007
2019-01;2.0;1.0;1.0;1.0;1.0;1.0;;;;;;;;;;;22007
2023-01;2.0;;;;;;;;;;;;;;;;22007
2010-01;1.0;1.0;;;;;;;;;;;;;;;22011
2012-01;3.0;3.0;1.0;2.0;2.0;2.0;2.0;2.0;2.0;2.0;2.0;2.0;2.0;;;;22011
2013-01;2.0;2.0;2.0;2.0;2.0;2.0;2.0;2.0;;2.0;1.0;1.0;;;;;22011
2014-01;8.0;6.0;6.0;5.0;4.0;3.0;3.0;2.0;1.0;1.0;2.0;;;;;;22011
2015-01;2.0;1.0;;;;;;;;;;;;;;;22011
2016-01;2.0;;;;;;;;1.0;;;;;;;;22011
2017-01;6.0;3.0;2.0;3.0;2.0;1.0;1.0;1.0;;;;;;;;;22011
2018-01;3.0;3.0;3.0;2.0;2.0;2.0;1.0;;;;;;;;;;22011
2020-01;2.0;2.0;2.0;2.0;1.0;;;;;;;;;;;;22011
2021-01;5.0;5.0;4.0;3.0;;;;;;;;;;;;;22011
2022-01;2.0;2.0;2.0;;;;;;;;;;;;;;22011
2023-01;1.0;1.0;;;;;;;;;;;;;;;22011
2024-01;4.0;;;;;;;;;;;;;;;;22011
2009-01;3.0;2.0;2.0;1.0;;;;;;;;;;;;;22003
2010-01;6.0;6.0;5.0;3.0;2.0;2.0;2.0;2.0;2.0;2.0;2.0;2.0;2.0;2.0;2.0;;22003
2011-01;6.0;6.0;5.0;4.0;4.0;4.0;3.0;3.0;3.0;3.0;3.0;3.0;3.0;3.0;;;22003
2012-01;4.0;3.0;2.0;;;;;;;;;;;;;;22003
2013-01;3.0;3.0;3.0;3.0;1.0;1.0;1.0;1.0;1.0;1.0;2.0;2.0;;;;;22003
2014-01;9.0;8.0;7.0;7.0;5.0;5.0;5.0;5.0;6.0;6.0;7.0;;;;;;22003
2015-01;5.0;3.0;4.0;3.0;3.0;3.0;3.0;3.0;2.0;2.0;;;;;;;22003
2016-01;2.0;2.0;2.0;2.0;2.0;2.0;1.0;2.0;1.0;;;;;;;;22003
2017-01;6.0;6.0;5.0;5.0;4.0;3.0;2.0;2.0;;;;;;;;;22003
2018-01;6.0;5.0;4.0;2.0;4.0;4.0;4.0;;;;;;;;;;22003
2019-01;5.0;4.0;4.0;4.0;2.0;2.0;;;;;;;;;;;22003
2020-01;2.0;1.0;1.0;1.0;2.0;;;;;;;;;;;;22003
2021-01;1.0;1.0;1.0;;;;;;;;;;;;;;22003
2022-01;6.0;6.0;3.0;;;;;;;;;;;;;;22003
2023-01;4.0;2.0;;;;;;;;;;;;;;;22003
2024-01;5.0;;;;;;;;;;;;;;;;22003
2010-01;1.0;1.0;1.0;1.0;;1.0;1.0;1.0;1.0;1.0;1.0;1.0;;;;;22002
2011-01;1.0;1.0;1.0;1.0;1.0;1.0;1.0;1.0;1.0;;;;;;;;22002
2012-01;1.0;1.0;1.0;1.0;1.0;1.0;1.0;1.0;1.0;1.0;1.0;1.0;1.0;;;;22002
2013-01;1.0;1.0;1.0;1.0;1.0;1.0;1.0;1.0;1.0;1.0;1.0;1.0;;;;;22002
2014-01;2.0;2.0;1.0;1.0;1.0;1.0;1.0;2.0;2.0;2.0;2.0;;;;;;22002
2015-01;1.0;;;;;;;;;;;;;;;;22002
2016-01;1.0;;;;;;;;;;;;;;;;22002
2017-01;1.0;1.0;1.0;1.0;1.0;1.0;1.0;1.0;;;;;;;;;22002
2018-01;1.0;1.0;1.0;;;;;;;;;;;;;;22002
2019-01;1.0;1.0;1.0;;1.0;1.0;;;;;;;;;;;22002
2020-01;2.0;2.0;1.0;1.0;1.0;;;;;;;;;;;;22002
2021-01;2.0;2.0;2.0;2.0;;;;;;;;;;;;;22002
2024-01;2.0;;;;;;;;;;;;;;;;22002
2009-01;2.0;2.0;2.0;2.0;1.0;1.0;1.0;;;1.0;1.0;1.0;1.0;1.0;1.0;;22005
2010-01;4.0;4.0;4.0;4.0;4.0;3.0;3.0;3.0;3.0;3.0;3.0;3.0;3.0;2.0;2.0;;22005
2011-01;3.0;1.0;1.0;1.0;1.0;1.0;1.0;1.0;1.0;1.0;1.0;1.0;1.0;1.0;;;22005
2012-01;3.0;3.0;1.0;1.0;;1.0;1.0;1.0;1.0;1.0;1.0;1.0;1.0;;;;22005
2013-01;1.0;1.0;1.0;1.0;;;;;;;;;;;;;22005
2014-01;4.0;1.0;1.0;1.0;1.0;1.0;1.0;;;;;;;;;;22005
2015-01;4.0;2.0;2.0;2.0;2.0;2.0;2.0;2.0;1.0;1.0;;;;;;;22005
2016-01;5.0;4.0;3.0;3.0;2.0;2.0;1.0;1.0;2.0;;;;;;;;22005
2017-01;3.0;3.0;3.0;3.0;3.0;3.0;3.0;3.0;;;;;;;;;22005
2018-01;2.0;1.0;1.0;1.0;1.0;1.0;;;;;;;;;;;22005
2019-01;1.0;1.0;1.0;;;;;;;;;;;;;;22005
2021-01;2.0;2.0;2.0;2.0;;;;;;;;;;;;;22005
2022-01;3.0;3.0;2.0;;;;;;;;;;;;;;22005
2023-01;2.0;2.0;;;;;;;;;;;;;;;22005
2024-01;2.0;;;;;;;;;;;;;;;;22005
2009-01;7.0;6.0;5.0;4.0;3.0;3.0;3.0;4.0;4.0;4.0;4.0;4.0;4.0;4.0;4.0;4.0;22009
2010-01;3.0;3.0;3.0;3.0;3.0;3.0;3.0;3.0;3.0;3.0;3.0;3.0;3.0;3.0;3.0;;22009
2011-01;1.0;1.0;1.0;1.0;1.0;1.0;1.0;1.0;1.0;1.0;1.0;1.0;1.0;1.0;;;22009
2012-01;7.0;6.0;3.0;4.0;3.0;3.0;3.0;3.0;4.0;4.0;4.0;2.0;3.0;;;;22009
2013-01;2.0;;1.0;1.0;1.0;1.0;1.0;1.0;1.0;1.0;1.0;1.0;;;;;22009
2014-01;7.0;3.0;2.0;2.0;1.0;1.0;1.0;1.0;1.0;1.0;1.0;;;;;;22009
2015-01;10.0;6.0;3.0;3.0;3.0;2.0;2.0;1.0;;;;;;;;;22009
2016-01;9.0;6.0;5.0;4.0;2.0;2.0;1.0;1.0;1.0;;;;;;;;22009
2017-01;7.0;5.0;5.0;5.0;4.0;4.0;2.0;2.0;;;;;;;;;22009
2018-01;8.0;7.0;7.0;6.0;5.0;2.0;2.0;;;;;;;;;;22009
2019-01;2.0;2.0;1.0;1.0;1.0;1.0;;;;;;;;;;;22009
2020-01;4.0;4.0;2.0;3.0;2.0;;;;;;;;;;;;22009
2021-01;3.0;3.0;3.0;3.0;;;;;;;;;;;;;22009
2022-01;8.0;5.0;3.0;;;;;;;;;;;;;;22009
2023-01;3.0;1.0;;;;;;;;;;;;;;;22009
2024-01;5.0;;;;;;;;;;;;;;;;22009
2010-01;1.0;1.0;1.0;1.0;1.0;1.0;1.0;1.0;1.0;1.0;1.0;;1.0;1.0;1.0;;22001
2011-01;2.0;2.0;2.0;1.0;1.0;1.0;1.0;1.0;1.0;1.0;1.0;1.0;1.0;1.0;;;22001
2012-01;2.0;1.0;1.0;1.0;1.0;1.0;1.0;;;;;1.0;1.0;;;;22001
2013-01;1.0;1.0;1.0;1.0;;;;;;;;;;;;;22001
2014-01;6.0;5.0;3.0;3.0;3.0;3.0;3.0;3.0;3.0;3.0;3.0;;;;;;22001
2016-01;1.0;;;;;;;;;;;;;;;;22001
2017-01;5.0;4.0;4.0;3.0;3.0;3.0;2.0;2.0;;;;;;;;;22001
2018-01;4.0;4.0;4.0;3.0;3.0;2.0;2.0;;;;;;;;;;22001
2019-01;2.0;2.0;;1.0;1.0;1.0;;;;;;;;;;;22001
2022-01;7.0;7.0;6.0;;;;;;;;;;;;;;22001
2023-01;2.0;2.0;;;;;;;;;;;;;;;22001
2010-01;2.0;2.0;2.0;1.0;1.0;1.0;;;;;;;1.0;1.0;1.0;;22010
2013-01;1.0;1.0;1.0;;1.0;;;;;;;;;;;;22010
2014-01;1.0;1.0;1.0;1.0;1.0;1.0;1.0;1.0;1.0;1.0;1.0;;;;;;22010
2016-01;2.0;2.0;1.0;1.0;1.0;1.0;1.0;1.0;1.0;;;;;;;;22010
2017-01;2.0;2.0;2.0;2.0;1.0;1.0;1.0;1.0;;;;;;;;;22010
2018-01;3.0;3.0;3.0;2.0;1.0;;;;;;;;;;;;22010
2019-01;1.0;1.0;1.0;1.0;1.0;1.0;;;;;;;;;;;22010
2022-01;3.0;2.0;1.0;;;;;;;;;;;;;;22010
2023-01;3.0;2.0;;;;;;;;;;;;;;;22010
2010-01;1.0;1.0;1.0;1.0;1.0;1.0;1.0;1.0;1.0;1.0;1.0;1.0;1.0;1.0;1.0;;22008
2013-01;1.0;1.0;1.0;;;;;;;;;;;;;;22008
2014-01;7.0;5.0;4.0;3.0;2.0;3.0;3.0;2.0;2.0;1.0;2.0;;;;;;22008
2015-01;1.0;1.0;1.0;1.0;1.0;;;;;;;;;;;;22008
2016-01;3.0;3.0;3.0;3.0;3.0;3.0;3.0;2.0;2.0;;;;;;;;22008
2017-01;2.0;2.0;2.0;2.0;2.0;2.0;2.0;2.0;;;;;;;;;22008
2018-01;2.0;2.0;2.0;1.0;1.0;1.0;1.0;;;;;;;;;;22008
2020-01;3.0;3.0;3.0;3.0;3.0;;;;;;;;;;;;22008
2023-01;1.0;1.0;;;;;;;;;;;;;;;22008
2024-01;1.0;;;;;;;;;;;;;;;;22008
2009-01;15.0;14.0;13.0;13.0;11.0;11.0;11.0;11.0;10.0;9.0;8.0;4.0;5.0;5.0;6.0;6.0;22004
2010-01;12.0;12.0;12.0;12.0;10.0;10.0;10.0;10.0;10.0;10.0;10.0;9.0;9.0;9.0;9.0;;22004
2011-01;24.0;23.0;20.0;20.0;19.0;19.0;15.0;14.0;14.0;9.0;9.0;12.0;12.0;12.0;;;22004
2012-01;20.0;15.0;13.0;13.0;13.0;13.0;10.0;10.0;10.0;10.0;9.0;8.0;8.0;;;;22004
2013-01;33.0;31.0;31.0;31.0;30.0;29.0;28.0;26.0;21.0;23.0;22.0;22.0;;;;;22004
2014-01;10.0;8.0;6.0;6.0;6.0;5.0;2.0;4.0;4.0;3.0;3.0;;;;;;22004
2015-01;27.0;27.0;25.0;21.0;19.0;14.0;14.0;15.0;12.0;12.0;;;;;;;22004
2016-01;27.0;23.0;24.0;20.0;10.0;16.0;14.0;16.0;15.0;;;;;;;;22004
2017-01;15.0;13.0;10.0;4.0;3.0;5.0;5.0;6.0;;;;;;;;;22004
2018-01;15.0;14.0;10.0;11.0;10.0;10.0;9.0;;;;;;;;;;22004
2019-01;15.0;12.0;9.0;9.0;8.0;8.0;;;;;;;;;;;22004
2020-01;15.0;13.0;11.0;12.0;8.0;;;;;;;;;;;;22004
2021-01;18.0;17.0;16.0;14.0;;;;;;;;;;;;;22004
2022-01;24.0;22.0;17.0;;;;;;;;;;;;;;22004
2023-01;22.0;21.0;;;;;;;;;;;;;;;22004
2024-01;28.0;;;;;;;;;;;;;;;;22004
2009-01;1.0;1.0;1.0;1.0;1.0;1.0;1.0;1.0;1.0;1.0;1.0;1.0;1.0;1.0;1.0;1.0;22006
2010-01;2.0;2.0;1.0;1.0;2.0;2.0;1.0;1.0;1.0;1.0;1.0;1.0;1.0;1.0;1.0;;22006
2011-01;1.0;1.0;;;;;;;;;;;;;;;22006
2012-01;1.0;1.0;;;;;;;;;;;;;;;22006
2013-01;1.0;1.0;1.0;1.0;1.0;1.0;1.0;1.0;1.0;1.0;1.0;1.0;;;;;22006
2014-01;6.0;5.0;6.0;5.0;3.0;3.0;3.0;3.0;4.0;4.0;4.0;;;;;;22006
2015-01;2.0;;;;;;;;;;;;;;;;22006
2016-01;1.0;1.0;1.0;1.0;1.0;1.0;1.0;1.0;1.0;;;;;;;;22006
2017-01;2.0;2.0;2.0;2.0;2.0;2.0;2.0;1.0;;;;;;;;;22006
2018-01;2.0;2.0;1.0;1.0;;1.0;2.0;;;;;;;;;;22006
2019-01;1.0;1.0;;1.0;;;;;;;;;;;;;22006
2022-01;2.0;2.0;2.0;;;;;;;;;;;;;;22006
2024-01;2.0;;;;;;;;;;;;;;;;22006
2009-01;55.0;50.0;45.0;41.0;40.0;37.0;36.0;34.0;32.0;32.0;30.0;29.0;30.0;32.0;31.0;31.0;41002
2010-01;28.0;23.0;22.0;20.0;18.0;18.0;19.0;15.0;16.0;15.0;14.0;15.0;15.0;15.0;16.0;;41002
2011-01;41.0;36.0;29.0;30.0;28.0;30.0;30.0;27.0;27.0;28.0;27.0;27.0;27.0;27.0;;;41002
2012-01;22.0;17.0;16.0;13.0;13.0;10.0;10.0;12.0;12.0;12.0;10.0;10.0;10.0;;;;41002
2013-01;29.0;26.0;23.0;22.0;21.0;20.0;17.0;17.0;18.0;17.0;17.0;17.0;;;;;41002
2014-01;39.0;35.0;31.0;29.0;27.0;25.0;24.0;21.0;21.0;21.0;22.0;;;;;;41002
2015-01;28.0;23.0;19.0;18.0;16.0;17.0;17.0;17.0;17.0;16.0;;;;;;;41002
2016-01;32.0;27.0;25.0;26.0;23.0;23.0;22.0;22.0;22.0;;;;;;;;41002
2017-01;24.0;18.0;16.0;11.0;14.0;14.0;14.0;15.0;;;;;;;;;41002
2018-01;31.0;28.0;23.0;23.0;23.0;21.0;19.0;;;;;;;;;;41002
2019-01;35.0;32.0;30.0;29.0;29.0;29.0;;;;;;;;;;;41002
2020-01;46.0;38.0;40.0;37.0;31.0;;;;;;;;;;;;41002
2021-01;41.0;37.0;36.0;29.0;;;;;;;;;;;;;41002
2022-01;84.0;74.0;66.0;;;;;;;;;;;;;;41002
2023-01;35.0;25.0;;;;;;;;;;;;;;;41002
2024-01;74.0;;;;;;;;;;;;;;;;41002
2009-01;5.0;4.0;3.0;2.0;2.0;2.0;2.0;2.0;2.0;2.0;2.0;1.0;1.0;1.0;2.0;2.0;41012
2010-01;4.0;4.0;3.0;3.0;3.0;3.0;3.0;2.0;2.0;1.0;1.0;1.0;1.0;1.0;;;41012
2011-01;2.0;2.0;2.0;2.0;2.0;2.0;2.0;2.0;2.0;2.0;2.0;2.0;2.0;2.0;;;41012
2012-01;5.0;4.0;4.0;2.0;2.0;2.0;2.0;2.0;2.0;2.0;2.0;1.0;1.0;;;;41012
2013-01;4.0;3.0;3.0;3.0;3.0;2.0;3.0;2.0;2.0;3.0;3.0;3.0;;;;;41012
2014-01;5.0;5.0;5.0;4.0;5.0;5.0;5.0;5.0;5.0;5.0;4.0;;;;;;41012
2015-01;5.0;4.0;5.0;3.0;2.0;2.0;1.0;2.0;2.0;;;;;;;;41012
2016-01;4.0;4.0;4.0;4.0;4.0;4.0;4.0;4.0;4.0;;;;;;;;41012
2017-01;7.0;7.0;7.0;7.0;7.0;7.0;7.0;6.0;;;;;;;;;41012
2018-01;7.0;7.0;7.0;7.0;5.0;5.0;5.0;;;;;;;;;;41012
2019-01;3.0;3.0;3.0;3.0;3.0;3.0;;;;;;;;;;;41012
2020-01;3.0;3.0;2.0;2.0;2.0;;;;;;;;;;;;41012
2021-01;3.0;2.0;2.0;3.0;;;;;;;;;;;;;41012
2022-01;6.0;4.0;4.0;;;;;;;;;;;;;;41012
2023-01;6.0;3.0;;;;;;;;;;;;;;;41012
2024-01;12.0;;;;;;;;;;;;;;;;41012
2009-01;3.0;1.0;1.0;1.0;;;;;;;;;;;;;41014
2010-01;3.0;3.0;2.0;3.0;3.0;2.0;2.0;1.0;1.0;1.0;1.0;1.0;1.0;1.0;1.0;;41014
2011-01;2.0;2.0;1.0;1.0;;1.0;1.0;1.0;1.0;1.0;1.0;;1.0;1.0;;;41014
2012-01;7.0;6.0;4.0;4.0;2.0;2.0;2.0;2.0;2.0;2.0;3.0;3.0;3.0;;;;41014
2013-01;2.0;2.0;2.0;2.0;2.0;2.0;2.0;1.0;1.0;1.0;2.0;2.0;;;;;41014
2014-01;3.0;3.0;3.0;3.0;2.0;2.0;2.0;2.0;1.0;1.0;1.0;;;;;;41014
2015-01;2.0;2.0;1.0;1.0;1.0;1.0;1.0;1.0;1.0;1.0;;;;;;;41014
2016-01;3.0;3.0;3.0;3.0;2.0;2.0;2.0;2.0;1.0;;;;;;;;41014
2017-01;6.0;5.0;4.0;4.0;4.0;5.0;5.0;4.0;;;;;;;;;41014
2018-01;2.0;2.0;;1.0;1.0;1.0;1.0;;;;;;;;;;41014
2019-01;2.0;1.0;1.0;1.0;;;;;;;;;;;;;41014
2020-01;5.0;4.0;4.0;3.0;2.0;;;;;;;;;;;;41014
2022-01;2.0;;;;;;;;;;;;;;;;41014
2023-01;6.0;5.0;;;;;;;;;;;;;;;41014
2024-01;2.0;;;;;;;;;;;;;;;;41014
2009-01;23.0;20.0;18.0;14.0;14.0;13.0;13.0;13.0;13.0;13.0;13.0;13.0;12.0;11.0;11.0;11.0;41017
2010-01;16.0;14.0;11.0;10.0;9.0;8.0;8.0;8.0;9.0;8.0;7.0;6.0;6.0;6.0;6.0;;41017
2011-01;11.0;10.0;6.0;8.0;5.0;5.0;5.0;4.0;4.0;4.0;6.0;6.0;6.0;6.0;;;41017
2012-01;3.0;2.0;2.0;2.0;2.0;2.0;2.0;2.0;2.0;2.0;2.0;2.0;2.0;;;;41017
2013-01;10.0;8.0;7.0;5.0;5.0;5.0;5.0;4.0;6.0;4.0;4.0;4.0;;;;;41017
2014-01;8.0;7.0;7.0;5.0;6.0;6.0;6.0;6.0;6.0;4.0;4.0;;;;;;41017
2015-01;7.0;7.0;6.0;6.0;6.0;5.0;5.0;5.0;4.0;5.0;;;;;;;41017
2016-01;11.0;11.0;10.0;10.0;10.0;10.0;10.0;9.0;8.0;;;;;;;;41017
2017-01;7.0;7.0;7.0;5.0;5.0;4.0;3.0;3.0;;;;;;;;;41017
2018-01;8.0;7.0;6.0;5.0;5.0;3.0;3.0;;;;;;;;;;41017
2019-01;10.0;8.0;7.0;7.0;7.0;7.0;;;;;;;;;;;41017
2020-01;9.0;9.0;8.0;8.0;6.0;;;;;;;;;;;;41017
2021-01;9.0;6.0;5.0;4.0;;;;;;;;;;;;;41017
2022-01;10.0;6.0;3.0;;;;;;;;;;;;;;41017
2023-01;11.0;8.0;;;;;;;;;;;;;;;41017
2024-01;12.0;;;;;;;;;;;;;;;;41017
2009-01;2.0;1.0;;;;;;;;;;;;;;;41018
2010-01;4.0;3.0;2.0;2.0;2.0;2.0;1.0;1.0;1.0;1.0;;;;;;;41018
2011-01;6.0;6.0;5.0;4.0;3.0;3.0;3.0;3.0;3.0;2.0;1.0;1.0;1.0;1.0;;;41018
2012-01;2.0;2.0;2.0;2.0;2.0;2.0;2.0;1.0;1.0;1.0;1.0;1.0;1.0;;;;41018
2013-01;2.0;2.0;2.0;1.0;;;;;;;;;;;;;41018
2014-01;4.0;3.0;3.0;3.0;3.0;3.0;3.0;3.0;3.0;3.0;3.0;;;;;;41018
2015-01;1.0;1.0;1.0;1.0;1.0;1.0;1.0;1.0;1.0;1.0;;;;;;;41018
2016-01;5.0;4.0;3.0;3.0;2.0;2.0;1.0;2.0;2.0;;;;;;;;41018
2017-01;4.0;4.0;4.0;4.0;4.0;3.0;3.0;2.0;;;;;;;;;41018
2018-01;4.0;4.0;4.0;3.0;3.0;3.0;3.0;;;;;;;;;;41018
2019-01;3.0;3.0;3.0;2.0;2.0;2.0;;;;;;;;;;;41018
2020-01;1.0;1.0;1.0;1.0;1.0;;;;;;;;;;;;41018
2021-01;1.0;;;;;;;;;;;;;;;;41018
2022-01;3.0;3.0;2.0;;;;;;;;;;;;;;41018
2023-01;2.0;2.0;;;;;;;;;;;;;;;41018
2024-01;1.0;;;;;;;;;;;;;;;;41018
2009-01;3.0;3.0;3.0;2.0;2.0;2.0;2.0;2.0;2.0;2.0;2.0;2.0;2.0;2.0;2.0;2.0;41016
2010-01;9.0;8.0;8.0;5.0;5.0;5.0;5.0;5.0;5.0;5.0;5.0;5.0;4.0;4.0;4.0;;41016
2011-01;5.0;4.0;4.0;4.0;4.0;4.0;3.0;3.0;3.0;3.0;3.0;3.0;3.0;2.0;;;41016
2012-01;3.0;3.0;3.0;3.0;3.0;3.0;3.0;3.0;2.0;2.0;1.0;2.0;2.0;;;;41016
2013-01;6.0;6.0;5.0;5.0;4.0;4.0;3.0;2.0;2.0;2.0;3.0;;;;;;41016
2014-01;4.0;4.0;4.0;3.0;3.0;3.0;3.0;2.0;2.0;2.0;2.0;;;;;;41016
2015-01;3.0;3.0;3.0;2.0;1.0;1.0;1.0;1.0;1.0;1.0;;;;;;;41016
2016-01;5.0;4.0;3.0;2.0;2.0;2.0;2.0;2.0;3.0;;;;;;;;41016
2017-01;5.0;4.0;5.0;4.0;4.0;4.0;4.0;4.0;;;;;;;;;41016
2018-01;3.0;3.0;2.0;2.0;2.0;2.0;2.0;;;;;;;;;;41016
2019-01;5.0;5.0;4.0;4.0;4.0;3.0;;;;;;;;;;;41016
2020-01;3.0;3.0;3.0;3.0;3.0;;;;;;;;;;;;41016
2021-01;3.0;3.0;3.0;1.0;;;;;;;;;;;;;41016
2022-01;5.0;4.0;5.0;;;;;;;;;;;;;;41016
2023-01;6.0;4.0;;;;;;;;;;;;;;;41016
2024-01;7.0;;;;;;;;;;;;;;;;41016
2009-01;4.0;4.0;4.0;4.0;4.0;4.0;3.0;4.0;3.0;2.0;3.0;3.0;3.0;3.0;3.0;3.0;41011
2010-01;3.0;3.0;2.0;2.0;1.0;1.0;1.0;1.0;;;1.0;1.0;1.0;1.0;1.0;;41011
2011-01;2.0;2.0;2.0;2.0;2.0;2.0;2.0;2.0;2.0;2.0;2.0;2.0;2.0;2.0;;;41011
2012-01;5.0;5.0;4.0;3.0;3.0;3.0;1.0;2.0;2.0;2.0;1.0;1.0;1.0;;;;41011
2013-01;7.0;6.0;5.0;5.0;5.0;5.0;5.0;5.0;5.0;5.0;5.0;5.0;;;;;41011
2014-01;3.0;2.0;3.0;3.0;3.0;3.0;3.0;3.0;3.0;3.0;2.0;;;;;;41011
2015-01;6.0;4.0;4.0;4.0;4.0;3.0;3.0;3.0;1.0;3.0;;;;;;;41011
2016-01;2.0;1.0;;;;;1.0;1.0;1.0;;;;;;;;41011
2017-01;1.0;;1.0;1.0;1.0;1.0;1.0;1.0;;;;;;;;;41011
2018-01;5.0;5.0;5.0;5.0;4.0;4.0;4.0;;;;;;;;;;41011
2019-01;7.0;6.0;6.0;6.0;5.0;5.0;;;;;;;;;;;41011
2020-01;3.0;3.0;3.0;3.0;3.0;;;;;;;;;;;;41011
2021-01;5.0;4.0;3.0;2.0;;;;;;;;;;;;;41011
2022-01;7.0;6.0;6.0;;;;;;;;;;;;;;41011
2023-01;5.0;3.0;;;;;;;;;;;;;;;41011
2024-01;14.0;;;;;;;;;;;;;;;;41011
2009-01;1.0;1.0;1.0;1.0;1.0;1.0;1.0;1.0;1.0;1.0;1.0;1.0;1.0;1.0;1.0;1.0;41020
2010-01;4.0;4.0;4.0;4.0;4.0;4.0;3.0;3.0;3.0;3.0;3.0;3.0;3.0;2.0;2.0;;41020
2011-01;3.0;3.0;3.0;3.0;3.0;3.0;3.0;3.0;3.0;3.0;3.0;3.0;3.0;3.0;;;41020
2012-01;3.0;3.0;2.0;2.0;2.0;2.0;2.0;1.0;;;;;1.0;;;;41020
2013-01;4.0;4.0;4.0;4.0;4.0;4.0;4.0;4.0;3.0;3.0;3.0;3.0;;;;;41020
2014-01;2.0;2.0;1.0;1.0;1.0;1.0;1.0;1.0;1.0;1.0;1.0;;;;;;41020
2015-01;3.0;3.0;3.0;3.0;3.0;3.0;3.0;2.0;2.0;2.0;;;;;;;41020
2017-01;3.0;2.0;2.0;2.0;2.0;2.0;2.0;2.0;;;;;;;;;41020
2018-01;7.0;6.0;6.0;5.0;5.0;5.0;4.0;;;;;;;;;;41020
2019-01;6.0;5.0;4.0;4.0;4.0;4.0;;;;;;;;;;;41020
2020-01;7.0;5.0;6.0;6.0;6.0;;;;;;;;;;;;41020
2021-01;10.0;6.0;6.0;4.0;;;;;;;;;;;;;41020
2022-01;5.0;5.0;4.0;;;;;;;;;;;;;;41020
2023-01;5.0;3.0;;;;;;;;;;;;;;;41020
2024-01;18.0;;;;;;;;;;;;;;;;41020
2009-01;24.0;22.0;20.0;17.0;15.0;13.0;13.0;14.0;13.0;13.0;11.0;11.0;11.0;11.0;13.0;12.0;41015
2010-01;9.0;7.0;6.0;5.0;6.0;6.0;5.0;5.0;5.0;4.0;4.0;4.0;4.0;4.0;4.0;;41015
2011-01;13.0;12.0;11.0;9.0;9.0;9.0;8.0;8.0;8.0;7.0;6.0;7.0;7.0;7.0;;;41015
2012-01;12.0;12.0;11.0;11.0;11.0;10.0;10.0;10.0;10.0;10.0;10.0;8.0;7.0;;;;41015
2013-01;9.0;6.0;4.0;4.0;4.0;3.0;4.0;3.0;1.0;2.0;3.0;3.0;;;;;41015
2014-01;16.0;15.0;13.0;10.0;10.0;9.0;9.0;8.0;6.0;7.0;5.0;;;;;;41015
2015-01;16.0;14.0;13.0;12.0;9.0;9.0;8.0;7.0;7.0;7.0;;;;;;;41015
2016-01;13.0;12.0;12.0;12.0;11.0;11.0;10.0;10.0;10.0;;;;;;;;41015
2017-01;10.0;8.0;5.0;5.0;6.0;6.0;7.0;6.0;;;;;;;;;41015
2018-01;6.0;6.0;5.0;4.0;5.0;5.0;4.0;;;;;;;;;;41015
2019-01;8.0;7.0;6.0;6.0;6.0;6.0;;;;;;;;;;;41015
2020-01;12.0;11.0;11.0;10.0;9.0;;;;;;;;;;;;41015
2021-01;14.0;13.0;12.0;12.0;;;;;;;;;;;;;41015
2022-01;17.0;13.0;13.0;;;;;;;;;;;;;;41015
2023-01;23.0;16.0;;;;;;;;;;;;;;;41015
2024-01;12.0;;;;;;;;;;;;;;;;41015
2009-01;9.0;5.0;6.0;6.0;6.0;6.0;6.0;2.0;4.0;4.0;4.0;4.0;4.0;3.0;2.0;3.0;41008
2010-01;8.0;5.0;3.0;3.0;4.0;4.0;3.0;2.0;2.0;2.0;2.0;2.0;2.0;2.0;2.0;;41008
2011-01;5.0;3.0;3.0;3.0;3.0;3.0;4.0;4.0;4.0;4.0;4.0;4.0;4.0;4.0;;;41008
2012-01;5.0;5.0;3.0;3.0;2.0;2.0;3.0;3.0;3.0;3.0;3.0;3.0;4.0;;;;41008
2013-01;2.0;2.0;2.0;1.0;1.0;1.0;1.0;1.0;1.0;1.0;1.0;1.0;;;;;41008
2014-01;8.0;7.0;7.0;8.0;8.0;7.0;7.0;6.0;5.0;7.0;8.0;;;;;;41008
2015-01;1.0;1.0;1.0;1.0;1.0;1.0;1.0;;;;;;;;;;41008
2016-01;5.0;5.0;3.0;3.0;2.0;2.0;2.0;2.0;2.0;;;;;;;;41008
2017-01;2.0;2.0;2.0;2.0;2.0;2.0;2.0;1.0;;;;;;;;;41008
2018-01;1.0;1.0;1.0;1.0;1.0;1.0;1.0;;;;;;;;;;41008
2019-01;5.0;3.0;2.0;2.0;2.0;1.0;;;;;;;;;;;41008
2020-01;3.0;3.0;3.0;3.0;3.0;;;;;;;;;;;;41008
2021-01;5.0;3.0;4.0;4.0;;;;;;;;;;;;;41008
2022-01;5.0;3.0;3.0;;;;;;;;;;;;;;41008
2023-01;3.0;2.0;;;;;;;;;;;;;;;41008
2024-01;9.0;;;;;;;;;;;;;;;;41008
2009-01;11.0;10.0;9.0;8.0;6.0;6.0;6.0;6.0;6.0;5.0;5.0;5.0;5.0;5.0;5.0;5.0;41010
2010-01;2.0;2.0;1.0;1.0;1.0;1.0;1.0;;1.0;1.0;1.0;1.0;;1.0;1.0;;41010
2011-01;6.0;6.0;6.0;4.0;4.0;4.0;4.0;4.0;4.0;4.0;4.0;3.0;3.0;3.0;;;41010
2012-01;9.0;8.0;6.0;7.0;4.0;4.0;3.0;3.0;4.0;4.0;4.0;4.0;3.0;;;;41010
2013-01;9.0;8.0;7.0;7.0;7.0;6.0;6.0;6.0;6.0;6.0;6.0;5.0;;;;;41010
2014-01;10.0;8.0;7.0;6.0;6.0;6.0;7.0;7.0;6.0;6.0;3.0;;;;;;41010
2015-01;6.0;2.0;2.0;3.0;3.0;3.0;3.0;4.0;2.0;2.0;;;;;;;41010
2016-01;15.0;13.0;11.0;11.0;9.0;9.0;9.0;8.0;7.0;;;;;;;;41010
2017-01;3.0;1.0;1.0;;;;;1.0;;;;;;;;;41010
2018-01;9.0;8.0;7.0;8.0;8.0;8.0;7.0;;;;;;;;;;41010
2019-01;13.0;12.0;10.0;10.0;9.0;8.0;;;;;;;;;;;41010
2020-01;11.0;11.0;9.0;8.0;7.0;;;;;;;;;;;;41010
2021-01;5.0;3.0;3.0;3.0;;;;;;;;;;;;;41010
2022-01;12.0;9.0;10.0;;;;;;;;;;;;;;41010
2023-01;13.0;13.0;;;;;;;;;;;;;;;41010
2024-01;10.0;;;;;;;;;;;;;;;;41010
2009-01;7.0;6.0;5.0;5.0;5.0;5.0;5.0;4.0;4.0;3.0;3.0;2.0;2.0;3.0;3.0;3.0;41005
2010-01;7.0;7.0;6.0;4.0;4.0;4.0;3.0;3.0;3.0;3.0;3.0;3.0;3.0;3.0;2.0;;41005
2011-01;4.0;3.0;3.0;3.0;3.0;3.0;3.0;3.0;3.0;2.0;2.0;2.0;2.0;2.0;;;41005
2012-01;6.0;5.0;4.0;4.0;4.0;4.0;4.0;4.0;3.0;3.0;4.0;4.0;3.0;;;;41005
2013-01;7.0;6.0;6.0;5.0;4.0;3.0;3.0;3.0;3.0;3.0;3.0;3.0;;;;;41005
2014-01;4.0;3.0;3.0;3.0;3.0;3.0;3.0;3.0;3.0;3.0;3.0;;;;;;41005
2015-01;3.0;3.0;3.0;3.0;3.0;3.0;3.0;3.0;2.0;2.0;;;;;;;41005
2016-01;6.0;5.0;5.0;5.0;5.0;5.0;4.0;2.0;1.0;;;;;;;;41005
2017-01;2.0;2.0;2.0;2.0;2.0;2.0;1.0;1.0;;;;;;;;;41005
2018-01;5.0;4.0;4.0;4.0;3.0;3.0;3.0;;;;;;;;;;41005
2019-01;5.0;5.0;5.0;5.0;5.0;4.0;;;;;;;;;;;41005
2020-01;4.0;4.0;4.0;3.0;1.0;;;;;;;;;;;;41005
2021-01;2.0;1.0;1.0;2.0;;;;;;;;;;;;;41005
2022-01;6.0;3.0;3.0;;;;;;;;;;;;;;41005
2023-01;5.0;4.0;;;;;;;;;;;;;;;41005
2024-01;11.0;;;;;;;;;;;;;;;;41005
2009-01;3.0;3.0;1.0;1.0;1.0;1.0;1.0;;;;1.0;1.0;1.0;1.0;1.0;1.0;41003
2010-01;4.0;3.0;3.0;3.0;3.0;3.0;3.0;3.0;3.0;3.0;3.0;3.0;3.0;3.0;3.0;;41003
2011-01;6.0;5.0;5.0;5.0;5.0;5.0;5.0;5.0;5.0;5.0;5.0;4.0;4.0;1.0;;;41003
2012-01;14.0;13.0;13.0;13.0;12.0;10.0;8.0;7.0;7.0;7.0;7.0;6.0;5.0;;;;41003
2013-01;7.0;7.0;7.0;7.0;6.0;6.0;6.0;5.0;5.0;5.0;5.0;4.0;;;;;41003
2014-01;4.0;4.0;4.0;4.0;4.0;4.0;2.0;2.0;2.0;2.0;2.0;;;;;;41003
2015-01;3.0;2.0;2.0;2.0;1.0;1.0;2.0;2.0;2.0;2.0;;;;;;;41003
2016-01;5.0;2.0;2.0;;;;;;1.0;;;;;;;;41003
2017-01;8.0;8.0;8.0;6.0;6.0;6.0;5.0;5.0;;;;;;;;;41003
2018-01;5.0;5.0;4.0;4.0;3.0;3.0;3.0;;;;;;;;;;41003
2019-01;15.0;14.0;12.0;12.0;12.0;12.0;;;;;;;;;;;41003
2020-01;11.0;11.0;10.0;10.0;8.0;;;;;;;;;;;;41003
2021-01;17.0;11.0;9.0;10.0;;;;;;;;;;;;;41003
2022-01;17.0;16.0;15.0;;;;;;;;;;;;;;41003
2023-01;13.0;12.0;;;;;;;;;;;;;;;41003
2024-01;11.0;;;;;;;;;;;;;;;;41003
2009-01;12.0;6.0;6.0;7.0;5.0;5.0;5.0;4.0;3.0;3.0;3.0;3.0;4.0;4.0;4.0;4.0;41019
2010-01;7.0;4.0;3.0;3.0;3.0;4.0;3.0;3.0;3.0;3.0;3.0;3.0;3.0;3.0;3.0;;41019
2011-01;4.0;4.0;4.0;4.0;4.0;4.0;4.0;4.0;3.0;3.0;3.0;3.0;3.0;3.0;;;41019
2012-01;2.0;1.0;1.0;1.0;1.0;1.0;1.0;;1.0;1.0;1.0;1.0;1.0;;;;41019
2013-01;3.0;1.0;1.0;1.0;;1.0;1.0;1.0;;;;;;;;;41019
2014-01;1.0;1.0;1.0;;;;;;;;;;;;;;41019
2015-01;1.0;1.0;1.0;;;;;;;;;;;;;;41019
2016-01;2.0;1.0;1.0;1.0;1.0;1.0;1.0;2.0;2.0;;;;;;;;41019
2017-01;3.0;3.0;3.0;3.0;3.0;3.0;3.0;3.0;;;;;;;;;41019
2018-01;2.0;2.0;2.0;2.0;2.0;2.0;1.0;;;;;;;;;;41019
2019-01;4.0;3.0;3.0;2.0;2.0;2.0;;;;;;;;;;;41019
2021-01;1.0;1.0;1.0;;;;;;;;;;;;;;41019
2022-01;6.0;5.0;5.0;;;;;;;;;;;;;;41019
2023-01;6.0;5.0;;;;;;;;;;;;;;;41019
2024-01;8.0;;;;;;;;;;;;;;;;41019
2009-01;2.0;2.0;2.0;1.0;1.0;1.0;1.0;1.0;;;;;;;;;41013
2012-01;2.0;2.0;2.0;2.0;2.0;2.0;2.0;2.0;2.0;1.0;1.0;1.0;1.0;;;;41013
2013-01;1.0;1.0;1.0;1.0;;;;;;;;;;;;;41013
2015-01;2.0;2.0;2.0;2.0;2.0;2.0;1.0;1.0;1.0;1.0;;;;;;;41013
2017-01;2.0;1.0;1.0;1.0;1.0;1.0;1.0;1.0;;;;;;;;;41013
2018-01;3.0;3.0;3.0;3.0;2.0;2.0;2.0;;;;;;;;;;41013
2019-01;2.0;2.0;2.0;2.0;2.0;2.0;;;;;;;;;;;41013
2020-01;1.0;1.0;1.0;1.0;1.0;;;;;;;;;;;;41013
2022-01;2.0;2.0;2.0;;;;;;;;;;;;;;41013
2023-01;1.0;1.0;;;;;;;;;;;;;;;41013
2024-01;3.0;;;;;;;;;;;;;;;;41013
2009-01;5.0;5.0;5.0;5.0;4.0;4.0;3.0;3.0;4.0;4.0;4.0;4.0;4.0;4.0;4.0;4.0;41007
2012-01;3.0;3.0;3.0;2.0;2.0;2.0;2.0;2.0;2.0;2.0;2.0;2.0;2.0;;;;41007
2013-01;2.0;1.0;1.0;;;;;;;;;;;;;;41007
2014-01;2.0;2.0;1.0;1.0;1.0;1.0;1.0;1.0;1.0;1.0;1.0;;;;;;41007
2015-01;3.0;1.0;2.0;2.0;2.0;2.0;2.0;2.0;2.0;2.0;;;;;;;41007
2016-01;2.0;2.0;2.0;2.0;2.0;2.0;2.0;2.0;2.0;;;;;;;;41007
2017-01;2.0;1.0;1.0;1.0;1.0;1.0;1.0;1.0;;;;;;;;;41007
2018-01;2.0;1.0;1.0;;;;;;;;;;;;;;41007
2020-01;4.0;2.0;2.0;2.0;2.0;;;;;;;;;;;;41007
2021-01;8.0;5.0;4.0;5.0;;;;;;;;;;;;;41007
2022-01;5.0;4.0;4.0;;;;;;;;;;;;;;41007
2023-01;8.0;6.0;;;;;;;;;;;;;;;41007
2024-01;5.0;;;;;;;;;;;;;;;;41007
2009-01;2.0;1.0;1.0;1.0;1.0;1.0;1.0;1.0;1.0;1.0;;;;;;;41021
2010-01;3.0;3.0;2.0;2.0;2.0;2.0;1.0;1.0;1.0;2.0;2.0;2.0;2.0;2.0;1.0;;41021
2012-01;2.0;1.0;2.0;2.0;2.0;2.0;2.0;2.0;2.0;2.0;2.0;;;;;;41021
2013-01;2.0;2.0;2.0;2.0;2.0;1.0;2.0;2.0;2.0;2.0;2.0;2.0;;;;;41021
2014-01;2.0;2.0;2.0;2.0;2.0;2.0;2.0;2.0;2.0;;;;;;;;41021
2016-01;2.0;2.0;1.0;;;;;;;;;;;;;;41021
2017-01;2.0;2.0;2.0;2.0;2.0;2.0;2.0;1.0;;;;;;;;;41021
2018-01;1.0;1.0;1.0;1.0;;;;;;;;;;;;;41021
2019-01;5.0;5.0;5.0;3.0;1.0;1.0;;;;;;;;;;;41021
2020-01;1.0;1.0;;;;;;;;;;;;;;;41021
2021-01;2.0;2.0;1.0;2.0;;;;;;;;;;;;;41021
2022-01;3.0;2.0;1.0;;;;;;;;;;;;;;41021
2023-01;5.0;5.0;;;;;;;;;;;;;;;41021
2024-01;1.0;;;;;;;;;;;;;;;;41021
2009-01;7.0;7.0;7.0;6.0;6.0;6.0;4.0;4.0;4.0;4.0;4.0;3.0;2.0;3.0;3.0;3.0;41009
2010-01;5.0;3.0;1.0;1.0;1.0;2.0;2.0;2.0;2.0;2.0;2.0;3.0;;;1.0;;41009
2011-01;4.0;2.0;2.0;2.0;2.0;2.0;2.0;2.0;2.0;2.0;2.0;2.0;2.0;2.0;;;41009
2012-01;5.0;5.0;3.0;2.0;3.0;3.0;2.0;3.0;3.0;3.0;2.0;1.0;1.0;;;;41009
2013-01;7.0;7.0;7.0;7.0;6.0;7.0;6.0;6.0;6.0;6.0;6.0;6.0;;;;;41009
2014-01;6.0;5.0;6.0;5.0;5.0;5.0;5.0;5.0;5.0;5.0;5.0;;;;;;41009
2015-01;5.0;5.0;4.0;3.0;4.0;3.0;4.0;4.0;2.0;2.0;;;;;;;41009
2016-01;2.0;2.0;2.0;2.0;1.0;1.0;1.0;;1.0;;;;;;;;41009
2017-01;2.0;2.0;2.0;2.0;2.0;1.0;1.0;1.0;;;;;;;;;41009
2018-01;5.0;5.0;3.0;5.0;5.0;3.0;3.0;;;;;;;;;;41009
2019-01;15.0;14.0;14.0;14.0;13.0;13.0;;;;;;;;;;;41009
2020-01;9.0;8.0;7.0;7.0;7.0;;;;;;;;;;;;41009
2021-01;9.0;7.0;6.0;5.0;;;;;;;;;;;;;41009
2022-01;20.0;18.0;19.0;;;;;;;;;;;;;;41009
2023-01;23.0;18.0;;;;;;;;;;;;;;;41009
2024-01;8.0;;;;;;;;;;;;;;;;41009
2009-01;5.0;5.0;3.0;2.0;2.0;2.0;2.0;2.0;2.0;2.0;2.0;1.0;1.0;1.0;1.0;1.0;41001
2010-01;4.0;2.0;2.0;1.0;;;;1.0;1.0;1.0;1.0;1.0;1.0;1.0;1.0;;41001
2011-01;3.0;3.0;2.0;2.0;2.0;2.0;2.0;2.0;2.0;2.0;2.0;2.0;2.0;2.0;;;41001
2012-01;1.0;1.0;1.0;1.0;1.0;1.0;;;;;;;1.0;;;;41001
2013-01;4.0;1.0;2.0;1.0;1.0;2.0;1.0;1.0;1.0;1.0;1.0;1.0;;;;;41001
2014-01;4.0;4.0;3.0;3.0;3.0;2.0;3.0;3.0;2.0;2.0;3.0;;;;;;41001
2015-01;2.0;2.0;2.0;2.0;2.0;2.0;2.0;2.0;2.0;2.0;;;;;;;41001
2016-01;4.0;4.0;3.0;4.0;3.0;3.0;3.0;3.0;3.0;;;;;;;;41001
2017-01;2.0;2.0;1.0;1.0;1.0;1.0;1.0;1.0;;;;;;;;;41001
2018-01;2.0;2.0;2.0;2.0;1.0;1.0;1.0;;;;;;;;;;41001
2019-01;2.0;2.0;2.0;2.0;2.0;2.0;;;;;;;;;;;41001
2020-01;2.0;2.0;2.0;2.0;;;;;;;;;;;;;41001
2021-01;2.0;2.0;1.0;1.0;;;;;;;;;;;;;41001
2022-01;3.0;2.0;2.0;;;;;;;;;;;;;;41001
2023-01;6.0;6.0;;;;;;;;;;;;;;;41001
2024-01;7.0;;;;;;;;;;;;;;;;41001
2009-01;4.0;3.0;2.0;1.0;1.0;1.0;1.0;1.0;1.0;1.0;1.0;1.0;1.0;1.0;1.0;1.0;41004
2010-01;12.0;12.0;10.0;8.0;8.0;7.0;7.0;7.0;7.0;7.0;7.0;7.0;7.0;7.0;6.0;;41004
2011-01;2.0;2.0;1.0;1.0;1.0;1.0;1.0;1.0;1.0;1.0;1.0;1.0;1.0;1.0;;;41004
2012-01;1.0;1.0;;;;;;;;;;;;;;;41004
2013-01;1.0;;;;;;;;;;;;;;;;41004
2014-01;6.0;4.0;4.0;4.0;3.0;2.0;2.0;2.0;2.0;2.0;2.0;;;;;;41004
2015-01;12.0;11.0;10.0;9.0;7.0;6.0;6.0;6.0;6.0;6.0;;;;;;;41004
2016-01;1.0;1.0;1.0;1.0;1.0;1.0;1.0;1.0;1.0;;;;;;;;41004
2017-01;2.0;2.0;1.0;1.0;;;;;;;;;;;;;41004
2018-01;2.0;2.0;2.0;2.0;2.0;2.0;2.0;;;;;;;;;;41004
2019-01;10.0;9.0;9.0;8.0;8.0;8.0;;;;;;;;;;;41004
2020-01;8.0;7.0;7.0;7.0;7.0;;;;;;;;;;;;41004
2021-01;4.0;4.0;4.0;4.0;;;;;;;;;;;;;41004
2022-01;6.0;5.0;6.0;;;;;;;;;;;;;;41004
2023-01;4.0;3.0;;;;;;;;;;;;;;;41004
2024-01;2.0;;;;;;;;;;;;;;;;41004
2009-01;2.0;2.0;2.0;2.0;1.0;1.0;;;;;;;;;;;41022
2010-01;2.0;1.0;1.0;1.0;1.0;1.0;1.0;;1.0;1.0;1.0;1.0;1.0;1.0;;;41022
2011-01;1.0;;;;;;;;;1.0;1.0;1.0;1.0;;;;41022
2012-01;1.0;1.0;;;;;;;;;;;;;;;41022
2013-01;1.0;1.0;1.0;1.0;;;1.0;;;;;;;;;;41022
2014-01;2.0;2.0;2.0;2.0;2.0;1.0;1.0;1.0;1.0;1.0;1.0;;;;;;41022
2017-01;1.0;1.0;1.0;;;;;;;;;;;;;;41022
2018-01;2.0;1.0;1.0;1.0;1.0;1.0;1.0;;;;;;;;;;41022
2019-01;2.0;1.0;1.0;1.0;1.0;1.0;;;;;;;;;;;41022
2020-01;1.0;1.0;1.0;1.0;1.0;;;;;;;;;;;;41022
2021-01;1.0;1.0;1.0;1.0;;;;;;;;;;;;;41022
2022-01;5.0;2.0;2.0;;;;;;;;;;;;;;41022
2023-01;3.0;1.0;;;;;;;;;;;;;;;41022
2024-01;3.0;;;;;;;;;;;;;;;;41022
2009-01;2.0;2.0;2.0;2.0;2.0;2.0;1.0;1.0;1.0;1.0;1.0;1.0;1.0;1.0;1.0;1.0;41006
2010-01;1.0;;;;;;;;;;;;;;;;41006
2011-01;2.0;2.0;1.0;1.0;1.0;1.0;1.0;1.0;1.0;1.0;1.0;1.0;1.0;1.0;;;41006
2012-01;1.0;1.0;1.0;1.0;1.0;1.0;1.0;;;;;;;;;;41006
2013-01;1.0;;;;;;;;;;;;;;;;41006
2015-01;1.0;1.0;1.0;;;;;;;;;;;;;;41006
2016-01;1.0;1.0;1.0;;1.0;1.0;1.0;1.0;1.0;;;;;;;;41006
2017-01;2.0;2.0;2.0;2.0;1.0;1.0;1.0;2.0;;;;;;;;;41006
2018-01;1.0;1.0;1.0;1.0;1.0;1.0;1.0;;;;;;;;;;41006
2019-01;5.0;4.0;3.0;1.0;;;;;;;;;;;;;41006
2020-01;2.0;2.0;2.0;2.0;2.0;;;;;;;;;;;;41006
2021-01;2.0;2.0;2.0;2.0;;;;;;;;;;;;;41006
2022-01;5.0;3.0;2.0;;;;;;;;;;;;;;41006
2023-01;4.0;3.0;;;;;;;;;;;;;;;41006
2024-01;3.0;;;;;;;;;;;;;;;;41006
2009-01;2.0;2.0;2.0;2.0;2.0;2.0;2.0;2.0;1.0;1.0;;1.0;1.0;1.0;;;33001
2010-01;4.0;3.0;2.0;1.0;1.0;1.0;1.0;1.0;2.0;2.0;2.0;2.0;2.0;2.0;1.0;;33001
2011-01;2.0;2.0;2.0;2.0;2.0;2.0;;1.0;;;;;;;;;33001
2012-01;10.0;10.0;8.0;7.0;6.0;6.0;5.0;6.0;6.0;6.0;6.0;5.0;5.0;;;;33001
2013-01;5.0;5.0;4.0;4.0;4.0;3.0;2.0;3.0;3.0;3.0;3.0;4.0;;;;;33001
2014-01;7.0;7.0;6.0;6.0;6.0;4.0;6.0;6.0;6.0;5.0;4.0;;;;;;33001
2015-01;5.0;5.0;5.0;5.0;5.0;4.0;5.0;5.0;5.0;5.0;;;;;;;33001
2016-01;3.0;3.0;2.0;2.0;2.0;2.0;2.0;3.0;3.0;;;;;;;;33001
2018-01;6.0;4.0;2.0;2.0;2.0;1.0;1.0;;;;;;;;;;33001
2019-01;3.0;2.0;2.0;2.0;2.0;3.0;;;;;;;;;;;33001
2020-01;4.0;4.0;4.0;3.0;3.0;;;;;;;;;;;;33001
2021-01;1.0;1.0;1.0;1.0;;;;;;;;;;;;;33001
2022-01;3.0;3.0;2.0;;;;;;;;;;;;;;33001
2023-01;4.0;4.0;;;;;;;;;;;;;;;33001
2024-01;3.0;;;;;;;;;;;;;;;;33001
2009-01;6.0;6.0;5.0;4.0;4.0;4.0;4.0;4.0;5.0;4.0;4.0;4.0;4.0;5.0;5.0;5.0;33007
2010-01;6.0;5.0;5.0;6.0;6.0;6.0;6.0;5.0;5.0;5.0;5.0;5.0;5.0;5.0;5.0;;33007
2011-01;10.0;10.0;10.0;10.0;10.0;8.0;8.0;7.0;6.0;5.0;5.0;5.0;4.0;4.0;;;33007
2012-01;7.0;7.0;5.0;5.0;5.0;5.0;5.0;6.0;6.0;6.0;6.0;6.0;6.0;;;;33007
2013-01;9.0;6.0;6.0;6.0;7.0;8.0;7.0;7.0;4.0;6.0;6.0;6.0;;;;;33007
2014-01;13.0;13.0;13.0;12.0;11.0;11.0;10.0;9.0;8.0;8.0;8.0;;;;;;33007
2015-01;2.0;2.0;2.0;2.0;2.0;2.0;2.0;2.0;2.0;2.0;;;;;;;33007
2016-01;7.0;6.0;6.0;7.0;6.0;6.0;6.0;6.0;5.0;;;;;;;;33007
2017-01;9.0;8.0;8.0;8.0;7.0;7.0;7.0;7.0;;;;;;;;;33007
2018-01;8.0;5.0;6.0;6.0;6.0;6.0;5.0;;;;;;;;;;33007
2019-01;8.0;6.0;5.0;6.0;5.0;5.0;;;;;;;;;;;33007
2020-01;7.0;7.0;6.0;6.0;6.0;;;;;;;;;;;;33007
2021-01;4.0;4.0;4.0;4.0;;;;;;;;;;;;;33007
2022-01;15.0;14.0;12.0;;;;;;;;;;;;;;33007
2023-01;11.0;11.0;;;;;;;;;;;;;;;33007
2024-01;17.0;;;;;;;;;;;;;;;;33007
2009-01;10.0;10.0;10.0;10.0;9.0;9.0;9.0;9.0;8.0;9.0;9.0;8.0;7.0;7.0;7.0;7.0;33002
2010-01;13.0;8.0;8.0;8.0;8.0;7.0;7.0;7.0;4.0;4.0;4.0;4.0;4.0;4.0;4.0;;33002
2011-01;13.0;13.0;13.0;12.0;6.0;6.0;6.0;6.0;6.0;5.0;5.0;6.0;6.0;6.0;;;33002
2012-01;10.0;10.0;10.0;10.0;9.0;8.0;7.0;6.0;6.0;6.0;6.0;5.0;5.0;;;;33002
2013-01;6.0;6.0;6.0;5.0;5.0;5.0;3.0;3.0;3.0;3.0;3.0;3.0;;;;;33002
2014-01;9.0;9.0;8.0;7.0;7.0;7.0;6.0;6.0;6.0;6.0;7.0;;;;;;33002
2015-01;11.0;10.0;8.0;7.0;8.0;8.0;5.0;5.0;5.0;3.0;;;;;;;33002
2016-01;5.0;4.0;4.0;4.0;3.0;3.0;3.0;3.0;3.0;;;;;;;;33002
2017-01;13.0;11.0;11.0;11.0;11.0;11.0;10.0;9.0;;;;;;;;;33002
2018-01;15.0;14.0;12.0;11.0;11.0;9.0;8.0;;;;;;;;;;33002
2019-01;7.0;7.0;7.0;7.0;5.0;6.0;;;;;;;;;;;33002
2020-01;20.0;19.0;18.0;17.0;17.0;;;;;;;;;;;;33002
2021-01;5.0;4.0;4.0;3.0;;;;;;;;;;;;;33002
2022-01;21.0;17.0;16.0;;;;;;;;;;;;;;33002
2023-01;43.0;39.0;;;;;;;;;;;;;;;33002
2024-01;16.0;;;;;;;;;;;;;;;;33002
2009-01;23.0;23.0;21.0;21.0;21.0;20.0;18.0;16.0;17.0;17.0;17.0;17.0;16.0;16.0;14.0;13.0;33004
2010-01;16.0;16.0;15.0;15.0;14.0;13.0;14.0;13.0;13.0;13.0;11.0;11.0;11.0;11.0;11.0;;33004
2011-01;10.0;9.0;8.0;7.0;7.0;7.0;6.0;5.0;5.0;3.0;4.0;4.0;3.0;4.0;;;33004
2012-01;7.0;7.0;7.0;6.0;6.0;6.0;5.0;7.0;5.0;5.0;4.0;4.0;4.0;;;;33004
2013-01;11.0;10.0;10.0;10.0;10.0;10.0;10.0;9.0;9.0;9.0;9.0;9.0;;;;;33004
2014-01;12.0;12.0;12.0;10.0;10.0;8.0;7.0;7.0;7.0;7.0;7.0;;;;;;33004
2015-01;10.0;9.0;7.0;6.0;5.0;5.0;5.0;4.0;4.0;4.0;;;;;;;33004
2016-01;6.0;5.0;5.0;5.0;5.0;4.0;4.0;5.0;5.0;;;;;;;;33004
2017-01;3.0;3.0;3.0;3.0;3.0;3.0;3.0;3.0;;;;;;;;;33004
2018-01;4.0;3.0;3.0;2.0;2.0;1.0;1.0;;;;;;;;;;33004
2019-01;8.0;6.0;4.0;2.0;2.0;2.0;;;;;;;;;;;33004
2020-01;9.0;8.0;8.0;8.0;8.0;;;;;;;;;;;;33004
2021-01;9.0;7.0;6.0;6.0;;;;;;;;;;;;;33004
2022-01;8.0;8.0;8.0;;;;;;;;;;;;;;33004
2023-01;7.0;6.0;;;;;;;;;;;;;;;33004
2024-01;8.0;;;;;;;;;;;;;;;;33004
2009-01;119.0;112.0;104.0;97.0;91.0;87.0;79.0;75.0;69.0;66.0;65.0;52.0;54.0;62.0;59.0;64.0;33005
2010-01;123.0;113.0;105.0;99.0;92.0;89.0;84.0;66.0;77.0;76.0;50.0;46.0;49.0;48.0;45.0;;33005
2011-01;136.0;123.0;112.0;113.0;98.0;91.0;85.0;89.0;88.0;83.0;74.0;74.0;69.0;67.0;;;33005
2012-01;111.0;99.0;98.0;75.0;73.0;62.0;56.0;57.0;39.0;33.0;41.0;45.0;51.0;;;;33005
2013-01;84.0;70.0;56.0;54.0;53.0;48.0;44.0;44.0;41.0;40.0;39.0;36.0;;;;;33005
2014-01;122.0;107.0;96.0;89.0;84.0;79.0;75.0;59.0;66.0;63.0;60.0;;;;;;33005
2015-01;133.0;122.0;105.0;95.0;95.0;85.0;69.0;72.0;70.0;71.0;;;;;;;33005
2016-01;81.0;74.0;68.0;58.0;56.0;43.0;48.0;43.0;48.0;;;;;;;;33005
2017-01;81.0;65.0;64.0;44.0;36.0;40.0;37.0;38.0;;;;;;;;;33005
2018-01;107.0;92.0;67.0;58.0;65.0;61.0;60.0;;;;;;;;;;33005
2019-01;108.0;82.0;75.0;67.0;65.0;61.0;;;;;;;;;;;33005
2020-01;164.0;126.0;110.0;99.0;98.0;;;;;;;;;;;;33005
2021-01;101.0;83.0;66.0;66.0;;;;;;;;;;;;;33005
2022-01;126.0;102.0;86.0;;;;;;;;;;;;;;33005
2023-01;127.0;95.0;;;;;;;;;;;;;;;33005
2024-01;179.0;;;;;;;;;;;;;;;;33005
2009-01;8.0;8.0;7.0;6.0;6.0;5.0;5.0;4.0;4.0;4.0;3.0;3.0;3.0;3.0;3.0;2.0;33009
2010-01;9.0;8.0;8.0;8.0;7.0;7.0;7.0;7.0;6.0;4.0;4.0;3.0;6.0;6.0;6.0;;33009
2011-01;6.0;6.0;6.0;6.0;5.0;4.0;4.0;4.0;4.0;4.0;4.0;3.0;3.0;3.0;;;33009
2012-01;21.0;21.0;21.0;19.0;19.0;19.0;20.0;20.0;19.0;19.0;17.0;17.0;18.0;;;;33009
2013-01;2.0;2.0;2.0;2.0;2.0;2.0;2.0;2.0;2.0;2.0;2.0;2.0;;;;;33009
2014-01;12.0;11.0;11.0;11.0;9.0;9.0;9.0;9.0;9.0;9.0;9.0;;;;;;33009
2015-01;8.0;8.0;7.0;5.0;6.0;6.0;6.0;6.0;5.0;5.0;;;;;;;33009
2016-01;6.0;5.0;4.0;4.0;4.0;3.0;3.0;4.0;4.0;;;;;;;;33009
2017-01;6.0;5.0;5.0;4.0;3.0;3.0;4.0;4.0;;;;;;;;;33009
2018-01;17.0;16.0;16.0;16.0;15.0;15.0;14.0;;;;;;;;;;33009
2019-01;16.0;15.0;12.0;12.0;13.0;11.0;;;;;;;;;;;33009
2020-01;12.0;11.0;10.0;7.0;4.0;;;;;;;;;;;;33009
2021-01;12.0;11.0;11.0;11.0;;;;;;;;;;;;;33009
2022-01;17.0;17.0;16.0;;;;;;;;;;;;;;33009
2023-01;16.0;14.0;;;;;;;;;;;;;;;33009
2024-01;26.0;;;;;;;;;;;;;;;;33009
2009-01;17.0;17.0;17.0;16.0;17.0;16.0;16.0;16.0;16.0;14.0;14.0;13.0;13.0;13.0;12.0;10.0;33008
2010-01;24.0;22.0;20.0;20.0;20.0;19.0;17.0;17.0;16.0;15.0;13.0;13.0;12.0;12.0;12.0;;33008
2011-01;21.0;21.0;21.0;21.0;19.0;17.0;14.0;14.0;16.0;16.0;14.0;15.0;15.0;14.0;;;33008
2012-01;10.0;9.0;9.0;9.0;9.0;10.0;8.0;8.0;8.0;8.0;6.0;6.0;7.0;;;;33008
2013-01;5.0;4.0;4.0;3.0;3.0;3.0;3.0;3.0;3.0;3.0;3.0;3.0;;;;;33008
2014-01;11.0;7.0;6.0;5.0;6.0;6.0;7.0;8.0;7.0;7.0;6.0;;;;;;33008
2015-01;12.0;9.0;9.0;8.0;8.0;9.0;8.0;8.0;8.0;8.0;;;;;;;33008
2016-01;14.0;13.0;11.0;12.0;11.0;11.0;12.0;12.0;10.0;;;;;;;;33008
2017-01;14.0;12.0;13.0;10.0;10.0;9.0;8.0;8.0;;;;;;;;;33008
2018-01;9.0;9.0;9.0;8.0;6.0;5.0;5.0;;;;;;;;;;33008
2019-01;9.0;7.0;7.0;8.0;8.0;8.0;;;;;;;;;;;33008
2020-01;17.0;15.0;16.0;10.0;10.0;;;;;;;;;;;;33008
2021-01;15.0;14.0;12.0;11.0;;;;;;;;;;;;;33008
2022-01;16.0;9.0;9.0;;;;;;;;;;;;;;33008
2023-01;18.0;18.0;;;;;;;;;;;;;;;33008
2024-01;24.0;;;;;;;;;;;;;;;;33008
2009-01;4.0;4.0;3.0;3.0;3.0;3.0;3.0;2.0;2.0;1.0;1.0;1.0;1.0;1.0;2.0;1.0;33003
2010-01;11.0;11.0;10.0;10.0;8.0;7.0;6.0;5.0;5.0;4.0;4.0;4.0;4.0;4.0;4.0;;33003
2011-01;3.0;2.0;2.0;1.0;1.0;1.0;1.0;1.0;1.0;1.0;1.0;1.0;1.0;1.0;;;33003
2012-01;7.0;7.0;7.0;6.0;6.0;6.0;7.0;6.0;6.0;6.0;6.0;6.0;6.0;;;;33003
2013-01;3.0;2.0;2.0;2.0;2.0;2.0;1.0;1.0;1.0;1.0;1.0;1.0;;;;;33003
2014-01;13.0;13.0;13.0;12.0;10.0;9.0;9.0;9.0;8.0;7.0;7.0;;;;;;33003
2015-01;3.0;2.0;3.0;3.0;3.0;3.0;3.0;3.0;3.0;3.0;;;;;;;33003
2016-01;4.0;4.0;2.0;3.0;4.0;4.0;4.0;3.0;2.0;;;;;;;;33003
2017-01;2.0;2.0;2.0;2.0;1.0;1.0;1.0;1.0;;;;;;;;;33003
2018-01;5.0;4.0;3.0;2.0;2.0;2.0;2.0;;;;;;;;;;33003
2019-01;7.0;7.0;7.0;5.0;4.0;5.0;;;;;;;;;;;33003
2020-01;4.0;4.0;4.0;4.0;3.0;;;;;;;;;;;;33003
2021-01;4.0;3.0;2.0;2.0;;;;;;;;;;;;;33003
2022-01;4.0;4.0;2.0;;;;;;;;;;;;;;33003
2023-01;6.0;5.0;;;;;;;;;;;;;;;33003
2024-01;10.0;;;;;;;;;;;;;;;;33003
2009-01;40.0;39.0;37.0;37.0;38.0;38.0;37.0;36.0;35.0;33.0;31.0;32.0;18.0;17.0;16.0;15.0;33006
2010-01;23.0;23.0;21.0;18.0;18.0;19.0;17.0;17.0;16.0;16.0;15.0;9.0;10.0;10.0;10.0;;33006
2011-01;27.0;27.0;24.0;21.0;20.0;18.0;16.0;12.0;12.0;11.0;9.0;9.0;8.0;9.0;;;33006
2012-01;33.0;32.0;32.0;32.0;28.0;23.0;18.0;16.0;16.0;14.0;16.0;16.0;15.0;;;;33006
2013-01;26.0;23.0;23.0;18.0;15.0;17.0;21.0;18.0;14.0;12.0;14.0;13.0;;;;;33006
2014-01;49.0;46.0;37.0;39.0;31.0;31.0;23.0;19.0;18.0;17.0;19.0;;;;;;33006
2015-01;31.0;26.0;24.0;20.0;20.0;16.0;15.0;13.0;14.0;16.0;;;;;;;33006
2016-01;21.0;15.0;14.0;14.0;14.0;13.0;14.0;12.0;8.0;;;;;;;;33006
2017-01;33.0;31.0;30.0;22.0;19.0;20.0;21.0;18.0;;;;;;;;;33006
2018-01;30.0;28.0;21.0;18.0;15.0;15.0;14.0;;;;;;;;;;33006
2019-01;34.0;27.0;24.0;22.0;20.0;19.0;;;;;;;;;;;33006
2020-01;26.0;23.0;20.0;13.0;10.0;;;;;;;;;;;;33006
2021-01;25.0;20.0;12.0;10.0;;;;;;;;;;;;;33006
2022-01;38.0;30.0;28.0;;;;;;;;;;;;;;33006
2023-01;36.0;24.0;;;;;;;;;;;;;;;33006
2024-01;44.0;;;;;;;;;;;;;;;;33006
2009-01;2.0;2.0;2.0;2.0;2.0;2.0;2.0;2.0;2.0;1.0;1.0;2.0;1.0;1.0;1.0;1.0;24004
2010-01;2.0;1.0;1.0;1.0;1.0;1.0;1.0;1.0;1.0;1.0;1.0;1.0;1.0;1.0;1.0;;24004
2011-01;4.0;4.0;3.0;3.0;3.0;2.0;2.0;1.0;1.0;1.0;1.0;1.0;;;;;24004
2012-01;4.0;4.0;4.0;4.0;3.0;3.0;3.0;3.0;3.0;3.0;3.0;3.0;3.0;;;;24004
2013-01;3.0;3.0;3.0;2.0;3.0;3.0;3.0;3.0;3.0;3.0;3.0;3.0;;;;;24004
2014-01;7.0;5.0;3.0;3.0;3.0;3.0;3.0;3.0;5.0;5.0;5.0;;;;;;24004
2015-01;2.0;1.0;1.0;1.0;1.0;1.0;1.0;1.0;1.0;1.0;;;;;;;24004
2016-01;6.0;4.0;3.0;4.0;4.0;4.0;3.0;4.0;4.0;;;;;;;;24004
2017-01;4.0;3.0;2.0;1.0;;;;;;;;;;;;;24004
2018-01;9.0;7.0;3.0;3.0;4.0;4.0;3.0;;;;;;;;;;24004
2019-01;5.0;5.0;5.0;2.0;1.0;1.0;;;;;;;;;;;24004
2020-01;4.0;2.0;2.0;2.0;1.0;;;;;;;;;;;;24004
2021-01;7.0;4.0;2.0;2.0;;;;;;;;;;;;;24004
2022-01;5.0;4.0;3.0;;;;;;;;;;;;;;24004
2023-01;4.0;2.0;;;;;;;;;;;;;;;24004
2024-01;4.0;;;;;;;;;;;;;;;;24004
2010-01;3.0;3.0;2.0;2.0;2.0;2.0;2.0;2.0;2.0;2.0;2.0;1.0;1.0;1.0;1.0;;24008
2011-01;1.0;1.0;1.0;1.0;1.0;1.0;1.0;1.0;1.0;1.0;1.0;1.0;1.0;1.0;;;24008
2012-01;3.0;3.0;3.0;2.0;2.0;2.0;2.0;;1.0;1.0;1.0;2.0;3.0;;;;24008
2014-01;4.0;4.0;3.0;2.0;2.0;1.0;1.0;1.0;1.0;1.0;;;;;;;24008
2015-01;2.0;1.0;;;;;;;1.0;1.0;;;;;;;24008
2016-01;2.0;1.0;1.0;1.0;1.0;1.0;1.0;1.0;1.0;;;;;;;;24008
2017-01;3.0;1.0;1.0;1.0;1.0;1.0;;;;;;;;;;;24008
2018-01;1.0;1.0;;;;;;;;;;;;;;;24008
2019-01;3.0;2.0;1.0;;;;;;;;;;;;;;24008
2020-01;2.0;2.0;2.0;2.0;2.0;;;;;;;;;;;;24008
2022-01;2.0;2.0;1.0;;;;;;;;;;;;;;24008
2023-01;2.0;2.0;;;;;;;;;;;;;;;24008
2024-01;3.0;;;;;;;;;;;;;;;;24008
2009-01;1.0;;;;;;;;;;;;;;;;24003
2010-01;3.0;2.0;2.0;2.0;2.0;2.0;2.0;1.0;1.0;;;;;;;;24003
2011-01;2.0;2.0;2.0;2.0;2.0;1.0;1.0;;;;;;;;;;24003
2012-01;4.0;3.0;1.0;1.0;;1.0;2.0;2.0;2.0;1.0;1.0;1.0;1.0;;;;24003
2013-01;2.0;2.0;2.0;1.0;1.0;1.0;;;;;;;;;;;24003
2014-01;6.0;5.0;5.0;4.0;3.0;4.0;3.0;2.0;;;1.0;;;;;;24003
2015-01;4.0;3.0;2.0;1.0;1.0;;;1.0;1.0;1.0;;;;;;;24003
2016-01;2.0;2.0;2.0;2.0;1.0;1.0;;;;;;;;;;;24003
2017-01;6.0;5.0;3.0;3.0;2.0;1.0;1.0;1.0;;;;;;;;;24003
2018-01;3.0;2.0;2.0;2.0;2.0;2.0;2.0;;;;;;;;;;24003
2019-01;7.0;5.0;2.0;3.0;3.0;2.0;;;;;;;;;;;24003
2020-01;4.0;4.0;4.0;4.0;3.0;;;;;;;;;;;;24003
2021-01;5.0;5.0;4.0;3.0;;;;;;;;;;;;;24003
2022-01;4.0;2.0;1.0;;;;;;;;;;;;;;24003
2023-01;8.0;6.0;;;;;;;;;;;;;;;24003
2024-01;8.0;;;;;;;;;;;;;;;;24003
2009-01;2.0;2.0;1.0;1.0;1.0;1.0;1.0;1.0;1.0;1.0;1.0;;;;;;24006
2010-01;2.0;2.0;1.0;2.0;2.0;2.0;2.0;2.0;2.0;2.0;2.0;2.0;2.0;2.0;2.0;;24006
2011-01;4.0;4.0;4.0;2.0;3.0;3.0;3.0;3.0;3.0;2.0;2.0;1.0;1.0;1.0;;;24006
2012-01;1.0;;1.0;1.0;1.0;1.0;1.0;1.0;1.0;1.0;1.0;1.0;1.0;;;;24006
2013-01;1.0;1.0;1.0;1.0;1.0;1.0;1.0;1.0;1.0;1.0;1.0;1.0;;;;;24006
2014-01;11.0;11.0;4.0;2.0;2.0;3.0;3.0;3.0;3.0;3.0;3.0;;;;;;24006
2015-01;5.0;5.0;5.0;4.0;3.0;3.0;2.0;3.0;3.0;3.0;;;;;;;24006
2016-01;4.0;3.0;2.0;2.0;2.0;2.0;2.0;2.0;;;;;;;;;24006
2017-01;3.0;3.0;2.0;2.0;1.0;2.0;2.0;2.0;;;;;;;;;24006
2018-01;4.0;4.0;4.0;4.0;2.0;2.0;2.0;;;;;;;;;;24006
2019-01;5.0;4.0;4.0;2.0;1.0;1.0;;;;;;;;;;;24006
2020-01;3.0;1.0;1.0;;;;;;;;;;;;;;24006
2021-01;2.0;2.0;1.0;1.0;;;;;;;;;;;;;24006
2023-01;4.0;4.0;;;;;;;;;;;;;;;24006
2024-01;5.0;;;;;;;;;;;;;;;;24006
2009-01;3.0;3.0;3.0;3.0;3.0;3.0;3.0;3.0;3.0;3.0;3.0;3.0;3.0;3.0;3.0;3.0;24002
2010-01;1.0;1.0;1.0;1.0;1.0;1.0;1.0;1.0;1.0;1.0;1.0;1.0;1.0;1.0;1.0;;24002
2011-01;4.0;4.0;4.0;4.0;4.0;4.0;4.0;4.0;4.0;4.0;4.0;4.0;4.0;4.0;;;24002
2012-01;2.0;2.0;1.0;1.0;1.0;1.0;2.0;2.0;2.0;2.0;2.0;2.0;2.0;;;;24002
2014-01;5.0;5.0;4.0;2.0;2.0;3.0;3.0;3.0;2.0;2.0;2.0;;;;;;24002
2016-01;1.0;1.0;1.0;1.0;1.0;1.0;1.0;1.0;1.0;;;;;;;;24002
2017-01;3.0;3.0;2.0;3.0;3.0;3.0;3.0;2.0;;;;;;;;;24002
2018-01;4.0;3.0;2.0;2.0;1.0;1.0;1.0;;;;;;;;;;24002
2019-01;5.0;4.0;4.0;4.0;4.0;4.0;;;;;;;;;;;24002
2020-01;4.0;4.0;3.0;3.0;3.0;;;;;;;;;;;;24002
2021-01;2.0;2.0;2.0;1.0;;;;;;;;;;;;;24002
2022-01;2.0;1.0;1.0;;;;;;;;;;;;;;24002
2023-01;6.0;6.0;;;;;;;;;;;;;;;24002
2024-01;10.0;;;;;;;;;;;;;;;;24002
2009-01;7.0;7.0;6.0;5.0;5.0;5.0;5.0;5.0;5.0;4.0;4.0;3.0;2.0;2.0;2.0;2.0;24001
2010-01;3.0;2.0;2.0;2.0;2.0;2.0;2.0;2.0;2.0;2.0;2.0;2.0;2.0;2.0;2.0;;24001
2011-01;5.0;5.0;4.0;3.0;2.0;2.0;2.0;1.0;1.0;1.0;1.0;1.0;1.0;1.0;;;24001
2012-01;3.0;2.0;2.0;2.0;2.0;2.0;2.0;1.0;1.0;;1.0;1.0;;;;;24001
2013-01;2.0;2.0;2.0;1.0;2.0;1.0;1.0;1.0;1.0;1.0;1.0;1.0;;;;;24001
2014-01;7.0;6.0;6.0;4.0;3.0;3.0;3.0;3.0;3.0;3.0;3.0;;;;;;24001
2015-01;8.0;7.0;7.0;5.0;4.0;4.0;3.0;;;1.0;;;;;;;24001
2016-01;1.0;1.0;1.0;1.0;1.0;1.0;1.0;1.0;1.0;;;;;;;;24001
2017-01;3.0;2.0;1.0;1.0;;;;;;;;;;;;;24001
2018-01;9.0;6.0;4.0;4.0;5.0;4.0;4.0;;;;;;;;;;24001
2019-01;5.0;4.0;3.0;3.0;1.0;1.0;;;;;;;;;;;24001
2020-01;3.0;2.0;1.0;1.0;1.0;;;;;;;;;;;;24001
2021-01;3.0;3.0;3.0;2.0;;;;;;;;;;;;;24001
2022-01;10.0;8.0;5.0;;;;;;;;;;;;;;24001
2023-01;5.0;4.0;;;;;;;;;;;;;;;24001
2024-01;8.0;;;;;;;;;;;;;;;;24001
2009-01;17.0;17.0;17.0;17.0;15.0;15.0;14.0;13.0;13.0;13.0;13.0;12.0;6.0;6.0;7.0;7.0;24007
2010-01;16.0;15.0;15.0;14.0;15.0;13.0;14.0;13.0;11.0;11.0;10.0;9.0;9.0;9.0;8.0;;24007
2011-01;29.0;29.0;29.0;28.0;25.0;24.0;23.0;20.0;20.0;18.0;18.0;18.0;16.0;16.0;;;24007
2012-01;4.0;4.0;4.0;4.0;3.0;3.0;3.0;3.0;4.0;3.0;3.0;3.0;3.0;;;;24007
2013-01;8.0;6.0;6.0;6.0;6.0;6.0;7.0;6.0;5.0;5.0;5.0;4.0;;;;;24007
2014-01;11.0;10.0;9.0;9.0;10.0;8.0;7.0;8.0;7.0;6.0;6.0;;;;;;24007
2015-01;9.0;7.0;6.0;6.0;4.0;4.0;4.0;5.0;5.0;7.0;;;;;;;24007
2016-01;24.0;23.0;21.0;21.0;16.0;15.0;17.0;18.0;18.0;;;;;;;;24007
2017-01;18.0;18.0;15.0;9.0;12.0;12.0;14.0;14.0;;;;;;;;;24007
2018-01;22.0;21.0;17.0;18.0;16.0;18.0;19.0;;;;;;;;;;24007
2019-01;18.0;16.0;11.0;12.0;15.0;14.0;;;;;;;;;;;24007
2020-01;23.0;20.0;14.0;15.0;15.0;;;;;;;;;;;;24007
2021-01;41.0;38.0;38.0;37.0;;;;;;;;;;;;;24007
2022-01;38.0;35.0;31.0;;;;;;;;;;;;;;24007
2023-01;45.0;44.0;;;;;;;;;;;;;;;24007
2024-01;37.0;;;;;;;;;;;;;;;;24007
2010-01;3.0;2.0;2.0;2.0;1.0;1.0;;;;;;;;;;;24005
2011-01;3.0;2.0;2.0;1.0;1.0;1.0;2.0;1.0;1.0;1.0;1.0;1.0;;;;;24005
2012-01;2.0;2.0;2.0;2.0;1.0;;;;;;;;1.0;;;;24005
2014-01;8.0;7.0;5.0;4.0;2.0;1.0;1.0;;1.0;1.0;1.0;;;;;;24005
2015-01;5.0;4.0;4.0;4.0;4.0;4.0;4.0;2.0;2.0;1.0;;;;;;;24005
2016-01;1.0;1.0;;;;;1.0;1.0;1.0;;;;;;;;24005
2017-01;6.0;5.0;3.0;;;;;;;;;;;;;;24005
2018-01;4.0;4.0;4.0;3.0;2.0;1.0;1.0;;;;;;;;;;24005
2019-01;4.0;4.0;3.0;3.0;2.0;2.0;;;;;;;;;;;24005
2020-01;3.0;3.0;3.0;3.0;2.0;;;;;;;;;;;;24005
2021-01;2.0;1.0;1.0;;;;;;;;;;;;;;24005
2022-01;5.0;4.0;3.0;;;;;;;;;;;;;;24005
2023-01;6.0;4.0;;;;;;;;;;;;;;;24005
2024-01;5.0;;;;;;;;;;;;;;;;24005
2009-01;2.0;1.0;1.0;1.0;1.0;1.0;1.0;1.0;1.0;1.0;1.0;1.0;1.0;1.0;1.0;;11001
2011-01;1.0;1.0;1.0;1.0;1.0;1.0;1.0;1.0;1.0;1.0;1.0;1.0;1.0;1.0;;;11001
2012-01;1.0;1.0;;;;;;;;;;1.0;1.0;;;;11001
2013-01;3.0;2.0;2.0;2.0;2.0;2.0;2.0;1.0;2.0;2.0;2.0;2.0;;;;;11001
2017-01;2.0;2.0;2.0;2.0;2.0;1.0;1.0;1.0;;;;;;;;;11001
2018-01;1.0;1.0;1.0;1.0;1.0;;;;;;;;;;;;11001
2019-01;1.0;1.0;1.0;1.0;1.0;1.0;;;;;;;;;;;11001
2021-01;1.0;;;;;;;;;;;;;;;;11001
2023-01;1.0;1.0;;;;;;;;;;;;;;;11001
2024-01;3.0;;;;;;;;;;;;;;;;11001
2009-01;1.0;;;;;;;;;;;;;;;;11002
2010-01;1.0;;;;;;;;;;;;;;;;11002
2013-01;2.0;2.0;2.0;2.0;2.0;2.0;2.0;2.0;2.0;1.0;1.0;1.0;;;;;11002
2017-01;1.0;1.0;1.0;1.0;1.0;1.0;1.0;1.0;;;;;;;;;11002
2018-01;3.0;3.0;3.0;3.0;2.0;3.0;3.0;;;;;;;;;;11002
2021-01;1.0;1.0;;;;;;;;;;;;;;;11002
2022-01;6.0;6.0;5.0;;;;;;;;;;;;;;11002
2023-01;8.0;6.0;;;;;;;;;;;;;;;11002
2024-01;4.0;;;;;;;;;;;;;;;;11002
2010-01;3.0;1.0;1.0;1.0;1.0;1.0;1.0;1.0;1.0;1.0;1.0;1.0;1.0;1.0;1.0;;11006
2011-01;2.0;2.0;2.0;2.0;1.0;1.0;1.0;1.0;1.0;1.0;1.0;1.0;1.0;1.0;;;11006
2012-01;1.0;1.0;1.0;1.0;1.0;1.0;1.0;1.0;1.0;1.0;1.0;1.0;1.0;;;;11006
2013-01;1.0;1.0;1.0;;;;;;;;;;;;;;11006
2014-01;4.0;2.0;2.0;2.0;2.0;2.0;2.0;2.0;2.0;1.0;1.0;;;;;;11006
2015-01;3.0;3.0;3.0;2.0;2.0;2.0;2.0;2.0;2.0;2.0;;;;;;;11006
2017-01;1.0;1.0;1.0;1.0;1.0;1.0;1.0;1.0;;;;;;;;;11006
2018-01;1.0;;;1.0;1.0;1.0;1.0;;;;;;;;;;11006
2019-01;3.0;2.0;1.0;1.0;2.0;1.0;;;;;;;;;;;11006
2020-01;3.0;3.0;3.0;3.0;3.0;;;;;;;;;;;;11006
2021-01;1.0;1.0;1.0;1.0;;;;;;;;;;;;;11006
2022-01;6.0;6.0;5.0;;;;;;;;;;;;;;11006
2023-01;2.0;2.0;;;;;;;;;;;;;;;11006
2024-01;2.0;;;;;;;;;;;;;;;;11006
2009-01;1.0;1.0;1.0;1.0;;;1.0;;1.0;1.0;1.0;1.0;1.0;1.0;1.0;1.0;11003
2010-01;2.0;2.0;2.0;2.0;2.0;1.0;2.0;2.0;2.0;1.0;1.0;1.0;1.0;1.0;1.0;;11003
2012-01;2.0;2.0;2.0;2.0;2.0;2.0;2.0;2.0;2.0;2.0;2.0;2.0;2.0;;;;11003
2013-01;1.0;;1.0;1.0;1.0;;;;;;;;;;;;11003
2014-01;2.0;2.0;2.0;2.0;2.0;2.0;2.0;2.0;2.0;2.0;2.0;;;;;;11003
2015-01;3.0;3.0;3.0;2.0;2.0;2.0;2.0;2.0;2.0;2.0;;;;;;;11003
2016-01;3.0;1.0;1.0;1.0;1.0;1.0;1.0;1.0;;;;;;;;;11003
2018-01;3.0;1.0;1.0;2.0;1.0;1.0;1.0;;;;;;;;;;11003
2019-01;3.0;1.0;1.0;1.0;1.0;1.0;;;;;;;;;;;11003
2020-01;1.0;1.0;;1.0;;;;;;;;;;;;;11003
2021-01;3.0;2.0;1.0;1.0;;;;;;;;;;;;;11003
2022-01;3.0;3.0;3.0;;;;;;;;;;;;;;11003
2023-01;1.0;1.0;;;;;;;;;;;;;;;11003
2024-01;5.0;;;;;;;;;;;;;;;;11003
2011-01;1.0;;;;;;;;;;;;;;;;11005
2012-01;2.0;2.0;2.0;2.0;2.0;2.0;2.0;2.0;2.0;2.0;2.0;1.0;1.0;;;;11005
2013-01;1.0;1.0;1.0;1.0;1.0;1.0;1.0;1.0;1.0;1.0;1.0;1.0;;;;;11005
2015-01;1.0;1.0;1.0;1.0;1.0;1.0;1.0;1.0;1.0;;;;;;;;11005
2018-01;1.0;1.0;1.0;1.0;1.0;1.0;1.0;;;;;;;;;;11005
2019-01;1.0;1.0;1.0;1.0;1.0;1.0;;;;;;;;;;;11005
2023-01;2.0;2.0;;;;;;;;;;;;;;;11005
2009-01;5.0;5.0;5.0;5.0;5.0;4.0;5.0;4.0;3.0;4.0;4.0;3.0;3.0;3.0;3.0;4.0;11004
2010-01;6.0;6.0;6.0;6.0;4.0;3.0;4.0;6.0;4.0;4.0;3.0;3.0;2.0;2.0;3.0;;11004
2011-01;8.0;8.0;6.0;8.0;8.0;6.0;7.0;7.0;7.0;7.0;6.0;6.0;5.0;5.0;;;11004
2012-01;14.0;12.0;10.0;9.0;9.0;7.0;6.0;6.0;5.0;5.0;6.0;6.0;6.0;;;;11004
2013-01;12.0;11.0;10.0;10.0;9.0;9.0;10.0;7.0;6.0;7.0;6.0;6.0;;;;;11004
2014-01;8.0;7.0;8.0;8.0;7.0;7.0;7.0;7.0;7.0;7.0;4.0;;;;;;11004
2015-01;9.0;3.0;4.0;4.0;4.0;4.0;4.0;4.0;4.0;4.0;;;;;;;11004
2016-01;10.0;9.0;9.0;9.0;6.0;5.0;6.0;6.0;4.0;;;;;;;;11004
2017-01;14.0;13.0;14.0;12.0;12.0;12.0;11.0;9.0;;;;;;;;;11004
2018-01;9.0;9.0;9.0;9.0;7.0;8.0;8.0;;;;;;;;;;11004
2019-01;6.0;5.0;4.0;4.0;4.0;5.0;;;;;;;;;;;11004
2020-01;8.0;7.0;6.0;6.0;4.0;;;;;;;;;;;;11004
2021-01;24.0;18.0;20.0;18.0;;;;;;;;;;;;;11004
2022-01;19.0;19.0;17.0;;;;;;;;;;;;;;11004
2023-01;17.0;15.0;;;;;;;;;;;;;;;11004
2024-01;13.0;;;;;;;;;;;;;;;;11004
2015-01;1.0;;;;;;;;;;;;;;;;11007
2017-01;1.0;1.0;;;;;;;;;;;;;;;11007
2018-01;1.0;1.0;;;;;;;;;;;;;;;11007
2009-01;5.0;4.0;5.0;5.0;4.0;3.0;2.0;2.0;2.0;2.0;3.0;3.0;3.0;3.0;4.0;4.0;14001
2010-01;4.0;4.0;4.0;4.0;4.0;4.0;3.0;3.0;3.0;3.0;3.0;4.0;4.0;4.0;4.0;;14001
2011-01;2.0;1.0;1.0;1.0;1.0;1.0;1.0;1.0;1.0;1.0;1.0;1.0;1.0;1.0;;;14001
2012-01;5.0;5.0;3.0;4.0;4.0;3.0;3.0;4.0;4.0;4.0;4.0;4.0;4.0;;;;14001
2014-01;9.0;8.0;8.0;6.0;8.0;8.0;7.0;8.0;8.0;8.0;8.0;;;;;;14001
2015-01;5.0;5.0;5.0;5.0;5.0;5.0;5.0;5.0;5.0;4.0;;;;;;;14001
2016-01;5.0;5.0;5.0;5.0;5.0;5.0;5.0;5.0;5.0;;;;;;;;14001
2017-01;3.0;3.0;3.0;3.0;3.0;2.0;2.0;3.0;;;;;;;;;14001
2018-01;11.0;10.0;9.0;9.0;9.0;9.0;8.0;;;;;;;;;;14001
2019-01;1.0;1.0;1.0;1.0;;1.0;;;;;;;;;;;14001
2020-01;1.0;1.0;1.0;;;;;;;;;;;;;;14001
2021-01;5.0;5.0;4.0;2.0;;;;;;;;;;;;;14001
2022-01;4.0;4.0;4.0;;;;;;;;;;;;;;14001
2023-01;20.0;18.0;;;;;;;;;;;;;;;14001
2024-01;5.0;;;;;;;;;;;;;;;;14001
2013-01;1.0;;;;;;;;;;;;;;;;14002
2018-01;1.0;1.0;1.0;1.0;1.0;1.0;1.0;;;;;;;;;;14002
2019-01;1.0;1.0;;;;;;;;;;;;;;;14002
2020-01;1.0;1.0;1.0;1.0;1.0;;;;;;;;;;;;14002
2021-01;1.0;;;;;;;;;;;;;;;;14002
2022-01;2.0;1.0;1.0;;;;;;;;;;;;;;14002
2024-01;2.0;;;;;;;;;;;;;;;;14002
2009-01;10.0;10.0;9.0;8.0;8.0;9.0;8.0;9.0;9.0;7.0;8.0;9.0;9.0;9.0;8.0;8.0;43001
2010-01;2.0;2.0;2.0;2.0;2.0;2.0;1.0;1.0;1.0;1.0;1.0;1.0;1.0;1.0;1.0;;43001
2011-01;10.0;10.0;10.0;9.0;8.0;8.0;8.0;7.0;7.0;7.0;6.0;7.0;7.0;7.0;;;43001
2012-01;10.0;9.0;10.0;8.0;4.0;5.0;5.0;6.0;6.0;6.0;4.0;5.0;5.0;;;;43001
2013-01;7.0;5.0;6.0;6.0;6.0;6.0;6.0;6.0;6.0;6.0;6.0;6.0;;;;;43001
2014-01;4.0;3.0;4.0;3.0;3.0;3.0;3.0;3.0;3.0;3.0;3.0;;;;;;43001
2015-01;16.0;13.0;11.0;10.0;11.0;12.0;10.0;10.0;10.0;10.0;;;;;;;43001
2016-01;6.0;5.0;2.0;3.0;4.0;4.0;4.0;3.0;3.0;;;;;;;;43001
2017-01;14.0;13.0;9.0;9.0;9.0;8.0;8.0;7.0;;;;;;;;;43001
2018-01;11.0;11.0;8.0;8.0;7.0;8.0;7.0;;;;;;;;;;43001
2019-01;16.0;14.0;12.0;10.0;9.0;9.0;;;;;;;;;;;43001
2020-01;10.0;10.0;5.0;6.0;5.0;;;;;;;;;;;;43001
2021-01;10.0;8.0;4.0;4.0;;;;;;;;;;;;;43001
2022-01;7.0;5.0;5.0;;;;;;;;;;;;;;43001
2023-01;13.0;11.0;;;;;;;;;;;;;;;43001
2024-01;11.0;;;;;;;;;;;;;;;;43001
2009-01;3.0;3.0;3.0;3.0;3.0;3.0;3.0;3.0;2.0;3.0;3.0;3.0;3.0;3.0;3.0;3.0;43003
2010-01;6.0;6.0;6.0;6.0;4.0;4.0;3.0;3.0;3.0;3.0;3.0;3.0;4.0;4.0;4.0;;43003
2011-01;2.0;2.0;2.0;2.0;2.0;2.0;2.0;2.0;2.0;2.0;2.0;2.0;2.0;2.0;;;43003
2012-01;3.0;2.0;2.0;2.0;2.0;2.0;2.0;2.0;2.0;2.0;2.0;2.0;2.0;;;;43003
2013-01;4.0;4.0;4.0;4.0;4.0;4.0;4.0;4.0;4.0;4.0;4.0;4.0;;;;;43003
2014-01;3.0;2.0;1.0;1.0;1.0;1.0;1.0;1.0;1.0;1.0;1.0;;;;;;43003
2015-01;3.0;2.0;2.0;2.0;1.0;1.0;1.0;1.0;1.0;1.0;;;;;;;43003
2016-01;1.0;1.0;1.0;1.0;1.0;1.0;1.0;1.0;1.0;;;;;;;;43003
2017-01;5.0;5.0;4.0;4.0;4.0;4.0;4.0;4.0;;;;;;;;;43003
2018-01;2.0;2.0;2.0;2.0;2.0;2.0;2.0;;;;;;;;;;43003
2019-01;1.0;1.0;1.0;1.0;1.0;1.0;;;;;;;;;;;43003
2020-01;4.0;4.0;4.0;4.0;4.0;;;;;;;;;;;;43003
2021-01;2.0;1.0;1.0;;;;;;;;;;;;;;43003
2022-01;2.0;2.0;2.0;;;;;;;;;;;;;;43003
2023-01;3.0;3.0;;;;;;;;;;;;;;;43003
2024-01;8.0;;;;;;;;;;;;;;;;43003
2009-01;2.0;1.0;1.0;1.0;1.0;1.0;1.0;1.0;1.0;1.0;1.0;1.0;1.0;1.0;1.0;;43015
2010-01;2.0;1.0;;2.0;2.0;1.0;1.0;1.0;1.0;1.0;1.0;1.0;1.0;1.0;1.0;;43015
2011-01;1.0;1.0;1.0;;;;;;;;;;;;;;43015
2012-01;2.0;2.0;1.0;2.0;1.0;1.0;1.0;1.0;;;1.0;;;;;;43015
2014-01;2.0;2.0;1.0;1.0;;;;;;;;;;;;;43015
2015-01;5.0;2.0;2.0;2.0;1.0;1.0;1.0;1.0;1.0;1.0;;;;;;;43015
2016-01;4.0;4.0;3.0;2.0;1.0;;;;;;;;;;;;43015
2017-01;2.0;2.0;2.0;2.0;2.0;2.0;2.0;2.0;;;;;;;;;43015
2018-01;4.0;2.0;1.0;2.0;1.0;1.0;3.0;;;;;;;;;;43015
2019-01;3.0;3.0;3.0;3.0;3.0;3.0;;;;;;;;;;;43015
2020-01;5.0;4.0;2.0;2.0;2.0;;;;;;;;;;;;43015
2021-01;1.0;1.0;;;;;;;;;;;;;;;43015
2022-01;2.0;1.0;2.0;;;;;;;;;;;;;;43015
2023-01;9.0;8.0;;;;;;;;;;;;;;;43015
2024-01;3.0;;;;;;;;;;;;;;;;43015
2009-01;21.0;21.0;21.0;20.0;20.0;19.0;19.0;17.0;16.0;15.0;13.0;13.0;13.0;12.0;12.0;12.0;43010
2010-01;15.0;15.0;15.0;15.0;15.0;11.0;11.0;11.0;11.0;11.0;10.0;10.0;10.0;10.0;10.0;;43010
2011-01;8.0;8.0;8.0;8.0;8.0;8.0;7.0;7.0;7.0;7.0;7.0;7.0;6.0;5.0;;;43010
2012-01;15.0;14.0;13.0;11.0;12.0;12.0;12.0;12.0;12.0;12.0;12.0;12.0;11.0;;;;43010
2013-01;23.0;21.0;22.0;19.0;18.0;18.0;18.0;18.0;18.0;19.0;19.0;18.0;;;;;43010
2014-01;35.0;32.0;31.0;26.0;25.0;21.0;21.0;19.0;19.0;18.0;17.0;;;;;;43010
2015-01;21.0;18.0;14.0;15.0;15.0;13.0;15.0;15.0;14.0;17.0;;;;;;;43010
2016-01;23.0;22.0;19.0;18.0;18.0;19.0;18.0;18.0;17.0;;;;;;;;43010
2017-01;33.0;31.0;26.0;23.0;22.0;23.0;23.0;22.0;;;;;;;;;43010
2018-01;27.0;26.0;22.0;21.0;22.0;22.0;23.0;;;;;;;;;;43010
2019-01;39.0;33.0;27.0;27.0;25.0;28.0;;;;;;;;;;;43010
2020-01;27.0;19.0;21.0;20.0;19.0;;;;;;;;;;;;43010
2021-01;39.0;33.0;23.0;23.0;;;;;;;;;;;;;43010
2022-01;51.0;45.0;40.0;;;;;;;;;;;;;;43010
2023-01;45.0;41.0;;;;;;;;;;;;;;;43010
2024-01;59.0;;;;;;;;;;;;;;;;43010
2009-01;2.0;2.0;2.0;2.0;2.0;2.0;2.0;2.0;2.0;2.0;2.0;2.0;2.0;2.0;1.0;1.0;43026
2010-01;4.0;4.0;3.0;3.0;3.0;3.0;3.0;3.0;3.0;3.0;3.0;3.0;3.0;3.0;3.0;;43026
2011-01;2.0;2.0;2.0;2.0;2.0;2.0;2.0;2.0;2.0;1.0;1.0;1.0;1.0;1.0;;;43026
2012-01;7.0;7.0;7.0;7.0;6.0;6.0;6.0;6.0;6.0;6.0;6.0;6.0;6.0;;;;43026
2013-01;4.0;4.0;3.0;3.0;3.0;3.0;3.0;2.0;2.0;2.0;2.0;2.0;;;;;43026
2014-01;3.0;3.0;3.0;3.0;3.0;3.0;1.0;1.0;1.0;1.0;1.0;;;;;;43026
2015-01;4.0;3.0;3.0;3.0;2.0;2.0;2.0;2.0;2.0;2.0;;;;;;;43026
2016-01;2.0;2.0;2.0;2.0;1.0;1.0;1.0;1.0;1.0;;;;;;;;43026
2017-01;2.0;2.0;2.0;2.0;2.0;1.0;1.0;1.0;;;;;;;;;43026
2018-01;3.0;3.0;3.0;3.0;3.0;3.0;2.0;;;;;;;;;;43026
2019-01;1.0;1.0;1.0;1.0;1.0;1.0;;;;;;;;;;;43026
2020-01;5.0;5.0;5.0;4.0;4.0;;;;;;;;;;;;43026
2021-01;4.0;4.0;2.0;2.0;;;;;;;;;;;;;43026
2022-01;6.0;5.0;4.0;;;;;;;;;;;;;;43026
2023-01;4.0;2.0;;;;;;;;;;;;;;;43026
2024-01;5.0;;;;;;;;;;;;;;;;43026
2009-01;5.0;5.0;5.0;5.0;5.0;5.0;5.0;5.0;5.0;5.0;5.0;3.0;3.0;3.0;3.0;4.0;43029
2010-01;5.0;5.0;4.0;4.0;4.0;3.0;1.0;1.0;1.0;1.0;;1.0;1.0;1.0;;;43029
2011-01;7.0;5.0;5.0;5.0;5.0;5.0;5.0;5.0;3.0;2.0;2.0;2.0;2.0;1.0;;;43029
2012-01;5.0;3.0;3.0;1.0;1.0;1.0;1.0;1.0;;;;;;;;;43029
2013-01;6.0;4.0;3.0;4.0;3.0;4.0;4.0;3.0;3.0;3.0;3.0;3.0;;;;;43029
2014-01;2.0;2.0;1.0;;1.0;1.0;1.0;1.0;1.0;1.0;1.0;;;;;;43029
2015-01;3.0;3.0;3.0;3.0;3.0;3.0;3.0;3.0;3.0;3.0;;;;;;;43029
2016-01;4.0;3.0;2.0;4.0;3.0;3.0;1.0;;;;;;;;;;43029
2017-01;5.0;5.0;5.0;3.0;3.0;3.0;2.0;3.0;;;;;;;;;43029
2018-01;5.0;4.0;4.0;3.0;2.0;2.0;2.0;;;;;;;;;;43029
2020-01;7.0;7.0;6.0;5.0;6.0;;;;;;;;;;;;43029
2021-01;10.0;6.0;4.0;2.0;;;;;;;;;;;;;43029
2022-01;7.0;5.0;4.0;;;;;;;;;;;;;;43029
2023-01;8.0;5.0;;;;;;;;;;;;;;;43029
2024-01;5.0;;;;;;;;;;;;;;;;43029
2010-01;3.0;3.0;3.0;3.0;3.0;3.0;3.0;3.0;3.0;3.0;2.0;2.0;2.0;2.0;1.0;;43027
2011-01;1.0;1.0;1.0;1.0;1.0;1.0;;;;1.0;1.0;1.0;1.0;1.0;;;43027
2016-01;1.0;1.0;1.0;1.0;1.0;;;;;;;;;;;;43027
2017-01;2.0;2.0;2.0;2.0;1.0;1.0;1.0;1.0;;;;;;;;;43027
2019-01;2.0;2.0;2.0;2.0;2.0;1.0;;;;;;;;;;;43027
2020-01;2.0;2.0;2.0;2.0;2.0;;;;;;;;;;;;43027
2021-01;2.0;1.0;1.0;2.0;;;;;;;;;;;;;43027
2022-01;6.0;4.0;1.0;;;;;;;;;;;;;;43027
2023-01;3.0;3.0;;;;;;;;;;;;;;;43027
2024-01;5.0;;;;;;;;;;;;;;;;43027
2009-01;6.0;5.0;4.0;4.0;2.0;1.0;1.0;;;1.0;1.0;1.0;1.0;1.0;1.0;1.0;43021
2010-01;7.0;6.0;7.0;7.0;7.0;7.0;6.0;5.0;5.0;5.0;5.0;4.0;4.0;4.0;3.0;;43021
2011-01;8.0;6.0;6.0;5.0;6.0;6.0;6.0;6.0;5.0;4.0;4.0;4.0;5.0;4.0;;;43021
2012-01;4.0;4.0;3.0;3.0;3.0;3.0;3.0;3.0;3.0;3.0;3.0;3.0;3.0;;;;43021
2013-01;11.0;10.0;9.0;9.0;8.0;8.0;8.0;8.0;7.0;7.0;7.0;7.0;;;;;43021
2014-01;7.0;7.0;5.0;5.0;5.0;4.0;4.0;4.0;4.0;4.0;4.0;;;;;;43021
2015-01;3.0;3.0;2.0;2.0;2.0;2.0;2.0;1.0;1.0;1.0;;;;;;;43021
2016-01;1.0;1.0;1.0;1.0;1.0;1.0;1.0;1.0;1.0;;;;;;;;43021
2017-01;9.0;8.0;8.0;7.0;3.0;3.0;3.0;3.0;;;;;;;;;43021
2018-01;4.0;4.0;4.0;2.0;1.0;1.0;1.0;;;;;;;;;;43021
2019-01;2.0;1.0;1.0;1.0;1.0;1.0;;;;;;;;;;;43021
2020-01;6.0;5.0;4.0;4.0;3.0;;;;;;;;;;;;43021
2021-01;5.0;4.0;3.0;3.0;;;;;;;;;;;;;43021
2022-01;7.0;6.0;6.0;;;;;;;;;;;;;;43021
2023-01;11.0;11.0;;;;;;;;;;;;;;;43021
2024-01;15.0;;;;;;;;;;;;;;;;43021
2009-01;5.0;5.0;5.0;5.0;5.0;5.0;4.0;4.0;4.0;4.0;4.0;4.0;4.0;4.0;4.0;4.0;43013
2011-01;3.0;2.0;1.0;;;;;;;;;;;;;;43013
2012-01;5.0;3.0;3.0;2.0;2.0;2.0;2.0;2.0;2.0;2.0;3.0;3.0;2.0;;;;43013
2013-01;2.0;1.0;1.0;1.0;1.0;1.0;1.0;1.0;1.0;1.0;1.0;1.0;;;;;43013
2014-01;3.0;1.0;1.0;;;;;;;;;;;;;;43013
2015-01;3.0;3.0;3.0;2.0;2.0;2.0;2.0;1.0;1.0;1.0;;;;;;;43013
2016-01;6.0;5.0;5.0;4.0;4.0;4.0;4.0;3.0;3.0;;;;;;;;43013
2017-01;7.0;7.0;5.0;5.0;5.0;4.0;4.0;4.0;;;;;;;;;43013
2018-01;3.0;2.0;2.0;3.0;2.0;2.0;2.0;;;;;;;;;;43013
2019-01;8.0;8.0;7.0;6.0;4.0;3.0;;;;;;;;;;;43013
2020-01;5.0;4.0;4.0;3.0;2.0;;;;;;;;;;;;43013
2021-01;1.0;;;;;;;;;;;;;;;;43013
2022-01;9.0;9.0;5.0;;;;;;;;;;;;;;43013
2023-01;6.0;3.0;;;;;;;;;;;;;;;43013
2024-01;6.0;;;;;;;;;;;;;;;;43013
2009-01;2.0;1.0;1.0;1.0;1.0;1.0;1.0;1.0;;;1.0;1.0;1.0;1.0;1.0;1.0;43022
2010-01;1.0;1.0;1.0;1.0;1.0;1.0;1.0;1.0;1.0;1.0;1.0;1.0;1.0;1.0;1.0;;43022
2012-01;2.0;2.0;2.0;2.0;2.0;2.0;2.0;2.0;2.0;1.0;1.0;;;;;;43022
2013-01;3.0;2.0;2.0;1.0;1.0;2.0;2.0;2.0;2.0;2.0;2.0;2.0;;;;;43022
2016-01;2.0;2.0;2.0;2.0;1.0;1.0;1.0;1.0;1.0;;;;;;;;43022
2017-01;1.0;1.0;1.0;1.0;1.0;1.0;;;;;;;;;;;43022
2018-01;2.0;2.0;1.0;1.0;1.0;1.0;1.0;;;;;;;;;;43022
2019-01;1.0;1.0;1.0;1.0;1.0;1.0;;;;;;;;;;;43022
2020-01;3.0;1.0;1.0;1.0;1.0;;;;;;;;;;;;43022
2021-01;1.0;1.0;1.0;1.0;;;;;;;;;;;;;43022
2022-01;2.0;2.0;;;;;;;;;;;;;;;43022
2023-01;2.0;1.0;;;;;;;;;;;;;;;43022
2024-01;2.0;;;;;;;;;;;;;;;;43022
2009-01;15.0;14.0;12.0;12.0;11.0;11.0;10.0;9.0;7.0;8.0;8.0;8.0;6.0;6.0;6.0;6.0;43008
2010-01;12.0;10.0;10.0;10.0;8.0;7.0;7.0;5.0;6.0;6.0;6.0;6.0;6.0;6.0;5.0;;43008
2011-01;3.0;3.0;3.0;3.0;2.0;2.0;2.0;2.0;2.0;2.0;2.0;2.0;2.0;2.0;;;43008
2012-01;5.0;5.0;5.0;2.0;2.0;1.0;2.0;1.0;1.0;1.0;1.0;1.0;1.0;;;;43008
2013-01;5.0;5.0;4.0;4.0;2.0;4.0;4.0;4.0;4.0;4.0;4.0;3.0;;;;;43008
2014-01;10.0;8.0;8.0;8.0;7.0;5.0;5.0;5.0;5.0;4.0;4.0;;;;;;43008
2015-01;8.0;8.0;7.0;6.0;5.0;4.0;4.0;4.0;3.0;3.0;;;;;;;43008
2016-01;9.0;8.0;6.0;5.0;5.0;4.0;4.0;5.0;5.0;;;;;;;;43008
2017-01;10.0;8.0;7.0;7.0;9.0;9.0;8.0;7.0;;;;;;;;;43008
2018-01;10.0;9.0;8.0;7.0;3.0;3.0;2.0;;;;;;;;;;43008
2019-01;7.0;7.0;6.0;6.0;3.0;2.0;;;;;;;;;;;43008
2020-01;15.0;13.0;13.0;9.0;9.0;;;;;;;;;;;;43008
2021-01;23.0;20.0;18.0;16.0;;;;;;;;;;;;;43008
2022-01;21.0;16.0;16.0;;;;;;;;;;;;;;43008
2023-01;19.0;17.0;;;;;;;;;;;;;;;43008
2024-01;20.0;;;;;;;;;;;;;;;;43008
2009-01;4.0;3.0;3.0;2.0;2.0;2.0;2.0;2.0;2.0;2.0;2.0;1.0;1.0;1.0;2.0;2.0;43016
2010-01;1.0;1.0;1.0;1.0;1.0;1.0;1.0;1.0;1.0;1.0;1.0;1.0;1.0;1.0;1.0;;43016
2011-01;2.0;1.0;1.0;1.0;2.0;2.0;2.0;2.0;2.0;2.0;2.0;2.0;2.0;2.0;;;43016
2012-01;3.0;3.0;3.0;3.0;3.0;3.0;3.0;3.0;3.0;3.0;3.0;2.0;2.0;;;;43016
2013-01;7.0;6.0;6.0;5.0;5.0;5.0;5.0;5.0;7.0;7.0;6.0;6.0;;;;;43016
2014-01;3.0;3.0;3.0;3.0;2.0;2.0;1.0;1.0;1.0;;;;;;;;43016
2015-01;4.0;4.0;4.0;3.0;3.0;2.0;2.0;2.0;2.0;2.0;;;;;;;43016
2016-01;1.0;1.0;1.0;1.0;1.0;1.0;1.0;1.0;1.0;;;;;;;;43016
2017-01;1.0;1.0;1.0;1.0;1.0;1.0;1.0;1.0;;;;;;;;;43016
2018-01;6.0;5.0;4.0;5.0;5.0;5.0;4.0;;;;;;;;;;43016
2019-01;3.0;2.0;2.0;2.0;2.0;2.0;;;;;;;;;;;43016
2020-01;3.0;2.0;2.0;2.0;2.0;;;;;;;;;;;;43016
2021-01;2.0;1.0;1.0;1.0;;;;;;;;;;;;;43016
2022-01;3.0;3.0;3.0;;;;;;;;;;;;;;43016
2023-01;3.0;2.0;;;;;;;;;;;;;;;43016
2024-01;5.0;;;;;;;;;;;;;;;;43016
2009-01;2.0;2.0;1.0;1.0;1.0;1.0;1.0;1.0;1.0;1.0;1.0;1.0;1.0;1.0;1.0;1.0;43019
2010-01;1.0;1.0;;;;;;;;;;;;;;;43019
2011-01;3.0;2.0;2.0;2.0;2.0;1.0;1.0;1.0;1.0;1.0;1.0;1.0;1.0;1.0;;;43019
2012-01;2.0;2.0;2.0;2.0;2.0;2.0;2.0;2.0;2.0;2.0;2.0;2.0;2.0;;;;43019
2013-01;2.0;2.0;2.0;2.0;2.0;1.0;1.0;1.0;1.0;1.0;1.0;1.0;;;;;43019
2014-01;1.0;;;;;;;;;;;;;;;;43019
2015-01;1.0;1.0;1.0;1.0;1.0;1.0;;1.0;1.0;1.0;;;;;;;43019
2016-01;1.0;1.0;1.0;1.0;1.0;1.0;1.0;1.0;1.0;;;;;;;;43019
2017-01;1.0;;;;;;1.0;1.0;;;;;;;;;43019
2018-01;4.0;3.0;3.0;4.0;4.0;3.0;3.0;;;;;;;;;;43019
2019-01;2.0;2.0;;1.0;1.0;1.0;;;;;;;;;;;43019
2020-01;3.0;2.0;2.0;2.0;1.0;;;;;;;;;;;;43019
2021-01;2.0;2.0;2.0;2.0;;;;;;;;;;;;;43019
2022-01;4.0;4.0;3.0;;;;;;;;;;;;;;43019
2023-01;4.0;4.0;;;;;;;;;;;;;;;43019
2024-01;2.0;;;;;;;;;;;;;;;;43019
2009-01;3.0;3.0;3.0;3.0;3.0;3.0;3.0;3.0;2.0;2.0;2.0;2.0;2.0;2.0;2.0;2.0;43025
2010-01;4.0;4.0;4.0;4.0;4.0;4.0;4.0;4.0;4.0;4.0;4.0;4.0;4.0;4.0;4.0;;43025
2011-01;1.0;1.0;1.0;1.0;1.0;1.0;1.0;1.0;;;;;;;;;43025
2013-01;3.0;3.0;3.0;3.0;3.0;3.0;3.0;3.0;3.0;3.0;3.0;3.0;;;;;43025
2014-01;5.0;5.0;5.0;5.0;5.0;5.0;5.0;5.0;5.0;5.0;5.0;;;;;;43025
2015-01;2.0;2.0;2.0;2.0;1.0;1.0;1.0;1.0;1.0;1.0;;;;;;;43025
2016-01;7.0;5.0;4.0;4.0;4.0;3.0;2.0;3.0;3.0;;;;;;;;43025
2017-01;4.0;4.0;4.0;4.0;4.0;4.0;4.0;4.0;;;;;;;;;43025
2018-01;6.0;6.0;6.0;6.0;5.0;5.0;5.0;;;;;;;;;;43025
2019-01;2.0;2.0;2.0;2.0;2.0;2.0;;;;;;;;;;;43025
2020-01;3.0;3.0;3.0;3.0;3.0;;;;;;;;;;;;43025
2021-01;7.0;6.0;6.0;6.0;;;;;;;;;;;;;43025
2022-01;7.0;6.0;5.0;;;;;;;;;;;;;;43025
2023-01;10.0;9.0;;;;;;;;;;;;;;;43025
2024-01;5.0;;;;;;;;;;;;;;;;43025
2009-01;4.0;4.0;3.0;3.0;2.0;2.0;2.0;2.0;2.0;2.0;2.0;2.0;2.0;2.0;2.0;2.0;43030
2010-01;4.0;4.0;3.0;2.0;2.0;2.0;2.0;2.0;2.0;2.0;2.0;2.0;2.0;2.0;2.0;;43030
2011-01;2.0;2.0;1.0;1.0;2.0;2.0;2.0;2.0;2.0;2.0;1.0;1.0;1.0;1.0;;;43030
2012-01;4.0;4.0;4.0;4.0;4.0;4.0;4.0;3.0;3.0;4.0;4.0;4.0;4.0;;;;43030
2013-01;1.0;;;;;;;;;;;;;;;;43030
2014-01;3.0;3.0;3.0;2.0;2.0;2.0;2.0;2.0;2.0;2.0;2.0;;;;;;43030
2015-01;2.0;1.0;1.0;1.0;1.0;1.0;1.0;1.0;1.0;1.0;;;;;;;43030
2016-01;1.0;1.0;1.0;1.0;1.0;1.0;1.0;;;;;;;;;;43030
2017-01;2.0;2.0;1.0;1.0;1.0;1.0;;;;;;;;;;;43030
2018-01;1.0;1.0;1.0;1.0;1.0;1.0;1.0;;;;;;;;;;43030
2020-01;6.0;5.0;3.0;3.0;3.0;;;;;;;;;;;;43030
2021-01;2.0;;;1.0;;;;;;;;;;;;;43030
2022-01;4.0;4.0;3.0;;;;;;;;;;;;;;43030
2023-01;4.0;3.0;;;;;;;;;;;;;;;43030
2024-01;2.0;;;;;;;;;;;;;;;;43030
2009-01;6.0;5.0;5.0;4.0;4.0;2.0;2.0;2.0;2.0;2.0;2.0;2.0;1.0;2.0;2.0;2.0;43020
2010-01;3.0;3.0;3.0;3.0;3.0;3.0;2.0;2.0;1.0;1.0;1.0;1.0;1.0;1.0;1.0;;43020
2011-01;3.0;3.0;3.0;2.0;2.0;2.0;2.0;2.0;2.0;2.0;2.0;2.0;2.0;2.0;;;43020
2012-01;1.0;1.0;1.0;1.0;1.0;1.0;1.0;1.0;1.0;1.0;1.0;1.0;;;;;43020
2013-01;3.0;2.0;3.0;3.0;3.0;3.0;3.0;3.0;2.0;2.0;2.0;2.0;;;;;43020
2014-01;2.0;1.0;1.0;1.0;1.0;1.0;1.0;1.0;1.0;1.0;1.0;;;;;;43020
2015-01;1.0;1.0;1.0;1.0;1.0;1.0;1.0;1.0;1.0;1.0;;;;;;;43020
2016-01;1.0;1.0;1.0;1.0;1.0;1.0;1.0;1.0;1.0;;;;;;;;43020
2017-01;1.0;1.0;1.0;;;;;;;;;;;;;;43020
2018-01;4.0;3.0;2.0;3.0;3.0;3.0;4.0;;;;;;;;;;43020
2019-01;3.0;2.0;2.0;1.0;1.0;1.0;;;;;;;;;;;43020
2020-01;5.0;5.0;3.0;3.0;1.0;;;;;;;;;;;;43020
2021-01;2.0;1.0;1.0;1.0;;;;;;;;;;;;;43020
2022-01;3.0;2.0;1.0;;;;;;;;;;;;;;43020
2023-01;3.0;3.0;;;;;;;;;;;;;;;43020
2024-01;2.0;;;;;;;;;;;;;;;;43020
2009-01;4.0;3.0;3.0;1.0;1.0;1.0;1.0;2.0;2.0;2.0;2.0;2.0;2.0;2.0;2.0;2.0;43009
2010-01;4.0;4.0;3.0;4.0;2.0;1.0;2.0;2.0;2.0;3.0;2.0;2.0;2.0;2.0;2.0;;43009
2011-01;4.0;4.0;4.0;2.0;2.0;1.0;1.0;1.0;1.0;1.0;1.0;1.0;1.0;1.0;;;43009
2012-01;4.0;4.0;4.0;4.0;3.0;3.0;3.0;2.0;2.0;2.0;2.0;2.0;2.0;;;;43009
2014-01;1.0;1.0;1.0;1.0;1.0;1.0;;;;;;;;;;;43009
2015-01;2.0;2.0;2.0;1.0;1.0;1.0;1.0;1.0;1.0;1.0;;;;;;;43009
2016-01;2.0;1.0;;1.0;1.0;;;;;;;;;;;;43009
2017-01;2.0;2.0;2.0;2.0;1.0;1.0;1.0;1.0;;;;;;;;;43009
2018-01;2.0;2.0;2.0;1.0;;1.0;1.0;;;;;;;;;;43009
2019-01;6.0;5.0;6.0;6.0;6.0;6.0;;;;;;;;;;;43009
2020-01;2.0;1.0;1.0;1.0;1.0;;;;;;;;;;;;43009
2021-01;2.0;2.0;2.0;2.0;;;;;;;;;;;;;43009
2022-01;4.0;1.0;1.0;;;;;;;;;;;;;;43009
2023-01;3.0;2.0;;;;;;;;;;;;;;;43009
2024-01;4.0;;;;;;;;;;;;;;;;43009
2009-01;5.0;5.0;4.0;4.0;3.0;3.0;3.0;3.0;4.0;4.0;4.0;4.0;5.0;4.0;4.0;4.0;43007
2010-01;7.0;7.0;6.0;6.0;5.0;4.0;4.0;4.0;4.0;3.0;3.0;3.0;3.0;3.0;2.0;;43007
2011-01;8.0;7.0;8.0;7.0;7.0;7.0;7.0;7.0;8.0;8.0;6.0;7.0;7.0;7.0;;;43007
2012-01;9.0;9.0;9.0;8.0;6.0;6.0;6.0;7.0;7.0;7.0;7.0;7.0;7.0;;;;43007
2013-01;3.0;3.0;2.0;2.0;1.0;1.0;1.0;1.0;1.0;1.0;;;;;;;43007
2014-01;11.0;11.0;10.0;9.0;9.0;9.0;9.0;8.0;8.0;8.0;9.0;;;;;;43007
2015-01;7.0;7.0;6.0;6.0;6.0;5.0;4.0;4.0;4.0;4.0;;;;;;;43007
2016-01;7.0;5.0;5.0;4.0;5.0;5.0;5.0;5.0;5.0;;;;;;;;43007
2017-01;8.0;6.0;6.0;5.0;5.0;4.0;4.0;5.0;;;;;;;;;43007
2018-01;9.0;7.0;7.0;6.0;6.0;5.0;5.0;;;;;;;;;;43007
2019-01;6.0;6.0;5.0;4.0;4.0;4.0;;;;;;;;;;;43007
2020-01;10.0;9.0;8.0;7.0;5.0;;;;;;;;;;;;43007
2021-01;15.0;10.0;7.0;8.0;;;;;;;;;;;;;43007
2022-01;16.0;14.0;13.0;;;;;;;;;;;;;;43007
2023-01;10.0;5.0;;;;;;;;;;;;;;;43007
2024-01;18.0;;;;;;;;;;;;;;;;43007
2009-01;4.0;3.0;3.0;2.0;2.0;2.0;2.0;2.0;2.0;2.0;2.0;1.0;2.0;2.0;2.0;2.0;43014
2010-01;6.0;4.0;4.0;4.0;4.0;3.0;3.0;4.0;4.0;4.0;3.0;4.0;3.0;3.0;3.0;;43014
2011-01;2.0;1.0;1.0;1.0;1.0;1.0;1.0;1.0;1.0;1.0;1.0;1.0;1.0;;;;43014
2012-01;3.0;3.0;3.0;3.0;2.0;2.0;1.0;2.0;3.0;3.0;3.0;3.0;3.0;;;;43014
2013-01;1.0;1.0;1.0;;;;;;;;;;;;;;43014
2014-01;4.0;2.0;2.0;2.0;2.0;2.0;2.0;2.0;2.0;2.0;2.0;;;;;;43014
2015-01;5.0;4.0;4.0;4.0;4.0;5.0;4.0;3.0;4.0;4.0;;;;;;;43014
2016-01;2.0;2.0;1.0;1.0;1.0;1.0;1.0;1.0;1.0;;;;;;;;43014
2017-01;5.0;5.0;5.0;5.0;5.0;5.0;5.0;3.0;;;;;;;;;43014
2018-01;4.0;4.0;4.0;4.0;4.0;4.0;4.0;;;;;;;;;;43014
2019-01;1.0;1.0;;;;;;;;;;;;;;;43014
2020-01;3.0;3.0;3.0;3.0;3.0;;;;;;;;;;;;43014
2021-01;3.0;3.0;3.0;2.0;;;;;;;;;;;;;43014
2022-01;4.0;4.0;3.0;;;;;;;;;;;;;;43014
2023-01;1.0;1.0;;;;;;;;;;;;;;;43014
2024-01;6.0;;;;;;;;;;;;;;;;43014
2009-01;15.0;13.0;13.0;12.0;12.0;12.0;11.0;11.0;10.0;10.0;10.0;10.0;10.0;10.0;11.0;10.0;43023
2010-01;11.0;10.0;8.0;7.0;7.0;6.0;5.0;5.0;7.0;7.0;7.0;7.0;7.0;6.0;6.0;;43023
2011-01;9.0;9.0;9.0;5.0;5.0;4.0;4.0;4.0;4.0;4.0;2.0;2.0;2.0;2.0;;;43023
2012-01;14.0;13.0;13.0;11.0;10.0;9.0;9.0;9.0;8.0;8.0;8.0;9.0;7.0;;;;43023
2013-01;13.0;13.0;13.0;13.0;12.0;12.0;11.0;10.0;10.0;11.0;9.0;7.0;;;;;43023
2014-01;7.0;7.0;4.0;5.0;3.0;3.0;1.0;1.0;2.0;1.0;1.0;;;;;;43023
2015-01;9.0;8.0;8.0;7.0;5.0;5.0;5.0;5.0;4.0;4.0;;;;;;;43023
2016-01;8.0;8.0;8.0;8.0;8.0;8.0;6.0;5.0;5.0;;;;;;;;43023
2017-01;3.0;3.0;3.0;2.0;2.0;2.0;2.0;2.0;;;;;;;;;43023
2018-01;15.0;14.0;12.0;11.0;10.0;10.0;10.0;;;;;;;;;;43023
2019-01;11.0;11.0;10.0;9.0;8.0;6.0;;;;;;;;;;;43023
2020-01;11.0;9.0;9.0;7.0;6.0;;;;;;;;;;;;43023
2021-01;8.0;7.0;7.0;6.0;;;;;;;;;;;;;43023
2022-01;12.0;11.0;9.0;;;;;;;;;;;;;;43023
2023-01;17.0;17.0;;;;;;;;;;;;;;;43023
2024-01;13.0;;;;;;;;;;;;;;;;43023
2010-01;1.0;1.0;1.0;1.0;;;;;;;;;;;;;43004
2011-01;1.0;1.0;1.0;;;;;;;;;;;;;;43004
2012-01;2.0;2.0;2.0;2.0;1.0;;;;;;;;;;;;43004
2013-01;1.0;1.0;1.0;1.0;;;;;;;;;;;;;43004
2014-01;1.0;1.0;1.0;1.0;1.0;1.0;1.0;1.0;1.0;1.0;1.0;;;;;;43004
2016-01;1.0;1.0;1.0;1.0;1.0;1.0;1.0;1.0;1.0;;;;;;;;43004
2017-01;1.0;;;;;;;;;;;;;;;;43004
2018-01;3.0;3.0;3.0;3.0;3.0;3.0;3.0;;;;;;;;;;43004
2019-01;1.0;1.0;1.0;1.0;1.0;1.0;;;;;;;;;;;43004
2021-01;3.0;2.0;1.0;1.0;;;;;;;;;;;;;43004
2022-01;2.0;2.0;1.0;;;;;;;;;;;;;;43004
2023-01;4.0;2.0;;;;;;;;;;;;;;;43004
2024-01;4.0;;;;;;;;;;;;;;;;43004
2009-01;9.0;8.0;8.0;7.0;6.0;7.0;7.0;7.0;7.0;7.0;6.0;6.0;6.0;5.0;5.0;5.0;43017
2010-01;11.0;11.0;8.0;8.0;7.0;7.0;6.0;6.0;6.0;3.0;3.0;3.0;3.0;3.0;3.0;;43017
2011-01;5.0;5.0;5.0;4.0;5.0;5.0;4.0;3.0;5.0;5.0;5.0;4.0;2.0;3.0;;;43017
2012-01;9.0;9.0;8.0;8.0;7.0;7.0;7.0;7.0;6.0;6.0;6.0;5.0;5.0;;;;43017
2013-01;7.0;7.0;6.0;4.0;3.0;3.0;4.0;3.0;2.0;3.0;3.0;4.0;;;;;43017
2014-01;6.0;6.0;5.0;5.0;5.0;5.0;5.0;5.0;4.0;4.0;4.0;;;;;;43017
2015-01;7.0;6.0;4.0;5.0;6.0;6.0;6.0;6.0;6.0;5.0;;;;;;;43017
2016-01;10.0;8.0;7.0;5.0;5.0;5.0;4.0;4.0;5.0;;;;;;;;43017
2017-01;11.0;11.0;9.0;9.0;8.0;7.0;8.0;8.0;;;;;;;;;43017
2018-01;4.0;4.0;2.0;3.0;2.0;2.0;2.0;;;;;;;;;;43017
2019-01;12.0;12.0;12.0;8.0;7.0;6.0;;;;;;;;;;;43017
2020-01;17.0;13.0;10.0;9.0;9.0;;;;;;;;;;;;43017
2021-01;8.0;4.0;4.0;4.0;;;;;;;;;;;;;43017
2022-01;17.0;13.0;12.0;;;;;;;;;;;;;;43017
2023-01;20.0;12.0;;;;;;;;;;;;;;;43017
2024-01;21.0;;;;;;;;;;;;;;;;43017
2009-01;2.0;1.0;1.0;1.0;1.0;1.0;1.0;1.0;1.0;1.0;1.0;1.0;1.0;1.0;;;43011
2010-01;4.0;2.0;3.0;3.0;3.0;3.0;3.0;3.0;3.0;3.0;3.0;3.0;3.0;3.0;3.0;;43011
2011-01;6.0;4.0;4.0;4.0;4.0;4.0;4.0;4.0;4.0;4.0;3.0;3.0;3.0;3.0;;;43011
2012-01;4.0;3.0;3.0;4.0;4.0;3.0;2.0;2.0;2.0;2.0;2.0;2.0;2.0;;;;43011
2013-01;3.0;3.0;3.0;2.0;2.0;2.0;2.0;1.0;1.0;1.0;1.0;1.0;;;;;43011
2014-01;3.0;1.0;1.0;1.0;1.0;1.0;1.0;1.0;1.0;1.0;1.0;;;;;;43011
2015-01;5.0;4.0;2.0;2.0;2.0;2.0;2.0;2.0;2.0;2.0;;;;;;;43011
2016-01;2.0;2.0;1.0;1.0;1.0;1.0;1.0;1.0;1.0;;;;;;;;43011
2017-01;2.0;1.0;1.0;1.0;1.0;1.0;1.0;1.0;;;;;;;;;43011
2018-01;3.0;2.0;2.0;1.0;1.0;1.0;;;;;;;;;;;43011
2019-01;2.0;2.0;2.0;2.0;2.0;1.0;;;;;;;;;;;43011
2020-01;4.0;4.0;2.0;2.0;2.0;;;;;;;;;;;;43011
2021-01;4.0;3.0;2.0;3.0;;;;;;;;;;;;;43011
2022-01;2.0;1.0;;;;;;;;;;;;;;;43011
2023-01;5.0;5.0;;;;;;;;;;;;;;;43011
2024-01;4.0;;;;;;;;;;;;;;;;43011
2009-01;6.0;5.0;4.0;4.0;4.0;4.0;4.0;4.0;3.0;3.0;3.0;4.0;3.0;1.0;1.0;1.0;43005
2010-01;1.0;1.0;1.0;1.0;1.0;1.0;1.0;1.0;1.0;1.0;;;;;;;43005
2011-01;1.0;1.0;1.0;1.0;1.0;;;;;;;;;;;;43005
2012-01;1.0;1.0;1.0;1.0;1.0;1.0;1.0;1.0;1.0;1.0;1.0;1.0;1.0;;;;43005
2013-01;3.0;1.0;1.0;1.0;1.0;1.0;1.0;1.0;1.0;1.0;1.0;1.0;;;;;43005
2014-01;5.0;5.0;3.0;3.0;2.0;3.0;3.0;2.0;1.0;1.0;1.0;;;;;;43005
2015-01;1.0;1.0;1.0;;;;;;1.0;1.0;;;;;;;43005
2016-01;3.0;3.0;1.0;1.0;1.0;1.0;;;;;;;;;;;43005
2017-01;1.0;1.0;1.0;1.0;1.0;1.0;1.0;1.0;;;;;;;;;43005
2018-01;5.0;4.0;3.0;3.0;3.0;3.0;3.0;;;;;;;;;;43005
2019-01;5.0;4.0;2.0;2.0;2.0;2.0;;;;;;;;;;;43005
2020-01;5.0;4.0;4.0;4.0;3.0;;;;;;;;;;;;43005
2021-01;5.0;4.0;4.0;2.0;;;;;;;;;;;;;43005
2022-01;4.0;3.0;2.0;;;;;;;;;;;;;;43005
2023-01;5.0;5.0;;;;;;;;;;;;;;;43005
2024-01;3.0;;;;;;;;;;;;;;;;43005
2009-01;1.0;1.0;1.0;1.0;1.0;;;;;;;;;;;;43012
2010-01;2.0;2.0;2.0;2.0;2.0;2.0;2.0;2.0;2.0;2.0;2.0;2.0;2.0;2.0;2.0;;43012
2011-01;2.0;1.0;2.0;2.0;2.0;2.0;2.0;2.0;2.0;2.0;2.0;2.0;2.0;2.0;;;43012
2012-01;2.0;2.0;2.0;2.0;2.0;2.0;2.0;2.0;2.0;2.0;2.0;2.0;2.0;;;;43012
2013-01;1.0;1.0;1.0;1.0;1.0;1.0;;;;;;;;;;;43012
2014-01;1.0;1.0;1.0;1.0;1.0;1.0;1.0;1.0;1.0;1.0;1.0;;;;;;43012
2015-01;3.0;2.0;2.0;2.0;3.0;3.0;3.0;3.0;3.0;3.0;;;;;;;43012
2016-01;3.0;3.0;3.0;2.0;2.0;2.0;1.0;1.0;1.0;;;;;;;;43012
2018-01;1.0;;;;;;;;;;;;;;;;43012
2020-01;3.0;3.0;3.0;3.0;3.0;;;;;;;;;;;;43012
2021-01;2.0;2.0;2.0;2.0;;;;;;;;;;;;;43012
2022-01;4.0;3.0;2.0;;;;;;;;;;;;;;43012
2023-01;2.0;2.0;;;;;;;;;;;;;;;43012
2024-01;3.0;;;;;;;;;;;;;;;;43012
2009-01;4.0;4.0;4.0;4.0;4.0;4.0;4.0;4.0;3.0;3.0;3.0;3.0;3.0;3.0;3.0;2.0;43018
2011-01;1.0;1.0;1.0;1.0;;1.0;;;;;;;;;;;43018
2012-01;1.0;1.0;;;1.0;1.0;1.0;1.0;1.0;1.0;1.0;1.0;;;;;43018
2014-01;4.0;4.0;4.0;4.0;4.0;4.0;4.0;4.0;4.0;4.0;4.0;;;;;;43018
2015-01;1.0;1.0;1.0;1.0;1.0;1.0;1.0;1.0;1.0;1.0;;;;;;;43018
2016-01;5.0;4.0;3.0;3.0;3.0;3.0;3.0;3.0;4.0;;;;;;;;43018
2017-01;1.0;1.0;;;;;;;;;;;;;;;43018
2018-01;3.0;3.0;3.0;3.0;3.0;3.0;3.0;;;;;;;;;;43018
2019-01;3.0;3.0;3.0;3.0;3.0;1.0;;;;;;;;;;;43018
2020-01;1.0;;;;;;;;;;;;;;;;43018
2021-01;1.0;1.0;1.0;1.0;;;;;;;;;;;;;43018
2022-01;2.0;2.0;2.0;;;;;;;;;;;;;;43018
2023-01;2.0;1.0;;;;;;;;;;;;;;;43018
2024-01;4.0;;;;;;;;;;;;;;;;43018
2009-01;2.0;2.0;2.0;2.0;2.0;2.0;2.0;2.0;2.0;2.0;2.0;2.0;2.0;1.0;1.0;1.0;43006
2010-01;3.0;3.0;3.0;3.0;3.0;3.0;3.0;3.0;3.0;3.0;3.0;3.0;2.0;2.0;2.0;;43006
2011-01;3.0;3.0;2.0;2.0;2.0;2.0;2.0;2.0;2.0;2.0;2.0;2.0;2.0;2.0;;;43006
2014-01;3.0;3.0;2.0;2.0;2.0;2.0;2.0;2.0;2.0;2.0;2.0;;;;;;43006
2015-01;2.0;2.0;2.0;2.0;2.0;2.0;2.0;2.0;2.0;2.0;;;;;;;43006
2017-01;3.0;3.0;3.0;3.0;3.0;3.0;3.0;3.0;;;;;;;;;43006
2018-01;1.0;1.0;;1.0;1.0;1.0;1.0;;;;;;;;;;43006
2019-01;2.0;2.0;2.0;2.0;1.0;2.0;;;;;;;;;;;43006
2020-01;2.0;2.0;2.0;2.0;2.0;;;;;;;;;;;;43006
2021-01;1.0;1.0;1.0;1.0;;;;;;;;;;;;;43006
2022-01;3.0;3.0;2.0;;;;;;;;;;;;;;43006
2023-01;1.0;;;;;;;;;;;;;;;;43006
2024-01;4.0;;;;;;;;;;;;;;;;43006
2009-01;4.0;4.0;3.0;3.0;2.0;2.0;2.0;2.0;2.0;2.0;2.0;2.0;2.0;2.0;3.0;3.0;43028
2010-01;1.0;1.0;1.0;1.0;1.0;1.0;1.0;1.0;1.0;1.0;;;;;;;43028
2012-01;1.0;1.0;1.0;1.0;1.0;1.0;1.0;1.0;1.0;1.0;1.0;1.0;1.0;;;;43028
2014-01;4.0;4.0;4.0;3.0;2.0;2.0;3.0;3.0;3.0;3.0;3.0;;;;;;43028
2015-01;2.0;2.0;2.0;1.0;1.0;1.0;1.0;1.0;1.0;1.0;;;;;;;43028
2016-01;3.0;3.0;3.0;3.0;3.0;3.0;3.0;3.0;3.0;;;;;;;;43028
2017-01;4.0;4.0;3.0;3.0;3.0;3.0;3.0;3.0;;;;;;;;;43028
2018-01;4.0;3.0;3.0;3.0;3.0;3.0;3.0;;;;;;;;;;43028
2019-01;6.0;6.0;3.0;3.0;3.0;3.0;;;;;;;;;;;43028
2021-01;4.0;4.0;4.0;4.0;;;;;;;;;;;;;43028
2022-01;5.0;4.0;3.0;;;;;;;;;;;;;;43028
2023-01;7.0;6.0;;;;;;;;;;;;;;;43028
2024-01;2.0;;;;;;;;;;;;;;;;43028
2009-01;2.0;2.0;2.0;2.0;2.0;2.0;2.0;2.0;2.0;2.0;2.0;2.0;2.0;2.0;1.0;1.0;43002
2010-01;1.0;;;;;;;;;;;;;;;;43002
2011-01;1.0;1.0;1.0;1.0;1.0;1.0;1.0;1.0;1.0;1.0;1.0;1.0;1.0;1.0;;;43002
2012-01;2.0;2.0;2.0;1.0;1.0;1.0;1.0;1.0;1.0;1.0;1.0;1.0;1.0;;;;43002
2014-01;2.0;2.0;2.0;2.0;2.0;2.0;2.0;2.0;2.0;2.0;2.0;;;;;;43002
2015-01;2.0;2.0;1.0;1.0;1.0;;;;;;;;;;;;43002
2017-01;1.0;1.0;1.0;1.0;1.0;1.0;1.0;1.0;;;;;;;;;43002
2019-01;5.0;4.0;4.0;2.0;2.0;2.0;;;;;;;;;;;43002
2020-01;3.0;3.0;3.0;3.0;3.0;;;;;;;;;;;;43002
2021-01;1.0;1.0;1.0;1.0;;;;;;;;;;;;;43002
2022-01;3.0;3.0;3.0;;;;;;;;;;;;;;43002
2023-01;1.0;1.0;;;;;;;;;;;;;;;43002
2024-01;2.0;;;;;;;;;;;;;;;;43002
2009-01;1.0;1.0;1.0;1.0;;;;;;;;;;;;;43024
2011-01;1.0;1.0;1.0;1.0;1.0;1.0;1.0;1.0;1.0;;;;;;;;43024
2012-01;3.0;3.0;3.0;3.0;3.0;3.0;3.0;3.0;2.0;2.0;2.0;1.0;1.0;;;;43024
2013-01;1.0;1.0;;;;;;;;;;;;;;;43024
2015-01;1.0;1.0;1.0;1.0;1.0;1.0;1.0;1.0;1.0;1.0;;;;;;;43024
2018-01;1.0;1.0;1.0;1.0;1.0;1.0;1.0;;;;;;;;;;43024
2019-01;1.0;;;;;;;;;;;;;;;;43024
2020-01;2.0;2.0;2.0;1.0;1.0;;;;;;;;;;;;43024
2021-01;1.0;1.0;1.0;1.0;;;;;;;;;;;;;43024
2023-01;1.0;1.0;;;;;;;;;;;;;;;43024
2009-01;5.0;5.0;4.0;3.0;3.0;2.0;2.0;2.0;3.0;3.0;2.0;1.0;1.0;1.0;1.0;1.0;42008
2010-01;4.0;3.0;2.0;2.0;2.0;2.0;2.0;2.0;2.0;2.0;2.0;2.0;2.0;2.0;2.0;;42008
2011-01;2.0;2.0;2.0;2.0;2.0;2.0;2.0;1.0;1.0;1.0;1.0;1.0;2.0;2.0;;;42008
2012-01;2.0;1.0;1.0;1.0;;;;;;;;;;;;;42008
2014-01;2.0;1.0;1.0;1.0;1.0;1.0;1.0;1.0;1.0;1.0;1.0;;;;;;42008
2015-01;2.0;2.0;1.0;1.0;1.0;;;1.0;1.0;1.0;;;;;;;42008
2016-01;1.0;1.0;1.0;1.0;1.0;1.0;1.0;1.0;1.0;;;;;;;;42008
2017-01;2.0;2.0;1.0;1.0;1.0;1.0;1.0;1.0;;;;;;;;;42008
2018-01;3.0;2.0;3.0;2.0;3.0;3.0;3.0;;;;;;;;;;42008
2019-01;1.0;1.0;1.0;1.0;1.0;1.0;;;;;;;;;;;42008
2020-01;7.0;6.0;6.0;3.0;3.0;;;;;;;;;;;;42008
2021-01;4.0;4.0;3.0;4.0;;;;;;;;;;;;;42008
2022-01;2.0;1.0;1.0;;;;;;;;;;;;;;42008
2023-01;6.0;6.0;;;;;;;;;;;;;;;42008
2024-01;4.0;;;;;;;;;;;;;;;;42008
2009-01;6.0;4.0;3.0;3.0;2.0;2.0;2.0;2.0;2.0;2.0;2.0;2.0;2.0;2.0;3.0;1.0;42003
2010-01;4.0;4.0;3.0;4.0;4.0;4.0;4.0;4.0;3.0;4.0;4.0;4.0;4.0;4.0;4.0;;42003
2011-01;1.0;;;;;;;;;;;;;;;;42003
2012-01;4.0;3.0;2.0;3.0;2.0;2.0;2.0;2.0;2.0;2.0;2.0;2.0;2.0;;;;42003
2013-01;1.0;1.0;;1.0;1.0;1.0;1.0;1.0;1.0;1.0;1.0;1.0;;;;;42003
2014-01;3.0;2.0;2.0;1.0;1.0;1.0;1.0;1.0;1.0;1.0;1.0;;;;;;42003
2015-01;3.0;2.0;2.0;1.0;;;;;;;;;;;;;42003
2016-01;2.0;2.0;2.0;2.0;2.0;2.0;2.0;2.0;2.0;;;;;;;;42003
2017-01;2.0;2.0;2.0;2.0;2.0;2.0;2.0;1.0;;;;;;;;;42003
2018-01;2.0;1.0;1.0;1.0;1.0;1.0;1.0;;;;;;;;;;42003
2019-01;6.0;4.0;4.0;3.0;3.0;3.0;;;;;;;;;;;42003
2020-01;5.0;4.0;2.0;1.0;1.0;;;;;;;;;;;;42003
2021-01;2.0;2.0;2.0;1.0;;;;;;;;;;;;;42003
2022-01;6.0;5.0;5.0;;;;;;;;;;;;;;42003
2023-01;7.0;5.0;;;;;;;;;;;;;;;42003
2024-01;7.0;;;;;;;;;;;;;;;;42003
2009-01;7.0;5.0;7.0;6.0;5.0;3.0;2.0;1.0;1.0;2.0;2.0;2.0;2.0;2.0;2.0;3.0;42002
2010-01;3.0;3.0;2.0;2.0;2.0;2.0;2.0;2.0;2.0;2.0;2.0;2.0;2.0;2.0;2.0;;42002
2011-01;17.0;15.0;14.0;15.0;11.0;9.0;7.0;9.0;9.0;8.0;9.0;9.0;8.0;6.0;;;42002
2012-01;4.0;2.0;2.0;2.0;2.0;2.0;2.0;3.0;3.0;3.0;3.0;3.0;3.0;;;;42002
2013-01;4.0;3.0;3.0;2.0;2.0;2.0;3.0;3.0;3.0;3.0;2.0;2.0;;;;;42002
2014-01;5.0;4.0;4.0;4.0;3.0;4.0;4.0;4.0;4.0;4.0;4.0;;;;;;42002
2015-01;4.0;2.0;1.0;1.0;2.0;2.0;2.0;2.0;2.0;2.0;;;;;;;42002
2016-01;10.0;8.0;7.0;7.0;6.0;6.0;6.0;5.0;5.0;;;;;;;;42002
2017-01;9.0;8.0;7.0;6.0;6.0;6.0;5.0;5.0;;;;;;;;;42002
2018-01;6.0;5.0;4.0;4.0;4.0;3.0;4.0;;;;;;;;;;42002
2019-01;14.0;10.0;10.0;10.0;10.0;10.0;;;;;;;;;;;42002
2020-01;14.0;7.0;6.0;4.0;4.0;;;;;;;;;;;;42002
2021-01;13.0;10.0;10.0;11.0;;;;;;;;;;;;;42002
2022-01;11.0;9.0;8.0;;;;;;;;;;;;;;42002
2023-01;12.0;9.0;;;;;;;;;;;;;;;42002
2024-01;8.0;;;;;;;;;;;;;;;;42002
2009-01;23.0;23.0;17.0;16.0;15.0;16.0;17.0;16.0;16.0;16.0;15.0;15.0;14.0;13.0;11.0;10.0;42007
2010-01;34.0;21.0;19.0;17.0;18.0;18.0;16.0;14.0;13.0;14.0;13.0;16.0;16.0;14.0;15.0;;42007
2011-01;30.0;23.0;18.0;17.0;14.0;14.0;15.0;15.0;14.0;14.0;12.0;13.0;14.0;14.0;;;42007
2012-01;17.0;14.0;12.0;9.0;11.0;11.0;9.0;9.0;11.0;11.0;10.0;7.0;10.0;;;;42007
2013-01;19.0;16.0;15.0;13.0;13.0;13.0;13.0;12.0;12.0;12.0;8.0;8.0;;;;;42007
2014-01;21.0;20.0;15.0;14.0;12.0;13.0;13.0;12.0;12.0;12.0;13.0;;;;;;42007
2015-01;15.0;13.0;11.0;10.0;10.0;10.0;10.0;10.0;9.0;8.0;;;;;;;42007
2016-01;20.0;19.0;19.0;17.0;14.0;13.0;11.0;11.0;12.0;;;;;;;;42007
2017-01;29.0;28.0;24.0;22.0;22.0;21.0;21.0;20.0;;;;;;;;;42007
2018-01;19.0;14.0;15.0;13.0;14.0;16.0;16.0;;;;;;;;;;42007
2019-01;34.0;31.0;29.0;24.0;20.0;17.0;;;;;;;;;;;42007
2020-01;28.0;24.0;21.0;19.0;18.0;;;;;;;;;;;;42007
2021-01;30.0;27.0;24.0;21.0;;;;;;;;;;;;;42007
2022-01;69.0;54.0;50.0;;;;;;;;;;;;;;42007
2023-01;43.0;35.0;;;;;;;;;;;;;;;42007
2024-01;66.0;;;;;;;;;;;;;;;;42007
2009-01;7.0;5.0;3.0;3.0;4.0;4.0;3.0;4.0;5.0;4.0;4.0;4.0;4.0;4.0;3.0;2.0;42001
2010-01;4.0;3.0;3.0;3.0;3.0;3.0;2.0;2.0;2.0;2.0;2.0;2.0;2.0;2.0;2.0;;42001
2011-01;4.0;3.0;1.0;1.0;1.0;1.0;1.0;1.0;1.0;1.0;1.0;1.0;1.0;1.0;;;42001
2012-01;3.0;3.0;1.0;;;;;;;;;;;;;;42001
2013-01;3.0;2.0;2.0;2.0;1.0;1.0;1.0;1.0;1.0;1.0;1.0;1.0;;;;;42001
2014-01;5.0;2.0;1.0;;1.0;2.0;1.0;1.0;1.0;1.0;1.0;;;;;;42001
2015-01;5.0;3.0;3.0;3.0;1.0;1.0;;1.0;1.0;1.0;;;;;;;42001
2016-01;5.0;4.0;2.0;2.0;3.0;4.0;3.0;3.0;2.0;;;;;;;;42001
2017-01;4.0;3.0;3.0;3.0;3.0;3.0;3.0;3.0;;;;;;;;;42001
2018-01;5.0;5.0;4.0;5.0;4.0;2.0;2.0;;;;;;;;;;42001
2019-01;2.0;2.0;2.0;2.0;1.0;1.0;;;;;;;;;;;42001
2020-01;6.0;5.0;5.0;4.0;4.0;;;;;;;;;;;;42001
2021-01;7.0;6.0;5.0;5.0;;;;;;;;;;;;;42001
2022-01;14.0;11.0;7.0;;;;;;;;;;;;;;42001
2023-01;6.0;6.0;;;;;;;;;;;;;;;42001
2024-01;4.0;;;;;;;;;;;;;;;;42001
2009-01;8.0;7.0;5.0;4.0;4.0;4.0;5.0;5.0;4.0;4.0;4.0;3.0;3.0;3.0;3.0;3.0;42013
2010-01;6.0;5.0;5.0;5.0;4.0;4.0;4.0;4.0;3.0;3.0;3.0;3.0;4.0;3.0;2.0;;42013
2011-01;1.0;1.0;1.0;1.0;1.0;1.0;1.0;1.0;1.0;1.0;1.0;1.0;1.0;1.0;;;42013
2012-01;3.0;3.0;2.0;2.0;1.0;;;;;;;;;;;;42013
2013-01;2.0;2.0;2.0;2.0;1.0;1.0;1.0;1.0;1.0;1.0;1.0;1.0;;;;;42013
2014-01;1.0;;;;;;;;;;;;;;;;42013
2015-01;2.0;2.0;;;;;;1.0;1.0;1.0;;;;;;;42013
2016-01;1.0;1.0;1.0;1.0;1.0;1.0;1.0;;1.0;;;;;;;;42013
2017-01;5.0;3.0;3.0;2.0;1.0;1.0;1.0;1.0;;;;;;;;;42013
2018-01;3.0;1.0;2.0;2.0;1.0;1.0;1.0;;;;;;;;;;42013
2019-01;4.0;1.0;1.0;1.0;1.0;1.0;;;;;;;;;;;42013
2020-01;6.0;4.0;4.0;4.0;3.0;;;;;;;;;;;;42013
2021-01;3.0;3.0;2.0;2.0;;;;;;;;;;;;;42013
2022-01;3.0;3.0;3.0;;;;;;;;;;;;;;42013
2023-01;1.0;1.0;;;;;;;;;;;;;;;42013
2024-01;3.0;;;;;;;;;;;;;;;;42013
2009-01;3.0;1.0;1.0;;1.0;1.0;1.0;1.0;1.0;1.0;1.0;1.0;1.0;1.0;1.0;1.0;42010
2010-01;3.0;2.0;2.0;2.0;2.0;2.0;2.0;1.0;1.0;2.0;2.0;2.0;2.0;1.0;1.0;;42010
2011-01;3.0;2.0;1.0;1.0;1.0;1.0;;;;1.0;1.0;1.0;1.0;1.0;;;42010
2012-01;3.0;3.0;3.0;3.0;3.0;3.0;2.0;2.0;2.0;2.0;2.0;2.0;2.0;;;;42010
2013-01;2.0;2.0;1.0;1.0;1.0;1.0;1.0;1.0;1.0;1.0;1.0;1.0;;;;;42010
2014-01;3.0;3.0;3.0;3.0;3.0;3.0;3.0;3.0;3.0;2.0;3.0;;;;;;42010
2018-01;2.0;2.0;1.0;1.0;1.0;1.0;1.0;;;;;;;;;;42010
2019-01;2.0;2.0;2.0;2.0;2.0;2.0;;;;;;;;;;;42010
2020-01;7.0;7.0;6.0;5.0;6.0;;;;;;;;;;;;42010
2021-01;7.0;7.0;7.0;7.0;;;;;;;;;;;;;42010
2022-01;8.0;7.0;4.0;;;;;;;;;;;;;;42010
2023-01;2.0;;;;;;;;;;;;;;;;42010
2024-01;7.0;;;;;;;;;;;;;;;;42010
2009-01;3.0;3.0;2.0;2.0;2.0;2.0;2.0;2.0;2.0;2.0;2.0;2.0;2.0;2.0;2.0;2.0;42011
2010-01;4.0;4.0;3.0;3.0;3.0;3.0;3.0;3.0;2.0;2.0;2.0;2.0;2.0;2.0;2.0;;42011
2011-01;3.0;2.0;2.0;;;;;1.0;1.0;1.0;1.0;1.0;1.0;1.0;;;42011
2012-01;4.0;4.0;3.0;3.0;3.0;3.0;3.0;2.0;2.0;2.0;2.0;2.0;3.0;;;;42011
2013-01;4.0;2.0;2.0;2.0;2.0;1.0;2.0;1.0;1.0;1.0;1.0;1.0;;;;;42011
2014-01;10.0;8.0;7.0;6.0;5.0;6.0;6.0;7.0;7.0;7.0;6.0;;;;;;42011
2015-01;8.0;6.0;6.0;5.0;5.0;4.0;4.0;5.0;4.0;3.0;;;;;;;42011
2016-01;4.0;3.0;3.0;3.0;4.0;3.0;3.0;2.0;2.0;;;;;;;;42011
2017-01;11.0;11.0;11.0;11.0;11.0;11.0;11.0;11.0;;;;;;;;;42011
2018-01;4.0;3.0;2.0;1.0;3.0;4.0;2.0;;;;;;;;;;42011
2019-01;6.0;4.0;4.0;5.0;5.0;4.0;;;;;;;;;;;42011
2020-01;13.0;12.0;9.0;9.0;9.0;;;;;;;;;;;;42011
2021-01;21.0;17.0;15.0;13.0;;;;;;;;;;;;;42011
2022-01;19.0;15.0;12.0;;;;;;;;;;;;;;42011
2023-01;10.0;9.0;;;;;;;;;;;;;;;42011
2024-01;16.0;;;;;;;;;;;;;;;;42011
2009-01;3.0;3.0;3.0;3.0;3.0;3.0;3.0;3.0;2.0;2.0;1.0;1.0;;;1.0;;42014
2010-01;1.0;1.0;;;;;;;;;;;;;;;42014
2011-01;1.0;1.0;1.0;1.0;1.0;1.0;1.0;1.0;1.0;1.0;1.0;1.0;1.0;1.0;;;42014
2012-01;2.0;2.0;2.0;2.0;2.0;1.0;;1.0;1.0;1.0;;;;;;;42014
2013-01;2.0;2.0;2.0;2.0;2.0;2.0;2.0;2.0;1.0;1.0;2.0;2.0;;;;;42014
2014-01;1.0;1.0;1.0;;;;;;;;;;;;;;42014
2015-01;1.0;;;;;;;;;;;;;;;;42014
2016-01;2.0;2.0;2.0;1.0;1.0;1.0;1.0;1.0;1.0;;;;;;;;42014
2018-01;6.0;4.0;4.0;4.0;4.0;3.0;3.0;;;;;;;;;;42014
2019-01;5.0;3.0;2.0;2.0;2.0;1.0;;;;;;;;;;;42014
2020-01;4.0;4.0;4.0;4.0;4.0;;;;;;;;;;;;42014
2021-01;2.0;1.0;1.0;1.0;;;;;;;;;;;;;42014
2022-01;4.0;4.0;4.0;;;;;;;;;;;;;;42014
2023-01;7.0;5.0;;;;;;;;;;;;;;;42014
2024-01;7.0;;;;;;;;;;;;;;;;42014
2009-01;3.0;2.0;2.0;3.0;3.0;2.0;2.0;2.0;1.0;1.0;2.0;2.0;2.0;2.0;2.0;1.0;42016
2010-01;8.0;8.0;7.0;5.0;4.0;4.0;4.0;4.0;4.0;4.0;3.0;3.0;3.0;3.0;4.0;;42016
2011-01;2.0;2.0;1.0;1.0;1.0;1.0;1.0;2.0;2.0;2.0;2.0;2.0;2.0;2.0;;;42016
2012-01;6.0;6.0;6.0;5.0;5.0;4.0;4.0;4.0;4.0;4.0;4.0;4.0;4.0;;;;42016
2013-01;3.0;2.0;3.0;3.0;3.0;3.0;3.0;3.0;3.0;3.0;3.0;3.0;;;;;42016
2014-01;3.0;3.0;3.0;2.0;2.0;2.0;2.0;2.0;1.0;1.0;1.0;;;;;;42016
2015-01;4.0;4.0;3.0;3.0;3.0;3.0;2.0;2.0;2.0;2.0;;;;;;;42016
2016-01;4.0;4.0;4.0;4.0;3.0;4.0;4.0;4.0;4.0;;;;;;;;42016
2017-01;3.0;3.0;3.0;3.0;3.0;3.0;3.0;3.0;;;;;;;;;42016
2018-01;3.0;2.0;2.0;2.0;2.0;2.0;2.0;;;;;;;;;;42016
2019-01;3.0;3.0;2.0;2.0;2.0;2.0;;;;;;;;;;;42016
2020-01;6.0;5.0;4.0;3.0;3.0;;;;;;;;;;;;42016
2021-01;6.0;4.0;5.0;5.0;;;;;;;;;;;;;42016
2022-01;8.0;7.0;5.0;;;;;;;;;;;;;;42016
2023-01;9.0;8.0;;;;;;;;;;;;;;;42016
2024-01;8.0;;;;;;;;;;;;;;;;42016
2009-01;6.0;5.0;4.0;4.0;3.0;4.0;4.0;4.0;4.0;4.0;3.0;3.0;2.0;2.0;1.0;2.0;42009
2010-01;7.0;5.0;3.0;2.0;2.0;2.0;2.0;2.0;2.0;2.0;2.0;2.0;2.0;2.0;2.0;;42009
2011-01;3.0;2.0;1.0;1.0;1.0;1.0;;;;;;;;;;;42009
2012-01;5.0;2.0;2.0;1.0;1.0;1.0;1.0;1.0;1.0;1.0;1.0;2.0;2.0;;;;42009
2013-01;3.0;3.0;2.0;1.0;1.0;1.0;1.0;1.0;1.0;1.0;1.0;1.0;;;;;42009
2014-01;2.0;1.0;1.0;1.0;1.0;1.0;1.0;1.0;1.0;1.0;1.0;;;;;;42009
2015-01;3.0;3.0;2.0;2.0;2.0;2.0;2.0;2.0;1.0;1.0;;;;;;;42009
2016-01;3.0;2.0;2.0;1.0;;;;;;;;;;;;;42009
2017-01;3.0;3.0;2.0;3.0;3.0;3.0;3.0;3.0;;;;;;;;;42009
2018-01;5.0;5.0;4.0;3.0;3.0;4.0;3.0;;;;;;;;;;42009
2019-01;1.0;;;;;;;;;;;;;;;;42009
2020-01;4.0;4.0;3.0;3.0;2.0;;;;;;;;;;;;42009
2021-01;4.0;2.0;1.0;;;;;;;;;;;;;;42009
2022-01;6.0;6.0;6.0;;;;;;;;;;;;;;42009
2023-01;2.0;2.0;;;;;;;;;;;;;;;42009
2024-01;6.0;;;;;;;;;;;;;;;;42009
2009-01;13.0;11.0;11.0;11.0;10.0;8.0;8.0;8.0;8.0;7.0;7.0;7.0;8.0;8.0;7.0;7.0;42005
2010-01;6.0;4.0;2.0;2.0;1.0;1.0;1.0;;;;;;;;;;42005
2011-01;16.0;13.0;12.0;11.0;11.0;12.0;7.0;11.0;11.0;11.0;11.0;11.0;10.0;10.0;;;42005
2012-01;18.0;17.0;16.0;16.0;16.0;11.0;12.0;11.0;12.0;12.0;14.0;14.0;13.0;;;;42005
2013-01;8.0;8.0;8.0;7.0;7.0;7.0;7.0;6.0;6.0;6.0;6.0;6.0;;;;;42005
2014-01;12.0;11.0;11.0;7.0;10.0;9.0;9.0;9.0;9.0;8.0;9.0;;;;;;42005
2015-01;16.0;14.0;13.0;13.0;13.0;10.0;11.0;9.0;8.0;10.0;;;;;;;42005
2016-01;10.0;8.0;6.0;6.0;5.0;5.0;6.0;5.0;6.0;;;;;;;;42005
2017-01;13.0;11.0;6.0;3.0;4.0;6.0;6.0;5.0;;;;;;;;;42005
2018-01;17.0;15.0;11.0;10.0;9.0;9.0;9.0;;;;;;;;;;42005
2019-01;20.0;17.0;13.0;12.0;13.0;13.0;;;;;;;;;;;42005
2020-01;31.0;29.0;24.0;19.0;17.0;;;;;;;;;;;;42005
2021-01;11.0;10.0;7.0;8.0;;;;;;;;;;;;;42005
2022-01;45.0;42.0;40.0;;;;;;;;;;;;;;42005
2023-01;23.0;20.0;;;;;;;;;;;;;;;42005
2024-01;45.0;;;;;;;;;;;;;;;;42005
2009-01;1.0;1.0;1.0;1.0;1.0;1.0;1.0;1.0;1.0;1.0;1.0;1.0;1.0;1.0;1.0;1.0;42017
2010-01;4.0;4.0;4.0;3.0;3.0;3.0;3.0;3.0;3.0;3.0;3.0;3.0;3.0;3.0;3.0;;42017
2011-01;2.0;2.0;2.0;2.0;2.0;2.0;2.0;2.0;1.0;1.0;1.0;1.0;1.0;1.0;;;42017
2012-01;1.0;;;;;;;;;;;;;;;;42017
2013-01;5.0;5.0;5.0;4.0;5.0;4.0;4.0;4.0;4.0;4.0;4.0;4.0;;;;;42017
2014-01;5.0;5.0;3.0;4.0;4.0;3.0;3.0;3.0;2.0;2.0;2.0;;;;;;42017
2015-01;4.0;2.0;;;1.0;1.0;1.0;1.0;;;;;;;;;42017
2016-01;7.0;6.0;6.0;5.0;5.0;4.0;4.0;2.0;1.0;;;;;;;;42017
2017-01;1.0;;;;;;;;;;;;;;;;42017
2018-01;4.0;3.0;1.0;2.0;1.0;;;;;;;;;;;;42017
2019-01;3.0;1.0;1.0;1.0;2.0;2.0;;;;;;;;;;;42017
2020-01;10.0;8.0;8.0;4.0;2.0;;;;;;;;;;;;42017
2021-01;6.0;5.0;6.0;5.0;;;;;;;;;;;;;42017
2022-01;8.0;6.0;5.0;;;;;;;;;;;;;;42017
2023-01;13.0;10.0;;;;;;;;;;;;;;;42017
2024-01;13.0;;;;;;;;;;;;;;;;42017
2009-01;9.0;8.0;8.0;2.0;3.0;3.0;3.0;3.0;3.0;3.0;2.0;2.0;1.0;1.0;1.0;2.0;42006
2010-01;8.0;6.0;5.0;3.0;3.0;3.0;4.0;4.0;4.0;5.0;5.0;5.0;5.0;5.0;5.0;;42006
2011-01;8.0;5.0;4.0;3.0;3.0;3.0;1.0;1.0;2.0;2.0;2.0;2.0;2.0;2.0;;;42006
2012-01;9.0;9.0;9.0;8.0;8.0;8.0;6.0;5.0;5.0;5.0;5.0;5.0;5.0;;;;42006
2013-01;5.0;3.0;3.0;2.0;2.0;3.0;3.0;2.0;2.0;2.0;2.0;3.0;;;;;42006
2014-01;6.0;6.0;4.0;2.0;3.0;3.0;3.0;3.0;3.0;3.0;2.0;;;;;;42006
2015-01;7.0;5.0;4.0;2.0;;;;;;;;;;;;;42006
2016-01;16.0;14.0;10.0;9.0;8.0;8.0;9.0;8.0;7.0;;;;;;;;42006
2017-01;11.0;9.0;6.0;5.0;4.0;4.0;4.0;5.0;;;;;;;;;42006
2018-01;9.0;8.0;5.0;4.0;4.0;4.0;4.0;;;;;;;;;;42006
2019-01;13.0;9.0;8.0;7.0;6.0;6.0;;;;;;;;;;;42006
2020-01;14.0;14.0;8.0;8.0;6.0;;;;;;;;;;;;42006
2021-01;21.0;18.0;14.0;12.0;;;;;;;;;;;;;42006
2022-01;13.0;10.0;8.0;;;;;;;;;;;;;;42006
2023-01;10.0;7.0;;;;;;;;;;;;;;;42006
2024-01;15.0;;;;;;;;;;;;;;;;42006
2009-01;4.0;4.0;4.0;4.0;4.0;4.0;4.0;4.0;4.0;4.0;4.0;3.0;3.0;3.0;3.0;3.0;42012
2010-01;4.0;1.0;;1.0;1.0;1.0;1.0;1.0;1.0;1.0;1.0;;1.0;1.0;;;42012
2011-01;7.0;7.0;7.0;4.0;5.0;4.0;4.0;5.0;6.0;5.0;5.0;6.0;5.0;6.0;;;42012
2012-01;5.0;5.0;4.0;4.0;3.0;3.0;3.0;3.0;3.0;3.0;3.0;3.0;3.0;;;;42012
2013-01;2.0;1.0;1.0;1.0;1.0;1.0;1.0;1.0;;;;;;;;;42012
2014-01;3.0;2.0;2.0;1.0;1.0;1.0;1.0;1.0;1.0;1.0;1.0;;;;;;42012
2015-01;3.0;3.0;3.0;3.0;3.0;3.0;3.0;3.0;3.0;3.0;;;;;;;42012
2016-01;7.0;6.0;6.0;5.0;5.0;5.0;4.0;4.0;4.0;;;;;;;;42012
2017-01;2.0;2.0;2.0;1.0;1.0;1.0;1.0;1.0;;;;;;;;;42012
2018-01;5.0;4.0;3.0;2.0;3.0;3.0;3.0;;;;;;;;;;42012
2019-01;4.0;4.0;4.0;4.0;4.0;4.0;;;;;;;;;;;42012
2020-01;9.0;9.0;6.0;3.0;4.0;;;;;;;;;;;;42012
2021-01;6.0;6.0;4.0;4.0;;;;;;;;;;;;;42012
2022-01;7.0;7.0;6.0;;;;;;;;;;;;;;42012
2023-01;9.0;8.0;;;;;;;;;;;;;;;42012
2024-01;10.0;;;;;;;;;;;;;;;;42012
2009-01;4.0;4.0;4.0;2.0;2.0;2.0;3.0;3.0;3.0;3.0;3.0;3.0;3.0;3.0;3.0;3.0;42015
2010-01;5.0;4.0;4.0;3.0;4.0;4.0;4.0;4.0;4.0;4.0;4.0;4.0;3.0;2.0;3.0;;42015
2011-01;3.0;3.0;2.0;;;;;;1.0;1.0;1.0;1.0;1.0;1.0;;;42015
2012-01;3.0;2.0;2.0;2.0;2.0;2.0;1.0;2.0;2.0;2.0;2.0;2.0;2.0;;;;42015
2013-01;2.0;1.0;1.0;1.0;1.0;1.0;1.0;1.0;1.0;1.0;1.0;1.0;;;;;42015
2014-01;6.0;5.0;4.0;3.0;3.0;4.0;4.0;2.0;2.0;2.0;2.0;;;;;;42015
2015-01;5.0;4.0;3.0;3.0;3.0;3.0;3.0;3.0;2.0;2.0;;;;;;;42015
2016-01;6.0;6.0;5.0;4.0;3.0;3.0;3.0;3.0;3.0;;;;;;;;42015
2017-01;3.0;2.0;1.0;1.0;1.0;1.0;1.0;1.0;;;;;;;;;42015
2018-01;3.0;1.0;1.0;1.0;1.0;1.0;1.0;;;;;;;;;;42015
2019-01;9.0;9.0;8.0;7.0;7.0;7.0;;;;;;;;;;;42015
2020-01;13.0;9.0;8.0;6.0;7.0;;;;;;;;;;;;42015
2021-01;7.0;5.0;5.0;4.0;;;;;;;;;;;;;42015
2022-01;7.0;7.0;6.0;;;;;;;;;;;;;;42015
2023-01;13.0;8.0;;;;;;;;;;;;;;;42015
2024-01;14.0;;;;;;;;;;;;;;;;42015
2009-01;5.0;5.0;5.0;5.0;5.0;5.0;4.0;3.0;4.0;4.0;3.0;3.0;3.0;3.0;3.0;3.0;42004
2010-01;2.0;2.0;2.0;2.0;2.0;2.0;2.0;2.0;2.0;2.0;2.0;1.0;1.0;1.0;1.0;;42004
2011-01;2.0;1.0;1.0;1.0;1.0;1.0;1.0;1.0;1.0;1.0;1.0;1.0;1.0;1.0;;;42004
2012-01;5.0;3.0;3.0;2.0;1.0;1.0;1.0;1.0;1.0;;;;1.0;;;;42004
2013-01;3.0;3.0;2.0;2.0;2.0;1.0;1.0;1.0;1.0;1.0;1.0;1.0;;;;;42004
2015-01;5.0;4.0;2.0;3.0;3.0;3.0;2.0;2.0;2.0;2.0;;;;;;;42004
2016-01;1.0;;;1.0;1.0;1.0;1.0;1.0;1.0;;;;;;;;42004
2017-01;3.0;2.0;2.0;2.0;2.0;2.0;2.0;2.0;;;;;;;;;42004
2018-01;4.0;2.0;;1.0;1.0;2.0;2.0;;;;;;;;;;42004
2019-01;6.0;5.0;5.0;5.0;4.0;4.0;;;;;;;;;;;42004
2020-01;6.0;6.0;5.0;5.0;5.0;;;;;;;;;;;;42004
2021-01;1.0;1.0;1.0;1.0;;;;;;;;;;;;;42004
2022-01;2.0;2.0;1.0;;;;;;;;;;;;;;42004
2023-01;9.0;8.0;;;;;;;;;;;;;;;42004
2024-01;5.0;;;;;;;;;;;;;;;;42004
2009-01;1.0;1.0;1.0;1.0;1.0;;;;;;;;;;;;28007
2010-01;1.0;1.0;1.0;1.0;1.0;;;;;;;;;;;;28007
2013-01;4.0;4.0;4.0;4.0;4.0;4.0;4.0;3.0;3.0;4.0;3.0;3.0;;;;;28007
2014-01;2.0;2.0;1.0;1.0;;;;;;;;;;;;;28007
2017-01;1.0;;;1.0;;;;;;;;;;;;;28007
2018-01;2.0;1.0;;1.0;1.0;1.0;1.0;;;;;;;;;;28007
2019-01;4.0;2.0;2.0;2.0;1.0;1.0;;;;;;;;;;;28007
2020-01;4.0;1.0;1.0;1.0;1.0;;;;;;;;;;;;28007
2021-01;3.0;2.0;;;;;;;;;;;;;;;28007
2022-01;3.0;3.0;2.0;;;;;;;;;;;;;;28007
2023-01;7.0;4.0;;;;;;;;;;;;;;;28007
2024-01;2.0;;;;;;;;;;;;;;;;28007
2009-01;7.0;6.0;4.0;5.0;5.0;5.0;5.0;5.0;5.0;5.0;5.0;5.0;5.0;6.0;6.0;6.0;28001
2010-01;8.0;8.0;5.0;5.0;5.0;5.0;5.0;5.0;5.0;5.0;5.0;5.0;5.0;5.0;5.0;;28001
2011-01;14.0;13.0;13.0;13.0;12.0;11.0;11.0;10.0;10.0;10.0;10.0;10.0;10.0;10.0;;;28001
2012-01;11.0;10.0;9.0;8.0;8.0;8.0;8.0;6.0;6.0;6.0;6.0;6.0;5.0;;;;28001
2013-01;7.0;7.0;7.0;6.0;6.0;6.0;5.0;5.0;5.0;5.0;5.0;5.0;;;;;28001
2014-01;25.0;25.0;24.0;23.0;23.0;14.0;15.0;15.0;15.0;14.0;14.0;;;;;;28001
2015-01;10.0;9.0;9.0;10.0;10.0;9.0;9.0;9.0;9.0;7.0;;;;;;;28001
2016-01;7.0;7.0;6.0;6.0;6.0;5.0;5.0;5.0;5.0;;;;;;;;28001
2017-01;16.0;16.0;14.0;13.0;13.0;13.0;13.0;13.0;;;;;;;;;28001
2018-01;20.0;18.0;17.0;15.0;13.0;12.0;12.0;;;;;;;;;;28001
2019-01;14.0;13.0;10.0;9.0;8.0;8.0;;;;;;;;;;;28001
2020-01;12.0;12.0;10.0;8.0;7.0;;;;;;;;;;;;28001
2021-01;12.0;10.0;9.0;6.0;;;;;;;;;;;;;28001
2022-01;22.0;18.0;15.0;;;;;;;;;;;;;;28001
2023-01;37.0;28.0;;;;;;;;;;;;;;;28001
2024-01;29.0;;;;;;;;;;;;;;;;28001
2010-01;2.0;1.0;2.0;1.0;1.0;1.0;1.0;;;;;;;;;;28006
2011-01;1.0;1.0;;;;;;1.0;;;1.0;1.0;1.0;;;;28006
2012-01;3.0;1.0;1.0;1.0;1.0;1.0;1.0;1.0;;;;;;;;;28006
2013-01;1.0;;;;;;;;;;;;;;;;28006
2014-01;2.0;1.0;1.0;1.0;1.0;1.0;1.0;1.0;1.0;1.0;1.0;;;;;;28006
2015-01;3.0;2.0;1.0;2.0;2.0;2.0;2.0;2.0;1.0;1.0;;;;;;;28006
2016-01;3.0;3.0;2.0;1.0;1.0;1.0;1.0;1.0;1.0;;;;;;;;28006
2017-01;1.0;1.0;;;;;;;;;;;;;;;28006
2018-01;3.0;2.0;2.0;2.0;2.0;2.0;1.0;;;;;;;;;;28006
2019-01;5.0;3.0;3.0;3.0;2.0;2.0;;;;;;;;;;;28006
2020-01;6.0;5.0;3.0;3.0;2.0;;;;;;;;;;;;28006
2021-01;2.0;1.0;1.0;1.0;;;;;;;;;;;;;28006
2022-01;7.0;4.0;3.0;;;;;;;;;;;;;;28006
2023-01;4.0;1.0;;;;;;;;;;;;;;;28006
2024-01;6.0;;;;;;;;;;;;;;;;28006
2009-01;1.0;1.0;1.0;1.0;1.0;1.0;1.0;1.0;1.0;1.0;1.0;;;;;;28002
2012-01;1.0;;;;;;;;;;;;;;;;28002
2013-01;4.0;4.0;2.0;;;;;;;;;;;;;;28002
2014-01;1.0;1.0;1.0;1.0;1.0;1.0;1.0;;;;;;;;;;28002
2015-01;3.0;3.0;3.0;3.0;3.0;3.0;3.0;3.0;1.0;1.0;;;;;;;28002
2016-01;3.0;3.0;2.0;2.0;1.0;1.0;1.0;1.0;2.0;;;;;;;;28002
2018-01;5.0;3.0;2.0;2.0;4.0;4.0;1.0;;;;;;;;;;28002
2019-01;3.0;2.0;;;;;;;;;;;;;;;28002
2020-01;2.0;2.0;1.0;;1.0;;;;;;;;;;;;28002
2022-01;2.0;;;;;;;;;;;;;;;;28002
2023-01;5.0;5.0;;;;;;;;;;;;;;;28002
2024-01;8.0;;;;;;;;;;;;;;;;28002
2009-01;1.0;1.0;1.0;1.0;;;;;;;;;;;;;28005
2011-01;1.0;1.0;;;;;;;;;;;;;;;28005
2012-01;1.0;1.0;1.0;;;;;;;;;;;;;;28005
2014-01;2.0;2.0;1.0;1.0;1.0;1.0;1.0;1.0;1.0;1.0;1.0;;;;;;28005
2015-01;1.0;1.0;;;;;;;;;;;;;;;28005
2016-01;1.0;;;;;;;;;;;;;;;;28005
2017-01;1.0;;;;;;;;;;;;;;;;28005
2018-01;6.0;5.0;2.0;2.0;2.0;2.0;2.0;;;;;;;;;;28005
2019-01;2.0;2.0;1.0;;;;;;;;;;;;;;28005
2020-01;2.0;2.0;2.0;2.0;2.0;;;;;;;;;;;;28005
2021-01;2.0;1.0;1.0;;;;;;;;;;;;;;28005
2022-01;3.0;2.0;1.0;;;;;;;;;;;;;;28005
2023-01;2.0;1.0;;;;;;;;;;;;;;;28005
2024-01;2.0;;;;;;;;;;;;;;;;28005
2011-01;1.0;;;;;;;;;;;;;;;;28003
2012-01;2.0;1.0;;;;;;;;;;;;;;;28003
2013-01;1.0;1.0;1.0;1.0;1.0;1.0;1.0;1.0;;;;;;;;;28003
2014-01;1.0;1.0;1.0;;1.0;1.0;1.0;1.0;1.0;1.0;1.0;;;;;;28003
2015-01;3.0;3.0;3.0;1.0;2.0;3.0;3.0;2.0;3.0;3.0;;;;;;;28003
2016-01;2.0;2.0;2.0;2.0;2.0;2.0;1.0;1.0;1.0;;;;;;;;28003
2017-01;1.0;1.0;1.0;1.0;1.0;1.0;1.0;;;;;;;;;;28003
2018-01;4.0;4.0;4.0;3.0;3.0;3.0;3.0;;;;;;;;;;28003
2019-01;12.0;9.0;7.0;7.0;7.0;7.0;;;;;;;;;;;28003
2020-01;5.0;4.0;3.0;3.0;3.0;;;;;;;;;;;;28003
2021-01;5.0;5.0;5.0;4.0;;;;;;;;;;;;;28003
2022-01;12.0;12.0;6.0;;;;;;;;;;;;;;28003
2023-01;5.0;3.0;;;;;;;;;;;;;;;28003
2024-01;11.0;;;;;;;;;;;;;;;;28003
2011-01;1.0;1.0;1.0;1.0;1.0;;1.0;1.0;1.0;1.0;;;;;;;28004
2013-01;4.0;4.0;3.0;3.0;3.0;3.0;3.0;3.0;3.0;3.0;3.0;3.0;;;;;28004
2014-01;4.0;3.0;1.0;1.0;1.0;;;;;;;;;;;;28004
2015-01;3.0;2.0;1.0;1.0;1.0;1.0;1.0;1.0;1.0;1.0;;;;;;;28004
2016-01;16.0;14.0;13.0;14.0;14.0;14.0;13.0;1.0;1.0;;;;;;;;28004
2017-01;2.0;2.0;2.0;2.0;2.0;2.0;1.0;1.0;;;;;;;;;28004
2018-01;3.0;2.0;1.0;1.0;;;;;;;;;;;;;28004
2019-01;4.0;2.0;2.0;2.0;2.0;2.0;;;;;;;;;;;28004
2020-01;19.0;18.0;13.0;12.0;10.0;;;;;;;;;;;;28004
2021-01;4.0;4.0;3.0;2.0;;;;;;;;;;;;;28004
2022-01;9.0;7.0;5.0;;;;;;;;;;;;;;28004
2023-01;6.0;5.0;;;;;;;;;;;;;;;28004
2024-01;12.0;;;;;;;;;;;;;;;;28004
2009-01;1.0;1.0;1.0;;;;;;;;;;;;;;17002
2011-01;1.0;1.0;1.0;1.0;1.0;1.0;1.0;1.0;1.0;;1.0;1.0;1.0;1.0;;;17002
2012-01;1.0;;;;;;;;;;;;;;;;17002
2018-01;1.0;;;;;;;;;;;;;;;;17002
2009-01;2.0;2.0;2.0;2.0;2.0;2.0;2.0;2.0;2.0;1.0;1.0;1.0;1.0;1.0;1.0;1.0;17005
2010-01;3.0;3.0;3.0;3.0;3.0;3.0;3.0;3.0;3.0;3.0;3.0;3.0;3.0;3.0;3.0;;17005
2012-01;3.0;3.0;3.0;3.0;3.0;3.0;3.0;3.0;2.0;3.0;3.0;2.0;2.0;;;;17005
2013-01;1.0;1.0;1.0;1.0;1.0;1.0;1.0;1.0;1.0;1.0;1.0;1.0;;;;;17005
2016-01;2.0;2.0;2.0;2.0;;2.0;2.0;2.0;2.0;;;;;;;;17005
2019-01;2.0;2.0;2.0;2.0;2.0;1.0;;;;;;;;;;;17005
2022-01;2.0;2.0;2.0;;;;;;;;;;;;;;17005
2023-01;3.0;3.0;;;;;;;;;;;;;;;17005
2009-01;1.0;1.0;1.0;1.0;1.0;1.0;;;;;;;;;;;17001
2010-01;2.0;2.0;2.0;2.0;2.0;2.0;2.0;2.0;2.0;2.0;2.0;2.0;2.0;2.0;2.0;;17001
2011-01;4.0;4.0;3.0;3.0;3.0;2.0;1.0;1.0;1.0;1.0;1.0;1.0;1.0;1.0;;;17001
2013-01;1.0;1.0;1.0;1.0;1.0;1.0;1.0;1.0;1.0;1.0;;;;;;;17001
2014-01;1.0;;;;;;;;;;;;;;;;17001
2015-01;1.0;1.0;1.0;1.0;1.0;1.0;1.0;1.0;1.0;1.0;;;;;;;17001
2018-01;2.0;2.0;1.0;1.0;1.0;1.0;1.0;;;;;;;;;;17001
2020-01;2.0;1.0;1.0;2.0;2.0;;;;;;;;;;;;17001
2021-01;6.0;5.0;3.0;4.0;;;;;;;;;;;;;17001
2022-01;9.0;6.0;6.0;;;;;;;;;;;;;;17001
2023-01;3.0;3.0;;;;;;;;;;;;;;;17001
2024-01;3.0;;;;;;;;;;;;;;;;17001
2016-01;1.0;1.0;1.0;;;;;;;;;;;;;;17003
2023-01;1.0;1.0;;;;;;;;;;;;;;;17003
2009-01;3.0;3.0;3.0;3.0;3.0;1.0;1.0;1.0;1.0;1.0;1.0;1.0;1.0;1.0;1.0;1.0;17004
2013-01;1.0;1.0;1.0;1.0;1.0;1.0;1.0;1.0;1.0;1.0;1.0;1.0;;;;;17004
2014-01;4.0;4.0;3.0;3.0;3.0;2.0;1.0;1.0;1.0;;;;;;;;17004
2016-01;1.0;1.0;1.0;1.0;1.0;1.0;1.0;;;;;;;;;;17004
2017-01;1.0;1.0;1.0;1.0;1.0;1.0;1.0;1.0;;;;;;;;;17004
2018-01;1.0;1.0;1.0;1.0;1.0;;;;;;;;;;;;17004
2020-01;1.0;1.0;1.0;;;;;;;;;;;;;;17004
2021-01;1.0;1.0;;;;;;;;;;;;;;;17004
2023-01;4.0;4.0;;;;;;;;;;;;;;;17004
2009-01;1.0;1.0;1.0;1.0;;;;;;;;;;;;;17007
2010-01;1.0;1.0;;;;;;;;;;;;;;;17007
2013-01;2.0;1.0;;2.0;2.0;2.0;2.0;2.0;2.0;2.0;1.0;1.0;;;;;17007
2014-01;1.0;1.0;;;;;;;;;;;;;;;17007
2015-01;2.0;1.0;1.0;;1.0;1.0;;1.0;1.0;1.0;;;;;;;17007
2019-01;1.0;1.0;1.0;;;1.0;;;;;;;;;;;17007
2023-01;3.0;2.0;;;;;;;;;;;;;;;17007
2009-01;3.0;2.0;2.0;2.0;2.0;2.0;2.0;2.0;2.0;2.0;2.0;2.0;2.0;2.0;2.0;2.0;17006
2010-01;4.0;4.0;3.0;3.0;3.0;3.0;3.0;1.0;1.0;1.0;1.0;1.0;1.0;1.0;1.0;;17006
2011-01;9.0;7.0;7.0;8.0;8.0;6.0;6.0;6.0;6.0;6.0;6.0;6.0;6.0;6.0;;;17006
2012-01;4.0;4.0;4.0;4.0;4.0;3.0;3.0;3.0;3.0;3.0;3.0;3.0;2.0;;;;17006
2013-01;6.0;6.0;6.0;6.0;6.0;6.0;6.0;5.0;5.0;5.0;5.0;5.0;;;;;17006
2014-01;8.0;8.0;7.0;7.0;7.0;7.0;7.0;7.0;7.0;7.0;6.0;;;;;;17006
2015-01;8.0;8.0;8.0;8.0;8.0;8.0;8.0;7.0;7.0;7.0;;;;;;;17006
2016-01;2.0;2.0;2.0;1.0;1.0;1.0;1.0;1.0;1.0;;;;;;;;17006
2017-01;13.0;12.0;11.0;11.0;11.0;8.0;8.0;7.0;;;;;;;;;17006
2018-01;2.0;2.0;2.0;2.0;2.0;2.0;2.0;;;;;;;;;;17006
2019-01;4.0;3.0;3.0;3.0;3.0;3.0;;;;;;;;;;;17006
2020-01;2.0;2.0;1.0;1.0;1.0;;;;;;;;;;;;17006
2021-01;1.0;1.0;1.0;1.0;;;;;;;;;;;;;17006
2022-01;5.0;3.0;4.0;;;;;;;;;;;;;;17006
2023-01;5.0;5.0;;;;;;;;;;;;;;;17006
2024-01;6.0;;;;;;;;;;;;;;;;17006
2011-01;2.0;1.0;1.0;1.0;1.0;1.0;1.0;;;;;;;;;;17008
2012-01;2.0;1.0;1.0;1.0;1.0;1.0;1.0;1.0;1.0;1.0;1.0;1.0;1.0;;;;17008
2014-01;2.0;2.0;2.0;2.0;2.0;2.0;;1.0;1.0;1.0;;;;;;;17008
2015-01;2.0;2.0;2.0;2.0;1.0;1.0;1.0;1.0;1.0;1.0;;;;;;;17008
2018-01;1.0;1.0;1.0;1.0;1.0;1.0;1.0;;;;;;;;;;17008
2019-01;2.0;1.0;1.0;1.0;;;;;;;;;;;;;17008
2009-01;3.0;3.0;3.0;1.0;1.0;1.0;1.0;1.0;1.0;1.0;1.0;1.0;1.0;1.0;1.0;1.0;27007
2010-01;2.0;1.0;1.0;1.0;1.0;1.0;1.0;1.0;1.0;2.0;2.0;2.0;2.0;2.0;2.0;;27007
2011-01;5.0;3.0;3.0;4.0;4.0;4.0;4.0;3.0;3.0;3.0;3.0;3.0;3.0;3.0;;;27007
2012-01;3.0;3.0;2.0;2.0;2.0;2.0;2.0;1.0;1.0;1.0;1.0;1.0;2.0;;;;27007
2013-01;2.0;2.0;2.0;1.0;1.0;1.0;1.0;1.0;1.0;1.0;1.0;1.0;;;;;27007
2014-01;3.0;2.0;2.0;2.0;2.0;1.0;1.0;1.0;2.0;1.0;1.0;;;;;;27007
2015-01;3.0;3.0;3.0;3.0;3.0;2.0;2.0;1.0;1.0;1.0;;;;;;;27007
2016-01;1.0;1.0;1.0;1.0;1.0;1.0;1.0;1.0;1.0;;;;;;;;27007
2017-01;8.0;6.0;5.0;6.0;7.0;6.0;5.0;4.0;;;;;;;;;27007
2018-01;6.0;4.0;2.0;2.0;2.0;2.0;2.0;;;;;;;;;;27007
2019-01;8.0;7.0;7.0;6.0;3.0;4.0;;;;;;;;;;;27007
2020-01;5.0;4.0;4.0;4.0;2.0;;;;;;;;;;;;27007
2021-01;7.0;4.0;3.0;2.0;;;;;;;;;;;;;27007
2022-01;3.0;3.0;3.0;;;;;;;;;;;;;;27007
2023-01;6.0;6.0;;;;;;;;;;;;;;;27007
2024-01;4.0;;;;;;;;;;;;;;;;27007
2009-01;1.0;1.0;1.0;1.0;1.0;1.0;1.0;1.0;1.0;1.0;1.0;1.0;;;;;27004
2011-01;1.0;1.0;1.0;1.0;1.0;1.0;1.0;1.0;1.0;1.0;1.0;;;1.0;;;27004
2012-01;1.0;1.0;1.0;1.0;;1.0;;;;;;;;;;;27004
2013-01;1.0;1.0;;;;;;;;;;;;;;;27004
2015-01;1.0;1.0;1.0;;;;;;;;;;;;;;27004
2016-01;1.0;1.0;1.0;1.0;1.0;1.0;1.0;1.0;1.0;;;;;;;;27004
2021-01;1.0;1.0;1.0;1.0;;;;;;;;;;;;;27004
2022-01;2.0;2.0;1.0;;;;;;;;;;;;;;27004
2023-01;1.0;;;;;;;;;;;;;;;;27004
2024-01;2.0;;;;;;;;;;;;;;;;27004
2010-01;2.0;2.0;2.0;2.0;;1.0;1.0;1.0;1.0;1.0;1.0;1.0;1.0;1.0;1.0;;27005
2011-01;1.0;1.0;;;;;;;;;;;;;;;27005
2013-01;1.0;1.0;1.0;1.0;1.0;1.0;1.0;;;;;;;;;;27005
2014-01;6.0;2.0;1.0;;;;;;;;;;;;;;27005
2015-01;3.0;2.0;1.0;;;;;;;;;;;;;;27005
2016-01;4.0;2.0;1.0;2.0;2.0;2.0;3.0;2.0;2.0;;;;;;;;27005
2017-01;1.0;;;;;;;;;;;;;;;;27005
2018-01;6.0;4.0;4.0;3.0;2.0;1.0;2.0;;;;;;;;;;27005
2019-01;7.0;7.0;6.0;5.0;3.0;2.0;;;;;;;;;;;27005
2020-01;1.0;;;;;;;;;;;;;;;;27005
2021-01;2.0;;;;;;;;;;;;;;;;27005
2022-01;8.0;4.0;4.0;;;;;;;;;;;;;;27005
2023-01;9.0;4.0;;;;;;;;;;;;;;;27005
2024-01;5.0;;;;;;;;;;;;;;;;27005
2009-01;2.0;1.0;2.0;2.0;2.0;2.0;2.0;2.0;2.0;2.0;1.0;1.0;1.0;1.0;1.0;1.0;27003
2010-01;1.0;;;;;;;;;;;;;;;;27003
2011-01;1.0;1.0;1.0;1.0;1.0;1.0;1.0;1.0;1.0;1.0;1.0;1.0;1.0;1.0;;;27003
2014-01;1.0;1.0;;;;;;;;;;;;;;;27003
2016-01;1.0;;;;;;;;;;;;;;;;27003
2017-01;2.0;1.0;1.0;1.0;1.0;1.0;1.0;;;;;;;;;;27003
2018-01;1.0;1.0;1.0;1.0;1.0;1.0;;;;;;;;;;;27003
2019-01;2.0;1.0;1.0;1.0;;;;;;;;;;;;;27003
2020-01;6.0;4.0;2.0;1.0;;;;;;;;;;;;;27003
2021-01;2.0;;;;;;;;;;;;;;;;27003
2022-01;4.0;4.0;4.0;;;;;;;;;;;;;;27003
2023-01;2.0;2.0;;;;;;;;;;;;;;;27003
2024-01;7.0;;;;;;;;;;;;;;;;27003
2012-01;3.0;3.0;3.0;2.0;2.0;2.0;2.0;2.0;1.0;1.0;1.0;1.0;1.0;;;;27008
2015-01;1.0;1.0;1.0;1.0;1.0;1.0;1.0;1.0;1.0;1.0;;;;;;;27008
2018-01;6.0;6.0;3.0;3.0;;;;;;;;;;;;;27008
2019-01;10.0;6.0;6.0;;1.0;1.0;;;;;;;;;;;27008
2020-01;6.0;6.0;3.0;3.0;1.0;;;;;;;;;;;;27008
2021-01;1.0;1.0;1.0;1.0;;;;;;;;;;;;;27008
2022-01;7.0;3.0;2.0;;;;;;;;;;;;;;27008
2023-01;3.0;1.0;;;;;;;;;;;;;;;27008
2024-01;1.0;;;;;;;;;;;;;;;;27008
2009-01;4.0;1.0;1.0;1.0;1.0;1.0;1.0;;;;;;;;;;27006
2010-01;5.0;2.0;2.0;1.0;1.0;1.0;;;;;;;;;;;27006
2011-01;3.0;3.0;3.0;3.0;3.0;3.0;2.0;2.0;1.0;1.0;1.0;1.0;1.0;;;;27006
2013-01;1.0;1.0;1.0;1.0;1.0;1.0;1.0;1.0;1.0;;;;;;;;27006
2014-01;2.0;2.0;1.0;1.0;1.0;1.0;1.0;;;;;;;;;;27006
2015-01;3.0;2.0;2.0;1.0;2.0;2.0;2.0;2.0;2.0;2.0;;;;;;;27006
2016-01;2.0;2.0;2.0;2.0;2.0;2.0;2.0;2.0;1.0;;;;;;;;27006
2017-01;3.0;3.0;;;;;;;;;;;;;;;27006
2018-01;3.0;3.0;2.0;2.0;1.0;1.0;;;;;;;;;;;27006
2019-01;6.0;3.0;3.0;3.0;3.0;1.0;;;;;;;;;;;27006
2020-01;5.0;4.0;4.0;3.0;2.0;;;;;;;;;;;;27006
2021-01;1.0;1.0;;;;;;;;;;;;;;;27006
2022-01;6.0;3.0;2.0;;;;;;;;;;;;;;27006
2023-01;9.0;7.0;;;;;;;;;;;;;;;27006
2024-01;2.0;;;;;;;;;;;;;;;;27006
2009-01;1.0;1.0;1.0;1.0;1.0;1.0;1.0;1.0;;;;;;;;;27010
2010-01;1.0;1.0;1.0;1.0;1.0;1.0;1.0;1.0;1.0;1.0;1.0;1.0;1.0;;;;27010
2011-01;1.0;1.0;1.0;;;;;;;;;;;;;;27010
2012-01;1.0;1.0;1.0;1.0;1.0;1.0;1.0;1.0;1.0;1.0;1.0;1.0;1.0;;;;27010
2013-01;1.0;;;;;;;;;;;;;;;;27010
2015-01;1.0;;;;;;;;;;;;;;;;27010
2016-01;1.0;1.0;1.0;1.0;1.0;1.0;1.0;1.0;1.0;;;;;;;;27010
2018-01;1.0;1.0;1.0;1.0;1.0;1.0;1.0;;;;;;;;;;27010
2019-01;2.0;1.0;1.0;;;;;;;;;;;;;;27010
2020-01;1.0;;;;;;;;;;;;;;;;27010
2021-01;4.0;3.0;3.0;2.0;;;;;;;;;;;;;27010
2022-01;3.0;2.0;2.0;;;;;;;;;;;;;;27010
2023-01;4.0;3.0;;;;;;;;;;;;;;;27010
2024-01;2.0;;;;;;;;;;;;;;;;27010
2009-01;35.0;31.0;30.0;29.0;26.0;23.0;25.0;23.0;20.0;23.0;22.0;20.0;21.0;20.0;20.0;19.0;27001
2010-01;14.0;11.0;8.0;9.0;9.0;9.0;9.0;9.0;9.0;9.0;9.0;8.0;8.0;8.0;8.0;;27001
2011-01;14.0;14.0;14.0;12.0;10.0;10.0;10.0;10.0;9.0;8.0;8.0;7.0;8.0;8.0;;;27001
2012-01;15.0;14.0;13.0;13.0;13.0;9.0;11.0;11.0;9.0;9.0;8.0;8.0;8.0;;;;27001
2013-01;14.0;10.0;9.0;10.0;11.0;9.0;7.0;5.0;6.0;5.0;6.0;6.0;;;;;27001
2014-01;10.0;9.0;10.0;10.0;9.0;8.0;7.0;5.0;7.0;7.0;6.0;;;;;;27001
2015-01;18.0;15.0;11.0;11.0;8.0;6.0;7.0;6.0;6.0;4.0;;;;;;;27001
2016-01;22.0;17.0;16.0;18.0;19.0;17.0;16.0;16.0;12.0;;;;;;;;27001
2017-01;24.0;17.0;17.0;15.0;12.0;13.0;11.0;10.0;;;;;;;;;27001
2018-01;26.0;20.0;19.0;17.0;16.0;14.0;13.0;;;;;;;;;;27001
2019-01;22.0;19.0;15.0;13.0;12.0;14.0;;;;;;;;;;;27001
2020-01;20.0;20.0;16.0;9.0;8.0;;;;;;;;;;;;27001
2021-01;16.0;9.0;8.0;6.0;;;;;;;;;;;;;27001
2022-01;11.0;10.0;8.0;;;;;;;;;;;;;;27001
2023-01;22.0;14.0;;;;;;;;;;;;;;;27001
2024-01;16.0;;;;;;;;;;;;;;;;27001
2009-01;2.0;1.0;1.0;1.0;1.0;1.0;;;;;;;;;;;27002
2010-01;1.0;;;;;;;1.0;1.0;1.0;1.0;1.0;1.0;1.0;1.0;;27002
2012-01;1.0;1.0;1.0;1.0;1.0;;;;;;;;;;;;27002
2013-01;1.0;1.0;;;;;1.0;1.0;1.0;1.0;1.0;;;;;;27002
2014-01;1.0;;;;;;;;;;;;;;;;27002
2015-01;3.0;3.0;1.0;;;;;;;;;;;;;;27002
2016-01;1.0;1.0;1.0;1.0;1.0;1.0;1.0;1.0;1.0;;;;;;;;27002
2017-01;1.0;1.0;1.0;1.0;1.0;1.0;;;;;;;;;;;27002
2018-01;1.0;1.0;;;;;;;;;;;;;;;27002
2019-01;4.0;4.0;2.0;2.0;2.0;2.0;;;;;;;;;;;27002
2020-01;2.0;2.0;1.0;1.0;1.0;;;;;;;;;;;;27002
2021-01;3.0;1.0;1.0;1.0;;;;;;;;;;;;;27002
2022-01;5.0;5.0;2.0;;;;;;;;;;;;;;27002
2023-01;7.0;2.0;;;;;;;;;;;;;;;27002
2024-01;2.0;;;;;;;;;;;;;;;;27002
2009-01;2.0;;;;;;;;;;;;;;;;27009
2010-01;1.0;1.0;1.0;1.0;1.0;;;;;;;;;;;;27009
2012-01;1.0;1.0;1.0;1.0;;;;;;;;;;;;;27009
2014-01;4.0;1.0;1.0;1.0;1.0;1.0;1.0;1.0;1.0;;;;;;;;27009
2015-01;2.0;2.0;2.0;1.0;;;;;;;;;;;;;27009
2016-01;1.0;1.0;;;;;;;;;;;;;;;27009
2017-01;5.0;2.0;1.0;1.0;1.0;1.0;1.0;1.0;;;;;;;;;27009
2018-01;9.0;7.0;4.0;3.0;3.0;3.0;2.0;;;;;;;;;;27009
2019-01;4.0;4.0;4.0;2.0;2.0;1.0;;;;;;;;;;;27009
2020-01;4.0;4.0;1.0;1.0;1.0;;;;;;;;;;;;27009
2022-01;2.0;2.0;2.0;;;;;;;;;;;;;;27009
2024-01;1.0;;;;;;;;;;;;;;;;27009
2009-01;9.0;7.0;5.0;5.0;5.0;5.0;5.0;5.0;5.0;5.0;6.0;6.0;6.0;6.0;6.0;6.0;50003
2010-01;9.0;8.0;6.0;6.0;6.0;6.0;6.0;6.0;6.0;6.0;6.0;5.0;5.0;5.0;5.0;;50003
2011-01;6.0;5.0;4.0;3.0;3.0;3.0;3.0;3.0;2.0;2.0;2.0;2.0;2.0;2.0;;;50003
2012-01;5.0;3.0;2.0;2.0;2.0;2.0;1.0;1.0;1.0;1.0;1.0;1.0;1.0;;;;50003
2013-01;5.0;4.0;4.0;4.0;4.0;4.0;3.0;3.0;3.0;3.0;3.0;3.0;;;;;50003
2014-01;9.0;6.0;6.0;6.0;6.0;6.0;9.0;9.0;9.0;9.0;7.0;;;;;;50003
2015-01;6.0;6.0;6.0;4.0;4.0;5.0;5.0;3.0;4.0;3.0;;;;;;;50003
2016-01;3.0;3.0;2.0;1.0;1.0;1.0;1.0;1.0;2.0;;;;;;;;50003
2017-01;2.0;1.0;;1.0;1.0;1.0;1.0;;;;;;;;;;50003
2018-01;5.0;5.0;4.0;4.0;3.0;2.0;2.0;;;;;;;;;;50003
2019-01;4.0;4.0;4.0;4.0;3.0;2.0;;;;;;;;;;;50003
2020-01;5.0;5.0;5.0;5.0;3.0;;;;;;;;;;;;50003
2021-01;5.0;5.0;4.0;4.0;;;;;;;;;;;;;50003
2022-01;7.0;3.0;2.0;;;;;;;;;;;;;;50003
2023-01;9.0;7.0;;;;;;;;;;;;;;;50003
2024-01;14.0;;;;;;;;;;;;;;;;50003
2009-01;38.0;34.0;31.0;31.0;30.0;29.0;29.0;27.0;27.0;26.0;23.0;23.0;23.0;20.0;17.0;19.0;50001
2010-01;26.0;23.0;21.0;21.0;19.0;19.0;18.0;17.0;17.0;16.0;17.0;15.0;16.0;15.0;14.0;;50001
2011-01;12.0;10.0;10.0;7.0;7.0;6.0;6.0;6.0;6.0;6.0;6.0;6.0;6.0;6.0;;;50001
2012-01;22.0;22.0;21.0;21.0;22.0;21.0;19.0;16.0;16.0;18.0;16.0;16.0;15.0;;;;50001
2013-01;10.0;9.0;9.0;10.0;9.0;7.0;8.0;8.0;8.0;8.0;8.0;6.0;;;;;50001
2014-01;14.0;10.0;9.0;10.0;10.0;10.0;10.0;10.0;9.0;9.0;9.0;;;;;;50001
2015-01;11.0;10.0;7.0;7.0;4.0;4.0;5.0;4.0;4.0;4.0;;;;;;;50001
2016-01;9.0;5.0;5.0;5.0;6.0;5.0;5.0;4.0;4.0;;;;;;;;50001
2017-01;10.0;10.0;9.0;9.0;6.0;6.0;8.0;7.0;;;;;;;;;50001
2018-01;21.0;19.0;17.0;17.0;15.0;14.0;11.0;;;;;;;;;;50001
2019-01;22.0;12.0;14.0;13.0;13.0;10.0;;;;;;;;;;;50001
2020-01;12.0;10.0;9.0;8.0;8.0;;;;;;;;;;;;50001
2021-01;17.0;15.0;16.0;16.0;;;;;;;;;;;;;50001
2022-01;20.0;16.0;13.0;;;;;;;;;;;;;;50001
2023-01;14.0;9.0;;;;;;;;;;;;;;;50001
2024-01;21.0;;;;;;;;;;;;;;;;50001
2009-01;1.0;1.0;1.0;1.0;1.0;1.0;1.0;1.0;1.0;1.0;1.0;1.0;1.0;1.0;1.0;1.0;50002
2010-01;1.0;1.0;1.0;1.0;1.0;1.0;1.0;1.0;1.0;1.0;1.0;1.0;1.0;1.0;1.0;;50002
2011-01;3.0;3.0;3.0;2.0;3.0;2.0;2.0;2.0;2.0;2.0;2.0;2.0;2.0;2.0;;;50002
2012-01;1.0;1.0;;;;;;;;;;;;;;;50002
2014-01;2.0;2.0;1.0;1.0;1.0;1.0;2.0;2.0;2.0;2.0;2.0;;;;;;50002
2015-01;1.0;;;;;;;;;;;;;;;;50002
2016-01;3.0;3.0;3.0;2.0;3.0;3.0;3.0;2.0;3.0;;;;;;;;50002
2017-01;1.0;1.0;1.0;1.0;1.0;1.0;;;;;;;;;;;50002
2019-01;1.0;1.0;1.0;1.0;;;;;;;;;;;;;50002
2020-01;2.0;1.0;1.0;;;;;;;;;;;;;;50002
2021-01;1.0;1.0;;;;;;;;;;;;;;;50002
2023-01;3.0;2.0;;;;;;;;;;;;;;;50002
2024-01;4.0;;;;;;;;;;;;;;;;50002
2009-01;4.0;4.0;4.0;2.0;2.0;2.0;2.0;2.0;2.0;2.0;2.0;2.0;2.0;2.0;2.0;2.0;50004
2010-01;1.0;1.0;1.0;1.0;1.0;1.0;1.0;;1.0;1.0;1.0;1.0;1.0;1.0;1.0;;50004
2011-01;3.0;3.0;3.0;3.0;3.0;3.0;3.0;3.0;3.0;3.0;3.0;3.0;3.0;3.0;;;50004
2012-01;4.0;3.0;1.0;;;;;;;;1.0;1.0;1.0;;;;50004
2013-01;1.0;1.0;1.0;1.0;;1.0;1.0;1.0;1.0;1.0;1.0;1.0;;;;;50004
2014-01;11.0;10.0;8.0;6.0;7.0;7.0;7.0;6.0;6.0;7.0;7.0;;;;;;50004
2015-01;3.0;3.0;3.0;3.0;3.0;3.0;3.0;3.0;3.0;3.0;;;;;;;50004
2016-01;1.0;1.0;1.0;1.0;1.0;1.0;1.0;1.0;1.0;;;;;;;;50004
2017-01;3.0;2.0;2.0;3.0;1.0;2.0;2.0;2.0;;;;;;;;;50004
2018-01;1.0;1.0;1.0;1.0;;;;;;;;;;;;;50004
2019-01;4.0;4.0;4.0;4.0;4.0;4.0;;;;;;;;;;;50004
2020-01;3.0;3.0;3.0;2.0;1.0;;;;;;;;;;;;50004
2022-01;2.0;2.0;2.0;;;;;;;;;;;;;;50004
2023-01;4.0;2.0;;;;;;;;;;;;;;;50004
2024-01;4.0;;;;;;;;;;;;;;;;50004
2009-01;10.0;9.0;9.0;9.0;8.0;7.0;8.0;6.0;6.0;6.0;7.0;6.0;5.0;6.0;7.0;7.0;51002
2010-01;17.0;16.0;14.0;13.0;13.0;13.0;14.0;13.0;10.0;11.0;11.0;9.0;9.0;8.0;9.0;;51002
2011-01;3.0;2.0;2.0;2.0;1.0;2.0;2.0;2.0;1.0;1.0;1.0;1.0;;1.0;;;51002
2012-01;6.0;5.0;5.0;4.0;4.0;4.0;4.0;4.0;4.0;4.0;4.0;4.0;4.0;;;;51002
2013-01;5.0;5.0;5.0;4.0;3.0;3.0;3.0;2.0;2.0;3.0;2.0;2.0;;;;;51002
2014-01;4.0;3.0;3.0;2.0;2.0;1.0;1.0;2.0;2.0;2.0;2.0;;;;;;51002
2015-01;7.0;7.0;3.0;4.0;4.0;4.0;4.0;4.0;3.0;3.0;;;;;;;51002
2016-01;1.0;1.0;;;1.0;1.0;1.0;1.0;1.0;;;;;;;;51002
2017-01;19.0;19.0;16.0;15.0;16.0;15.0;14.0;14.0;;;;;;;;;51002
2018-01;10.0;8.0;7.0;6.0;6.0;7.0;4.0;;;;;;;;;;51002
2019-01;21.0;20.0;19.0;18.0;17.0;18.0;;;;;;;;;;;51002
2020-01;13.0;12.0;10.0;11.0;8.0;;;;;;;;;;;;51002
2021-01;8.0;6.0;5.0;4.0;;;;;;;;;;;;;51002
2022-01;17.0;15.0;13.0;;;;;;;;;;;;;;51002
2023-01;18.0;15.0;;;;;;;;;;;;;;;51002
2024-01;19.0;;;;;;;;;;;;;;;;51002
2009-01;1.0;;;;;;;;;;;;;;;;51001
2010-01;3.0;2.0;2.0;2.0;1.0;2.0;1.0;1.0;1.0;1.0;1.0;1.0;1.0;1.0;1.0;;51001
2011-01;3.0;2.0;;;;;;;;;;;;;;;51001
2012-01;2.0;1.0;1.0;1.0;1.0;1.0;1.0;1.0;1.0;1.0;1.0;1.0;1.0;;;;51001
2013-01;2.0;2.0;2.0;;;;;;;;;;;;;;51001
2014-01;3.0;3.0;2.0;1.0;1.0;2.0;1.0;;;;;;;;;;51001
2015-01;1.0;1.0;1.0;1.0;1.0;1.0;1.0;1.0;1.0;1.0;;;;;;;51001
2018-01;1.0;1.0;1.0;1.0;1.0;1.0;1.0;;;;;;;;;;51001
2020-01;1.0;;1.0;1.0;1.0;;;;;;;;;;;;51001
2022-01;1.0;;;;;;;;;;;;;;;;51001
2023-01;1.0;1.0;;;;;;;;;;;;;;;51001
2024-01;1.0;;;;;;;;;;;;;;;;51001
2009-01;7.0;7.0;6.0;5.0;5.0;5.0;5.0;5.0;5.0;4.0;4.0;4.0;2.0;2.0;2.0;2.0;51013
2010-01;7.0;7.0;6.0;5.0;5.0;5.0;5.0;4.0;4.0;4.0;4.0;3.0;2.0;3.0;2.0;;51013
2011-01;2.0;2.0;2.0;1.0;1.0;1.0;1.0;1.0;1.0;1.0;1.0;1.0;1.0;;;;51013
2012-01;5.0;5.0;5.0;4.0;4.0;4.0;3.0;3.0;3.0;2.0;3.0;3.0;3.0;;;;51013
2013-01;4.0;3.0;3.0;3.0;2.0;1.0;1.0;1.0;1.0;1.0;1.0;1.0;;;;;51013
2014-01;4.0;2.0;1.0;;1.0;1.0;1.0;1.0;2.0;2.0;2.0;;;;;;51013
2016-01;6.0;4.0;3.0;3.0;3.0;3.0;3.0;3.0;3.0;;;;;;;;51013
2017-01;3.0;2.0;2.0;2.0;2.0;2.0;2.0;2.0;;;;;;;;;51013
2018-01;7.0;5.0;5.0;5.0;5.0;5.0;5.0;;;;;;;;;;51013
2019-01;4.0;4.0;3.0;2.0;2.0;2.0;;;;;;;;;;;51013
2020-01;2.0;2.0;2.0;2.0;2.0;;;;;;;;;;;;51013
2021-01;2.0;2.0;2.0;2.0;;;;;;;;;;;;;51013
2022-01;4.0;3.0;3.0;;;;;;;;;;;;;;51013
2023-01;10.0;5.0;;;;;;;;;;;;;;;51013
2024-01;10.0;;;;;;;;;;;;;;;;51013
2011-01;1.0;1.0;;;;;;;;;;;;;;;51004
2013-01;1.0;1.0;1.0;;;;;;;;;;;;;;51004
2015-01;1.0;1.0;1.0;1.0;1.0;1.0;1.0;1.0;;;;;;;;;51004
2019-01;1.0;;;;;;;;;;;;;;;;51004
2020-01;1.0;1.0;;;1.0;;;;;;;;;;;;51004
2021-01;1.0;1.0;1.0;1.0;;;;;;;;;;;;;51004
2022-01;1.0;1.0;1.0;;;;;;;;;;;;;;51004
2023-01;1.0;1.0;;;;;;;;;;;;;;;51004
2024-01;4.0;;;;;;;;;;;;;;;;51004
2016-01;1.0;1.0;1.0;1.0;1.0;1.0;1.0;1.0;1.0;;;;;;;;51008
2017-01;1.0;1.0;1.0;;;;;;;;;;;;;;51008
2022-01;4.0;3.0;3.0;;;;;;;;;;;;;;51008
2024-01;2.0;;;;;;;;;;;;;;;;51008
2009-01;2.0;1.0;1.0;1.0;1.0;1.0;;;;;;;1.0;1.0;1.0;1.0;51007
2010-01;2.0;2.0;1.0;1.0;1.0;1.0;1.0;1.0;1.0;1.0;;;;;;;51007
2011-01;1.0;1.0;1.0;;;;;;;;;;;;;;51007
2012-01;2.0;2.0;2.0;2.0;1.0;;;;;1.0;1.0;1.0;1.0;;;;51007
2014-01;1.0;1.0;1.0;1.0;1.0;1.0;1.0;1.0;1.0;1.0;;;;;;;51007
2015-01;3.0;3.0;2.0;2.0;2.0;2.0;2.0;2.0;2.0;2.0;;;;;;;51007
2016-01;2.0;2.0;1.0;;;;;;1.0;;;;;;;;51007
2017-01;2.0;2.0;2.0;2.0;2.0;2.0;1.0;1.0;;;;;;;;;51007
2018-01;1.0;;;;;;1.0;;;;;;;;;;51007
2019-01;3.0;3.0;1.0;1.0;1.0;1.0;;;;;;;;;;;51007
2020-01;2.0;2.0;2.0;2.0;2.0;;;;;;;;;;;;51007
2021-01;3.0;3.0;3.0;3.0;;;;;;;;;;;;;51007
2022-01;3.0;3.0;3.0;;;;;;;;;;;;;;51007
2023-01;3.0;3.0;;;;;;;;;;;;;;;51007
2024-01;3.0;;;;;;;;;;;;;;;;51007
2009-01;3.0;3.0;3.0;3.0;3.0;3.0;3.0;3.0;3.0;3.0;3.0;3.0;3.0;2.0;2.0;3.0;51011
2010-01;3.0;3.0;3.0;3.0;3.0;3.0;3.0;3.0;3.0;3.0;3.0;3.0;3.0;3.0;3.0;;51011
2012-01;1.0;1.0;1.0;1.0;1.0;1.0;1.0;1.0;1.0;1.0;1.0;1.0;1.0;;;;51011
2014-01;1.0;1.0;1.0;1.0;;;;;;;;;;;;;51011
2015-01;3.0;2.0;2.0;1.0;1.0;1.0;1.0;1.0;1.0;1.0;;;;;;;51011
2017-01;2.0;2.0;2.0;2.0;2.0;2.0;2.0;2.0;;;;;;;;;51011
2018-01;2.0;2.0;2.0;2.0;1.0;2.0;2.0;;;;;;;;;;51011
2019-01;2.0;2.0;1.0;1.0;2.0;2.0;;;;;;;;;;;51011
2023-01;2.0;2.0;;;;;;;;;;;;;;;51011
2024-01;3.0;;;;;;;;;;;;;;;;51011
2009-01;1.0;1.0;;1.0;1.0;;;;;1.0;1.0;1.0;1.0;;1.0;1.0;51010
2011-01;1.0;1.0;;;;;;;;;;;;;;;51010
2012-01;1.0;1.0;1.0;1.0;1.0;1.0;1.0;1.0;;;;;;;;;51010
2013-01;1.0;1.0;1.0;1.0;1.0;1.0;1.0;1.0;1.0;1.0;;;;;;;51010
2015-01;1.0;1.0;1.0;1.0;1.0;1.0;1.0;1.0;;;;;;;;;51010
2020-01;1.0;;;;;;;;;;;;;;;;51010
2021-01;2.0;;;;;;;;;;;;;;;;51010
2022-01;3.0;2.0;1.0;;;;;;;;;;;;;;51010
2023-01;2.0;1.0;;;;;;;;;;;;;;;51010
2024-01;3.0;;;;;;;;;;;;;;;;51010
2012-01;1.0;1.0;1.0;1.0;1.0;;;1.0;1.0;1.0;1.0;1.0;;;;;51003
2019-01;3.0;2.0;2.0;2.0;2.0;1.0;;;;;;;;;;;51003
2020-01;1.0;;;;;;;;;;;;;;;;51003
2023-01;2.0;1.0;;;;;;;;;;;;;;;51003
2009-01;1.0;1.0;1.0;1.0;1.0;1.0;1.0;1.0;1.0;1.0;1.0;1.0;1.0;1.0;1.0;1.0;51015
2011-01;1.0;1.0;1.0;1.0;;1.0;1.0;1.0;1.0;;;;;1.0;;;51015
2012-01;1.0;1.0;1.0;1.0;1.0;1.0;1.0;1.0;1.0;1.0;1.0;1.0;1.0;;;;51015
2020-01;1.0;;1.0;1.0;1.0;;;;;;;;;;;;51015
2021-01;2.0;2.0;1.0;1.0;;;;;;;;;;;;;51015
2024-01;3.0;;;;;;;;;;;;;;;;51015
2009-01;1.0;1.0;1.0;1.0;1.0;1.0;1.0;1.0;1.0;1.0;1.0;1.0;1.0;1.0;1.0;1.0;51016
2017-01;1.0;1.0;1.0;1.0;1.0;1.0;1.0;1.0;;;;;;;;;51016
2022-01;2.0;2.0;2.0;;;;;;;;;;;;;;51016
2023-01;1.0;1.0;;;;;;;;;;;;;;;51016
2009-01;7.0;5.0;5.0;5.0;4.0;4.0;4.0;4.0;4.0;4.0;5.0;5.0;4.0;4.0;3.0;3.0;51014
2010-01;10.0;7.0;4.0;4.0;5.0;5.0;5.0;4.0;4.0;5.0;4.0;4.0;2.0;3.0;2.0;;51014
2011-01;4.0;3.0;3.0;3.0;3.0;3.0;3.0;3.0;2.0;2.0;2.0;2.0;2.0;1.0;;;51014
2012-01;5.0;4.0;3.0;4.0;4.0;4.0;4.0;4.0;4.0;4.0;4.0;4.0;3.0;;;;51014
2013-01;7.0;5.0;5.0;3.0;3.0;3.0;4.0;4.0;3.0;3.0;1.0;1.0;;;;;51014
2014-01;6.0;5.0;4.0;3.0;3.0;3.0;3.0;3.0;3.0;2.0;2.0;;;;;;51014
2015-01;6.0;4.0;3.0;3.0;3.0;3.0;3.0;3.0;3.0;3.0;;;;;;;51014
2016-01;5.0;5.0;3.0;3.0;2.0;2.0;1.0;1.0;2.0;;;;;;;;51014
2017-01;5.0;5.0;4.0;4.0;4.0;2.0;3.0;3.0;;;;;;;;;51014
2018-01;8.0;7.0;6.0;5.0;4.0;5.0;4.0;;;;;;;;;;51014
2019-01;10.0;7.0;8.0;8.0;8.0;8.0;;;;;;;;;;;51014
2020-01;11.0;10.0;10.0;9.0;8.0;;;;;;;;;;;;51014
2021-01;10.0;8.0;8.0;6.0;;;;;;;;;;;;;51014
2022-01;10.0;7.0;7.0;;;;;;;;;;;;;;51014
2023-01;20.0;13.0;;;;;;;;;;;;;;;51014
2024-01;25.0;;;;;;;;;;;;;;;;51014
2019-01;1.0;;;;;;;;;;;;;;;;51009
2023-01;1.0;1.0;;;;;;;;;;;;;;;51009
2009-01;1.0;1.0;1.0;1.0;1.0;1.0;1.0;1.0;1.0;1.0;1.0;1.0;1.0;1.0;1.0;1.0;51005
2012-01;2.0;1.0;1.0;1.0;1.0;1.0;1.0;1.0;1.0;1.0;1.0;1.0;1.0;;;;51005
2013-01;1.0;1.0;1.0;1.0;1.0;1.0;1.0;1.0;1.0;1.0;1.0;1.0;;;;;51005
2016-01;3.0;3.0;3.0;3.0;3.0;3.0;3.0;3.0;3.0;;;;;;;;51005
2017-01;2.0;1.0;1.0;1.0;;;;;;;;;;;;;51005
2018-01;2.0;1.0;1.0;1.0;1.0;1.0;;;;;;;;;;;51005
2019-01;1.0;;;;;;;;;;;;;;;;51005
2020-01;1.0;1.0;;;;;;;;;;;;;;;51005
2022-01;1.0;1.0;1.0;;;;;;;;;;;;;;51005
2023-01;1.0;1.0;;;;;;;;;;;;;;;51005
2024-01;1.0;;;;;;;;;;;;;;;;51005
2010-01;1.0;1.0;1.0;1.0;1.0;1.0;1.0;1.0;1.0;1.0;1.0;1.0;1.0;1.0;1.0;;51006
2011-01;2.0;1.0;1.0;1.0;1.0;1.0;1.0;1.0;1.0;1.0;1.0;1.0;1.0;1.0;;;51006
2012-01;1.0;1.0;1.0;1.0;1.0;1.0;1.0;1.0;1.0;1.0;1.0;1.0;1.0;;;;51006
2019-01;1.0;1.0;1.0;1.0;1.0;1.0;;;;;;;;;;;51006
2020-01;1.0;;;;;;;;;;;;;;;;51006
2021-01;3.0;3.0;2.0;2.0;;;;;;;;;;;;;51006
2022-01;2.0;2.0;1.0;;;;;;;;;;;;;;51006
2023-01;1.0;1.0;;;;;;;;;;;;;;;51006
2024-01;2.0;;;;;;;;;;;;;;;;51006
2010-01;2.0;2.0;2.0;1.0;;;;;;;;;;;;;51012
2011-01;1.0;1.0;;;;;;;;;;;;;;;51012
2013-01;1.0;1.0;1.0;1.0;1.0;;;;;;;;;;;;51012
2014-01;1.0;;;;1.0;1.0;1.0;1.0;1.0;1.0;1.0;;;;;;51012
2015-01;1.0;;;;;;;;;;;;;;;;51012
2016-01;1.0;1.0;1.0;1.0;;;;;;;;;;;;;51012
2017-01;1.0;;;;;;;;;;;;;;;;51012
2018-01;2.0;1.0;2.0;1.0;1.0;1.0;1.0;;;;;;;;;;51012
2019-01;1.0;1.0;1.0;1.0;1.0;1.0;;;;;;;;;;;51012
2021-01;1.0;1.0;1.0;;;;;;;;;;;;;;51012
2023-01;1.0;1.0;;;;;;;;;;;;;;;51012
2024-01;2.0;;;;;;;;;;;;;;;;51012
2010-01;8.0;8.0;6.0;5.0;6.0;6.0;2.0;2.0;1.0;1.0;2.0;1.0;1.0;1.0;2.0;;25010
2013-01;1.0;1.0;1.0;1.0;1.0;;;;;;;;;;;;25010
2015-01;1.0;1.0;1.0;1.0;1.0;1.0;1.0;1.0;1.0;1.0;;;;;;;25010
2016-01;2.0;2.0;2.0;2.0;1.0;1.0;1.0;1.0;1.0;;;;;;;;25010
2018-01;2.0;2.0;2.0;2.0;2.0;2.0;1.0;;;;;;;;;;25010
2020-01;8.0;8.0;5.0;5.0;5.0;;;;;;;;;;;;25010
2022-01;4.0;4.0;3.0;;;;;;;;;;;;;;25010
2023-01;3.0;2.0;;;;;;;;;;;;;;;25010
2024-01;5.0;;;;;;;;;;;;;;;;25010
2009-01;21.0;19.0;18.0;17.0;16.0;13.0;13.0;11.0;11.0;11.0;12.0;12.0;11.0;11.0;11.0;11.0;25001
2010-01;32.0;31.0;28.0;28.0;26.0;24.0;25.0;26.0;24.0;23.0;20.0;20.0;18.0;19.0;20.0;;25001
2011-01;17.0;14.0;14.0;15.0;15.0;14.0;14.0;14.0;13.0;12.0;13.0;12.0;12.0;12.0;;;25001
2012-01;31.0;28.0;25.0;25.0;22.0;22.0;22.0;24.0;24.0;22.0;20.0;20.0;18.0;;;;25001
2013-01;26.0;25.0;22.0;21.0;20.0;20.0;17.0;17.0;18.0;17.0;15.0;15.0;;;;;25001
2014-01;24.0;23.0;21.0;18.0;18.0;17.0;17.0;16.0;15.0;16.0;18.0;;;;;;25001
2015-01;20.0;17.0;16.0;16.0;14.0;14.0;12.0;11.0;10.0;9.0;;;;;;;25001
2016-01;17.0;17.0;14.0;12.0;12.0;11.0;9.0;9.0;7.0;;;;;;;;25001
2017-01;13.0;12.0;10.0;10.0;8.0;6.0;5.0;7.0;;;;;;;;;25001
2018-01;19.0;19.0;16.0;17.0;15.0;15.0;14.0;;;;;;;;;;25001
2019-01;12.0;9.0;6.0;3.0;4.0;4.0;;;;;;;;;;;25001
2020-01;20.0;19.0;17.0;12.0;12.0;;;;;;;;;;;;25001
2021-01;25.0;22.0;19.0;16.0;;;;;;;;;;;;;25001
2022-01;27.0;21.0;17.0;;;;;;;;;;;;;;25001
2023-01;27.0;21.0;;;;;;;;;;;;;;;25001
2024-01;34.0;;;;;;;;;;;;;;;;25001
2009-01;2.0;;;;;;;;;;;;;;;;25015
2010-01;4.0;4.0;2.0;2.0;;;;;;;;;;;;;25015
2011-01;1.0;1.0;;;;;;;;;;;;;;;25015
2012-01;2.0;1.0;1.0;;;;;;;;;;;;;;25015
2013-01;1.0;;;;;;;;;;;;;;;;25015
2014-01;5.0;4.0;4.0;4.0;2.0;3.0;1.0;;;;;;;;;;25015
2015-01;4.0;3.0;1.0;;;;;;;;;;;;;;25015
2016-01;1.0;1.0;;;;;;;;;;;;;;;25015
2017-01;2.0;1.0;1.0;1.0;1.0;1.0;1.0;1.0;;;;;;;;;25015
2018-01;3.0;;;;;;;;;;;;;;;;25015
2019-01;2.0;2.0;1.0;1.0;1.0;1.0;;;;;;;;;;;25015
2020-01;3.0;2.0;1.0;;;;;;;;;;;;;;25015
2022-01;2.0;2.0;1.0;;;;;;;;;;;;;;25015
2023-01;3.0;1.0;;;;;;;;;;;;;;;25015
2024-01;3.0;;;;;;;;;;;;;;;;25015
2009-01;2.0;2.0;2.0;2.0;2.0;1.0;1.0;1.0;1.0;1.0;1.0;1.0;1.0;1.0;1.0;1.0;25002
2010-01;5.0;4.0;3.0;3.0;3.0;3.0;2.0;2.0;2.0;2.0;2.0;2.0;2.0;2.0;2.0;;25002
2011-01;4.0;3.0;3.0;1.0;1.0;2.0;2.0;2.0;2.0;2.0;1.0;1.0;1.0;1.0;;;25002
2012-01;6.0;6.0;5.0;4.0;3.0;3.0;3.0;3.0;2.0;2.0;1.0;1.0;1.0;;;;25002
2013-01;4.0;3.0;3.0;3.0;2.0;1.0;1.0;;;;;;;;;;25002
2014-01;12.0;8.0;7.0;3.0;3.0;2.0;3.0;3.0;3.0;3.0;3.0;;;;;;25002
2015-01;7.0;4.0;2.0;1.0;;;;;;;;;;;;;25002
2016-01;2.0;2.0;2.0;1.0;1.0;2.0;2.0;2.0;2.0;;;;;;;;25002
2017-01;8.0;7.0;5.0;3.0;1.0;;;;;;;;;;;;25002
2018-01;7.0;5.0;5.0;4.0;4.0;3.0;4.0;;;;;;;;;;25002
2019-01;5.0;4.0;2.0;3.0;4.0;4.0;;;;;;;;;;;25002
2020-01;8.0;6.0;4.0;5.0;4.0;;;;;;;;;;;;25002
2021-01;4.0;2.0;2.0;1.0;;;;;;;;;;;;;25002
2022-01;7.0;6.0;3.0;;;;;;;;;;;;;;25002
2023-01;3.0;2.0;;;;;;;;;;;;;;;25002
2024-01;7.0;;;;;;;;;;;;;;;;25002
2009-01;2.0;1.0;1.0;;;;;;;;;;;;;;25003
2010-01;1.0;1.0;1.0;1.0;;;;;;;;;;;;;25003
2011-01;1.0;1.0;1.0;1.0;;;;;;;;;;;;;25003
2012-01;3.0;1.0;;;;;;;;;;;;;;;25003
2013-01;3.0;2.0;;;;;;;;;;;;;;;25003
2014-01;2.0;2.0;1.0;;;;;;;;;;;;;;25003
2015-01;3.0;2.0;3.0;2.0;2.0;2.0;2.0;2.0;2.0;2.0;;;;;;;25003
2016-01;3.0;3.0;2.0;1.0;1.0;1.0;1.0;1.0;;;;;;;;;25003
2018-01;2.0;2.0;1.0;;;;;;;;;;;;;;25003
2019-01;2.0;2.0;2.0;1.0;1.0;;;;;;;;;;;;25003
2020-01;2.0;2.0;2.0;2.0;2.0;;;;;;;;;;;;25003
2021-01;1.0;;;;;;;;;;;;;;;;25003
2022-01;3.0;2.0;1.0;;;;;;;;;;;;;;25003
2023-01;1.0;1.0;;;;;;;;;;;;;;;25003
2024-01;3.0;;;;;;;;;;;;;;;;25003
2009-01;2.0;2.0;2.0;2.0;2.0;2.0;2.0;2.0;1.0;2.0;1.0;1.0;2.0;2.0;1.0;1.0;25009
2010-01;1.0;1.0;1.0;1.0;;;;;;;;;;;;;25009
2011-01;5.0;4.0;4.0;3.0;4.0;4.0;3.0;;;;;;;;;;25009
2012-01;1.0;1.0;;;;;;;;;;;;;;;25009
2014-01;3.0;2.0;2.0;2.0;1.0;1.0;1.0;1.0;1.0;1.0;1.0;;;;;;25009
2016-01;1.0;1.0;;1.0;1.0;1.0;1.0;1.0;1.0;;;;;;;;25009
2017-01;2.0;2.0;1.0;1.0;;;;;;;;;;;;;25009
2018-01;2.0;2.0;1.0;;1.0;1.0;1.0;;;;;;;;;;25009
2019-01;2.0;1.0;;;;;;;;;;;;;;;25009
2020-01;1.0;1.0;1.0;;;;;;;;;;;;;;25009
2022-01;1.0;1.0;1.0;;;;;;;;;;;;;;25009
2023-01;2.0;2.0;;;;;;;;;;;;;;;25009
2024-01;5.0;;;;;;;;;;;;;;;;25009
2009-01;5.0;5.0;5.0;5.0;5.0;5.0;5.0;5.0;4.0;4.0;4.0;3.0;3.0;3.0;3.0;3.0;25016
2010-01;7.0;6.0;6.0;5.0;3.0;3.0;3.0;4.0;4.0;4.0;4.0;4.0;4.0;2.0;2.0;;25016
2011-01;2.0;1.0;2.0;1.0;1.0;1.0;2.0;2.0;2.0;2.0;2.0;2.0;2.0;2.0;;;25016
2012-01;2.0;2.0;2.0;2.0;1.0;1.0;1.0;1.0;1.0;;;;;;;;25016
2013-01;2.0;;;;;;;;;;1.0;1.0;;;;;25016
2014-01;5.0;4.0;3.0;2.0;1.0;2.0;2.0;2.0;1.0;1.0;1.0;;;;;;25016
2015-01;4.0;4.0;4.0;4.0;4.0;4.0;4.0;3.0;2.0;2.0;;;;;;;25016
2016-01;5.0;3.0;4.0;4.0;3.0;3.0;3.0;4.0;4.0;;;;;;;;25016
2017-01;4.0;4.0;4.0;4.0;4.0;4.0;4.0;2.0;;;;;;;;;25016
2018-01;6.0;5.0;4.0;4.0;3.0;1.0;2.0;;;;;;;;;;25016
2019-01;8.0;7.0;7.0;6.0;7.0;6.0;;;;;;;;;;;25016
2020-01;4.0;3.0;3.0;2.0;1.0;;;;;;;;;;;;25016
2021-01;2.0;2.0;;;;;;;;;;;;;;;25016
2022-01;11.0;8.0;7.0;;;;;;;;;;;;;;25016
2023-01;19.0;16.0;;;;;;;;;;;;;;;25016
2024-01;17.0;;;;;;;;;;;;;;;;25016
2009-01;2.0;2.0;2.0;1.0;1.0;1.0;1.0;1.0;1.0;1.0;1.0;1.0;1.0;1.0;1.0;1.0;25008
2011-01;2.0;2.0;2.0;2.0;2.0;2.0;2.0;2.0;2.0;2.0;2.0;2.0;2.0;2.0;;;25008
2014-01;2.0;2.0;1.0;;;;;;;;;;;;;;25008
2016-01;1.0;;1.0;1.0;1.0;1.0;1.0;;;;;;;;;;25008
2017-01;4.0;4.0;4.0;4.0;4.0;4.0;4.0;4.0;;;;;;;;;25008
2018-01;6.0;3.0;2.0;2.0;2.0;1.0;1.0;;;;;;;;;;25008
2019-01;1.0;1.0;1.0;1.0;1.0;1.0;;;;;;;;;;;25008
2021-01;1.0;;;;;;;;;;;;;;;;25008
2022-01;2.0;2.0;1.0;;;;;;;;;;;;;;25008
2023-01;4.0;4.0;;;;;;;;;;;;;;;25008
2024-01;3.0;;;;;;;;;;;;;;;;25008
2009-01;1.0;1.0;1.0;;;;;;;;;;;;;;25004
2010-01;2.0;1.0;1.0;1.0;;;;;;;;;;;;;25004
2011-01;1.0;1.0;1.0;1.0;1.0;1.0;1.0;;;;;;;;;;25004
2012-01;1.0;;;;;;;;;;;;;;;;25004
2013-01;1.0;1.0;;;;;;;;;;;;;;;25004
2014-01;1.0;;;;;;;;;;;;;;;;25004
2015-01;5.0;2.0;1.0;;;;;;;;;;;;;;25004
2016-01;1.0;1.0;;;;;;;;;;;;;;;25004
2017-01;2.0;1.0;;;;;;;;;;;;;;;25004
2018-01;6.0;4.0;3.0;;;;;;;;;;;;;;25004
2019-01;3.0;3.0;1.0;1.0;1.0;1.0;;;;;;;;;;;25004
2020-01;2.0;2.0;2.0;1.0;1.0;;;;;;;;;;;;25004
2021-01;1.0;1.0;1.0;1.0;;;;;;;;;;;;;25004
2022-01;2.0;;1.0;;;;;;;;;;;;;;25004
2023-01;1.0;1.0;;;;;;;;;;;;;;;25004
2009-01;1.0;1.0;1.0;1.0;1.0;;;1.0;1.0;1.0;1.0;1.0;1.0;1.0;1.0;;25007
2010-01;2.0;1.0;1.0;2.0;2.0;2.0;2.0;2.0;2.0;2.0;1.0;1.0;1.0;1.0;1.0;;25007
2011-01;2.0;2.0;2.0;1.0;1.0;1.0;1.0;1.0;1.0;1.0;1.0;1.0;1.0;1.0;;;25007
2012-01;1.0;1.0;;;;;;;;;;;;;;;25007
2014-01;4.0;3.0;2.0;2.0;2.0;2.0;2.0;1.0;1.0;1.0;1.0;;;;;;25007
2015-01;3.0;3.0;2.0;2.0;2.0;1.0;1.0;1.0;1.0;1.0;;;;;;;25007
2016-01;1.0;;;;;;;;;;;;;;;;25007
2017-01;1.0;;;;;;;;;;;;;;;;25007
2018-01;4.0;3.0;4.0;4.0;4.0;4.0;3.0;;;;;;;;;;25007
2019-01;3.0;1.0;1.0;1.0;1.0;1.0;;;;;;;;;;;25007
2020-01;6.0;3.0;2.0;2.0;2.0;;;;;;;;;;;;25007
2022-01;1.0;1.0;1.0;;;;;;;;;;;;;;25007
2024-01;1.0;;;;;;;;;;;;;;;;25007
2009-01;1.0;1.0;1.0;1.0;1.0;1.0;1.0;1.0;1.0;1.0;1.0;1.0;1.0;1.0;1.0;;25011
2014-01;2.0;2.0;2.0;1.0;;;;;;;;;;;;;25011
2016-01;1.0;1.0;;;;;;;;;;;;;;;25011
2018-01;3.0;2.0;1.0;2.0;1.0;;;;;;;;;;;;25011
2019-01;3.0;2.0;2.0;2.0;1.0;2.0;;;;;;;;;;;25011
2020-01;2.0;1.0;1.0;1.0;;;;;;;;;;;;;25011
2024-01;1.0;;;;;;;;;;;;;;;;25011
2009-01;1.0;1.0;1.0;1.0;1.0;1.0;1.0;1.0;1.0;1.0;1.0;1.0;1.0;1.0;1.0;1.0;25012
2010-01;2.0;2.0;2.0;1.0;1.0;1.0;2.0;;;;;;;;;;25012
2011-01;1.0;;;;;;;;;;;;;;;;25012
2012-01;2.0;1.0;1.0;1.0;1.0;1.0;1.0;1.0;1.0;1.0;1.0;1.0;1.0;;;;25012
2013-01;2.0;2.0;2.0;2.0;2.0;2.0;2.0;2.0;;1.0;1.0;1.0;;;;;25012
2014-01;4.0;1.0;1.0;2.0;;;1.0;1.0;1.0;1.0;;;;;;;25012
2015-01;5.0;4.0;3.0;2.0;2.0;1.0;;;;;;;;;;;25012
2017-01;3.0;1.0;1.0;1.0;1.0;1.0;1.0;;;;;;;;;;25012
2018-01;6.0;4.0;3.0;2.0;1.0;2.0;1.0;;;;;;;;;;25012
2019-01;2.0;2.0;1.0;1.0;1.0;;;;;;;;;;;;25012
2020-01;2.0;;;1.0;2.0;;;;;;;;;;;;25012
2021-01;3.0;3.0;3.0;2.0;;;;;;;;;;;;;25012
2022-01;4.0;1.0;1.0;;;;;;;;;;;;;;25012
2023-01;2.0;2.0;;;;;;;;;;;;;;;25012
2024-01;4.0;;;;;;;;;;;;;;;;25012
2009-01;1.0;;;;;;;;;;;;;;;;25014
2010-01;3.0;3.0;3.0;2.0;2.0;2.0;2.0;1.0;1.0;1.0;;;;;;;25014
2011-01;1.0;1.0;1.0;1.0;;;;;;;;;;;;;25014
2012-01;1.0;;1.0;1.0;;;1.0;1.0;1.0;1.0;1.0;1.0;1.0;;;;25014
2013-01;2.0;1.0;1.0;1.0;1.0;;;;;;;1.0;;;;;25014
2014-01;2.0;1.0;;;;;;;;;;;;;;;25014
2015-01;5.0;4.0;2.0;1.0;2.0;2.0;2.0;1.0;;;;;;;;;25014
2016-01;2.0;1.0;1.0;1.0;;;;;;;;;;;;;25014
2017-01;2.0;1.0;1.0;;;;;;;;;;;;;;25014
2019-01;3.0;2.0;1.0;1.0;1.0;2.0;;;;;;;;;;;25014
2020-01;3.0;3.0;3.0;3.0;3.0;;;;;;;;;;;;25014
2021-01;4.0;1.0;;;;;;;;;;;;;;;25014
2022-01;1.0;;;;;;;;;;;;;;;;25014
2023-01;4.0;1.0;;;;;;;;;;;;;;;25014
2024-01;1.0;;;;;;;;;;;;;;;;25014
2009-01;1.0;;;;;;;;;;;;;;;;25005
2010-01;4.0;2.0;2.0;1.0;1.0;1.0;1.0;1.0;1.0;1.0;1.0;1.0;1.0;1.0;1.0;;25005
2012-01;2.0;2.0;1.0;;;1.0;;;;;;;;;;;25005
2014-01;2.0;2.0;2.0;2.0;2.0;1.0;2.0;2.0;1.0;1.0;1.0;;;;;;25005
2016-01;1.0;1.0;;;;;;;;;;;;;;;25005
2018-01;4.0;3.0;2.0;1.0;1.0;2.0;1.0;;;;;;;;;;25005
2019-01;2.0;1.0;1.0;1.0;1.0;1.0;;;;;;;;;;;25005
2020-01;2.0;1.0;;;;;;;;;;;;;;;25005
2021-01;2.0;1.0;1.0;;;;;;;;;;;;;;25005
2022-01;3.0;3.0;3.0;;;;;;;;;;;;;;25005
2023-01;1.0;1.0;;;;;;;;;;;;;;;25005
2024-01;1.0;;;;;;;;;;;;;;;;25005
2009-01;3.0;3.0;3.0;3.0;2.0;1.0;;;;;;;;;;;25006
2010-01;1.0;1.0;1.0;1.0;1.0;1.0;1.0;1.0;1.0;1.0;;;;;;;25006
2011-01;4.0;3.0;2.0;1.0;1.0;1.0;2.0;2.0;1.0;1.0;2.0;2.0;2.0;1.0;;;25006
2012-01;2.0;2.0;2.0;2.0;2.0;1.0;2.0;1.0;2.0;1.0;1.0;1.0;1.0;;;;25006
2013-01;1.0;;;;;;;;;;;;;;;;25006
2014-01;2.0;2.0;2.0;1.0;1.0;1.0;;;;;;;;;;;25006
2015-01;2.0;2.0;1.0;1.0;1.0;2.0;2.0;1.0;1.0;1.0;;;;;;;25006
2016-01;1.0;1.0;1.0;;;;1.0;1.0;1.0;;;;;;;;25006
2017-01;2.0;2.0;2.0;1.0;;;;;;;;;;;;;25006
2018-01;6.0;5.0;;1.0;2.0;2.0;2.0;;;;;;;;;;25006
2019-01;6.0;4.0;4.0;3.0;3.0;3.0;;;;;;;;;;;25006
2020-01;5.0;5.0;3.0;3.0;2.0;;;;;;;;;;;;25006
2021-01;7.0;6.0;5.0;5.0;;;;;;;;;;;;;25006
2022-01;6.0;5.0;5.0;;;;;;;;;;;;;;25006
2023-01;6.0;4.0;;;;;;;;;;;;;;;25006
2024-01;4.0;;;;;;;;;;;;;;;;25006
2011-01;1.0;1.0;;;;;;;;;;;1.0;1.0;;;25013
2012-01;1.0;1.0;1.0;1.0;1.0;1.0;1.0;1.0;1.0;1.0;1.0;;;;;;25013
2013-01;1.0;1.0;1.0;1.0;1.0;1.0;;;;;;;;;;;25013
2014-01;3.0;2.0;2.0;2.0;1.0;1.0;1.0;1.0;1.0;1.0;1.0;;;;;;25013
2018-01;3.0;2.0;2.0;2.0;;;;;;;;;;;;;25013
2019-01;1.0;;;;;;;;;;;;;;;;25013
2020-01;2.0;1.0;1.0;1.0;1.0;;;;;;;;;;;;25013
2022-01;3.0;2.0;;;;;;;;;;;;;;;25013
2024-01;1.0;;;;;;;;;;;;;;;;25013
2009-01;1.0;1.0;1.0;1.0;1.0;1.0;1.0;1.0;1.0;1.0;1.0;1.0;1.0;1.0;1.0;1.0;35091
2010-01;3.0;3.0;3.0;3.0;3.0;2.0;;;;;;;;;;;35091
2011-01;2.0;;;;;;;;;;;;;;;;35091
2012-01;1.0;1.0;1.0;1.0;1.0;1.0;1.0;1.0;1.0;1.0;1.0;1.0;1.0;;;;35091
2013-01;1.0;1.0;1.0;1.0;1.0;1.0;1.0;1.0;1.0;1.0;1.0;1.0;;;;;35091
2014-01;2.0;2.0;2.0;1.0;;1.0;;;;;;;;;;;35091
2015-01;1.0;;;;;1.0;1.0;1.0;1.0;1.0;;;;;;;35091
2017-01;4.0;1.0;;;;;;;;;;;;;;;35091
2018-01;1.0;1.0;1.0;1.0;1.0;1.0;1.0;;;;;;;;;;35091
2019-01;3.0;3.0;3.0;2.0;1.0;1.0;;;;;;;;;;;35091
2020-01;2.0;1.0;1.0;1.0;1.0;;;;;;;;;;;;35091
2021-01;2.0;1.0;1.0;1.0;;;;;;;;;;;;;35091
2023-01;3.0;2.0;;;;;;;;;;;;;;;35091
2024-01;2.0;;;;;;;;;;;;;;;;35091
2009-01;3.0;2.0;2.0;2.0;2.0;2.0;3.0;3.0;3.0;3.0;3.0;3.0;3.0;3.0;3.0;3.0;35156
2010-01;1.0;1.0;1.0;1.0;1.0;1.0;1.0;;;;;;;;;;35156
2011-01;1.0;1.0;1.0;1.0;1.0;1.0;1.0;1.0;1.0;1.0;1.0;1.0;1.0;1.0;;;35156
2013-01;1.0;1.0;1.0;1.0;1.0;1.0;1.0;1.0;1.0;1.0;1.0;1.0;;;;;35156
2014-01;1.0;1.0;1.0;1.0;1.0;;;;;;;;;;;;35156
2015-01;2.0;2.0;1.0;1.0;1.0;1.0;1.0;1.0;1.0;1.0;;;;;;;35156
2016-01;1.0;1.0;1.0;;;;;;;;;;;;;;35156
2018-01;2.0;2.0;;;;;;;;;;;;;;;35156
2019-01;1.0;1.0;1.0;1.0;;;;;;;;;;;;;35156
2020-01;3.0;3.0;3.0;2.0;1.0;;;;;;;;;;;;35156
2021-01;1.0;1.0;1.0;1.0;;;;;;;;;;;;;35156
2022-01;2.0;2.0;2.0;;;;;;;;;;;;;;35156
2024-01;1.0;;;;;;;;;;;;;;;;35156
2009-01;5.0;4.0;4.0;4.0;4.0;5.0;5.0;5.0;5.0;5.0;5.0;5.0;4.0;4.0;4.0;4.0;35142
2010-01;5.0;4.0;4.0;4.0;4.0;3.0;3.0;3.0;3.0;3.0;3.0;3.0;3.0;3.0;3.0;;35142
2011-01;2.0;2.0;2.0;1.0;1.0;2.0;1.0;1.0;1.0;1.0;1.0;1.0;1.0;1.0;;;35142
2012-01;2.0;1.0;2.0;2.0;2.0;2.0;2.0;2.0;2.0;2.0;2.0;1.0;1.0;;;;35142
2013-01;7.0;7.0;7.0;7.0;6.0;5.0;5.0;6.0;6.0;4.0;3.0;3.0;;;;;35142
2014-01;4.0;4.0;4.0;4.0;4.0;4.0;3.0;3.0;3.0;3.0;3.0;;;;;;35142
2015-01;6.0;6.0;6.0;5.0;5.0;6.0;6.0;6.0;6.0;6.0;;;;;;;35142
2016-01;1.0;1.0;1.0;1.0;1.0;1.0;1.0;1.0;1.0;;;;;;;;35142
2017-01;3.0;3.0;3.0;3.0;2.0;2.0;1.0;1.0;;;;;;;;;35142
2018-01;4.0;4.0;4.0;4.0;4.0;2.0;2.0;;;;;;;;;;35142
2019-01;4.0;4.0;4.0;3.0;4.0;3.0;;;;;;;;;;;35142
2020-01;3.0;3.0;3.0;2.0;2.0;;;;;;;;;;;;35142
2021-01;1.0;1.0;1.0;1.0;;;;;;;;;;;;;35142
2022-01;4.0;3.0;3.0;;;;;;;;;;;;;;35142
2023-01;4.0;2.0;;;;;;;;;;;;;;;35142
2024-01;2.0;;;;;;;;;;;;;;;;35142
2009-01;2.0;2.0;2.0;2.0;2.0;2.0;2.0;1.0;1.0;1.0;1.0;1.0;;;;;35074
2010-01;2.0;2.0;2.0;2.0;2.0;2.0;2.0;2.0;2.0;1.0;1.0;1.0;1.0;1.0;1.0;;35074
2012-01;3.0;3.0;2.0;2.0;2.0;2.0;2.0;2.0;2.0;2.0;2.0;2.0;2.0;;;;35074
2013-01;1.0;1.0;1.0;1.0;1.0;1.0;1.0;1.0;1.0;1.0;1.0;1.0;;;;;35074
2015-01;3.0;3.0;2.0;2.0;1.0;1.0;1.0;1.0;1.0;1.0;;;;;;;35074
2017-01;2.0;1.0;;;;1.0;1.0;1.0;;;;;;;;;35074
2018-01;2.0;2.0;2.0;2.0;2.0;2.0;2.0;;;;;;;;;;35074
2019-01;5.0;4.0;4.0;4.0;3.0;3.0;;;;;;;;;;;35074
2020-01;3.0;2.0;2.0;2.0;2.0;;;;;;;;;;;;35074
2022-01;3.0;3.0;2.0;;;;;;;;;;;;;;35074
2023-01;3.0;3.0;;;;;;;;;;;;;;;35074
2024-01;2.0;;;;;;;;;;;;;;;;35074
2009-01;15.0;14.0;14.0;7.0;6.0;6.0;6.0;6.0;6.0;6.0;7.0;8.0;8.0;8.0;8.0;7.0;35062
2010-01;14.0;14.0;13.0;10.0;10.0;10.0;10.0;11.0;11.0;12.0;12.0;12.0;12.0;11.0;11.0;;35062
2011-01;14.0;13.0;11.0;9.0;6.0;6.0;7.0;8.0;8.0;9.0;9.0;9.0;8.0;7.0;;;35062
2012-01;32.0;32.0;30.0;29.0;23.0;24.0;23.0;22.0;22.0;21.0;20.0;17.0;17.0;;;;35062
2013-01;16.0;14.0;11.0;8.0;7.0;7.0;9.0;7.0;7.0;7.0;7.0;7.0;;;;;35062
2014-01;31.0;26.0;17.0;17.0;18.0;17.0;17.0;14.0;13.0;14.0;15.0;;;;;;35062
2015-01;16.0;12.0;11.0;11.0;11.0;10.0;9.0;6.0;6.0;5.0;;;;;;;35062
2016-01;12.0;10.0;8.0;8.0;7.0;8.0;8.0;7.0;6.0;;;;;;;;35062
2017-01;9.0;8.0;8.0;8.0;8.0;6.0;5.0;5.0;;;;;;;;;35062
2018-01;16.0;11.0;7.0;7.0;7.0;6.0;7.0;;;;;;;;;;35062
2019-01;18.0;13.0;13.0;13.0;11.0;10.0;;;;;;;;;;;35062
2020-01;15.0;14.0;12.0;10.0;9.0;;;;;;;;;;;;35062
2021-01;40.0;39.0;36.0;37.0;;;;;;;;;;;;;35062
2022-01;15.0;12.0;8.0;;;;;;;;;;;;;;35062
2023-01;18.0;10.0;;;;;;;;;;;;;;;35062
2024-01;37.0;;;;;;;;;;;;;;;;35062
2009-01;5.0;5.0;5.0;5.0;3.0;4.0;4.0;3.0;3.0;3.0;3.0;3.0;3.0;3.0;4.0;4.0;35051
2010-01;4.0;3.0;3.0;3.0;4.0;3.0;3.0;3.0;3.0;3.0;3.0;3.0;3.0;3.0;3.0;;35051
2011-01;6.0;4.0;2.0;2.0;3.0;3.0;3.0;3.0;3.0;3.0;3.0;3.0;3.0;2.0;;;35051
2012-01;2.0;2.0;2.0;1.0;1.0;;;;;;;1.0;1.0;;;;35051
2013-01;3.0;3.0;2.0;2.0;2.0;2.0;2.0;2.0;2.0;2.0;2.0;2.0;;;;;35051
2014-01;2.0;2.0;1.0;1.0;1.0;;;;;;;;;;;;35051
2015-01;3.0;2.0;2.0;3.0;3.0;2.0;2.0;2.0;2.0;2.0;;;;;;;35051
2016-01;8.0;7.0;6.0;5.0;5.0;5.0;5.0;5.0;5.0;;;;;;;;35051
2017-01;13.0;7.0;8.0;8.0;7.0;6.0;4.0;3.0;;;;;;;;;35051
2018-01;4.0;4.0;4.0;4.0;1.0;;;;;;;;;;;;35051
2019-01;1.0;1.0;1.0;1.0;1.0;1.0;;;;;;;;;;;35051
2020-01;4.0;3.0;3.0;2.0;2.0;;;;;;;;;;;;35051
2021-01;8.0;6.0;5.0;5.0;;;;;;;;;;;;;35051
2022-01;9.0;7.0;6.0;;;;;;;;;;;;;;35051
2023-01;8.0;8.0;;;;;;;;;;;;;;;35051
2024-01;5.0;;;;;;;;;;;;;;;;35051
2009-01;1.0;1.0;1.0;1.0;1.0;1.0;1.0;1.0;1.0;1.0;1.0;1.0;1.0;1.0;1.0;1.0;35133
2010-01;6.0;6.0;6.0;6.0;6.0;6.0;6.0;6.0;6.0;4.0;4.0;4.0;4.0;3.0;3.0;;35133
2011-01;4.0;4.0;3.0;3.0;2.0;2.0;1.0;2.0;2.0;2.0;2.0;2.0;2.0;2.0;;;35133
2012-01;2.0;1.0;1.0;1.0;1.0;1.0;1.0;1.0;1.0;1.0;1.0;1.0;1.0;;;;35133
2013-01;2.0;2.0;2.0;2.0;2.0;2.0;1.0;1.0;;;;;;;;;35133
2014-01;2.0;;;;;;;;;;;;;;;;35133
2015-01;7.0;4.0;3.0;1.0;1.0;1.0;1.0;1.0;1.0;1.0;;;;;;;35133
2016-01;5.0;3.0;2.0;2.0;2.0;2.0;1.0;1.0;1.0;;;;;;;;35133
2017-01;5.0;5.0;4.0;3.0;2.0;2.0;2.0;2.0;;;;;;;;;35133
2018-01;5.0;5.0;3.0;1.0;2.0;2.0;1.0;;;;;;;;;;35133
2019-01;2.0;1.0;1.0;1.0;1.0;1.0;;;;;;;;;;;35133
2020-01;1.0;;;;;;;;;;;;;;;;35133
2021-01;3.0;3.0;3.0;3.0;;;;;;;;;;;;;35133
2022-01;2.0;1.0;;;;;;;;;;;;;;;35133
2023-01;2.0;1.0;;;;;;;;;;;;;;;35133
2024-01;2.0;;;;;;;;;;;;;;;;35133
2009-01;4.0;4.0;4.0;4.0;4.0;4.0;4.0;4.0;4.0;4.0;4.0;4.0;4.0;4.0;4.0;4.0;35157
2010-01;3.0;3.0;2.0;2.0;2.0;2.0;2.0;2.0;1.0;1.0;1.0;1.0;1.0;1.0;1.0;;35157
2011-01;1.0;1.0;1.0;1.0;1.0;1.0;1.0;1.0;1.0;1.0;1.0;1.0;1.0;1.0;;;35157
2012-01;4.0;4.0;4.0;4.0;4.0;3.0;3.0;3.0;3.0;3.0;3.0;2.0;2.0;;;;35157
2014-01;1.0;1.0;1.0;1.0;1.0;1.0;;1.0;1.0;1.0;1.0;;;;;;35157
2015-01;2.0;2.0;2.0;1.0;1.0;1.0;1.0;1.0;1.0;1.0;;;;;;;35157
2016-01;2.0;2.0;2.0;2.0;2.0;2.0;2.0;2.0;2.0;;;;;;;;35157
2017-01;2.0;2.0;2.0;2.0;2.0;2.0;2.0;2.0;;;;;;;;;35157
2018-01;1.0;1.0;;;;;;;;;;;;;;;35157
2019-01;3.0;2.0;2.0;2.0;2.0;2.0;;;;;;;;;;;35157
2020-01;3.0;3.0;3.0;3.0;3.0;;;;;;;;;;;;35157
2021-01;3.0;3.0;3.0;3.0;;;;;;;;;;;;;35157
2022-01;3.0;3.0;3.0;;;;;;;;;;;;;;35157
2023-01;6.0;6.0;;;;;;;;;;;;;;;35157
2024-01;6.0;;;;;;;;;;;;;;;;35157
2009-01;6.0;6.0;5.0;5.0;5.0;5.0;5.0;5.0;3.0;3.0;3.0;3.0;3.0;3.0;3.0;3.0;35112
2010-01;6.0;6.0;6.0;6.0;6.0;6.0;6.0;6.0;6.0;5.0;5.0;5.0;4.0;4.0;4.0;;35112
2011-01;7.0;6.0;7.0;7.0;7.0;7.0;7.0;7.0;7.0;7.0;7.0;7.0;5.0;5.0;;;35112
2012-01;6.0;5.0;4.0;4.0;4.0;3.0;3.0;3.0;2.0;2.0;2.0;1.0;1.0;;;;35112
2013-01;6.0;6.0;6.0;4.0;4.0;3.0;4.0;4.0;4.0;3.0;4.0;4.0;;;;;35112
2014-01;4.0;4.0;2.0;3.0;3.0;3.0;2.0;2.0;1.0;1.0;3.0;;;;;;35112
2015-01;2.0;2.0;2.0;2.0;2.0;1.0;1.0;1.0;;1.0;;;;;;;35112
2016-01;12.0;11.0;11.0;11.0;12.0;12.0;12.0;12.0;11.0;;;;;;;;35112
2017-01;6.0;6.0;4.0;3.0;3.0;3.0;3.0;3.0;;;;;;;;;35112
2018-01;3.0;2.0;1.0;1.0;1.0;1.0;1.0;;;;;;;;;;35112
2019-01;8.0;8.0;7.0;7.0;7.0;6.0;;;;;;;;;;;35112
2020-01;15.0;15.0;15.0;14.0;14.0;;;;;;;;;;;;35112
2021-01;2.0;;;;;;;;;;;;;;;;35112
2022-01;18.0;16.0;13.0;;;;;;;;;;;;;;35112
2023-01;13.0;11.0;;;;;;;;;;;;;;;35112
2024-01;9.0;;;;;;;;;;;;;;;;35112
2009-01;10.0;10.0;10.0;10.0;10.0;9.0;9.0;9.0;8.0;5.0;7.0;7.0;7.0;8.0;8.0;8.0;35093
2010-01;7.0;6.0;6.0;6.0;6.0;6.0;6.0;6.0;6.0;5.0;5.0;5.0;6.0;5.0;5.0;;35093
2011-01;5.0;5.0;5.0;5.0;5.0;5.0;5.0;5.0;5.0;5.0;5.0;5.0;5.0;5.0;;;35093
2012-01;5.0;5.0;4.0;4.0;4.0;5.0;5.0;5.0;5.0;5.0;4.0;5.0;5.0;;;;35093
2013-01;7.0;7.0;5.0;5.0;5.0;4.0;5.0;5.0;5.0;5.0;5.0;5.0;;;;;35093
2014-01;1.0;1.0;1.0;1.0;1.0;1.0;1.0;1.0;;;;;;;;;35093
2015-01;8.0;7.0;6.0;4.0;3.0;3.0;3.0;4.0;4.0;4.0;;;;;;;35093
2016-01;7.0;7.0;6.0;6.0;6.0;5.0;5.0;5.0;4.0;;;;;;;;35093
2017-01;13.0;9.0;9.0;8.0;6.0;6.0;8.0;7.0;;;;;;;;;35093
2018-01;11.0;11.0;9.0;8.0;7.0;7.0;6.0;;;;;;;;;;35093
2019-01;7.0;6.0;5.0;4.0;4.0;3.0;;;;;;;;;;;35093
2020-01;10.0;8.0;7.0;7.0;6.0;;;;;;;;;;;;35093
2021-01;9.0;8.0;5.0;5.0;;;;;;;;;;;;;35093
2022-01;12.0;10.0;9.0;;;;;;;;;;;;;;35093
2023-01;7.0;7.0;;;;;;;;;;;;;;;35093
2024-01;12.0;;;;;;;;;;;;;;;;35093
2009-01;53.0;49.0;44.0;41.0;39.0;38.0;39.0;36.0;36.0;34.0;33.0;30.0;30.0;30.0;30.0;28.0;35072
2010-01;45.0;37.0;34.0;30.0;28.0;27.0;27.0;29.0;29.0;26.0;21.0;22.0;22.0;24.0;25.0;;35072
2011-01;26.0;25.0;24.0;24.0;22.0;14.0;15.0;14.0;14.0;18.0;14.0;14.0;13.0;11.0;;;35072
2012-01;44.0;42.0;40.0;41.0;38.0;36.0;35.0;35.0;29.0;24.0;28.0;29.0;29.0;;;;35072
2013-01;43.0;37.0;35.0;31.0;30.0;30.0;31.0;32.0;31.0;30.0;30.0;27.0;;;;;35072
2014-01;26.0;19.0;19.0;17.0;19.0;18.0;15.0;16.0;15.0;13.0;14.0;;;;;;35072
2015-01;34.0;24.0;23.0;24.0;23.0;20.0;21.0;22.0;20.0;20.0;;;;;;;35072
2016-01;42.0;39.0;36.0;34.0;31.0;29.0;30.0;31.0;31.0;;;;;;;;35072
2017-01;37.0;31.0;25.0;26.0;25.0;25.0;25.0;24.0;;;;;;;;;35072
2018-01;32.0;25.0;25.0;23.0;23.0;24.0;22.0;;;;;;;;;;35072
2019-01;38.0;34.0;34.0;31.0;29.0;29.0;;;;;;;;;;;35072
2020-01;68.0;62.0;59.0;52.0;49.0;;;;;;;;;;;;35072
2021-01;62.0;51.0;46.0;44.0;;;;;;;;;;;;;35072
2022-01;71.0;61.0;52.0;;;;;;;;;;;;;;35072
2023-01;80.0;72.0;;;;;;;;;;;;;;;35072
2024-01;86.0;;;;;;;;;;;;;;;;35072
2009-01;13.0;13.0;13.0;12.0;12.0;12.0;11.0;11.0;11.0;11.0;11.0;11.0;11.0;11.0;11.0;10.0;35031
2010-01;4.0;4.0;4.0;4.0;4.0;4.0;4.0;4.0;4.0;4.0;4.0;4.0;3.0;2.0;2.0;;35031
2011-01;6.0;6.0;6.0;6.0;5.0;5.0;3.0;4.0;4.0;4.0;4.0;4.0;4.0;4.0;;;35031
2012-01;6.0;6.0;6.0;6.0;3.0;3.0;3.0;3.0;3.0;3.0;3.0;3.0;2.0;;;;35031
2013-01;8.0;7.0;5.0;5.0;4.0;4.0;4.0;5.0;5.0;5.0;5.0;3.0;;;;;35031
2014-01;3.0;3.0;3.0;3.0;3.0;3.0;3.0;3.0;3.0;3.0;3.0;;;;;;35031
2015-01;3.0;3.0;3.0;3.0;3.0;2.0;2.0;2.0;2.0;2.0;;;;;;;35031
2016-01;5.0;5.0;4.0;3.0;3.0;3.0;3.0;3.0;3.0;;;;;;;;35031
2017-01;5.0;5.0;5.0;4.0;4.0;4.0;4.0;4.0;;;;;;;;;35031
2018-01;11.0;4.0;5.0;5.0;5.0;4.0;4.0;;;;;;;;;;35031
2019-01;6.0;4.0;4.0;4.0;4.0;3.0;;;;;;;;;;;35031
2020-01;8.0;5.0;6.0;5.0;5.0;;;;;;;;;;;;35031
2021-01;4.0;3.0;2.0;1.0;;;;;;;;;;;;;35031
2022-01;3.0;3.0;3.0;;;;;;;;;;;;;;35031
2023-01;2.0;1.0;;;;;;;;;;;;;;;35031
2024-01;5.0;;;;;;;;;;;;;;;;35031
2009-01;5.0;5.0;5.0;5.0;5.0;5.0;5.0;4.0;4.0;4.0;4.0;4.0;4.0;4.0;4.0;4.0;35022
2010-01;4.0;4.0;4.0;4.0;3.0;3.0;3.0;3.0;3.0;3.0;3.0;3.0;3.0;3.0;3.0;;35022
2011-01;1.0;1.0;1.0;1.0;1.0;1.0;1.0;1.0;1.0;1.0;1.0;1.0;;1.0;;;35022
2012-01;2.0;1.0;1.0;1.0;1.0;1.0;1.0;1.0;1.0;1.0;1.0;1.0;1.0;;;;35022
2013-01;3.0;3.0;3.0;3.0;3.0;3.0;3.0;3.0;3.0;3.0;3.0;3.0;;;;;35022
2014-01;4.0;4.0;4.0;4.0;4.0;4.0;4.0;4.0;4.0;4.0;3.0;;;;;;35022
2016-01;3.0;3.0;3.0;3.0;3.0;3.0;3.0;3.0;3.0;;;;;;;;35022
2017-01;2.0;2.0;2.0;2.0;2.0;2.0;1.0;1.0;;;;;;;;;35022
2018-01;1.0;1.0;1.0;1.0;1.0;1.0;1.0;;;;;;;;;;35022
2019-01;3.0;2.0;2.0;2.0;1.0;1.0;;;;;;;;;;;35022
2020-01;1.0;1.0;1.0;;;;;;;;;;;;;;35022
2022-01;2.0;2.0;2.0;;;;;;;;;;;;;;35022
2023-01;1.0;1.0;;;;;;;;;;;;;;;35022
2024-01;8.0;;;;;;;;;;;;;;;;35022
2009-01;18.0;17.0;16.0;16.0;15.0;14.0;13.0;13.0;13.0;13.0;11.0;12.0;11.0;11.0;11.0;11.0;35172
2010-01;7.0;6.0;6.0;6.0;6.0;6.0;6.0;5.0;5.0;5.0;5.0;4.0;4.0;5.0;5.0;;35172
2011-01;6.0;5.0;5.0;5.0;4.0;4.0;4.0;4.0;3.0;3.0;3.0;3.0;3.0;4.0;;;35172
2012-01;5.0;4.0;4.0;5.0;5.0;5.0;5.0;4.0;4.0;4.0;4.0;4.0;5.0;;;;35172
2013-01;1.0;1.0;1.0;;;;;;1.0;1.0;1.0;1.0;;;;;35172
2014-01;2.0;2.0;2.0;2.0;2.0;2.0;2.0;2.0;2.0;2.0;2.0;;;;;;35172
2015-01;6.0;5.0;6.0;6.0;6.0;6.0;5.0;5.0;4.0;4.0;;;;;;;35172
2016-01;1.0;1.0;1.0;;;;;;;;;;;;;;35172
2017-01;5.0;4.0;4.0;4.0;4.0;4.0;4.0;3.0;;;;;;;;;35172
2018-01;2.0;2.0;2.0;2.0;2.0;2.0;2.0;;;;;;;;;;35172
2019-01;4.0;3.0;3.0;3.0;2.0;1.0;;;;;;;;;;;35172
2020-01;8.0;8.0;7.0;7.0;5.0;;;;;;;;;;;;35172
2021-01;9.0;9.0;9.0;9.0;;;;;;;;;;;;;35172
2022-01;7.0;7.0;6.0;;;;;;;;;;;;;;35172
2023-01;2.0;1.0;;;;;;;;;;;;;;;35172
2024-01;6.0;;;;;;;;;;;;;;;;35172
2009-01;3.0;3.0;3.0;3.0;3.0;1.0;1.0;1.0;1.0;1.0;1.0;1.0;1.0;1.0;1.0;2.0;35153
2010-01;4.0;4.0;3.0;3.0;3.0;3.0;3.0;3.0;1.0;2.0;2.0;2.0;2.0;2.0;2.0;;35153
2011-01;1.0;1.0;1.0;1.0;1.0;1.0;1.0;1.0;1.0;1.0;1.0;1.0;1.0;1.0;;;35153
2014-01;10.0;9.0;7.0;8.0;6.0;6.0;6.0;5.0;5.0;5.0;6.0;;;;;;35153
2015-01;1.0;1.0;1.0;1.0;1.0;1.0;1.0;1.0;1.0;1.0;;;;;;;35153
2016-01;2.0;2.0;2.0;2.0;2.0;2.0;2.0;2.0;2.0;;;;;;;;35153
2017-01;1.0;1.0;1.0;1.0;1.0;;;;;;;;;;;;35153
2018-01;2.0;2.0;1.0;1.0;1.0;1.0;1.0;;;;;;;;;;35153
2019-01;2.0;2.0;2.0;2.0;1.0;2.0;;;;;;;;;;;35153
2020-01;1.0;;;;;;;;;;;;;;;;35153
2022-01;2.0;1.0;1.0;;;;;;;;;;;;;;35153
2023-01;2.0;1.0;;;;;;;;;;;;;;;35153
2024-01;3.0;;;;;;;;;;;;;;;;35153
2009-01;6.0;6.0;6.0;6.0;6.0;6.0;6.0;6.0;6.0;6.0;6.0;6.0;6.0;6.0;6.0;6.0;35162
2010-01;5.0;4.0;3.0;3.0;2.0;2.0;2.0;2.0;2.0;2.0;2.0;2.0;2.0;2.0;2.0;;35162
2012-01;2.0;2.0;1.0;;;;;;;;;;;;;;35162
2013-01;1.0;1.0;1.0;;;;;;;;;;;;;;35162
2014-01;4.0;4.0;4.0;4.0;4.0;3.0;3.0;3.0;3.0;3.0;2.0;;;;;;35162
2015-01;1.0;1.0;1.0;1.0;1.0;1.0;1.0;1.0;1.0;1.0;;;;;;;35162
2017-01;2.0;2.0;2.0;2.0;2.0;2.0;2.0;2.0;;;;;;;;;35162
2018-01;2.0;2.0;1.0;1.0;1.0;1.0;1.0;;;;;;;;;;35162
2019-01;2.0;1.0;1.0;;;;;;;;;;;;;;35162
2020-01;1.0;1.0;;1.0;1.0;;;;;;;;;;;;35162
2022-01;2.0;2.0;2.0;;;;;;;;;;;;;;35162
2023-01;3.0;2.0;;;;;;;;;;;;;;;35162
2024-01;2.0;;;;;;;;;;;;;;;;35162
2009-01;21.0;19.0;20.0;17.0;16.0;17.0;17.0;17.0;17.0;15.0;12.0;12.0;10.0;11.0;13.0;14.0;35163
2010-01;11.0;11.0;9.0;8.0;8.0;7.0;8.0;8.0;9.0;9.0;9.0;9.0;8.0;8.0;8.0;;35163
2011-01;18.0;18.0;18.0;18.0;18.0;18.0;13.0;13.0;13.0;14.0;13.0;13.0;11.0;11.0;;;35163
2012-01;13.0;12.0;10.0;10.0;10.0;9.0;9.0;9.0;8.0;8.0;7.0;7.0;7.0;;;;35163
2013-01;11.0;10.0;9.0;9.0;8.0;8.0;8.0;11.0;11.0;11.0;10.0;9.0;;;;;35163
2014-01;11.0;10.0;9.0;9.0;8.0;8.0;8.0;8.0;8.0;8.0;8.0;;;;;;35163
2015-01;16.0;15.0;15.0;15.0;14.0;13.0;13.0;13.0;11.0;11.0;;;;;;;35163
2016-01;14.0;10.0;9.0;8.0;8.0;9.0;7.0;7.0;7.0;;;;;;;;35163
2017-01;19.0;18.0;14.0;12.0;12.0;12.0;12.0;12.0;;;;;;;;;35163
2018-01;14.0;14.0;11.0;11.0;11.0;9.0;9.0;;;;;;;;;;35163
2019-01;18.0;15.0;15.0;13.0;13.0;12.0;;;;;;;;;;;35163
2020-01;21.0;18.0;18.0;17.0;16.0;;;;;;;;;;;;35163
2021-01;19.0;15.0;13.0;11.0;;;;;;;;;;;;;35163
2022-01;17.0;15.0;14.0;;;;;;;;;;;;;;35163
2023-01;27.0;25.0;;;;;;;;;;;;;;;35163
2024-01;40.0;;;;;;;;;;;;;;;;35163
2009-01;10.0;8.0;9.0;7.0;6.0;6.0;5.0;4.0;4.0;4.0;4.0;4.0;4.0;4.0;3.0;1.0;35021
2010-01;8.0;7.0;5.0;5.0;4.0;3.0;2.0;2.0;3.0;3.0;3.0;3.0;3.0;3.0;2.0;;35021
2011-01;5.0;5.0;5.0;5.0;2.0;2.0;2.0;2.0;2.0;2.0;2.0;2.0;2.0;2.0;;;35021
2012-01;7.0;6.0;6.0;5.0;1.0;1.0;1.0;1.0;1.0;1.0;1.0;1.0;1.0;;;;35021
2013-01;4.0;4.0;4.0;3.0;3.0;3.0;4.0;4.0;4.0;4.0;4.0;4.0;;;;;35021
2014-01;4.0;2.0;2.0;2.0;2.0;3.0;2.0;2.0;2.0;1.0;2.0;;;;;;35021
2015-01;8.0;8.0;8.0;8.0;8.0;8.0;8.0;7.0;5.0;5.0;;;;;;;35021
2016-01;9.0;8.0;7.0;6.0;6.0;6.0;5.0;4.0;3.0;;;;;;;;35021
2017-01;4.0;4.0;3.0;3.0;3.0;4.0;3.0;3.0;;;;;;;;;35021
2018-01;2.0;1.0;1.0;1.0;1.0;1.0;1.0;;;;;;;;;;35021
2019-01;5.0;5.0;5.0;5.0;4.0;4.0;;;;;;;;;;;35021
2020-01;4.0;4.0;3.0;2.0;3.0;;;;;;;;;;;;35021
2021-01;5.0;4.0;4.0;3.0;;;;;;;;;;;;;35021
2022-01;3.0;2.0;1.0;;;;;;;;;;;;;;35021
2023-01;4.0;4.0;;;;;;;;;;;;;;;35021
2024-01;8.0;;;;;;;;;;;;;;;;35021
2010-01;4.0;4.0;4.0;4.0;4.0;3.0;3.0;3.0;3.0;3.0;3.0;3.0;2.0;2.0;2.0;;35083
2011-01;2.0;2.0;2.0;2.0;2.0;2.0;2.0;2.0;2.0;2.0;1.0;1.0;1.0;;;;35083
2012-01;1.0;1.0;1.0;1.0;1.0;1.0;1.0;1.0;1.0;1.0;1.0;1.0;1.0;;;;35083
2013-01;1.0;;;;;;;;;;;;;;;;35083
2014-01;1.0;1.0;1.0;1.0;1.0;1.0;1.0;1.0;1.0;1.0;1.0;;;;;;35083
2015-01;1.0;1.0;1.0;1.0;1.0;1.0;1.0;1.0;1.0;1.0;;;;;;;35083
2016-01;2.0;2.0;2.0;2.0;2.0;2.0;1.0;1.0;1.0;;;;;;;;35083
2017-01;4.0;4.0;3.0;3.0;3.0;2.0;1.0;;;;;;;;;;35083
2018-01;1.0;1.0;;;1.0;;;;;;;;;;;;35083
2020-01;4.0;4.0;3.0;3.0;2.0;;;;;;;;;;;;35083
2022-01;4.0;4.0;4.0;;;;;;;;;;;;;;35083
2023-01;3.0;3.0;;;;;;;;;;;;;;;35083
2024-01;1.0;;;;;;;;;;;;;;;;35083
2009-01;6.0;6.0;6.0;6.0;5.0;5.0;4.0;4.0;4.0;4.0;4.0;4.0;4.0;4.0;4.0;4.0;35101
2010-01;3.0;3.0;3.0;3.0;3.0;2.0;2.0;2.0;2.0;2.0;2.0;2.0;2.0;2.0;2.0;;35101
2011-01;4.0;4.0;4.0;4.0;3.0;3.0;3.0;3.0;3.0;3.0;3.0;3.0;2.0;2.0;;;35101
2012-01;4.0;4.0;4.0;2.0;3.0;3.0;3.0;3.0;3.0;3.0;3.0;3.0;3.0;;;;35101
2013-01;2.0;2.0;2.0;1.0;1.0;1.0;1.0;1.0;1.0;1.0;1.0;1.0;;;;;35101
2014-01;6.0;5.0;3.0;3.0;2.0;3.0;3.0;2.0;2.0;2.0;2.0;;;;;;35101
2015-01;1.0;1.0;1.0;;;;;;;;;;;;;;35101
2016-01;7.0;6.0;6.0;5.0;6.0;6.0;3.0;2.0;2.0;;;;;;;;35101
2017-01;3.0;3.0;2.0;1.0;;;;;;;;;;;;;35101
2018-01;8.0;7.0;7.0;6.0;6.0;5.0;4.0;;;;;;;;;;35101
2019-01;7.0;6.0;6.0;6.0;5.0;2.0;;;;;;;;;;;35101
2020-01;5.0;3.0;3.0;2.0;3.0;;;;;;;;;;;;35101
2021-01;6.0;5.0;3.0;2.0;;;;;;;;;;;;;35101
2022-01;2.0;2.0;;;;;;;;;;;;;;;35101
2023-01;1.0;1.0;;;;;;;;;;;;;;;35101
2024-01;9.0;;;;;;;;;;;;;;;;35101
2009-01;21.0;21.0;21.0;18.0;12.0;13.0;12.0;9.0;8.0;9.0;12.0;10.0;9.0;9.0;9.0;8.0;35011
2010-01;28.0;27.0;24.0;23.0;22.0;19.0;18.0;18.0;17.0;16.0;14.0;13.0;15.0;13.0;13.0;;35011
2011-01;14.0;13.0;11.0;9.0;7.0;6.0;7.0;6.0;6.0;6.0;5.0;5.0;5.0;4.0;;;35011
2012-01;28.0;23.0;20.0;17.0;15.0;11.0;11.0;11.0;8.0;9.0;9.0;8.0;10.0;;;;35011
2013-01;22.0;20.0;18.0;17.0;16.0;15.0;15.0;14.0;13.0;13.0;12.0;10.0;;;;;35011
2014-01;31.0;28.0;24.0;22.0;20.0;21.0;21.0;18.0;18.0;14.0;14.0;;;;;;35011
2015-01;20.0;18.0;18.0;15.0;15.0;14.0;13.0;13.0;10.0;13.0;;;;;;;35011
2016-01;16.0;15.0;15.0;14.0;9.0;4.0;5.0;8.0;8.0;;;;;;;;35011
2017-01;26.0;24.0;22.0;21.0;20.0;18.0;13.0;12.0;;;;;;;;;35011
2018-01;21.0;19.0;14.0;15.0;15.0;11.0;9.0;;;;;;;;;;35011
2019-01;20.0;16.0;16.0;17.0;10.0;8.0;;;;;;;;;;;35011
2020-01;21.0;18.0;17.0;14.0;13.0;;;;;;;;;;;;35011
2021-01;28.0;23.0;20.0;16.0;;;;;;;;;;;;;35011
2022-01;29.0;24.0;18.0;;;;;;;;;;;;;;35011
2023-01;38.0;36.0;;;;;;;;;;;;;;;35011
2024-01;32.0;;;;;;;;;;;;;;;;35011
2009-01;5.0;5.0;3.0;3.0;4.0;4.0;4.0;3.0;3.0;2.0;2.0;2.0;2.0;2.0;2.0;2.0;35092
2010-01;4.0;4.0;4.0;4.0;4.0;4.0;4.0;3.0;3.0;3.0;3.0;2.0;1.0;1.0;1.0;;35092
2011-01;5.0;5.0;4.0;3.0;3.0;3.0;3.0;3.0;3.0;3.0;3.0;3.0;3.0;3.0;;;35092
2012-01;1.0;1.0;1.0;1.0;1.0;1.0;1.0;1.0;1.0;1.0;1.0;1.0;1.0;;;;35092
2013-01;3.0;3.0;2.0;2.0;2.0;2.0;2.0;2.0;2.0;2.0;3.0;2.0;;;;;35092
2014-01;1.0;1.0;1.0;1.0;1.0;1.0;1.0;1.0;1.0;1.0;1.0;;;;;;35092
2015-01;2.0;2.0;2.0;2.0;2.0;1.0;;;;;;;;;;;35092
2017-01;2.0;2.0;2.0;2.0;1.0;1.0;1.0;1.0;;;;;;;;;35092
2018-01;1.0;1.0;1.0;1.0;1.0;1.0;1.0;;;;;;;;;;35092
2020-01;4.0;4.0;4.0;4.0;4.0;;;;;;;;;;;;35092
2021-01;1.0;1.0;1.0;1.0;;;;;;;;;;;;;35092
2022-01;2.0;2.0;2.0;;;;;;;;;;;;;;35092
2023-01;3.0;3.0;;;;;;;;;;;;;;;35092
2024-01;4.0;;;;;;;;;;;;;;;;35092
2009-01;6.0;5.0;5.0;4.0;5.0;5.0;3.0;3.0;4.0;4.0;4.0;4.0;4.0;5.0;5.0;5.0;35071
2010-01;8.0;8.0;8.0;7.0;6.0;5.0;6.0;6.0;6.0;6.0;6.0;6.0;6.0;6.0;5.0;;35071
2011-01;11.0;11.0;10.0;10.0;8.0;8.0;8.0;8.0;8.0;8.0;8.0;8.0;9.0;9.0;;;35071
2012-01;3.0;3.0;3.0;3.0;3.0;2.0;2.0;2.0;2.0;1.0;1.0;1.0;1.0;;;;35071
2013-01;3.0;3.0;3.0;3.0;3.0;3.0;3.0;3.0;3.0;2.0;1.0;1.0;;;;;35071
2014-01;2.0;1.0;;;;;;1.0;1.0;1.0;1.0;;;;;;35071
2015-01;7.0;7.0;6.0;5.0;4.0;5.0;5.0;5.0;5.0;4.0;;;;;;;35071
2016-01;12.0;12.0;11.0;11.0;11.0;11.0;11.0;11.0;8.0;;;;;;;;35071
2017-01;5.0;5.0;5.0;5.0;5.0;5.0;4.0;2.0;;;;;;;;;35071
2018-01;3.0;3.0;3.0;3.0;3.0;3.0;3.0;;;;;;;;;;35071
2019-01;2.0;1.0;1.0;;;;;;;;;;;;;;35071
2020-01;6.0;6.0;5.0;5.0;3.0;;;;;;;;;;;;35071
2021-01;3.0;3.0;2.0;2.0;;;;;;;;;;;;;35071
2022-01;6.0;3.0;2.0;;;;;;;;;;;;;;35071
2023-01;7.0;7.0;;;;;;;;;;;;;;;35071
2024-01;13.0;;;;;;;;;;;;;;;;35071
2009-01;3.0;3.0;3.0;3.0;3.0;3.0;2.0;2.0;2.0;2.0;2.0;2.0;2.0;2.0;2.0;2.0;35061
2010-01;3.0;3.0;2.0;2.0;2.0;2.0;2.0;2.0;2.0;2.0;1.0;1.0;1.0;1.0;1.0;;35061
2011-01;3.0;2.0;2.0;2.0;2.0;1.0;1.0;1.0;1.0;1.0;1.0;1.0;1.0;1.0;;;35061
2012-01;3.0;3.0;2.0;2.0;2.0;2.0;2.0;2.0;1.0;1.0;1.0;1.0;;;;;35061
2013-01;1.0;1.0;1.0;1.0;1.0;1.0;1.0;1.0;1.0;1.0;1.0;;;;;;35061
2014-01;2.0;2.0;2.0;2.0;2.0;1.0;1.0;1.0;2.0;2.0;2.0;;;;;;35061
2015-01;2.0;2.0;2.0;2.0;1.0;1.0;1.0;1.0;1.0;1.0;;;;;;;35061
2016-01;1.0;1.0;;;;;;;;;;;;;;;35061
2017-01;2.0;2.0;2.0;2.0;2.0;1.0;1.0;1.0;;;;;;;;;35061
2018-01;2.0;2.0;2.0;2.0;2.0;2.0;2.0;;;;;;;;;;35061
2019-01;7.0;6.0;5.0;3.0;3.0;1.0;;;;;;;;;;;35061
2020-01;6.0;5.0;5.0;5.0;5.0;;;;;;;;;;;;35061
2021-01;7.0;6.0;4.0;1.0;;;;;;;;;;;;;35061
2022-01;3.0;2.0;2.0;;;;;;;;;;;;;;35061
2023-01;1.0;;;;;;;;;;;;;;;;35061
2024-01;2.0;;;;;;;;;;;;;;;;35061
2009-01;16.0;14.0;11.0;9.0;10.0;10.0;10.0;10.0;9.0;11.0;13.0;13.0;13.0;13.0;13.0;12.0;35155
2010-01;4.0;4.0;3.0;2.0;2.0;2.0;2.0;2.0;2.0;2.0;1.0;1.0;1.0;2.0;2.0;;35155
2011-01;13.0;7.0;8.0;6.0;5.0;5.0;5.0;4.0;4.0;5.0;5.0;4.0;4.0;4.0;;;35155
2012-01;11.0;11.0;9.0;9.0;9.0;9.0;9.0;6.0;6.0;6.0;6.0;7.0;5.0;;;;35155
2013-01;7.0;6.0;7.0;7.0;6.0;7.0;6.0;6.0;6.0;6.0;6.0;6.0;;;;;35155
2014-01;4.0;4.0;3.0;3.0;3.0;3.0;3.0;2.0;2.0;1.0;2.0;;;;;;35155
2015-01;11.0;8.0;8.0;6.0;6.0;4.0;4.0;4.0;6.0;6.0;;;;;;;35155
2016-01;11.0;9.0;9.0;8.0;6.0;6.0;5.0;5.0;5.0;;;;;;;;35155
2017-01;8.0;6.0;7.0;7.0;7.0;6.0;4.0;5.0;;;;;;;;;35155
2018-01;24.0;22.0;20.0;18.0;18.0;11.0;13.0;;;;;;;;;;35155
2019-01;16.0;16.0;16.0;13.0;13.0;11.0;;;;;;;;;;;35155
2020-01;12.0;12.0;10.0;9.0;10.0;;;;;;;;;;;;35155
2021-01;10.0;8.0;6.0;6.0;;;;;;;;;;;;;35155
2022-01;11.0;9.0;7.0;;;;;;;;;;;;;;35155
2023-01;23.0;18.0;;;;;;;;;;;;;;;35155
2024-01;13.0;;;;;;;;;;;;;;;;35155
2009-01;4.0;4.0;4.0;4.0;3.0;3.0;3.0;3.0;3.0;3.0;3.0;2.0;2.0;2.0;2.0;2.0;35023
2010-01;7.0;7.0;6.0;6.0;5.0;4.0;4.0;4.0;4.0;4.0;4.0;4.0;4.0;4.0;4.0;;35023
2011-01;1.0;1.0;1.0;1.0;;;;;;;;;;;;;35023
2012-01;2.0;2.0;2.0;2.0;2.0;2.0;2.0;2.0;1.0;1.0;1.0;1.0;1.0;;;;35023
2013-01;2.0;1.0;1.0;1.0;1.0;1.0;1.0;1.0;1.0;1.0;;1.0;;;;;35023
2014-01;4.0;3.0;3.0;3.0;3.0;3.0;3.0;2.0;2.0;2.0;2.0;;;;;;35023
2015-01;5.0;3.0;3.0;2.0;2.0;2.0;2.0;2.0;3.0;3.0;;;;;;;35023
2016-01;3.0;3.0;3.0;3.0;2.0;2.0;2.0;1.0;1.0;;;;;;;;35023
2017-01;2.0;1.0;1.0;1.0;1.0;;;;;;;;;;;;35023
2018-01;3.0;3.0;3.0;3.0;3.0;3.0;3.0;;;;;;;;;;35023
2019-01;2.0;2.0;2.0;2.0;2.0;2.0;;;;;;;;;;;35023
2020-01;3.0;2.0;2.0;1.0;1.0;;;;;;;;;;;;35023
2023-01;3.0;2.0;;;;;;;;;;;;;;;35023
2024-01;4.0;;;;;;;;;;;;;;;;35023
2009-01;4.0;4.0;4.0;3.0;3.0;3.0;3.0;3.0;3.0;3.0;3.0;3.0;3.0;2.0;2.0;2.0;35064
2010-01;5.0;5.0;4.0;4.0;4.0;4.0;4.0;4.0;4.0;4.0;4.0;4.0;4.0;4.0;4.0;;35064
2011-01;4.0;3.0;3.0;3.0;3.0;3.0;3.0;3.0;3.0;3.0;3.0;3.0;3.0;3.0;;;35064
2012-01;1.0;1.0;1.0;1.0;1.0;1.0;1.0;1.0;1.0;1.0;1.0;1.0;1.0;;;;35064
2013-01;2.0;2.0;2.0;2.0;2.0;2.0;1.0;1.0;1.0;1.0;1.0;1.0;;;;;35064
2014-01;1.0;1.0;1.0;1.0;1.0;1.0;1.0;1.0;1.0;1.0;1.0;;;;;;35064
2015-01;6.0;4.0;5.0;5.0;5.0;5.0;5.0;5.0;5.0;5.0;;;;;;;35064
2016-01;3.0;3.0;3.0;3.0;2.0;3.0;3.0;3.0;3.0;;;;;;;;35064
2017-01;1.0;1.0;1.0;1.0;1.0;1.0;1.0;1.0;;;;;;;;;35064
2018-01;4.0;4.0;3.0;3.0;3.0;3.0;3.0;;;;;;;;;;35064
2019-01;3.0;2.0;2.0;1.0;2.0;2.0;;;;;;;;;;;35064
2020-01;5.0;4.0;5.0;5.0;4.0;;;;;;;;;;;;35064
2022-01;5.0;5.0;3.0;;;;;;;;;;;;;;35064
2024-01;1.0;;;;;;;;;;;;;;;;35064
2009-01;1.0;1.0;1.0;1.0;1.0;1.0;1.0;1.0;1.0;1.0;1.0;1.0;1.0;1.0;1.0;1.0;35121
2010-01;6.0;6.0;6.0;5.0;5.0;5.0;6.0;6.0;5.0;5.0;5.0;4.0;3.0;3.0;2.0;;35121
2011-01;1.0;1.0;1.0;1.0;1.0;1.0;1.0;1.0;1.0;1.0;1.0;1.0;1.0;1.0;;;35121
2012-01;2.0;1.0;1.0;;2.0;2.0;2.0;1.0;1.0;1.0;1.0;1.0;1.0;;;;35121
2013-01;2.0;2.0;1.0;1.0;1.0;1.0;1.0;1.0;1.0;1.0;1.0;1.0;;;;;35121
2015-01;1.0;1.0;1.0;1.0;1.0;1.0;1.0;1.0;1.0;1.0;;;;;;;35121
2016-01;1.0;1.0;1.0;1.0;1.0;1.0;;;;;;;;;;;35121
2017-01;2.0;1.0;1.0;1.0;1.0;1.0;1.0;1.0;;;;;;;;;35121
2018-01;2.0;2.0;1.0;;;1.0;1.0;;;;;;;;;;35121
2019-01;1.0;1.0;1.0;1.0;1.0;1.0;;;;;;;;;;;35121
2020-01;1.0;;;;;;;;;;;;;;;;35121
2021-01;1.0;1.0;;1.0;;;;;;;;;;;;;35121
2022-01;3.0;2.0;2.0;;;;;;;;;;;;;;35121
2023-01;4.0;2.0;;;;;;;;;;;;;;;35121
2024-01;4.0;;;;;;;;;;;;;;;;35121
2009-01;11.0;10.0;9.0;9.0;8.0;8.0;8.0;8.0;8.0;6.0;6.0;6.0;7.0;7.0;7.0;7.0;35131
2010-01;5.0;5.0;4.0;3.0;3.0;3.0;3.0;2.0;2.0;2.0;2.0;2.0;4.0;4.0;2.0;;35131
2011-01;4.0;4.0;4.0;4.0;4.0;2.0;2.0;2.0;2.0;2.0;2.0;3.0;3.0;2.0;;;35131
2012-01;2.0;2.0;2.0;2.0;2.0;2.0;2.0;1.0;1.0;1.0;1.0;1.0;1.0;;;;35131
2013-01;1.0;1.0;;;;;;;;;;;;;;;35131
2014-01;6.0;5.0;5.0;4.0;4.0;4.0;4.0;4.0;4.0;4.0;4.0;;;;;;35131
2015-01;11.0;8.0;7.0;7.0;7.0;7.0;7.0;7.0;7.0;5.0;;;;;;;35131
2016-01;7.0;6.0;6.0;5.0;4.0;5.0;5.0;5.0;5.0;;;;;;;;35131
2017-01;5.0;5.0;5.0;5.0;5.0;4.0;4.0;4.0;;;;;;;;;35131
2018-01;5.0;5.0;4.0;4.0;4.0;4.0;4.0;;;;;;;;;;35131
2019-01;8.0;7.0;7.0;6.0;5.0;5.0;;;;;;;;;;;35131
2020-01;10.0;9.0;7.0;7.0;7.0;;;;;;;;;;;;35131
2021-01;5.0;3.0;1.0;1.0;;;;;;;;;;;;;35131
2022-01;5.0;4.0;4.0;;;;;;;;;;;;;;35131
2023-01;8.0;5.0;;;;;;;;;;;;;;;35131
2024-01;11.0;;;;;;;;;;;;;;;;35131
2009-01;18.0;16.0;14.0;10.0;8.0;7.0;6.0;4.0;4.0;4.0;4.0;4.0;4.0;4.0;4.0;4.0;35014
2010-01;28.0;22.0;21.0;21.0;18.0;17.0;15.0;15.0;13.0;13.0;13.0;13.0;13.0;14.0;15.0;;35014
2011-01;29.0;25.0;22.0;20.0;19.0;15.0;15.0;13.0;10.0;11.0;11.0;9.0;8.0;9.0;;;35014
2012-01;37.0;36.0;28.0;27.0;26.0;24.0;25.0;23.0;21.0;20.0;19.0;19.0;17.0;;;;35014
2013-01;14.0;13.0;11.0;11.0;11.0;11.0;10.0;10.0;10.0;10.0;10.0;9.0;;;;;35014
2014-01;17.0;15.0;11.0;7.0;6.0;6.0;6.0;5.0;5.0;5.0;6.0;;;;;;35014
2015-01;31.0;27.0;23.0;19.0;16.0;15.0;15.0;16.0;15.0;16.0;;;;;;;35014
2016-01;25.0;22.0;20.0;20.0;18.0;17.0;17.0;16.0;12.0;;;;;;;;35014
2017-01;20.0;19.0;18.0;18.0;18.0;16.0;16.0;15.0;;;;;;;;;35014
2018-01;18.0;13.0;11.0;11.0;12.0;10.0;10.0;;;;;;;;;;35014
2019-01;31.0;27.0;26.0;27.0;24.0;22.0;;;;;;;;;;;35014
2020-01;19.0;15.0;13.0;12.0;12.0;;;;;;;;;;;;35014
2021-01;10.0;7.0;7.0;6.0;;;;;;;;;;;;;35014
2022-01;33.0;24.0;25.0;;;;;;;;;;;;;;35014
2023-01;22.0;15.0;;;;;;;;;;;;;;;35014
2024-01;32.0;;;;;;;;;;;;;;;;35014
2009-01;2.0;2.0;2.0;2.0;2.0;2.0;2.0;2.0;2.0;2.0;2.0;2.0;2.0;2.0;2.0;2.0;35095
2010-01;1.0;1.0;1.0;1.0;1.0;1.0;1.0;1.0;1.0;1.0;1.0;1.0;1.0;1.0;1.0;;35095
2011-01;2.0;2.0;2.0;2.0;1.0;1.0;1.0;1.0;1.0;2.0;2.0;2.0;2.0;2.0;;;35095
2014-01;1.0;;;;;;;;;;;;;;;;35095
2015-01;1.0;;;;;;;;;;;;;;;;35095
2016-01;2.0;2.0;1.0;1.0;1.0;1.0;1.0;1.0;1.0;;;;;;;;35095
2018-01;1.0;1.0;1.0;;;;;;;;;;;;;;35095
2020-01;1.0;;;;;;;;;;;;;;;;35095
2021-01;2.0;1.0;1.0;1.0;;;;;;;;;;;;;35095
2022-01;4.0;4.0;4.0;;;;;;;;;;;;;;35095
2024-01;3.0;;;;;;;;;;;;;;;;35095
2009-01;5.0;4.0;3.0;3.0;3.0;3.0;2.0;2.0;2.0;2.0;2.0;2.0;2.0;1.0;1.0;1.0;35052
2010-01;2.0;2.0;2.0;1.0;1.0;1.0;1.0;1.0;1.0;1.0;1.0;1.0;1.0;;;;35052
2011-01;3.0;3.0;3.0;3.0;2.0;2.0;2.0;2.0;2.0;2.0;2.0;2.0;2.0;2.0;;;35052
2012-01;2.0;1.0;1.0;1.0;2.0;2.0;1.0;1.0;1.0;2.0;2.0;2.0;2.0;;;;35052
2013-01;3.0;3.0;3.0;1.0;1.0;1.0;1.0;1.0;1.0;1.0;1.0;1.0;;;;;35052
2014-01;3.0;1.0;2.0;2.0;2.0;2.0;3.0;2.0;3.0;3.0;3.0;;;;;;35052
2015-01;2.0;2.0;2.0;2.0;2.0;2.0;2.0;2.0;2.0;2.0;;;;;;;35052
2019-01;2.0;1.0;1.0;1.0;1.0;1.0;;;;;;;;;;;35052
2020-01;2.0;2.0;2.0;2.0;2.0;;;;;;;;;;;;35052
2021-01;3.0;2.0;1.0;1.0;;;;;;;;;;;;;35052
2023-01;3.0;3.0;;;;;;;;;;;;;;;35052
2024-01;1.0;;;;;;;;;;;;;;;;35052
2009-01;18.0;17.0;16.0;14.0;14.0;13.0;12.0;12.0;12.0;12.0;12.0;12.0;11.0;12.0;12.0;12.0;35041
2010-01;21.0;16.0;15.0;15.0;13.0;14.0;12.0;9.0;12.0;11.0;11.0;12.0;12.0;11.0;11.0;;35041
2011-01;21.0;19.0;19.0;17.0;18.0;18.0;18.0;16.0;17.0;17.0;17.0;16.0;16.0;16.0;;;35041
2012-01;9.0;8.0;8.0;6.0;3.0;3.0;4.0;7.0;6.0;6.0;7.0;7.0;7.0;;;;35041
2013-01;11.0;9.0;9.0;9.0;8.0;9.0;8.0;8.0;8.0;8.0;8.0;8.0;;;;;35041
2014-01;15.0;12.0;10.0;10.0;9.0;9.0;9.0;9.0;10.0;10.0;8.0;;;;;;35041
2015-01;12.0;12.0;12.0;12.0;9.0;9.0;8.0;9.0;9.0;8.0;;;;;;;35041
2016-01;9.0;7.0;7.0;7.0;7.0;8.0;5.0;6.0;7.0;;;;;;;;35041
2017-01;6.0;6.0;6.0;5.0;5.0;5.0;5.0;5.0;;;;;;;;;35041
2018-01;8.0;7.0;7.0;7.0;8.0;8.0;7.0;;;;;;;;;;35041
2019-01;14.0;13.0;13.0;13.0;13.0;13.0;;;;;;;;;;;35041
2020-01;18.0;14.0;9.0;9.0;10.0;;;;;;;;;;;;35041
2021-01;20.0;15.0;11.0;9.0;;;;;;;;;;;;;35041
2022-01;24.0;20.0;22.0;;;;;;;;;;;;;;35041
2023-01;30.0;25.0;;;;;;;;;;;;;;;35041
2024-01;44.0;;;;;;;;;;;;;;;;35041
2009-01;5.0;5.0;5.0;3.0;3.0;4.0;4.0;4.0;4.0;4.0;4.0;4.0;4.0;4.0;4.0;4.0;35032
2011-01;2.0;2.0;2.0;1.0;1.0;1.0;1.0;1.0;1.0;1.0;1.0;1.0;1.0;1.0;;;35032
2013-01;1.0;1.0;;;;;;;;;;;;;;;35032
2014-01;1.0;1.0;1.0;1.0;1.0;1.0;1.0;1.0;1.0;1.0;1.0;;;;;;35032
2016-01;2.0;2.0;1.0;1.0;1.0;1.0;1.0;1.0;1.0;;;;;;;;35032
2018-01;1.0;;;;;;;;;;;;;;;;35032
2019-01;2.0;2.0;2.0;2.0;2.0;2.0;;;;;;;;;;;35032
2020-01;2.0;2.0;2.0;2.0;1.0;;;;;;;;;;;;35032
2021-01;2.0;2.0;2.0;2.0;;;;;;;;;;;;;35032
2022-01;1.0;1.0;1.0;;;;;;;;;;;;;;35032
2024-01;4.0;;;;;;;;;;;;;;;;35032
2009-01;7.0;7.0;7.0;7.0;7.0;7.0;7.0;7.0;7.0;7.0;7.0;7.0;7.0;7.0;7.0;7.0;35063
2010-01;1.0;1.0;1.0;1.0;1.0;1.0;1.0;1.0;1.0;1.0;1.0;1.0;1.0;1.0;1.0;;35063
2011-01;6.0;5.0;5.0;5.0;4.0;4.0;4.0;4.0;4.0;4.0;3.0;3.0;3.0;3.0;;;35063
2012-01;5.0;5.0;5.0;5.0;5.0;5.0;5.0;5.0;5.0;5.0;5.0;5.0;5.0;;;;35063
2014-01;2.0;2.0;2.0;2.0;2.0;2.0;2.0;2.0;1.0;1.0;2.0;;;;;;35063
2015-01;4.0;4.0;4.0;3.0;3.0;3.0;3.0;3.0;3.0;3.0;;;;;;;35063
2016-01;4.0;4.0;4.0;4.0;3.0;3.0;3.0;3.0;3.0;;;;;;;;35063
2017-01;3.0;3.0;2.0;1.0;1.0;1.0;1.0;2.0;;;;;;;;;35063
2018-01;3.0;3.0;3.0;3.0;3.0;2.0;2.0;;;;;;;;;;35063
2019-01;6.0;4.0;4.0;3.0;2.0;2.0;;;;;;;;;;;35063
2020-01;5.0;4.0;3.0;2.0;1.0;;;;;;;;;;;;35063
2021-01;6.0;4.0;3.0;4.0;;;;;;;;;;;;;35063
2022-01;5.0;3.0;2.0;;;;;;;;;;;;;;35063
2023-01;4.0;4.0;;;;;;;;;;;;;;;35063
2024-01;7.0;;;;;;;;;;;;;;;;35063
2009-01;21.0;20.0;16.0;15.0;15.0;13.0;13.0;14.0;12.0;11.0;11.0;11.0;11.0;11.0;11.0;12.0;35073
2010-01;11.0;10.0;10.0;9.0;9.0;8.0;8.0;8.0;8.0;8.0;8.0;7.0;7.0;7.0;8.0;;35073
2011-01;14.0;14.0;11.0;9.0;8.0;7.0;7.0;7.0;5.0;4.0;4.0;5.0;7.0;5.0;;;35073
2012-01;15.0;12.0;12.0;12.0;9.0;5.0;4.0;1.0;;;;2.0;2.0;;;;35073
2013-01;9.0;8.0;7.0;6.0;5.0;4.0;3.0;2.0;1.0;2.0;2.0;2.0;;;;;35073
2014-01;20.0;15.0;13.0;11.0;10.0;10.0;8.0;7.0;7.0;7.0;5.0;;;;;;35073
2015-01;15.0;12.0;11.0;10.0;8.0;9.0;8.0;5.0;6.0;4.0;;;;;;;35073
2016-01;13.0;11.0;11.0;9.0;5.0;7.0;5.0;4.0;5.0;;;;;;;;35073
2017-01;11.0;7.0;6.0;5.0;5.0;3.0;2.0;3.0;;;;;;;;;35073
2018-01;11.0;7.0;7.0;6.0;5.0;4.0;4.0;;;;;;;;;;35073
2019-01;20.0;12.0;9.0;6.0;7.0;9.0;;;;;;;;;;;35073
2020-01;16.0;12.0;7.0;5.0;6.0;;;;;;;;;;;;35073
2021-01;15.0;10.0;6.0;6.0;;;;;;;;;;;;;35073
2022-01;20.0;12.0;10.0;;;;;;;;;;;;;;35073
2023-01;10.0;7.0;;;;;;;;;;;;;;;35073
2024-01;22.0;;;;;;;;;;;;;;;;35073
2009-01;17.0;15.0;14.0;14.0;14.0;13.0;12.0;12.0;11.0;12.0;13.0;11.0;9.0;10.0;10.0;9.0;35171
2010-01;8.0;7.0;7.0;7.0;5.0;5.0;4.0;4.0;4.0;4.0;4.0;3.0;2.0;1.0;1.0;;35171
2011-01;12.0;11.0;9.0;9.0;10.0;11.0;10.0;11.0;11.0;11.0;8.0;10.0;9.0;9.0;;;35171
2012-01;10.0;9.0;8.0;7.0;7.0;7.0;6.0;6.0;3.0;2.0;1.0;1.0;3.0;;;;35171
2013-01;11.0;8.0;7.0;8.0;7.0;8.0;7.0;8.0;9.0;8.0;7.0;6.0;;;;;35171
2014-01;13.0;13.0;11.0;8.0;7.0;7.0;6.0;7.0;6.0;7.0;7.0;;;;;;35171
2015-01;12.0;11.0;10.0;9.0;9.0;8.0;7.0;4.0;4.0;4.0;;;;;;;35171
2016-01;9.0;7.0;8.0;8.0;6.0;5.0;5.0;6.0;6.0;;;;;;;;35171
2017-01;13.0;11.0;11.0;11.0;11.0;9.0;6.0;5.0;;;;;;;;;35171
2018-01;10.0;9.0;10.0;10.0;9.0;9.0;9.0;;;;;;;;;;35171
2019-01;14.0;13.0;10.0;10.0;9.0;6.0;;;;;;;;;;;35171
2020-01;16.0;13.0;11.0;11.0;12.0;;;;;;;;;;;;35171
2021-01;20.0;16.0;16.0;18.0;;;;;;;;;;;;;35171
2022-01;19.0;17.0;17.0;;;;;;;;;;;;;;35171
2023-01;14.0;13.0;;;;;;;;;;;;;;;35171
2024-01;23.0;;;;;;;;;;;;;;;;35171
2009-01;5.0;5.0;4.0;5.0;4.0;4.0;4.0;4.0;4.0;4.0;4.0;4.0;4.0;3.0;4.0;4.0;35143
2010-01;2.0;2.0;2.0;1.0;1.0;1.0;1.0;1.0;1.0;1.0;1.0;;;;;;35143
2011-01;3.0;3.0;3.0;2.0;2.0;2.0;2.0;2.0;2.0;3.0;3.0;2.0;2.0;2.0;;;35143
2012-01;5.0;3.0;3.0;3.0;3.0;3.0;2.0;2.0;2.0;2.0;2.0;2.0;2.0;;;;35143
2013-01;3.0;2.0;2.0;1.0;1.0;1.0;;;;;;;;;;;35143
2014-01;4.0;3.0;2.0;2.0;2.0;2.0;1.0;1.0;1.0;1.0;1.0;;;;;;35143
2015-01;5.0;5.0;5.0;4.0;4.0;3.0;4.0;3.0;3.0;3.0;;;;;;;35143
2016-01;1.0;1.0;1.0;1.0;1.0;1.0;1.0;;;;;;;;;;35143
2017-01;1.0;1.0;1.0;1.0;1.0;1.0;1.0;1.0;;;;;;;;;35143
2018-01;2.0;2.0;2.0;2.0;2.0;2.0;2.0;;;;;;;;;;35143
2019-01;2.0;1.0;1.0;1.0;1.0;1.0;;;;;;;;;;;35143
2020-01;2.0;1.0;1.0;;;;;;;;;;;;;;35143
2021-01;1.0;1.0;1.0;;;;;;;;;;;;;;35143
2022-01;2.0;2.0;1.0;;;;;;;;;;;;;;35143
2023-01;2.0;1.0;;;;;;;;;;;;;;;35143
2009-01;6.0;2.0;2.0;1.0;1.0;1.0;1.0;1.0;1.0;1.0;1.0;1.0;1.0;1.0;1.0;1.0;35065
2010-01;6.0;3.0;3.0;3.0;3.0;2.0;2.0;2.0;2.0;2.0;2.0;2.0;2.0;2.0;2.0;;35065
2011-01;2.0;1.0;1.0;;;;;;;;;;;;;;35065
2012-01;3.0;3.0;3.0;2.0;2.0;2.0;2.0;2.0;2.0;2.0;1.0;2.0;2.0;;;;35065
2013-01;1.0;1.0;;;;;;;;;;;;;;;35065
2014-01;2.0;2.0;2.0;1.0;1.0;1.0;1.0;1.0;1.0;1.0;1.0;;;;;;35065
2015-01;2.0;2.0;2.0;1.0;1.0;1.0;1.0;1.0;1.0;1.0;;;;;;;35065
2016-01;1.0;;1.0;;1.0;;1.0;;;;;;;;;;35065
2017-01;4.0;3.0;3.0;3.0;3.0;3.0;3.0;3.0;;;;;;;;;35065
2018-01;1.0;1.0;1.0;1.0;1.0;1.0;1.0;;;;;;;;;;35065
2019-01;1.0;1.0;1.0;1.0;1.0;1.0;;;;;;;;;;;35065
2020-01;1.0;1.0;1.0;1.0;1.0;;;;;;;;;;;;35065
2021-01;1.0;1.0;;;;;;;;;;;;;;;35065
2022-01;3.0;3.0;2.0;;;;;;;;;;;;;;35065
2023-01;3.0;3.0;;;;;;;;;;;;;;;35065
2009-01;6.0;5.0;5.0;4.0;4.0;5.0;5.0;5.0;5.0;5.0;5.0;5.0;5.0;5.0;5.0;5.0;35012
2010-01;4.0;3.0;3.0;2.0;2.0;2.0;2.0;2.0;2.0;2.0;2.0;2.0;2.0;2.0;2.0;;35012
2011-01;3.0;1.0;1.0;1.0;1.0;1.0;1.0;1.0;1.0;1.0;1.0;1.0;1.0;1.0;;;35012
2012-01;7.0;4.0;3.0;3.0;3.0;3.0;3.0;3.0;3.0;3.0;3.0;3.0;3.0;;;;35012
2013-01;9.0;9.0;7.0;5.0;5.0;4.0;4.0;3.0;3.0;3.0;3.0;2.0;;;;;35012
2014-01;3.0;3.0;3.0;3.0;3.0;3.0;3.0;3.0;3.0;3.0;2.0;;;;;;35012
2015-01;3.0;3.0;2.0;2.0;2.0;1.0;1.0;1.0;1.0;1.0;;;;;;;35012
2016-01;4.0;3.0;3.0;3.0;3.0;3.0;3.0;3.0;3.0;;;;;;;;35012
2017-01;1.0;1.0;1.0;1.0;1.0;;;;;;;;;;;;35012
2018-01;6.0;5.0;5.0;5.0;5.0;4.0;4.0;;;;;;;;;;35012
2019-01;6.0;6.0;6.0;6.0;6.0;6.0;;;;;;;;;;;35012
2020-01;7.0;6.0;3.0;3.0;2.0;;;;;;;;;;;;35012
2021-01;2.0;1.0;2.0;2.0;;;;;;;;;;;;;35012
2022-01;3.0;3.0;2.0;;;;;;;;;;;;;;35012
2023-01;5.0;3.0;;;;;;;;;;;;;;;35012
2024-01;11.0;;;;;;;;;;;;;;;;35012
2009-01;11.0;10.0;9.0;7.0;7.0;7.0;6.0;6.0;7.0;7.0;8.0;8.0;8.0;9.0;9.0;9.0;35174
2010-01;8.0;5.0;6.0;6.0;5.0;4.0;4.0;4.0;4.0;4.0;4.0;4.0;4.0;6.0;6.0;;35174
2011-01;6.0;5.0;5.0;5.0;5.0;5.0;5.0;5.0;5.0;4.0;3.0;3.0;3.0;3.0;;;35174
2012-01;6.0;5.0;5.0;4.0;5.0;4.0;5.0;5.0;5.0;5.0;5.0;5.0;4.0;;;;35174
2013-01;6.0;6.0;6.0;6.0;6.0;6.0;5.0;4.0;4.0;4.0;4.0;4.0;;;;;35174
2014-01;2.0;2.0;2.0;2.0;1.0;1.0;1.0;1.0;1.0;1.0;1.0;;;;;;35174
2015-01;5.0;5.0;5.0;5.0;5.0;5.0;4.0;4.0;5.0;5.0;;;;;;;35174
2016-01;4.0;4.0;4.0;3.0;3.0;3.0;3.0;3.0;3.0;;;;;;;;35174
2017-01;2.0;1.0;1.0;1.0;1.0;1.0;1.0;1.0;;;;;;;;;35174
2018-01;4.0;4.0;4.0;4.0;4.0;3.0;3.0;;;;;;;;;;35174
2019-01;10.0;8.0;8.0;7.0;7.0;8.0;;;;;;;;;;;35174
2020-01;6.0;5.0;6.0;5.0;5.0;;;;;;;;;;;;35174
2021-01;8.0;6.0;6.0;7.0;;;;;;;;;;;;;35174
2022-01;10.0;10.0;6.0;;;;;;;;;;;;;;35174
2023-01;4.0;4.0;;;;;;;;;;;;;;;35174
2024-01;13.0;;;;;;;;;;;;;;;;35174
2009-01;15.0;13.0;13.0;12.0;11.0;11.0;11.0;10.0;9.0;10.0;11.0;10.0;10.0;10.0;10.0;10.0;35161
2010-01;5.0;5.0;3.0;3.0;2.0;2.0;3.0;3.0;3.0;3.0;3.0;3.0;2.0;3.0;3.0;;35161
2011-01;9.0;8.0;7.0;7.0;7.0;7.0;7.0;8.0;8.0;8.0;8.0;8.0;7.0;7.0;;;35161
2012-01;7.0;5.0;4.0;3.0;2.0;3.0;3.0;2.0;2.0;2.0;2.0;2.0;2.0;;;;35161
2013-01;3.0;3.0;2.0;2.0;2.0;2.0;2.0;1.0;1.0;1.0;1.0;1.0;;;;;35161
2014-01;4.0;3.0;3.0;3.0;2.0;2.0;1.0;1.0;;;;;;;;;35161
2015-01;7.0;7.0;5.0;5.0;4.0;5.0;4.0;4.0;4.0;5.0;;;;;;;35161
2016-01;3.0;3.0;3.0;3.0;3.0;3.0;3.0;3.0;3.0;;;;;;;;35161
2017-01;7.0;7.0;7.0;7.0;7.0;6.0;6.0;5.0;;;;;;;;;35161
2018-01;2.0;2.0;2.0;2.0;2.0;2.0;2.0;;;;;;;;;;35161
2019-01;3.0;3.0;2.0;1.0;1.0;1.0;;;;;;;;;;;35161
2020-01;3.0;2.0;1.0;1.0;1.0;;;;;;;;;;;;35161
2021-01;5.0;4.0;2.0;2.0;;;;;;;;;;;;;35161
2022-01;4.0;3.0;3.0;;;;;;;;;;;;;;35161
2023-01;6.0;6.0;;;;;;;;;;;;;;;35161
2024-01;5.0;;;;;;;;;;;;;;;;35161
2009-01;7.0;6.0;6.0;5.0;5.0;5.0;5.0;4.0;4.0;4.0;4.0;4.0;4.0;4.0;4.0;3.0;35103
2010-01;8.0;8.0;8.0;8.0;8.0;7.0;6.0;7.0;7.0;6.0;4.0;4.0;3.0;3.0;4.0;;35103
2011-01;12.0;12.0;11.0;11.0;10.0;10.0;10.0;10.0;7.0;7.0;7.0;7.0;7.0;7.0;;;35103
2012-01;3.0;3.0;3.0;2.0;2.0;2.0;2.0;2.0;2.0;2.0;2.0;2.0;2.0;;;;35103
2013-01;6.0;6.0;6.0;5.0;5.0;5.0;5.0;5.0;5.0;5.0;5.0;5.0;;;;;35103
2014-01;6.0;6.0;5.0;4.0;4.0;4.0;4.0;4.0;4.0;4.0;4.0;;;;;;35103
2015-01;4.0;3.0;3.0;3.0;1.0;2.0;1.0;1.0;1.0;1.0;;;;;;;35103
2016-01;7.0;7.0;7.0;7.0;7.0;7.0;7.0;6.0;5.0;;;;;;;;35103
2017-01;8.0;7.0;5.0;5.0;5.0;5.0;5.0;5.0;;;;;;;;;35103
2018-01;5.0;4.0;4.0;4.0;4.0;4.0;3.0;;;;;;;;;;35103
2019-01;8.0;6.0;6.0;5.0;5.0;5.0;;;;;;;;;;;35103
2020-01;7.0;6.0;5.0;5.0;4.0;;;;;;;;;;;;35103
2021-01;6.0;6.0;6.0;6.0;;;;;;;;;;;;;35103
2022-01;8.0;6.0;6.0;;;;;;;;;;;;;;35103
2023-01;12.0;10.0;;;;;;;;;;;;;;;35103
2024-01;13.0;;;;;;;;;;;;;;;;35103
2009-01;10.0;9.0;9.0;6.0;6.0;5.0;5.0;4.0;4.0;4.0;4.0;4.0;4.0;4.0;3.0;3.0;35173
2010-01;9.0;7.0;5.0;5.0;5.0;5.0;5.0;5.0;5.0;6.0;6.0;6.0;5.0;4.0;4.0;;35173
2011-01;1.0;1.0;1.0;1.0;1.0;;;;;;;;1.0;;;;35173
2012-01;5.0;5.0;5.0;4.0;4.0;4.0;4.0;4.0;3.0;3.0;2.0;2.0;2.0;;;;35173
2013-01;1.0;1.0;1.0;;;;;;;;;;;;;;35173
2014-01;1.0;1.0;1.0;1.0;1.0;1.0;1.0;1.0;1.0;1.0;1.0;;;;;;35173
2015-01;4.0;3.0;3.0;2.0;2.0;2.0;2.0;2.0;3.0;3.0;;;;;;;35173
2016-01;2.0;2.0;1.0;1.0;;;1.0;;;;;;;;;;35173
2017-01;2.0;1.0;1.0;1.0;;1.0;1.0;1.0;;;;;;;;;35173
2018-01;4.0;4.0;4.0;3.0;3.0;1.0;;;;;;;;;;;35173
2019-01;1.0;1.0;1.0;;;1.0;;;;;;;;;;;35173
2020-01;9.0;9.0;9.0;7.0;7.0;;;;;;;;;;;;35173
2022-01;5.0;5.0;4.0;;;;;;;;;;;;;;35173
2023-01;6.0;6.0;;;;;;;;;;;;;;;35173
2024-01;4.0;;;;;;;;;;;;;;;;35173
2009-01;2.0;2.0;2.0;1.0;1.0;1.0;1.0;1.0;1.0;1.0;1.0;1.0;1.0;1.0;1.0;1.0;35151
2010-01;6.0;5.0;5.0;4.0;4.0;4.0;4.0;4.0;4.0;3.0;5.0;4.0;4.0;4.0;3.0;;35151
2011-01;6.0;5.0;1.0;2.0;1.0;1.0;1.0;1.0;1.0;1.0;1.0;1.0;1.0;1.0;;;35151
2012-01;4.0;4.0;3.0;2.0;2.0;2.0;2.0;2.0;3.0;2.0;3.0;4.0;4.0;;;;35151
2013-01;2.0;2.0;2.0;2.0;2.0;2.0;2.0;2.0;2.0;2.0;2.0;2.0;;;;;35151
2014-01;3.0;3.0;3.0;3.0;3.0;3.0;3.0;3.0;3.0;3.0;3.0;;;;;;35151
2015-01;3.0;3.0;3.0;3.0;3.0;3.0;1.0;1.0;1.0;1.0;;;;;;;35151
2016-01;1.0;1.0;1.0;1.0;1.0;1.0;1.0;1.0;1.0;;;;;;;;35151
2017-01;1.0;1.0;1.0;1.0;1.0;1.0;1.0;;;;;;;;;;35151
2019-01;3.0;3.0;2.0;2.0;1.0;1.0;;;;;;;;;;;35151
2020-01;2.0;2.0;2.0;1.0;1.0;;;;;;;;;;;;35151
2021-01;1.0;1.0;1.0;1.0;;;;;;;;;;;;;35151
2022-01;2.0;1.0;1.0;;;;;;;;;;;;;;35151
2023-01;5.0;4.0;;;;;;;;;;;;;;;35151
2024-01;2.0;;;;;;;;;;;;;;;;35151
2009-01;8.0;7.0;6.0;6.0;4.0;4.0;6.0;5.0;5.0;4.0;5.0;5.0;5.0;5.0;5.0;4.0;35102
2010-01;8.0;8.0;8.0;8.0;8.0;8.0;6.0;6.0;7.0;7.0;7.0;6.0;5.0;5.0;5.0;;35102
2011-01;8.0;6.0;4.0;4.0;5.0;5.0;5.0;5.0;5.0;5.0;6.0;6.0;6.0;6.0;;;35102
2012-01;9.0;8.0;8.0;8.0;8.0;8.0;8.0;6.0;5.0;6.0;5.0;5.0;5.0;;;;35102
2013-01;4.0;3.0;3.0;3.0;2.0;1.0;1.0;1.0;1.0;1.0;1.0;1.0;;;;;35102
2014-01;4.0;3.0;3.0;2.0;1.0;1.0;1.0;2.0;2.0;2.0;2.0;;;;;;35102
2015-01;7.0;5.0;6.0;5.0;3.0;3.0;3.0;3.0;3.0;3.0;;;;;;;35102
2016-01;6.0;5.0;3.0;2.0;2.0;2.0;2.0;2.0;2.0;;;;;;;;35102
2017-01;2.0;2.0;2.0;2.0;2.0;2.0;2.0;2.0;;;;;;;;;35102
2018-01;5.0;4.0;3.0;3.0;3.0;2.0;2.0;;;;;;;;;;35102
2019-01;7.0;4.0;3.0;3.0;2.0;2.0;;;;;;;;;;;35102
2020-01;15.0;13.0;10.0;9.0;9.0;;;;;;;;;;;;35102
2021-01;5.0;5.0;5.0;5.0;;;;;;;;;;;;;35102
2022-01;10.0;9.0;9.0;;;;;;;;;;;;;;35102
2023-01;4.0;2.0;;;;;;;;;;;;;;;35102
2024-01;5.0;;;;;;;;;;;;;;;;35102
2009-01;15.0;15.0;12.0;11.0;12.0;12.0;12.0;10.0;8.0;7.0;7.0;7.0;6.0;4.0;4.0;4.0;35013
2010-01;4.0;4.0;4.0;3.0;2.0;1.0;1.0;1.0;1.0;1.0;1.0;1.0;1.0;1.0;2.0;;35013
2011-01;5.0;5.0;4.0;4.0;2.0;2.0;2.0;2.0;2.0;2.0;1.0;1.0;1.0;1.0;;;35013
2012-01;10.0;9.0;10.0;10.0;9.0;7.0;7.0;6.0;5.0;5.0;4.0;4.0;4.0;;;;35013
2013-01;7.0;7.0;6.0;6.0;5.0;5.0;5.0;5.0;5.0;3.0;3.0;3.0;;;;;35013
2014-01;9.0;8.0;8.0;6.0;5.0;5.0;4.0;4.0;3.0;3.0;3.0;;;;;;35013
2015-01;9.0;7.0;6.0;6.0;5.0;4.0;4.0;4.0;4.0;3.0;;;;;;;35013
2016-01;6.0;6.0;6.0;5.0;5.0;4.0;5.0;4.0;3.0;;;;;;;;35013
2017-01;15.0;11.0;10.0;10.0;9.0;8.0;5.0;6.0;;;;;;;;;35013
2018-01;16.0;15.0;15.0;16.0;13.0;10.0;11.0;;;;;;;;;;35013
2019-01;4.0;3.0;3.0;3.0;3.0;3.0;;;;;;;;;;;35013
2020-01;5.0;5.0;3.0;2.0;2.0;;;;;;;;;;;;35013
2021-01;13.0;11.0;9.0;8.0;;;;;;;;;;;;;35013
2022-01;16.0;12.0;11.0;;;;;;;;;;;;;;35013
2023-01;10.0;8.0;;;;;;;;;;;;;;;35013
2024-01;10.0;;;;;;;;;;;;;;;;35013
2009-01;9.0;9.0;4.0;4.0;4.0;3.0;3.0;3.0;3.0;3.0;3.0;3.0;3.0;3.0;3.0;2.0;35034
2010-01;4.0;2.0;1.0;1.0;1.0;1.0;1.0;1.0;1.0;1.0;1.0;1.0;1.0;1.0;1.0;;35034
2011-01;1.0;1.0;1.0;1.0;1.0;1.0;1.0;1.0;1.0;1.0;1.0;1.0;1.0;1.0;;;35034
2012-01;3.0;3.0;3.0;3.0;3.0;3.0;3.0;3.0;3.0;3.0;3.0;3.0;3.0;;;;35034
2013-01;2.0;2.0;2.0;2.0;2.0;2.0;2.0;2.0;2.0;2.0;2.0;2.0;;;;;35034
2014-01;5.0;5.0;4.0;4.0;4.0;4.0;2.0;3.0;2.0;2.0;2.0;;;;;;35034
2015-01;4.0;4.0;3.0;4.0;3.0;2.0;2.0;2.0;2.0;2.0;;;;;;;35034
2016-01;4.0;4.0;4.0;4.0;3.0;3.0;2.0;2.0;2.0;;;;;;;;35034
2017-01;4.0;4.0;3.0;3.0;3.0;3.0;1.0;1.0;;;;;;;;;35034
2018-01;5.0;5.0;5.0;4.0;4.0;3.0;3.0;;;;;;;;;;35034
2019-01;3.0;1.0;2.0;2.0;2.0;2.0;;;;;;;;;;;35034
2020-01;5.0;4.0;3.0;3.0;3.0;;;;;;;;;;;;35034
2021-01;6.0;5.0;4.0;5.0;;;;;;;;;;;;;35034
2022-01;5.0;5.0;5.0;;;;;;;;;;;;;;35034
2023-01;10.0;9.0;;;;;;;;;;;;;;;35034
2024-01;8.0;;;;;;;;;;;;;;;;35034
2009-01;27.0;26.0;22.0;22.0;21.0;18.0;18.0;14.0;15.0;15.0;13.0;13.0;10.0;10.0;12.0;10.0;35015
2010-01;37.0;35.0;32.0;31.0;29.0;25.0;20.0;19.0;17.0;15.0;12.0;13.0;14.0;14.0;12.0;;35015
2011-01;29.0;29.0;27.0;26.0;25.0;22.0;22.0;20.0;19.0;16.0;14.0;13.0;10.0;10.0;;;35015
2012-01;30.0;24.0;23.0;22.0;18.0;17.0;17.0;15.0;13.0;12.0;12.0;11.0;10.0;;;;35015
2013-01;35.0;31.0;30.0;26.0;23.0;22.0;22.0;21.0;20.0;20.0;20.0;19.0;;;;;35015
2014-01;34.0;33.0;23.0;22.0;19.0;18.0;15.0;12.0;12.0;12.0;13.0;;;;;;35015
2015-01;32.0;27.0;23.0;19.0;20.0;16.0;16.0;14.0;9.0;6.0;;;;;;;35015
2016-01;37.0;32.0;29.0;28.0;26.0;20.0;18.0;19.0;17.0;;;;;;;;35015
2017-01;24.0;21.0;20.0;18.0;18.0;17.0;15.0;14.0;;;;;;;;;35015
2018-01;34.0;29.0;24.0;22.0;21.0;21.0;21.0;;;;;;;;;;35015
2019-01;36.0;30.0;28.0;26.0;25.0;25.0;;;;;;;;;;;35015
2020-01;32.0;28.0;24.0;20.0;17.0;;;;;;;;;;;;35015
2021-01;36.0;24.0;16.0;13.0;;;;;;;;;;;;;35015
2022-01;44.0;33.0;33.0;;;;;;;;;;;;;;35015
2023-01;30.0;28.0;;;;;;;;;;;;;;;35015
2024-01;58.0;;;;;;;;;;;;;;;;35015
2009-01;1.0;1.0;1.0;1.0;1.0;1.0;1.0;1.0;1.0;1.0;1.0;1.0;1.0;1.0;1.0;1.0;35111
2010-01;3.0;3.0;2.0;3.0;3.0;3.0;3.0;3.0;3.0;3.0;3.0;3.0;3.0;3.0;3.0;;35111
2011-01;1.0;;1.0;1.0;1.0;1.0;1.0;1.0;1.0;1.0;1.0;1.0;1.0;1.0;;;35111
2012-01;1.0;1.0;1.0;1.0;1.0;1.0;1.0;1.0;1.0;1.0;1.0;1.0;1.0;;;;35111
2013-01;1.0;1.0;1.0;1.0;1.0;1.0;1.0;1.0;1.0;1.0;1.0;1.0;;;;;35111
2014-01;1.0;1.0;1.0;1.0;1.0;1.0;;;;;;;;;;;35111
2017-01;3.0;2.0;1.0;1.0;1.0;1.0;1.0;1.0;;;;;;;;;35111
2018-01;2.0;2.0;2.0;2.0;2.0;2.0;2.0;;;;;;;;;;35111
2019-01;3.0;3.0;2.0;2.0;3.0;3.0;;;;;;;;;;;35111
2020-01;1.0;1.0;1.0;1.0;1.0;;;;;;;;;;;;35111
2023-01;1.0;1.0;;;;;;;;;;;;;;;35111
2024-01;2.0;;;;;;;;;;;;;;;;35111
2010-01;3.0;3.0;1.0;1.0;1.0;1.0;1.0;1.0;1.0;;;;;;;;35154
2012-01;5.0;5.0;4.0;4.0;5.0;5.0;4.0;3.0;3.0;3.0;3.0;3.0;2.0;;;;35154
2013-01;5.0;4.0;4.0;4.0;4.0;3.0;3.0;3.0;3.0;2.0;2.0;2.0;;;;;35154
2014-01;2.0;2.0;2.0;2.0;2.0;2.0;2.0;2.0;1.0;1.0;1.0;;;;;;35154
2015-01;5.0;5.0;5.0;4.0;3.0;4.0;4.0;4.0;4.0;4.0;;;;;;;35154
2016-01;3.0;3.0;2.0;2.0;2.0;2.0;2.0;2.0;2.0;;;;;;;;35154
2017-01;1.0;1.0;1.0;1.0;1.0;1.0;1.0;1.0;;;;;;;;;35154
2018-01;3.0;3.0;3.0;3.0;3.0;3.0;3.0;;;;;;;;;;35154
2019-01;2.0;2.0;2.0;2.0;1.0;1.0;;;;;;;;;;;35154
2020-01;3.0;3.0;3.0;3.0;2.0;;;;;;;;;;;;35154
2021-01;2.0;2.0;2.0;1.0;;;;;;;;;;;;;35154
2022-01;4.0;3.0;3.0;;;;;;;;;;;;;;35154
2023-01;4.0;4.0;;;;;;;;;;;;;;;35154
2024-01;1.0;;;;;;;;;;;;;;;;35154
2009-01;6.0;6.0;6.0;6.0;5.0;5.0;5.0;5.0;5.0;5.0;5.0;5.0;;2.0;2.0;2.0;35081
2010-01;6.0;6.0;6.0;6.0;6.0;6.0;6.0;6.0;6.0;6.0;5.0;2.0;2.0;4.0;4.0;;35081
2011-01;7.0;7.0;7.0;6.0;5.0;5.0;5.0;5.0;4.0;4.0;2.0;2.0;2.0;1.0;;;35081
2012-01;9.0;9.0;8.0;8.0;7.0;7.0;7.0;8.0;7.0;5.0;5.0;5.0;4.0;;;;35081
2013-01;2.0;2.0;2.0;2.0;2.0;2.0;1.0;1.0;1.0;1.0;1.0;1.0;;;;;35081
2014-01;6.0;6.0;6.0;6.0;5.0;5.0;4.0;3.0;3.0;2.0;2.0;;;;;;35081
2015-01;8.0;6.0;6.0;7.0;8.0;8.0;7.0;7.0;7.0;6.0;;;;;;;35081
2016-01;9.0;6.0;6.0;7.0;7.0;4.0;4.0;4.0;4.0;;;;;;;;35081
2017-01;1.0;1.0;1.0;1.0;;;;;;;;;;;;;35081
2018-01;1.0;1.0;1.0;1.0;1.0;1.0;1.0;;;;;;;;;;35081
2020-01;6.0;5.0;5.0;4.0;4.0;;;;;;;;;;;;35081
2021-01;10.0;9.0;7.0;5.0;;;;;;;;;;;;;35081
2022-01;10.0;9.0;8.0;;;;;;;;;;;;;;35081
2023-01;12.0;10.0;;;;;;;;;;;;;;;35081
2024-01;3.0;;;;;;;;;;;;;;;;35081
2009-01;8.0;8.0;8.0;7.0;6.0;6.0;6.0;6.0;6.0;6.0;5.0;5.0;5.0;5.0;5.0;5.0;35082
2010-01;1.0;1.0;1.0;1.0;1.0;1.0;1.0;1.0;1.0;1.0;1.0;1.0;1.0;1.0;1.0;;35082
2011-01;1.0;1.0;1.0;1.0;1.0;;;;;;;;;;;;35082
2012-01;4.0;4.0;4.0;4.0;4.0;4.0;4.0;4.0;4.0;4.0;4.0;4.0;4.0;;;;35082
2013-01;3.0;3.0;3.0;3.0;3.0;2.0;2.0;2.0;2.0;2.0;2.0;2.0;;;;;35082
2014-01;4.0;4.0;3.0;3.0;3.0;3.0;3.0;3.0;2.0;2.0;2.0;;;;;;35082
2015-01;2.0;1.0;1.0;1.0;1.0;1.0;1.0;1.0;1.0;1.0;;;;;;;35082
2017-01;5.0;5.0;5.0;5.0;5.0;5.0;5.0;5.0;;;;;;;;;35082
2018-01;4.0;4.0;4.0;3.0;3.0;3.0;3.0;;;;;;;;;;35082
2019-01;2.0;2.0;2.0;1.0;1.0;1.0;;;;;;;;;;;35082
2022-01;5.0;5.0;5.0;;;;;;;;;;;;;;35082
2023-01;2.0;2.0;;;;;;;;;;;;;;;35082
2024-01;4.0;;;;;;;;;;;;;;;;35082
2009-01;6.0;6.0;5.0;4.0;4.0;4.0;4.0;4.0;4.0;4.0;4.0;3.0;3.0;3.0;3.0;2.0;35141
2010-01;5.0;4.0;3.0;4.0;4.0;4.0;4.0;4.0;4.0;4.0;4.0;3.0;2.0;1.0;3.0;;35141
2011-01;2.0;2.0;1.0;1.0;1.0;1.0;;;;;;;;;;;35141
2012-01;2.0;2.0;2.0;2.0;2.0;2.0;2.0;1.0;1.0;1.0;1.0;1.0;;;;;35141
2013-01;2.0;2.0;1.0;1.0;1.0;1.0;;;;;;;;;;;35141
2014-01;1.0;1.0;;;;;;;;;;;;;;;35141
2015-01;1.0;1.0;1.0;1.0;1.0;1.0;1.0;1.0;1.0;1.0;;;;;;;35141
2016-01;3.0;3.0;2.0;1.0;1.0;1.0;2.0;2.0;2.0;;;;;;;;35141
2017-01;2.0;2.0;1.0;1.0;1.0;1.0;1.0;;;;;;;;;;35141
2018-01;1.0;1.0;1.0;1.0;1.0;1.0;1.0;;;;;;;;;;35141
2019-01;3.0;3.0;2.0;1.0;;;;;;;;;;;;;35141
2020-01;2.0;2.0;1.0;1.0;;;;;;;;;;;;;35141
2021-01;2.0;2.0;2.0;2.0;;;;;;;;;;;;;35141
2022-01;3.0;2.0;2.0;;;;;;;;;;;;;;35141
2023-01;3.0;1.0;;;;;;;;;;;;;;;35141
2024-01;1.0;;;;;;;;;;;;;;;;35141
2009-01;17.0;16.0;16.0;15.0;15.0;15.0;15.0;15.0;14.0;14.0;14.0;14.0;14.0;14.0;13.0;13.0;35132
2010-01;21.0;19.0;18.0;17.0;17.0;18.0;15.0;14.0;15.0;13.0;13.0;12.0;10.0;11.0;10.0;;35132
2011-01;15.0;14.0;14.0;12.0;13.0;13.0;13.0;13.0;12.0;12.0;12.0;12.0;12.0;11.0;;;35132
2012-01;8.0;7.0;6.0;6.0;6.0;6.0;6.0;6.0;6.0;5.0;5.0;5.0;5.0;;;;35132
2013-01;14.0;13.0;11.0;9.0;9.0;9.0;7.0;7.0;8.0;8.0;8.0;7.0;;;;;35132
2014-01;12.0;11.0;10.0;9.0;9.0;10.0;10.0;10.0;9.0;9.0;8.0;;;;;;35132
2015-01;16.0;12.0;8.0;8.0;7.0;7.0;7.0;7.0;7.0;7.0;;;;;;;35132
2016-01;16.0;15.0;14.0;11.0;11.0;10.0;10.0;8.0;8.0;;;;;;;;35132
2017-01;11.0;11.0;9.0;7.0;7.0;7.0;7.0;6.0;;;;;;;;;35132
2018-01;18.0;16.0;16.0;13.0;12.0;11.0;11.0;;;;;;;;;;35132
2019-01;7.0;7.0;7.0;6.0;6.0;5.0;;;;;;;;;;;35132
2020-01;11.0;10.0;8.0;8.0;8.0;;;;;;;;;;;;35132
2021-01;22.0;22.0;16.0;14.0;;;;;;;;;;;;;35132
2022-01;16.0;15.0;11.0;;;;;;;;;;;;;;35132
2023-01;17.0;15.0;;;;;;;;;;;;;;;35132
2024-01;23.0;;;;;;;;;;;;;;;;35132
2010-01;3.0;3.0;3.0;3.0;3.0;2.0;2.0;2.0;2.0;2.0;2.0;2.0;2.0;1.0;1.0;;35033
2011-01;1.0;1.0;1.0;1.0;1.0;1.0;1.0;1.0;1.0;1.0;1.0;1.0;1.0;1.0;;;35033
2013-01;2.0;2.0;2.0;2.0;2.0;2.0;2.0;2.0;2.0;2.0;2.0;2.0;;;;;35033
2017-01;1.0;1.0;1.0;1.0;;;;;;;;;;;;;35033
2018-01;1.0;1.0;1.0;1.0;1.0;1.0;1.0;;;;;;;;;;35033
2019-01;5.0;5.0;5.0;4.0;3.0;4.0;;;;;;;;;;;35033
2021-01;1.0;1.0;1.0;1.0;;;;;;;;;;;;;35033
2022-01;4.0;3.0;3.0;;;;;;;;;;;;;;35033
2023-01;1.0;;;;;;;;;;;;;;;;35033
2024-01;6.0;;;;;;;;;;;;;;;;35033
2009-01;1.0;1.0;1.0;1.0;1.0;1.0;1.0;;1.0;1.0;1.0;1.0;;;;;35115
2010-01;1.0;1.0;;;;1.0;1.0;1.0;1.0;1.0;1.0;1.0;1.0;1.0;1.0;;35115
2011-01;1.0;1.0;1.0;1.0;;;;;;;;;;;;;35115
2012-01;1.0;1.0;;;;;;;;;;;;;;;35115
2014-01;1.0;1.0;1.0;1.0;1.0;1.0;1.0;1.0;1.0;1.0;1.0;;;;;;35115
2016-01;4.0;3.0;2.0;1.0;1.0;1.0;1.0;1.0;1.0;;;;;;;;35115
2017-01;1.0;1.0;1.0;1.0;1.0;1.0;1.0;1.0;;;;;;;;;35115
2018-01;2.0;2.0;2.0;1.0;1.0;1.0;1.0;;;;;;;;;;35115
2020-01;3.0;2.0;1.0;1.0;1.0;;;;;;;;;;;;35115
2021-01;1.0;1.0;1.0;1.0;;;;;;;;;;;;;35115
2022-01;2.0;1.0;1.0;;;;;;;;;;;;;;35115
2023-01;3.0;3.0;;;;;;;;;;;;;;;35115
2024-01;1.0;;;;;;;;;;;;;;;;35115
2009-01;2.0;1.0;1.0;1.0;1.0;1.0;1.0;1.0;1.0;1.0;1.0;1.0;1.0;1.0;;;35152
2011-01;1.0;1.0;1.0;1.0;1.0;1.0;1.0;1.0;1.0;;;;;1.0;;;35152
2012-01;3.0;3.0;2.0;2.0;1.0;1.0;1.0;1.0;1.0;1.0;1.0;1.0;1.0;;;;35152
2014-01;1.0;;;;;;;;;;;;;;;;35152
2015-01;3.0;2.0;;;;;;;;;;;;;;;35152
2017-01;2.0;2.0;2.0;2.0;2.0;2.0;2.0;1.0;;;;;;;;;35152
2019-01;1.0;1.0;1.0;1.0;1.0;1.0;;;;;;;;;;;35152
2022-01;1.0;;;;;;;;;;;;;;;;35152
2023-01;2.0;2.0;;;;;;;;;;;;;;;35152
2024-01;1.0;;;;;;;;;;;;;;;;35152
2009-01;5.0;4.0;3.0;2.0;2.0;2.0;2.0;2.0;2.0;2.0;2.0;3.0;2.0;2.0;2.0;2.0;35094
2010-01;3.0;3.0;3.0;1.0;1.0;;1.0;1.0;1.0;1.0;1.0;1.0;1.0;2.0;2.0;;35094
2011-01;3.0;3.0;3.0;3.0;3.0;2.0;2.0;1.0;1.0;1.0;1.0;1.0;1.0;1.0;;;35094
2012-01;3.0;2.0;1.0;1.0;1.0;;;;;;;;;;;;35094
2013-01;2.0;2.0;1.0;1.0;2.0;2.0;2.0;2.0;2.0;2.0;2.0;1.0;;;;;35094
2014-01;2.0;1.0;;;1.0;1.0;1.0;1.0;1.0;1.0;1.0;;;;;;35094
2015-01;4.0;4.0;2.0;2.0;1.0;1.0;1.0;;;;;;;;;;35094
2016-01;1.0;;;;;;;;;;;;;;;;35094
2017-01;3.0;2.0;2.0;1.0;1.0;1.0;1.0;1.0;;;;;;;;;35094
2018-01;5.0;4.0;3.0;3.0;3.0;3.0;3.0;;;;;;;;;;35094
2019-01;3.0;2.0;2.0;2.0;2.0;2.0;;;;;;;;;;;35094
2020-01;4.0;4.0;3.0;1.0;1.0;;;;;;;;;;;;35094
2021-01;3.0;3.0;2.0;2.0;;;;;;;;;;;;;35094
2022-01;3.0;2.0;3.0;;;;;;;;;;;;;;35094
2023-01;4.0;4.0;;;;;;;;;;;;;;;35094
2024-01;4.0;;;;;;;;;;;;;;;;35094
2009-01;1.0;1.0;1.0;1.0;1.0;1.0;1.0;1.0;1.0;1.0;1.0;1.0;1.0;1.0;1.0;1.0;35113
2011-01;1.0;1.0;1.0;1.0;1.0;1.0;1.0;1.0;1.0;1.0;1.0;1.0;1.0;1.0;;;35113
2013-01;2.0;1.0;1.0;1.0;1.0;1.0;1.0;;;;;1.0;;;;;35113
2014-01;1.0;1.0;1.0;1.0;1.0;1.0;1.0;1.0;1.0;1.0;1.0;;;;;;35113
2015-01;2.0;;;;;;;;;;;;;;;;35113
2016-01;1.0;1.0;1.0;1.0;1.0;1.0;1.0;1.0;1.0;;;;;;;;35113
2018-01;3.0;2.0;2.0;2.0;2.0;2.0;2.0;;;;;;;;;;35113
2020-01;1.0;1.0;1.0;1.0;1.0;;;;;;;;;;;;35113
2024-01;1.0;;;;;;;;;;;;;;;;35113
2009-01;4.0;4.0;3.0;3.0;3.0;3.0;3.0;3.0;3.0;3.0;3.0;3.0;3.0;2.0;2.0;3.0;35104
2010-01;4.0;4.0;4.0;3.0;3.0;3.0;3.0;3.0;3.0;2.0;2.0;2.0;2.0;2.0;2.0;;35104
2011-01;4.0;4.0;4.0;2.0;1.0;1.0;1.0;1.0;;2.0;1.0;3.0;3.0;3.0;;;35104
2012-01;1.0;1.0;1.0;1.0;1.0;1.0;1.0;1.0;1.0;1.0;1.0;1.0;1.0;;;;35104
2013-01;3.0;3.0;3.0;3.0;3.0;3.0;3.0;3.0;3.0;3.0;3.0;3.0;;;;;35104
2014-01;4.0;4.0;3.0;3.0;3.0;3.0;3.0;3.0;3.0;3.0;3.0;;;;;;35104
2015-01;1.0;1.0;1.0;1.0;1.0;1.0;1.0;1.0;1.0;1.0;;;;;;;35104
2016-01;3.0;3.0;3.0;2.0;2.0;2.0;2.0;2.0;2.0;;;;;;;;35104
2018-01;6.0;6.0;6.0;5.0;5.0;5.0;5.0;;;;;;;;;;35104
2019-01;6.0;5.0;4.0;4.0;4.0;4.0;;;;;;;;;;;35104
2020-01;3.0;2.0;2.0;2.0;2.0;;;;;;;;;;;;35104
2021-01;2.0;1.0;1.0;1.0;;;;;;;;;;;;;35104
2022-01;5.0;3.0;2.0;;;;;;;;;;;;;;35104
2023-01;1.0;1.0;;;;;;;;;;;;;;;35104
2024-01;6.0;;;;;;;;;;;;;;;;35104
2009-01;1.0;1.0;1.0;1.0;1.0;1.0;;;;;;;;;;;35114
2010-01;1.0;1.0;1.0;1.0;1.0;1.0;1.0;1.0;1.0;1.0;1.0;1.0;1.0;1.0;1.0;;35114
2012-01;1.0;1.0;1.0;1.0;1.0;1.0;1.0;1.0;1.0;1.0;1.0;1.0;;;;;35114
2014-01;2.0;2.0;2.0;2.0;2.0;2.0;2.0;2.0;2.0;2.0;2.0;;;;;;35114
2015-01;1.0;1.0;1.0;1.0;1.0;1.0;1.0;1.0;1.0;1.0;;;;;;;35114
2016-01;1.0;1.0;;;;;;;;;;;;;;;35114
2017-01;3.0;3.0;2.0;2.0;2.0;2.0;2.0;3.0;;;;;;;;;35114
2019-01;1.0;;;;;;;;;;;;;;;;35114
2020-01;1.0;1.0;1.0;;;;;;;;;;;;;;35114
2021-01;1.0;1.0;1.0;1.0;;;;;;;;;;;;;35114
2024-01;3.0;;;;;;;;;;;;;;;;35114
2009-01;298.0;232.0;211.0;198.0;182.0;189.0;186.0;167.0;158.0;151.0;157.0;143.0;122.0;121.0;118.0;119.0;35016
2010-01;225.0;184.0;158.0;148.0;153.0;150.0;139.0;136.0;129.0;129.0;118.0;102.0;102.0;99.0;88.0;;35016
2011-01;140.0;122.0;97.0;109.0;102.0;95.0;96.0;91.0;87.0;78.0;75.0;72.0;66.0;61.0;;;35016
2012-01;127.0;103.0;102.0;83.0;82.0;78.0;79.0;79.0;70.0;61.0;59.0;57.0;56.0;;;;35016
2013-01;114.0;106.0;80.0;72.0;66.0;69.0;67.0;72.0;60.0;51.0;47.0;45.0;;;;;35016
2014-01;126.0;109.0;93.0;86.0;82.0;74.0;63.0;63.0;58.0;51.0;47.0;;;;;;35016
2015-01;163.0;145.0;130.0;123.0;120.0;102.0;97.0;86.0;86.0;81.0;;;;;;;35016
2016-01;171.0;131.0;124.0;123.0;104.0;95.0;92.0;85.0;78.0;;;;;;;;35016
2017-01;156.0;128.0;121.0;103.0;93.0;88.0;89.0;81.0;;;;;;;;;35016
2018-01;143.0;117.0;87.0;78.0;78.0;78.0;72.0;;;;;;;;;;35016
2019-01;179.0;146.0;119.0;102.0;96.0;97.0;;;;;;;;;;;35016
2020-01;215.0;170.0;160.0;147.0;141.0;;;;;;;;;;;;35016
2021-01;214.0;155.0;127.0;120.0;;;;;;;;;;;;;35016
2022-01;196.0;165.0;135.0;;;;;;;;;;;;;;35016
2023-01;214.0;180.0;;;;;;;;;;;;;;;35016
2024-01;258.0;;;;;;;;;;;;;;;;35016
2015-01;1.0;;;;;;;;;;;;;;;;12001
2023-01;2.0;2.0;;;;;;;;;;;;;;;12001
2010-01;1.0;;1.0;1.0;1.0;1.0;1.0;1.0;1.0;1.0;1.0;1.0;1.0;1.0;1.0;;12003
2011-01;3.0;2.0;2.0;2.0;2.0;2.0;2.0;2.0;2.0;2.0;2.0;2.0;2.0;2.0;;;12003
2014-01;1.0;1.0;1.0;1.0;1.0;1.0;1.0;1.0;;;;;;;;;12003
2015-01;1.0;1.0;1.0;1.0;;;;;;;;;;;;;12003
2019-01;1.0;1.0;1.0;1.0;1.0;;;;;;;;;;;;12003
2021-01;1.0;1.0;;;;;;;;;;;;;;;12003
2022-01;4.0;2.0;1.0;;;;;;;;;;;;;;12003
2023-01;6.0;4.0;;;;;;;;;;;;;;;12003
2024-01;2.0;;;;;;;;;;;;;;;;12003
2009-01;5.0;5.0;5.0;4.0;4.0;4.0;4.0;4.0;4.0;4.0;2.0;2.0;2.0;2.0;2.0;2.0;12002
2010-01;3.0;2.0;1.0;1.0;;1.0;1.0;1.0;1.0;1.0;1.0;1.0;1.0;1.0;1.0;;12002
2011-01;8.0;7.0;5.0;6.0;5.0;5.0;5.0;5.0;5.0;5.0;5.0;5.0;5.0;6.0;;;12002
2012-01;1.0;1.0;;;;;;;;;;;;;;;12002
2013-01;2.0;2.0;2.0;1.0;1.0;1.0;1.0;1.0;1.0;1.0;1.0;1.0;;;;;12002
2016-01;4.0;4.0;3.0;3.0;3.0;3.0;3.0;3.0;3.0;;;;;;;;12002
2017-01;6.0;6.0;6.0;6.0;5.0;5.0;5.0;5.0;;;;;;;;;12002
2018-01;6.0;4.0;3.0;3.0;3.0;4.0;4.0;;;;;;;;;;12002
2019-01;3.0;2.0;3.0;3.0;2.0;3.0;;;;;;;;;;;12002
2020-01;2.0;2.0;2.0;1.0;1.0;;;;;;;;;;;;12002
2021-01;5.0;5.0;5.0;5.0;;;;;;;;;;;;;12002
2022-01;14.0;10.0;12.0;;;;;;;;;;;;;;12002
2023-01;12.0;11.0;;;;;;;;;;;;;;;12002
2024-01;17.0;;;;;;;;;;;;;;;;12002
2009-01;2.0;2.0;2.0;;;1.0;1.0;1.0;1.0;1.0;1.0;1.0;1.0;1.0;1.0;1.0;21001
2010-01;3.0;3.0;3.0;3.0;2.0;2.0;2.0;2.0;2.0;1.0;1.0;1.0;1.0;1.0;1.0;;21001
2012-01;1.0;1.0;1.0;;;;;;;;;;;;;;21001
2014-01;1.0;1.0;1.0;1.0;1.0;1.0;1.0;1.0;1.0;1.0;1.0;;;;;;21001
2015-01;1.0;1.0;1.0;1.0;1.0;1.0;1.0;;1.0;;;;;;;;21001
2018-01;2.0;1.0;1.0;1.0;1.0;1.0;1.0;;;;;;;;;;21001
2019-01;1.0;1.0;;;;;;;;;;;;;;;21001
2020-01;3.0;3.0;1.0;1.0;1.0;;;;;;;;;;;;21001
2021-01;1.0;1.0;1.0;1.0;;;;;;;;;;;;;21001
2022-01;2.0;2.0;2.0;;;;;;;;;;;;;;21001
2023-01;5.0;5.0;;;;;;;;;;;;;;;21001
2009-01;2.0;;;;;;1.0;1.0;1.0;;;;;;;;21006
2010-01;5.0;5.0;2.0;2.0;1.0;1.0;1.0;1.0;1.0;1.0;1.0;;;;;;21006
2011-01;4.0;4.0;3.0;2.0;;;;;;;;;;;;;21006
2012-01;3.0;3.0;3.0;3.0;3.0;2.0;2.0;2.0;;;;;;;;;21006
2013-01;1.0;1.0;1.0;1.0;1.0;;;;;;;;;;;;21006
2014-01;3.0;2.0;3.0;3.0;2.0;2.0;;;;;;;;;;;21006
2015-01;2.0;1.0;;;;1.0;1.0;1.0;1.0;1.0;;;;;;;21006
2016-01;4.0;3.0;3.0;3.0;2.0;1.0;1.0;;;;;;;;;;21006
2017-01;4.0;3.0;2.0;2.0;1.0;2.0;2.0;2.0;;;;;;;;;21006
2018-01;3.0;3.0;3.0;2.0;3.0;2.0;2.0;;;;;;;;;;21006
2019-01;2.0;2.0;;1.0;1.0;1.0;;;;;;;;;;;21006
2020-01;8.0;5.0;5.0;3.0;2.0;;;;;;;;;;;;21006
2021-01;1.0;1.0;1.0;;;;;;;;;;;;;;21006
2022-01;6.0;3.0;3.0;;;;;;;;;;;;;;21006
2023-01;4.0;4.0;;;;;;;;;;;;;;;21006
2024-01;1.0;;;;;;;;;;;;;;;;21006
2009-01;8.0;8.0;8.0;7.0;6.0;7.0;8.0;7.0;8.0;8.0;8.0;8.0;7.0;7.0;6.0;6.0;21016
2010-01;19.0;19.0;19.0;19.0;18.0;17.0;18.0;18.0;18.0;18.0;18.0;18.0;18.0;17.0;16.0;;21016
2011-01;21.0;21.0;20.0;18.0;17.0;16.0;17.0;17.0;16.0;16.0;16.0;15.0;14.0;15.0;;;21016
2012-01;17.0;16.0;16.0;15.0;13.0;14.0;14.0;13.0;12.0;13.0;12.0;13.0;12.0;;;;21016
2013-01;11.0;11.0;10.0;6.0;7.0;7.0;7.0;7.0;7.0;7.0;7.0;7.0;;;;;21016
2014-01;9.0;9.0;7.0;6.0;5.0;5.0;5.0;5.0;6.0;5.0;5.0;;;;;;21016
2015-01;19.0;19.0;18.0;17.0;17.0;14.0;14.0;11.0;14.0;14.0;;;;;;;21016
2016-01;17.0;17.0;16.0;14.0;15.0;13.0;13.0;11.0;12.0;;;;;;;;21016
2017-01;40.0;38.0;35.0;34.0;33.0;33.0;35.0;34.0;;;;;;;;;21016
2018-01;23.0;21.0;18.0;16.0;20.0;19.0;18.0;;;;;;;;;;21016
2019-01;19.0;13.0;10.0;11.0;11.0;10.0;;;;;;;;;;;21016
2020-01;13.0;12.0;9.0;10.0;10.0;;;;;;;;;;;;21016
2021-01;24.0;23.0;20.0;19.0;;;;;;;;;;;;;21016
2022-01;46.0;41.0;28.0;;;;;;;;;;;;;;21016
2023-01;43.0;41.0;;;;;;;;;;;;;;;21016
2024-01;35.0;;;;;;;;;;;;;;;;21016
2009-01;7.0;6.0;6.0;4.0;3.0;3.0;2.0;2.0;2.0;2.0;2.0;2.0;2.0;1.0;2.0;2.0;21005
2010-01;8.0;8.0;6.0;6.0;5.0;3.0;3.0;3.0;2.0;2.0;1.0;1.0;1.0;1.0;1.0;;21005
2011-01;4.0;1.0;;;;;;;;;;;;;;;21005
2012-01;4.0;4.0;4.0;4.0;3.0;3.0;3.0;3.0;3.0;3.0;3.0;3.0;3.0;;;;21005
2014-01;6.0;6.0;6.0;5.0;5.0;5.0;5.0;5.0;5.0;5.0;5.0;;;;;;21005
2015-01;1.0;1.0;1.0;1.0;1.0;1.0;1.0;;;1.0;;;;;;;21005
2016-01;3.0;3.0;1.0;1.0;2.0;1.0;1.0;2.0;2.0;;;;;;;;21005
2017-01;1.0;1.0;1.0;1.0;1.0;1.0;1.0;1.0;;;;;;;;;21005
2018-01;5.0;4.0;4.0;3.0;3.0;3.0;3.0;;;;;;;;;;21005
2019-01;6.0;4.0;4.0;1.0;1.0;1.0;;;;;;;;;;;21005
2020-01;1.0;1.0;1.0;1.0;1.0;;;;;;;;;;;;21005
2021-01;2.0;1.0;1.0;1.0;;;;;;;;;;;;;21005
2022-01;2.0;2.0;2.0;;;;;;;;;;;;;;21005
2023-01;2.0;1.0;;;;;;;;;;;;;;;21005
2024-01;2.0;;;;;;;;;;;;;;;;21005
2009-01;2.0;2.0;1.0;1.0;1.0;;;1.0;1.0;1.0;1.0;1.0;1.0;1.0;1.0;1.0;21007
2010-01;2.0;2.0;2.0;1.0;;;;;;;;;;;;;21007
2011-01;2.0;2.0;2.0;2.0;1.0;1.0;;;;;;;;;;;21007
2013-01;5.0;5.0;5.0;5.0;4.0;3.0;3.0;3.0;3.0;3.0;3.0;3.0;;;;;21007
2014-01;2.0;2.0;2.0;2.0;2.0;2.0;2.0;2.0;2.0;2.0;2.0;;;;;;21007
2015-01;5.0;5.0;5.0;4.0;4.0;1.0;4.0;4.0;4.0;4.0;;;;;;;21007
2016-01;1.0;1.0;;;;;;;;;;;;;;;21007
2017-01;1.0;1.0;1.0;1.0;1.0;1.0;1.0;1.0;;;;;;;;;21007
2018-01;5.0;5.0;4.0;4.0;4.0;3.0;2.0;;;;;;;;;;21007
2020-01;1.0;;;;;;;;;;;;;;;;21007
2021-01;1.0;;;;;;;;;;;;;;;;21007
2022-01;6.0;5.0;5.0;;;;;;;;;;;;;;21007
2023-01;3.0;2.0;;;;;;;;;;;;;;;21007
2024-01;3.0;;;;;;;;;;;;;;;;21007
2009-01;3.0;3.0;3.0;3.0;3.0;2.0;1.0;1.0;1.0;1.0;2.0;2.0;2.0;2.0;1.0;1.0;21014
2010-01;3.0;3.0;3.0;3.0;3.0;3.0;3.0;3.0;3.0;2.0;2.0;2.0;1.0;1.0;1.0;;21014
2011-01;2.0;1.0;1.0;1.0;;;;;;;;;;;;;21014
2012-01;3.0;3.0;2.0;2.0;;1.0;1.0;;;;;;;;;;21014
2013-01;2.0;2.0;2.0;2.0;1.0;1.0;1.0;;;;;;;;;;21014
2014-01;3.0;3.0;2.0;1.0;2.0;;1.0;1.0;1.0;1.0;2.0;;;;;;21014
2015-01;1.0;1.0;1.0;1.0;1.0;1.0;1.0;1.0;1.0;1.0;;;;;;;21014
2016-01;2.0;2.0;;;;;;1.0;1.0;;;;;;;;21014
2017-01;1.0;1.0;;;;;;;;;;;;;;;21014
2018-01;4.0;3.0;2.0;2.0;2.0;2.0;1.0;;;;;;;;;;21014
2019-01;4.0;4.0;3.0;3.0;3.0;3.0;;;;;;;;;;;21014
2020-01;2.0;;;;;;;;;;;;;;;;21014
2021-01;3.0;2.0;2.0;2.0;;;;;;;;;;;;;21014
2022-01;4.0;3.0;1.0;;;;;;;;;;;;;;21014
2023-01;5.0;5.0;;;;;;;;;;;;;;;21014
2024-01;3.0;;;;;;;;;;;;;;;;21014
2010-01;1.0;1.0;1.0;1.0;1.0;1.0;1.0;1.0;1.0;1.0;1.0;1.0;1.0;1.0;1.0;;21003
2011-01;1.0;1.0;1.0;1.0;1.0;1.0;1.0;1.0;1.0;1.0;1.0;1.0;1.0;1.0;;;21003
2013-01;1.0;1.0;1.0;1.0;1.0;1.0;1.0;;;;;;;;;;21003
2014-01;3.0;3.0;3.0;3.0;2.0;2.0;2.0;2.0;2.0;2.0;2.0;;;;;;21003
2017-01;4.0;3.0;3.0;3.0;2.0;2.0;2.0;1.0;;;;;;;;;21003
2018-01;5.0;4.0;4.0;4.0;2.0;3.0;3.0;;;;;;;;;;21003
2021-01;2.0;2.0;2.0;2.0;;;;;;;;;;;;;21003
2022-01;1.0;1.0;;;;;;;;;;;;;;;21003
2023-01;1.0;1.0;;;;;;;;;;;;;;;21003
2024-01;1.0;;;;;;;;;;;;;;;;21003
2009-01;7.0;4.0;4.0;4.0;4.0;4.0;3.0;3.0;3.0;2.0;1.0;2.0;2.0;2.0;2.0;2.0;21008
2010-01;4.0;4.0;4.0;4.0;4.0;4.0;4.0;4.0;4.0;3.0;3.0;3.0;2.0;2.0;2.0;;21008
2011-01;5.0;5.0;4.0;4.0;3.0;3.0;3.0;3.0;2.0;2.0;2.0;2.0;2.0;2.0;;;21008
2012-01;1.0;1.0;1.0;1.0;1.0;1.0;1.0;1.0;1.0;1.0;1.0;1.0;1.0;;;;21008
2013-01;3.0;3.0;;;;;;;;;;;;;;;21008
2014-01;6.0;5.0;5.0;5.0;5.0;5.0;4.0;3.0;3.0;3.0;3.0;;;;;;21008
2015-01;3.0;3.0;3.0;2.0;3.0;3.0;1.0;1.0;1.0;1.0;;;;;;;21008
2017-01;4.0;4.0;2.0;2.0;2.0;2.0;1.0;1.0;;;;;;;;;21008
2018-01;6.0;5.0;5.0;5.0;4.0;2.0;3.0;;;;;;;;;;21008
2019-01;5.0;5.0;3.0;3.0;3.0;3.0;;;;;;;;;;;21008
2020-01;4.0;2.0;1.0;1.0;1.0;;;;;;;;;;;;21008
2021-01;5.0;3.0;3.0;3.0;;;;;;;;;;;;;21008
2022-01;3.0;2.0;2.0;;;;;;;;;;;;;;21008
2023-01;11.0;9.0;;;;;;;;;;;;;;;21008
2024-01;8.0;;;;;;;;;;;;;;;;21008
2009-01;5.0;3.0;3.0;3.0;3.0;3.0;3.0;3.0;2.0;1.0;1.0;1.0;1.0;1.0;1.0;1.0;21009
2010-01;6.0;4.0;1.0;1.0;;;;;;;;;;;;;21009
2011-01;3.0;2.0;2.0;1.0;2.0;2.0;2.0;2.0;2.0;2.0;1.0;1.0;1.0;1.0;;;21009
2012-01;3.0;2.0;2.0;1.0;2.0;1.0;2.0;2.0;1.0;1.0;1.0;1.0;1.0;;;;21009
2013-01;3.0;3.0;1.0;1.0;1.0;1.0;1.0;1.0;;;;;;;;;21009
2014-01;2.0;2.0;2.0;2.0;1.0;;;;1.0;;;;;;;;21009
2015-01;5.0;4.0;4.0;4.0;4.0;3.0;3.0;1.0;1.0;1.0;;;;;;;21009
2016-01;2.0;2.0;2.0;1.0;1.0;1.0;1.0;1.0;1.0;;;;;;;;21009
2017-01;3.0;2.0;2.0;2.0;2.0;1.0;1.0;1.0;;;;;;;;;21009
2018-01;1.0;1.0;1.0;;;;;;;;;;;;;;21009
2019-01;3.0;3.0;1.0;1.0;1.0;1.0;;;;;;;;;;;21009
2020-01;2.0;1.0;;1.0;1.0;;;;;;;;;;;;21009
2021-01;2.0;1.0;;;;;;;;;;;;;;;21009
2022-01;5.0;5.0;5.0;;;;;;;;;;;;;;21009
2023-01;2.0;2.0;;;;;;;;;;;;;;;21009
2024-01;3.0;;;;;;;;;;;;;;;;21009
2009-01;2.0;2.0;2.0;2.0;1.0;1.0;1.0;;1.0;;;1.0;1.0;1.0;1.0;1.0;21004
2011-01;1.0;;;;;;;;;;;;;;;;21004
2013-01;1.0;;;;;;;;;;;;;;;;21004
2014-01;4.0;4.0;3.0;2.0;2.0;2.0;2.0;3.0;3.0;3.0;2.0;;;;;;21004
2015-01;2.0;2.0;2.0;2.0;2.0;1.0;1.0;1.0;1.0;2.0;;;;;;;21004
2016-01;2.0;1.0;2.0;2.0;2.0;2.0;2.0;1.0;1.0;;;;;;;;21004
2017-01;1.0;;1.0;1.0;;;;;;;;;;;;;21004
2018-01;1.0;1.0;1.0;;1.0;1.0;1.0;;;;;;;;;;21004
2019-01;2.0;2.0;1.0;1.0;1.0;1.0;;;;;;;;;;;21004
2020-01;1.0;;;;;;;;;;;;;;;;21004
2021-01;5.0;5.0;5.0;5.0;;;;;;;;;;;;;21004
2022-01;2.0;2.0;1.0;;;;;;;;;;;;;;21004
2023-01;4.0;3.0;;;;;;;;;;;;;;;21004
2024-01;2.0;;;;;;;;;;;;;;;;21004
2009-01;2.0;2.0;1.0;;;;;;;;;;;;;;21002
2010-01;1.0;1.0;1.0;;;;;;;;;;;;;;21002
2011-01;2.0;2.0;2.0;1.0;1.0;1.0;1.0;;;;;;;;;;21002
2012-01;1.0;1.0;1.0;1.0;;;;;;;;;;;;;21002
2014-01;3.0;3.0;3.0;3.0;3.0;3.0;3.0;3.0;3.0;3.0;2.0;;;;;;21002
2016-01;1.0;1.0;1.0;1.0;1.0;;;;;;;;;;;;21002
2017-01;1.0;1.0;;;;;;;;;;;;;;;21002
2018-01;1.0;1.0;1.0;;1.0;1.0;1.0;;;;;;;;;;21002
2019-01;4.0;4.0;3.0;2.0;2.0;1.0;;;;;;;;;;;21002
2020-01;2.0;2.0;1.0;1.0;1.0;;;;;;;;;;;;21002
2021-01;2.0;2.0;2.0;2.0;;;;;;;;;;;;;21002
2022-01;2.0;2.0;1.0;;;;;;;;;;;;;;21002
2024-01;5.0;;;;;;;;;;;;;;;;21002
2010-01;2.0;2.0;1.0;1.0;1.0;1.0;1.0;;;;;;;;;;21015
2012-01;2.0;1.0;;;;;;;;;;;;;;;21015
2013-01;2.0;1.0;1.0;2.0;1.0;1.0;;;;;;;;;;;21015
2014-01;1.0;1.0;;;;;;;;;;;;;;;21015
2017-01;2.0;2.0;1.0;1.0;1.0;1.0;1.0;1.0;;;;;;;;;21015
2018-01;2.0;2.0;1.0;1.0;1.0;1.0;1.0;;;;;;;;;;21015
2019-01;3.0;3.0;3.0;2.0;2.0;1.0;;;;;;;;;;;21015
2020-01;3.0;;1.0;1.0;1.0;;;;;;;;;;;;21015
2022-01;5.0;5.0;5.0;;;;;;;;;;;;;;21015
2023-01;5.0;5.0;;;;;;;;;;;;;;;21015
2024-01;2.0;;;;;;;;;;;;;;;;21015
2009-01;2.0;1.0;1.0;1.0;;;;;1.0;;;;;;;;21013
2010-01;5.0;4.0;3.0;3.0;3.0;1.0;1.0;1.0;1.0;1.0;;;;;;;21013
2011-01;2.0;2.0;2.0;2.0;2.0;2.0;2.0;2.0;2.0;1.0;;;;;;;21013
2012-01;3.0;3.0;2.0;2.0;2.0;2.0;2.0;2.0;2.0;1.0;;;;;;;21013
2013-01;2.0;1.0;1.0;1.0;;;1.0;1.0;1.0;1.0;1.0;1.0;;;;;21013
2014-01;1.0;1.0;1.0;1.0;1.0;1.0;;;;;;;;;;;21013
2015-01;2.0;1.0;;1.0;;;;;;;;;;;;;21013
2016-01;2.0;1.0;;;;;;;;;;;;;;;21013
2017-01;1.0;1.0;1.0;;;;;;;;;;;;;;21013
2018-01;6.0;5.0;5.0;4.0;3.0;3.0;2.0;;;;;;;;;;21013
2019-01;2.0;2.0;2.0;2.0;2.0;1.0;;;;;;;;;;;21013
2020-01;3.0;2.0;2.0;1.0;2.0;;;;;;;;;;;;21013
2021-01;1.0;1.0;1.0;;;;;;;;;;;;;;21013
2022-01;2.0;1.0;1.0;;;;;;;;;;;;;;21013
2023-01;4.0;2.0;;;;;;;;;;;;;;;21013
2024-01;4.0;;;;;;;;;;;;;;;;21013
2009-01;1.0;1.0;1.0;;;;;;;;;;;;;;21011
2010-01;2.0;2.0;2.0;1.0;2.0;1.0;1.0;1.0;1.0;;;;;;;;21011
2011-01;2.0;1.0;1.0;;;;;;;;;;;;;;21011
2012-01;3.0;2.0;2.0;1.0;1.0;1.0;;1.0;1.0;1.0;;;;;;;21011
2013-01;3.0;2.0;2.0;2.0;;;;;;;;;;;;;21011
2014-01;3.0;2.0;2.0;1.0;2.0;2.0;2.0;1.0;1.0;1.0;1.0;;;;;;21011
2015-01;1.0;1.0;;;;;;;;;;;;;;;21011
2016-01;1.0;;;;;;;;;;;;;;;;21011
2017-01;5.0;2.0;2.0;2.0;2.0;2.0;2.0;2.0;;;;;;;;;21011
2018-01;6.0;4.0;4.0;1.0;1.0;1.0;1.0;;;;;;;;;;21011
2019-01;1.0;;;;;;;;;;;;;;;;21011
2020-01;4.0;2.0;2.0;1.0;1.0;;;;;;;;;;;;21011
2021-01;4.0;4.0;3.0;3.0;;;;;;;;;;;;;21011
2022-01;1.0;1.0;1.0;;;;;;;;;;;;;;21011
2023-01;2.0;2.0;;;;;;;;;;;;;;;21011
2024-01;2.0;;;;;;;;;;;;;;;;21011
2009-01;2.0;1.0;1.0;1.0;1.0;1.0;1.0;;;;;;;;;;21018
2010-01;2.0;1.0;1.0;1.0;;;;;;;;;;;;;21018
2011-01;2.0;2.0;1.0;1.0;;;1.0;1.0;1.0;1.0;;;;;;;21018
2013-01;2.0;2.0;1.0;1.0;1.0;;1.0;1.0;;;;;;;;;21018
2014-01;1.0;;;;;;;;;;;;;;;;21018
2015-01;2.0;;1.0;1.0;1.0;1.0;2.0;2.0;2.0;2.0;;;;;;;21018
2016-01;3.0;1.0;1.0;1.0;;1.0;1.0;1.0;1.0;;;;;;;;21018
2017-01;2.0;2.0;2.0;2.0;1.0;1.0;1.0;1.0;;;;;;;;;21018
2018-01;3.0;3.0;3.0;;;;1.0;;;;;;;;;;21018
2020-01;1.0;1.0;;;;;;;;;;;;;;;21018
2021-01;2.0;2.0;2.0;2.0;;;;;;;;;;;;;21018
2022-01;3.0;3.0;2.0;;;;;;;;;;;;;;21018
2023-01;1.0;;;;;;;;;;;;;;;;21018
2024-01;5.0;;;;;;;;;;;;;;;;21018
2010-01;3.0;2.0;2.0;2.0;2.0;2.0;2.0;2.0;2.0;1.0;1.0;1.0;1.0;1.0;;;21012
2011-01;2.0;2.0;2.0;2.0;2.0;2.0;2.0;1.0;1.0;1.0;;;;;;;21012
2012-01;1.0;1.0;1.0;1.0;;;;;;;;;;;;;21012
2014-01;4.0;3.0;3.0;2.0;1.0;1.0;1.0;1.0;1.0;1.0;1.0;;;;;;21012
2015-01;4.0;3.0;1.0;;1.0;1.0;1.0;1.0;1.0;1.0;;;;;;;21012
2016-01;5.0;4.0;4.0;3.0;3.0;2.0;2.0;3.0;3.0;;;;;;;;21012
2017-01;5.0;4.0;2.0;2.0;;;;;;;;;;;;;21012
2018-01;1.0;;1.0;1.0;1.0;1.0;1.0;;;;;;;;;;21012
2019-01;4.0;3.0;1.0;;2.0;2.0;;;;;;;;;;;21012
2020-01;6.0;6.0;4.0;2.0;3.0;;;;;;;;;;;;21012
2021-01;7.0;7.0;7.0;6.0;;;;;;;;;;;;;21012
2022-01;5.0;4.0;2.0;;;;;;;;;;;;;;21012
2023-01;6.0;5.0;;;;;;;;;;;;;;;21012
2024-01;5.0;;;;;;;;;;;;;;;;21012
2009-01;2.0;;1.0;1.0;1.0;1.0;1.0;1.0;1.0;;;;;;;;21019
2010-01;2.0;;;;;;;;;;;;;;;;21019
2011-01;2.0;1.0;1.0;;;;;;;;;;;;;;21019
2012-01;2.0;1.0;1.0;;;;;;;;;;;;;;21019
2013-01;2.0;2.0;2.0;2.0;;;;;;;;;;;;;21019
2014-01;2.0;1.0;;1.0;1.0;1.0;1.0;1.0;1.0;1.0;;;;;;;21019
2015-01;2.0;1.0;;;;;;;;;;;;;;;21019
2016-01;1.0;;;;;;;;;;;;;;;;21019
2018-01;4.0;2.0;2.0;2.0;2.0;2.0;2.0;;;;;;;;;;21019
2020-01;2.0;2.0;1.0;1.0;1.0;;;;;;;;;;;;21019
2021-01;1.0;1.0;1.0;1.0;;;;;;;;;;;;;21019
2022-01;2.0;2.0;2.0;;;;;;;;;;;;;;21019
2023-01;4.0;4.0;;;;;;;;;;;;;;;21019
2024-01;2.0;;;;;;;;;;;;;;;;21019
2009-01;3.0;1.0;1.0;1.0;;;;;;;;;1.0;1.0;1.0;1.0;21010
2013-01;3.0;3.0;3.0;3.0;3.0;3.0;3.0;3.0;2.0;2.0;2.0;1.0;;;;;21010
2014-01;2.0;1.0;;;;1.0;1.0;1.0;1.0;1.0;1.0;;;;;;21010
2015-01;2.0;2.0;1.0;1.0;1.0;1.0;1.0;1.0;1.0;1.0;;;;;;;21010
2016-01;1.0;1.0;1.0;1.0;1.0;1.0;1.0;1.0;1.0;;;;;;;;21010
2017-01;5.0;4.0;4.0;4.0;3.0;4.0;4.0;3.0;;;;;;;;;21010
2018-01;3.0;1.0;;;;1.0;;;;;;;;;;;21010
2019-01;2.0;2.0;2.0;;1.0;1.0;;;;;;;;;;;21010
2020-01;2.0;2.0;2.0;2.0;1.0;;;;;;;;;;;;21010
2022-01;3.0;3.0;2.0;;;;;;;;;;;;;;21010
2023-01;2.0;2.0;;;;;;;;;;;;;;;21010
2024-01;1.0;;;;;;;;;;;;;;;;21010
2009-01;3.0;3.0;3.0;3.0;3.0;3.0;3.0;3.0;3.0;3.0;2.0;2.0;2.0;2.0;2.0;2.0;21017
2010-01;6.0;5.0;4.0;2.0;3.0;3.0;2.0;2.0;2.0;2.0;1.0;1.0;1.0;1.0;1.0;;21017
2012-01;4.0;4.0;3.0;4.0;2.0;2.0;1.0;;;;;;;;;;21017
2013-01;1.0;1.0;1.0;1.0;1.0;1.0;1.0;1.0;1.0;1.0;1.0;1.0;;;;;21017
2014-01;2.0;2.0;2.0;2.0;2.0;2.0;2.0;2.0;2.0;2.0;2.0;;;;;;21017
2016-01;2.0;2.0;2.0;2.0;2.0;2.0;2.0;2.0;1.0;;;;;;;;21017
2017-01;4.0;4.0;3.0;3.0;3.0;3.0;3.0;2.0;;;;;;;;;21017
2018-01;6.0;5.0;5.0;5.0;3.0;2.0;2.0;;;;;;;;;;21017
2019-01;2.0;1.0;1.0;;;;;;;;;;;;;;21017
2022-01;1.0;1.0;1.0;;;;;;;;;;;;;;21017
2023-01;2.0;1.0;;;;;;;;;;;;;;;21017
2024-01;6.0;;;;;;;;;;;;;;;;21017
2009-01;94.0;88.0;78.0;77.0;75.0;70.0;65.0;58.0;54.0;57.0;55.0;57.0;50.0;48.0;44.0;41.0;31016
2010-01;59.0;56.0;56.0;49.0;47.0;44.0;38.0;36.0;34.0;34.0;34.0;31.0;32.0;31.0;31.0;;31016
2011-01;72.0;69.0;55.0;56.0;50.0;46.0;44.0;45.0;45.0;46.0;44.0;41.0;37.0;39.0;;;31016
2012-01;83.0;75.0;70.0;66.0;60.0;53.0;56.0;54.0;51.0;47.0;49.0;46.0;44.0;;;;31016
2013-01;78.0;65.0;63.0;59.0;60.0;62.0;60.0;61.0;51.0;50.0;50.0;50.0;;;;;31016
2014-01;86.0;77.0;65.0;66.0;61.0;58.0;58.0;53.0;56.0;52.0;50.0;;;;;;31016
2015-01;49.0;35.0;31.0;29.0;34.0;32.0;33.0;32.0;29.0;28.0;;;;;;;31016
2016-01;56.0;51.0;46.0;44.0;42.0;39.0;33.0;32.0;30.0;;;;;;;;31016
2017-01;56.0;54.0;46.0;45.0;40.0;39.0;35.0;29.0;;;;;;;;;31016
2018-01;62.0;50.0;47.0;42.0;42.0;37.0;31.0;;;;;;;;;;31016
2019-01;76.0;69.0;60.0;52.0;48.0;41.0;;;;;;;;;;;31016
2020-01;69.0;61.0;56.0;55.0;50.0;;;;;;;;;;;;31016
2021-01;69.0;54.0;44.0;41.0;;;;;;;;;;;;;31016
2022-01;81.0;65.0;48.0;;;;;;;;;;;;;;31016
2023-01;85.0;68.0;;;;;;;;;;;;;;;31016
2024-01;71.0;;;;;;;;;;;;;;;;31016
2010-01;1.0;1.0;;;;;;;;;;;;;;;31068
2013-01;1.0;;;;1.0;1.0;1.0;1.0;1.0;1.0;1.0;1.0;;;;;31068
2014-01;1.0;1.0;1.0;;;;;;;;;;;;;;31068
2016-01;1.0;1.0;1.0;1.0;1.0;1.0;1.0;;;;;;;;;;31068
2018-01;1.0;1.0;1.0;1.0;1.0;;;;;;;;;;;;31068
2019-01;1.0;1.0;1.0;1.0;1.0;1.0;;;;;;;;;;;31068
2024-01;1.0;;;;;;;;;;;;;;;;31068
2010-01;1.0;1.0;1.0;1.0;1.0;1.0;1.0;1.0;1.0;1.0;1.0;1.0;1.0;1.0;1.0;;31040
2014-01;1.0;1.0;;;;;;;;;;;;;;;31040
2015-01;1.0;1.0;1.0;;;;;1.0;1.0;1.0;;;;;;;31040
2016-01;1.0;;1.0;1.0;;;;;;;;;;;;;31040
2017-01;1.0;1.0;1.0;1.0;;1.0;;;;;;;;;;;31040
2018-01;2.0;1.0;1.0;;;1.0;1.0;;;;;;;;;;31040
2019-01;1.0;;;;;;;;;;;;;;;;31040
2020-01;1.0;1.0;;;;;;;;;;;;;;;31040
2022-01;2.0;1.0;1.0;;;;;;;;;;;;;;31040
2023-01;1.0;1.0;;;;;;;;;;;;;;;31040
2024-01;2.0;;;;;;;;;;;;;;;;31040
2009-01;3.0;3.0;3.0;1.0;1.0;1.0;1.0;1.0;1.0;2.0;2.0;2.0;2.0;2.0;2.0;1.0;31008
2010-01;5.0;4.0;4.0;5.0;4.0;5.0;4.0;5.0;4.0;5.0;4.0;3.0;4.0;5.0;5.0;;31008
2011-01;3.0;2.0;2.0;2.0;2.0;1.0;1.0;1.0;1.0;1.0;1.0;1.0;1.0;1.0;;;31008
2012-01;3.0;3.0;3.0;2.0;2.0;2.0;2.0;2.0;2.0;2.0;2.0;2.0;2.0;;;;31008
2013-01;2.0;2.0;2.0;1.0;1.0;1.0;1.0;1.0;1.0;1.0;1.0;1.0;;;;;31008
2014-01;1.0;1.0;1.0;1.0;1.0;1.0;1.0;1.0;1.0;1.0;1.0;;;;;;31008
2017-01;3.0;1.0;1.0;1.0;;;;;;;;;;;;;31008
2018-01;1.0;1.0;1.0;1.0;1.0;1.0;1.0;;;;;;;;;;31008
2019-01;3.0;3.0;2.0;2.0;2.0;2.0;;;;;;;;;;;31008
2020-01;4.0;2.0;2.0;1.0;1.0;;;;;;;;;;;;31008
2021-01;2.0;2.0;2.0;2.0;;;;;;;;;;;;;31008
2022-01;4.0;3.0;3.0;;;;;;;;;;;;;;31008
2023-01;3.0;2.0;;;;;;;;;;;;;;;31008
2024-01;4.0;;;;;;;;;;;;;;;;31008
2009-01;1.0;;;;;;;;;;;;;;;;31041
2010-01;1.0;1.0;1.0;1.0;1.0;1.0;1.0;1.0;1.0;1.0;1.0;1.0;;;;;31041
2011-01;1.0;1.0;1.0;1.0;1.0;1.0;;;1.0;1.0;1.0;1.0;1.0;1.0;;;31041
2014-01;3.0;3.0;3.0;3.0;3.0;3.0;3.0;3.0;3.0;2.0;2.0;;;;;;31041
2015-01;1.0;1.0;1.0;1.0;1.0;1.0;1.0;1.0;1.0;;;;;;;;31041
2016-01;1.0;1.0;1.0;1.0;1.0;1.0;1.0;1.0;;;;;;;;;31041
2018-01;1.0;1.0;1.0;1.0;1.0;1.0;;;;;;;;;;;31041
2019-01;3.0;1.0;1.0;1.0;1.0;1.0;;;;;;;;;;;31041
2020-01;2.0;2.0;;;;;;;;;;;;;;;31041
2009-01;5.0;3.0;3.0;3.0;3.0;2.0;1.0;1.0;2.0;2.0;3.0;4.0;4.0;3.0;3.0;4.0;31001
2010-01;2.0;2.0;2.0;2.0;2.0;2.0;2.0;2.0;2.0;2.0;2.0;2.0;2.0;2.0;2.0;;31001
2011-01;3.0;3.0;2.0;3.0;3.0;3.0;3.0;3.0;2.0;2.0;2.0;2.0;3.0;3.0;;;31001
2012-01;2.0;2.0;1.0;1.0;1.0;1.0;1.0;2.0;1.0;1.0;1.0;;;;;;31001
2014-01;4.0;4.0;4.0;4.0;4.0;3.0;3.0;2.0;2.0;2.0;2.0;;;;;;31001
2015-01;3.0;3.0;3.0;3.0;3.0;3.0;3.0;3.0;2.0;3.0;;;;;;;31001
2016-01;2.0;1.0;1.0;;;;;;;;;;;;;;31001
2017-01;1.0;1.0;1.0;1.0;1.0;1.0;1.0;1.0;;;;;;;;;31001
2018-01;2.0;2.0;1.0;1.0;1.0;1.0;1.0;;;;;;;;;;31001
2019-01;4.0;3.0;3.0;3.0;3.0;2.0;;;;;;;;;;;31001
2020-01;5.0;2.0;2.0;2.0;1.0;;;;;;;;;;;;31001
2021-01;3.0;2.0;2.0;1.0;;;;;;;;;;;;;31001
2022-01;5.0;4.0;4.0;;;;;;;;;;;;;;31001
2023-01;6.0;6.0;;;;;;;;;;;;;;;31001
2024-01;2.0;;;;;;;;;;;;;;;;31001
2009-01;2.0;1.0;;;;;;;;;;;;;;;31094
2010-01;1.0;1.0;;;;;;;;;;;;;;;31094
2011-01;1.0;1.0;1.0;1.0;1.0;1.0;1.0;1.0;1.0;1.0;1.0;1.0;1.0;1.0;;;31094
2014-01;2.0;2.0;2.0;1.0;1.0;1.0;1.0;1.0;1.0;1.0;1.0;;;;;;31094
2015-01;2.0;2.0;2.0;;;;;;;;;;;;;;31094
2016-01;1.0;;;;;;;;;;;;;;;;31094
2017-01;2.0;2.0;2.0;2.0;2.0;2.0;2.0;2.0;;;;;;;;;31094
2023-01;1.0;1.0;;;;;;;;;;;;;;;31094
2009-01;6.0;5.0;5.0;4.0;4.0;4.0;4.0;4.0;4.0;4.0;4.0;4.0;3.0;4.0;5.0;5.0;31092
2010-01;1.0;1.0;1.0;1.0;1.0;1.0;1.0;1.0;1.0;1.0;1.0;1.0;1.0;1.0;1.0;;31092
2011-01;7.0;4.0;2.0;2.0;2.0;2.0;2.0;2.0;1.0;1.0;1.0;1.0;1.0;1.0;;;31092
2012-01;3.0;2.0;2.0;2.0;1.0;1.0;1.0;2.0;2.0;2.0;2.0;2.0;2.0;;;;31092
2013-01;1.0;1.0;1.0;1.0;;;1.0;1.0;1.0;1.0;1.0;1.0;;;;;31092
2014-01;4.0;4.0;4.0;4.0;3.0;2.0;2.0;1.0;1.0;1.0;1.0;;;;;;31092
2015-01;1.0;1.0;1.0;1.0;1.0;1.0;1.0;1.0;1.0;1.0;;;;;;;31092
2016-01;4.0;3.0;3.0;2.0;2.0;2.0;2.0;2.0;2.0;;;;;;;;31092
2017-01;2.0;1.0;1.0;;;;;;;;;;;;;;31092
2019-01;5.0;4.0;4.0;3.0;2.0;2.0;;;;;;;;;;;31092
2020-01;7.0;7.0;5.0;5.0;4.0;;;;;;;;;;;;31092
2021-01;2.0;2.0;2.0;2.0;;;;;;;;;;;;;31092
2022-01;2.0;;;;;;;;;;;;;;;;31092
2023-01;6.0;5.0;;;;;;;;;;;;;;;31092
2024-01;2.0;;;;;;;;;;;;;;;;31092
2009-01;8.0;8.0;7.0;7.0;6.0;6.0;6.0;6.0;6.0;5.0;4.0;4.0;5.0;5.0;5.0;5.0;31013
2010-01;4.0;4.0;4.0;4.0;3.0;2.0;2.0;2.0;2.0;2.0;2.0;2.0;2.0;2.0;2.0;;31013
2011-01;2.0;2.0;1.0;1.0;1.0;1.0;2.0;2.0;2.0;2.0;2.0;2.0;2.0;1.0;;;31013
2012-01;3.0;1.0;2.0;3.0;3.0;3.0;3.0;3.0;3.0;3.0;3.0;3.0;3.0;;;;31013
2013-01;2.0;2.0;2.0;2.0;2.0;2.0;2.0;2.0;1.0;1.0;1.0;1.0;;;;;31013
2014-01;4.0;3.0;3.0;3.0;3.0;3.0;3.0;3.0;3.0;3.0;3.0;;;;;;31013
2015-01;4.0;3.0;2.0;2.0;2.0;2.0;2.0;2.0;2.0;2.0;;;;;;;31013
2016-01;8.0;8.0;7.0;8.0;8.0;7.0;7.0;6.0;6.0;;;;;;;;31013
2017-01;1.0;1.0;1.0;1.0;1.0;1.0;1.0;1.0;;;;;;;;;31013
2018-01;4.0;3.0;3.0;4.0;4.0;4.0;4.0;;;;;;;;;;31013
2019-01;5.0;5.0;5.0;4.0;4.0;5.0;;;;;;;;;;;31013
2020-01;2.0;2.0;2.0;2.0;2.0;;;;;;;;;;;;31013
2021-01;4.0;4.0;4.0;4.0;;;;;;;;;;;;;31013
2022-01;4.0;4.0;4.0;;;;;;;;;;;;;;31013
2023-01;1.0;1.0;;;;;;;;;;;;;;;31013
2024-01;4.0;;;;;;;;;;;;;;;;31013
2009-01;3.0;2.0;2.0;2.0;2.0;2.0;2.0;2.0;2.0;2.0;2.0;2.0;2.0;2.0;2.0;2.0;31060
2010-01;4.0;4.0;3.0;3.0;3.0;3.0;3.0;3.0;3.0;3.0;3.0;3.0;3.0;3.0;3.0;;31060
2011-01;2.0;2.0;2.0;1.0;1.0;;;;;;;;;;;;31060
2012-01;2.0;2.0;1.0;1.0;1.0;1.0;1.0;1.0;1.0;1.0;1.0;1.0;;;;;31060
2013-01;3.0;2.0;1.0;2.0;2.0;3.0;3.0;3.0;3.0;2.0;2.0;2.0;;;;;31060
2014-01;3.0;1.0;;;1.0;1.0;1.0;1.0;1.0;;;;;;;;31060
2015-01;2.0;1.0;;;;;;;;;;;;;;;31060
2016-01;3.0;3.0;2.0;2.0;2.0;2.0;2.0;2.0;2.0;;;;;;;;31060
2017-01;4.0;4.0;3.0;3.0;2.0;2.0;1.0;2.0;;;;;;;;;31060
2018-01;2.0;1.0;1.0;1.0;1.0;1.0;1.0;;;;;;;;;;31060
2019-01;2.0;2.0;2.0;2.0;2.0;2.0;;;;;;;;;;;31060
2020-01;3.0;2.0;2.0;2.0;2.0;;;;;;;;;;;;31060
2021-01;2.0;2.0;1.0;1.0;;;;;;;;;;;;;31060
2022-01;3.0;;;;;;;;;;;;;;;;31060
2023-01;2.0;1.0;;;;;;;;;;;;;;;31060
2024-01;1.0;;;;;;;;;;;;;;;;31060
2009-01;1.0;1.0;1.0;1.0;1.0;;;;;;;;;;;;31095
2012-01;4.0;3.0;3.0;3.0;3.0;2.0;2.0;2.0;2.0;2.0;2.0;2.0;2.0;;;;31095
2013-01;1.0;1.0;;;;;;;;;;;;;;;31095
2014-01;3.0;3.0;2.0;1.0;1.0;1.0;1.0;1.0;2.0;1.0;1.0;;;;;;31095
2015-01;1.0;1.0;1.0;1.0;1.0;1.0;1.0;;;;;;;;;;31095
2016-01;3.0;3.0;2.0;2.0;2.0;2.0;2.0;2.0;1.0;;;;;;;;31095
2021-01;1.0;;;;;;;;;;;;;;;;31095
2023-01;1.0;1.0;;;;;;;;;;;;;;;31095
2024-01;2.0;;;;;;;;;;;;;;;;31095
2010-01;2.0;2.0;2.0;1.0;1.0;1.0;1.0;1.0;1.0;1.0;1.0;1.0;1.0;1.0;1.0;;31006
2011-01;1.0;1.0;1.0;1.0;1.0;1.0;1.0;1.0;1.0;1.0;1.0;1.0;1.0;1.0;;;31006
2012-01;3.0;3.0;2.0;2.0;2.0;2.0;3.0;3.0;3.0;3.0;2.0;2.0;2.0;;;;31006
2013-01;1.0;;;;;;;;;;;;;;;;31006
2014-01;2.0;2.0;2.0;2.0;2.0;2.0;2.0;2.0;2.0;2.0;2.0;;;;;;31006
2015-01;2.0;1.0;1.0;2.0;2.0;2.0;1.0;1.0;1.0;1.0;;;;;;;31006
2016-01;4.0;4.0;4.0;4.0;4.0;4.0;4.0;4.0;3.0;;;;;;;;31006
2018-01;1.0;1.0;1.0;1.0;;;1.0;;;;;;;;;;31006
2019-01;2.0;2.0;1.0;1.0;;;;;;;;;;;;;31006
2020-01;2.0;2.0;2.0;1.0;;;;;;;;;;;;;31006
2021-01;2.0;2.0;2.0;2.0;;;;;;;;;;;;;31006
2022-01;4.0;3.0;3.0;;;;;;;;;;;;;;31006
2023-01;2.0;2.0;;;;;;;;;;;;;;;31006
2024-01;4.0;;;;;;;;;;;;;;;;31006
2009-01;2.0;2.0;2.0;2.0;2.0;;;;;;;;;;;;31090
2010-01;1.0;1.0;;;;;;1.0;1.0;1.0;1.0;1.0;1.0;1.0;1.0;;31090
2011-01;1.0;1.0;1.0;1.0;1.0;1.0;1.0;1.0;;;;;;;;;31090
2012-01;5.0;4.0;2.0;2.0;3.0;3.0;2.0;2.0;2.0;2.0;2.0;2.0;2.0;;;;31090
2013-01;1.0;1.0;1.0;1.0;1.0;1.0;1.0;;;;;;;;;;31090
2014-01;2.0;2.0;2.0;2.0;;;;;;;;;;;;;31090
2015-01;4.0;3.0;3.0;2.0;1.0;1.0;1.0;1.0;1.0;1.0;;;;;;;31090
2017-01;2.0;2.0;2.0;1.0;2.0;2.0;1.0;1.0;;;;;;;;;31090
2018-01;6.0;5.0;3.0;3.0;2.0;2.0;2.0;;;;;;;;;;31090
2019-01;1.0;;;;;;;;;;;;;;;;31090
2020-01;3.0;1.0;1.0;1.0;;;;;;;;;;;;;31090
2021-01;1.0;1.0;1.0;1.0;;;;;;;;;;;;;31090
2022-01;2.0;1.0;;;;;;;;;;;;;;;31090
2023-01;4.0;4.0;;;;;;;;;;;;;;;31090
2024-01;1.0;;;;;;;;;;;;;;;;31090
2009-01;2.0;2.0;1.0;1.0;1.0;2.0;2.0;1.0;2.0;1.0;2.0;2.0;2.0;2.0;1.0;1.0;31064
2010-01;1.0;1.0;1.0;1.0;1.0;1.0;;;1.0;1.0;1.0;1.0;1.0;1.0;1.0;;31064
2012-01;1.0;1.0;1.0;1.0;1.0;1.0;1.0;1.0;1.0;1.0;1.0;1.0;1.0;;;;31064
2014-01;3.0;3.0;1.0;1.0;1.0;1.0;1.0;1.0;1.0;1.0;1.0;;;;;;31064
2015-01;1.0;1.0;1.0;1.0;1.0;1.0;1.0;1.0;1.0;1.0;;;;;;;31064
2017-01;1.0;1.0;1.0;1.0;1.0;1.0;1.0;1.0;;;;;;;;;31064
2018-01;1.0;1.0;1.0;;;;;;;;;;;;;;31064
2021-01;1.0;1.0;;;;;;;;;;;;;;;31064
2022-01;1.0;1.0;;;;;;;;;;;;;;;31064
2023-01;1.0;;;;;;;;;;;;;;;;31064
2024-01;1.0;;;;;;;;;;;;;;;;31064
2009-01;8.0;8.0;6.0;5.0;4.0;4.0;2.0;2.0;2.0;2.0;4.0;4.0;4.0;4.0;4.0;4.0;31075
2010-01;9.0;9.0;9.0;7.0;6.0;5.0;5.0;5.0;5.0;5.0;5.0;5.0;6.0;7.0;7.0;;31075
2011-01;7.0;6.0;6.0;5.0;5.0;5.0;4.0;3.0;4.0;4.0;4.0;4.0;3.0;3.0;;;31075
2012-01;4.0;4.0;4.0;4.0;3.0;3.0;3.0;3.0;3.0;3.0;2.0;2.0;2.0;;;;31075
2013-01;4.0;3.0;3.0;3.0;3.0;2.0;2.0;1.0;1.0;1.0;1.0;1.0;;;;;31075
2014-01;4.0;3.0;1.0;1.0;1.0;2.0;2.0;1.0;2.0;2.0;2.0;;;;;;31075
2015-01;9.0;7.0;7.0;7.0;8.0;7.0;7.0;7.0;6.0;6.0;;;;;;;31075
2016-01;9.0;6.0;4.0;4.0;4.0;3.0;5.0;5.0;5.0;;;;;;;;31075
2017-01;4.0;3.0;2.0;1.0;1.0;1.0;1.0;1.0;;;;;;;;;31075
2018-01;9.0;9.0;8.0;8.0;4.0;5.0;4.0;;;;;;;;;;31075
2019-01;14.0;11.0;10.0;9.0;7.0;7.0;;;;;;;;;;;31075
2020-01;19.0;17.0;15.0;15.0;14.0;;;;;;;;;;;;31075
2021-01;3.0;3.0;3.0;3.0;;;;;;;;;;;;;31075
2022-01;41.0;39.0;32.0;;;;;;;;;;;;;;31075
2023-01;25.0;24.0;;;;;;;;;;;;;;;31075
2024-01;21.0;;;;;;;;;;;;;;;;31075
2009-01;3.0;3.0;2.0;2.0;2.0;2.0;2.0;2.0;2.0;2.0;2.0;2.0;2.0;2.0;2.0;2.0;31061
2010-01;1.0;1.0;1.0;1.0;1.0;1.0;1.0;1.0;1.0;1.0;1.0;1.0;1.0;1.0;1.0;;31061
2011-01;1.0;1.0;1.0;1.0;1.0;1.0;1.0;1.0;1.0;1.0;1.0;1.0;;;;;31061
2014-01;3.0;3.0;3.0;2.0;2.0;2.0;2.0;2.0;2.0;2.0;2.0;;;;;;31061
2015-01;1.0;1.0;1.0;1.0;1.0;1.0;1.0;1.0;1.0;1.0;;;;;;;31061
2017-01;1.0;1.0;1.0;1.0;1.0;1.0;1.0;1.0;;;;;;;;;31061
2018-01;3.0;3.0;3.0;3.0;3.0;3.0;1.0;;;;;;;;;;31061
2019-01;1.0;1.0;1.0;1.0;1.0;1.0;;;;;;;;;;;31061
2020-01;1.0;1.0;1.0;1.0;1.0;;;;;;;;;;;;31061
2021-01;1.0;;;1.0;;;;;;;;;;;;;31061
2022-01;1.0;1.0;;;;;;;;;;;;;;;31061
2023-01;1.0;1.0;;;;;;;;;;;;;;;31061
2024-01;4.0;;;;;;;;;;;;;;;;31061
2009-01;4.0;3.0;3.0;3.0;3.0;3.0;3.0;3.0;3.0;2.0;2.0;2.0;2.0;2.0;3.0;3.0;31070
2010-01;1.0;1.0;1.0;1.0;1.0;1.0;;;;;;1.0;1.0;1.0;1.0;;31070
2011-01;1.0;1.0;1.0;1.0;1.0;1.0;1.0;1.0;1.0;1.0;1.0;1.0;1.0;1.0;;;31070
2013-01;2.0;1.0;1.0;1.0;1.0;1.0;2.0;2.0;2.0;2.0;2.0;2.0;;;;;31070
2014-01;1.0;1.0;1.0;1.0;1.0;1.0;1.0;1.0;1.0;1.0;1.0;;;;;;31070
2015-01;1.0;1.0;1.0;1.0;1.0;1.0;1.0;1.0;1.0;1.0;;;;;;;31070
2017-01;3.0;3.0;3.0;3.0;3.0;3.0;3.0;3.0;;;;;;;;;31070
2018-01;5.0;4.0;3.0;3.0;3.0;3.0;2.0;;;;;;;;;;31070
2019-01;3.0;3.0;3.0;3.0;3.0;3.0;;;;;;;;;;;31070
2020-01;3.0;3.0;3.0;3.0;3.0;;;;;;;;;;;;31070
2021-01;2.0;2.0;2.0;2.0;;;;;;;;;;;;;31070
2022-01;2.0;2.0;2.0;;;;;;;;;;;;;;31070
2023-01;2.0;2.0;;;;;;;;;;;;;;;31070
2024-01;5.0;;;;;;;;;;;;;;;;31070
2009-01;1.0;1.0;;;;;;;;;;;;;;;31087
2011-01;1.0;1.0;1.0;1.0;1.0;;;1.0;1.0;;;1.0;1.0;1.0;;;31087
2012-01;1.0;1.0;1.0;1.0;1.0;1.0;1.0;1.0;1.0;;1.0;1.0;1.0;;;;31087
2013-01;1.0;1.0;1.0;1.0;1.0;1.0;1.0;1.0;1.0;1.0;1.0;1.0;;;;;31087
2014-01;2.0;2.0;2.0;2.0;2.0;2.0;1.0;1.0;1.0;1.0;1.0;;;;;;31087
2017-01;2.0;2.0;2.0;1.0;1.0;1.0;1.0;1.0;;;;;;;;;31087
2018-01;1.0;1.0;;;;;;;;;;;;;;;31087
2020-01;4.0;3.0;3.0;3.0;3.0;;;;;;;;;;;;31087
2021-01;1.0;1.0;1.0;1.0;;;;;;;;;;;;;31087
2022-01;2.0;2.0;2.0;;;;;;;;;;;;;;31087
2024-01;2.0;;;;;;;;;;;;;;;;31087
2009-01;7.0;5.0;5.0;6.0;5.0;5.0;5.0;5.0;5.0;5.0;4.0;5.0;3.0;5.0;5.0;6.0;31044
2010-01;2.0;2.0;1.0;1.0;;;;1.0;1.0;1.0;;;1.0;1.0;1.0;;31044
2011-01;4.0;4.0;4.0;4.0;4.0;4.0;3.0;3.0;3.0;3.0;4.0;4.0;4.0;4.0;;;31044
2012-01;3.0;3.0;2.0;2.0;2.0;2.0;1.0;1.0;2.0;1.0;1.0;2.0;2.0;;;;31044
2013-01;1.0;1.0;1.0;1.0;;;;;;;;;;;;;31044
2014-01;1.0;1.0;;;;;;;;;;;;;;;31044
2015-01;2.0;2.0;2.0;1.0;1.0;1.0;1.0;1.0;1.0;1.0;;;;;;;31044
2016-01;1.0;1.0;1.0;1.0;1.0;1.0;;;;;;;;;;;31044
2017-01;2.0;2.0;2.0;1.0;1.0;1.0;1.0;1.0;;;;;;;;;31044
2018-01;1.0;1.0;1.0;1.0;1.0;1.0;1.0;;;;;;;;;;31044
2019-01;3.0;1.0;2.0;1.0;2.0;3.0;;;;;;;;;;;31044
2020-01;3.0;3.0;3.0;3.0;3.0;;;;;;;;;;;;31044
2021-01;1.0;1.0;1.0;1.0;;;;;;;;;;;;;31044
2022-01;3.0;2.0;2.0;;;;;;;;;;;;;;31044
2023-01;1.0;1.0;;;;;;;;;;;;;;;31044
2024-01;2.0;;;;;;;;;;;;;;;;31044
2009-01;3.0;2.0;2.0;2.0;2.0;2.0;2.0;2.0;2.0;2.0;2.0;2.0;2.0;2.0;2.0;2.0;31019
2010-01;1.0;1.0;1.0;1.0;1.0;1.0;1.0;1.0;1.0;1.0;1.0;1.0;1.0;1.0;1.0;;31019
2011-01;1.0;1.0;1.0;1.0;1.0;1.0;1.0;1.0;1.0;1.0;1.0;1.0;1.0;1.0;;;31019
2012-01;2.0;2.0;2.0;2.0;2.0;2.0;2.0;2.0;2.0;2.0;1.0;1.0;1.0;;;;31019
2013-01;1.0;1.0;;;;;;;;;;;;;;;31019
2014-01;1.0;;1.0;1.0;1.0;1.0;1.0;1.0;1.0;1.0;1.0;;;;;;31019
2015-01;3.0;3.0;3.0;3.0;3.0;3.0;3.0;3.0;3.0;2.0;;;;;;;31019
2020-01;1.0;;1.0;1.0;;;;;;;;;;;;;31019
2021-01;1.0;1.0;1.0;1.0;;;;;;;;;;;;;31019
2022-01;2.0;2.0;2.0;;;;;;;;;;;;;;31019
2023-01;2.0;2.0;;;;;;;;;;;;;;;31019
2024-01;2.0;;;;;;;;;;;;;;;;31019
2009-01;5.0;5.0;5.0;5.0;5.0;5.0;4.0;3.0;3.0;3.0;3.0;3.0;3.0;3.0;3.0;3.0;31030
2010-01;3.0;3.0;2.0;2.0;2.0;2.0;2.0;2.0;1.0;1.0;2.0;2.0;2.0;2.0;2.0;;31030
2012-01;1.0;1.0;1.0;1.0;1.0;1.0;1.0;1.0;1.0;1.0;1.0;1.0;1.0;;;;31030
2013-01;2.0;2.0;2.0;2.0;2.0;2.0;2.0;1.0;1.0;1.0;1.0;1.0;;;;;31030
2015-01;1.0;1.0;1.0;1.0;1.0;1.0;1.0;1.0;1.0;1.0;;;;;;;31030
2016-01;1.0;;;;;;1.0;1.0;1.0;;;;;;;;31030
2017-01;1.0;1.0;1.0;1.0;;;;;;;;;;;;;31030
2018-01;1.0;1.0;1.0;1.0;1.0;1.0;1.0;;;;;;;;;;31030
2019-01;1.0;1.0;1.0;1.0;1.0;;;;;;;;;;;;31030
2020-01;2.0;2.0;;1.0;1.0;;;;;;;;;;;;31030
2021-01;2.0;2.0;2.0;2.0;;;;;;;;;;;;;31030
2023-01;1.0;1.0;;;;;;;;;;;;;;;31030
2024-01;3.0;;;;;;;;;;;;;;;;31030
2009-01;4.0;4.0;3.0;2.0;2.0;2.0;2.0;2.0;;;;;;;;;31021
2010-01;7.0;6.0;5.0;5.0;4.0;4.0;4.0;4.0;4.0;4.0;4.0;4.0;3.0;3.0;3.0;;31021
2011-01;6.0;5.0;5.0;4.0;5.0;5.0;5.0;5.0;5.0;5.0;4.0;4.0;4.0;4.0;;;31021
2012-01;4.0;4.0;4.0;4.0;4.0;3.0;3.0;3.0;3.0;3.0;3.0;3.0;2.0;;;;31021
2014-01;3.0;3.0;3.0;2.0;2.0;2.0;2.0;2.0;2.0;2.0;2.0;;;;;;31021
2015-01;4.0;3.0;3.0;3.0;3.0;3.0;2.0;2.0;2.0;3.0;;;;;;;31021
2016-01;2.0;2.0;1.0;1.0;1.0;;;;;;;;;;;;31021
2017-01;2.0;2.0;1.0;1.0;1.0;1.0;2.0;2.0;;;;;;;;;31021
2018-01;2.0;2.0;2.0;1.0;1.0;1.0;1.0;;;;;;;;;;31021
2019-01;5.0;3.0;3.0;3.0;2.0;3.0;;;;;;;;;;;31021
2020-01;2.0;2.0;1.0;2.0;2.0;;;;;;;;;;;;31021
2021-01;3.0;2.0;3.0;3.0;;;;;;;;;;;;;31021
2022-01;5.0;5.0;4.0;;;;;;;;;;;;;;31021
2023-01;2.0;2.0;;;;;;;;;;;;;;;31021
2024-01;4.0;;;;;;;;;;;;;;;;31021
2009-01;8.0;8.0;8.0;8.0;7.0;6.0;7.0;7.0;7.0;7.0;6.0;6.0;6.0;6.0;7.0;7.0;31015
2010-01;3.0;3.0;3.0;3.0;3.0;3.0;2.0;1.0;1.0;2.0;2.0;2.0;2.0;2.0;2.0;;31015
2011-01;2.0;2.0;2.0;2.0;2.0;1.0;1.0;1.0;1.0;1.0;1.0;1.0;1.0;1.0;;;31015
2012-01;6.0;6.0;5.0;5.0;5.0;5.0;5.0;5.0;5.0;5.0;4.0;4.0;3.0;;;;31015
2013-01;2.0;2.0;2.0;2.0;2.0;2.0;2.0;2.0;2.0;1.0;1.0;1.0;;;;;31015
2014-01;1.0;1.0;1.0;1.0;1.0;1.0;1.0;1.0;1.0;1.0;1.0;;;;;;31015
2016-01;4.0;2.0;1.0;1.0;1.0;1.0;1.0;1.0;1.0;;;;;;;;31015
2017-01;1.0;1.0;;;;;;;;;;;;;;;31015
2018-01;3.0;2.0;2.0;2.0;2.0;2.0;1.0;;;;;;;;;;31015
2019-01;4.0;4.0;4.0;4.0;3.0;3.0;;;;;;;;;;;31015
2020-01;4.0;3.0;3.0;1.0;2.0;;;;;;;;;;;;31015
2022-01;2.0;2.0;1.0;;;;;;;;;;;;;;31015
2023-01;3.0;3.0;;;;;;;;;;;;;;;31015
2024-01;4.0;;;;;;;;;;;;;;;;31015
2009-01;3.0;3.0;3.0;3.0;3.0;3.0;3.0;3.0;3.0;3.0;3.0;2.0;2.0;2.0;2.0;1.0;31037
2010-01;5.0;4.0;4.0;4.0;1.0;1.0;1.0;2.0;2.0;2.0;3.0;3.0;3.0;3.0;3.0;;31037
2011-01;4.0;4.0;4.0;3.0;1.0;2.0;2.0;2.0;2.0;2.0;2.0;2.0;2.0;2.0;;;31037
2012-01;6.0;6.0;5.0;5.0;5.0;5.0;5.0;5.0;5.0;5.0;5.0;5.0;4.0;;;;31037
2013-01;4.0;3.0;4.0;4.0;4.0;4.0;4.0;4.0;4.0;3.0;2.0;2.0;;;;;31037
2014-01;10.0;9.0;6.0;5.0;7.0;5.0;4.0;4.0;4.0;4.0;5.0;;;;;;31037
2015-01;5.0;4.0;4.0;4.0;4.0;4.0;4.0;3.0;3.0;3.0;;;;;;;31037
2016-01;8.0;8.0;6.0;6.0;6.0;6.0;7.0;6.0;5.0;;;;;;;;31037
2017-01;8.0;8.0;8.0;6.0;6.0;6.0;6.0;4.0;;;;;;;;;31037
2018-01;12.0;11.0;9.0;9.0;7.0;6.0;3.0;;;;;;;;;;31037
2019-01;6.0;4.0;4.0;5.0;5.0;5.0;;;;;;;;;;;31037
2020-01;8.0;7.0;7.0;7.0;7.0;;;;;;;;;;;;31037
2021-01;6.0;5.0;5.0;4.0;;;;;;;;;;;;;31037
2022-01;16.0;15.0;10.0;;;;;;;;;;;;;;31037
2023-01;21.0;16.0;;;;;;;;;;;;;;;31037
2024-01;21.0;;;;;;;;;;;;;;;;31037
2009-01;13.0;12.0;11.0;10.0;10.0;10.0;10.0;10.0;10.0;11.0;10.0;10.0;10.0;8.0;8.0;6.0;31017
2010-01;11.0;11.0;11.0;11.0;11.0;11.0;9.0;9.0;7.0;6.0;7.0;7.0;7.0;6.0;6.0;;31017
2011-01;6.0;6.0;6.0;6.0;6.0;4.0;4.0;4.0;4.0;3.0;3.0;2.0;2.0;2.0;;;31017
2012-01;3.0;3.0;2.0;2.0;2.0;2.0;2.0;2.0;2.0;2.0;2.0;2.0;2.0;;;;31017
2013-01;7.0;7.0;7.0;3.0;3.0;4.0;4.0;4.0;3.0;2.0;2.0;2.0;;;;;31017
2014-01;4.0;3.0;3.0;3.0;3.0;3.0;3.0;3.0;4.0;4.0;4.0;;;;;;31017
2015-01;10.0;9.0;9.0;5.0;5.0;6.0;5.0;5.0;5.0;5.0;;;;;;;31017
2016-01;4.0;3.0;4.0;4.0;4.0;4.0;3.0;4.0;4.0;;;;;;;;31017
2017-01;6.0;4.0;4.0;4.0;3.0;2.0;2.0;3.0;;;;;;;;;31017
2018-01;6.0;4.0;4.0;4.0;2.0;2.0;1.0;;;;;;;;;;31017
2019-01;71.0;70.0;69.0;68.0;65.0;64.0;;;;;;;;;;;31017
2020-01;6.0;5.0;4.0;3.0;2.0;;;;;;;;;;;;31017
2021-01;17.0;13.0;11.0;11.0;;;;;;;;;;;;;31017
2022-01;21.0;20.0;20.0;;;;;;;;;;;;;;31017
2023-01;33.0;31.0;;;;;;;;;;;;;;;31017
2024-01;12.0;;;;;;;;;;;;;;;;31017
2010-01;5.0;5.0;3.0;3.0;3.0;3.0;3.0;1.0;;;1.0;1.0;;;;;31047
2011-01;2.0;2.0;2.0;1.0;1.0;1.0;2.0;2.0;;;;;;;;;31047
2012-01;2.0;2.0;2.0;2.0;2.0;2.0;2.0;2.0;2.0;2.0;2.0;2.0;2.0;;;;31047
2015-01;3.0;1.0;1.0;;1.0;1.0;1.0;1.0;1.0;1.0;;;;;;;31047
2016-01;1.0;1.0;1.0;;;;;;;;;;;;;;31047
2017-01;2.0;2.0;2.0;2.0;2.0;2.0;2.0;2.0;;;;;;;;;31047
2018-01;3.0;3.0;3.0;3.0;2.0;1.0;1.0;;;;;;;;;;31047
2019-01;5.0;3.0;3.0;3.0;2.0;1.0;;;;;;;;;;;31047
2022-01;2.0;2.0;2.0;;;;;;;;;;;;;;31047
2023-01;1.0;1.0;;;;;;;;;;;;;;;31047
2024-01;1.0;;;;;;;;;;;;;;;;31047
2009-01;1.0;;;;;;;;;;;;;;;;31011
2010-01;2.0;2.0;2.0;2.0;2.0;1.0;;;1.0;1.0;1.0;1.0;1.0;;1.0;;31011
2012-01;1.0;1.0;1.0;1.0;1.0;1.0;1.0;1.0;1.0;1.0;1.0;1.0;1.0;;;;31011
2013-01;1.0;1.0;1.0;1.0;1.0;1.0;1.0;;;;;1.0;;;;;31011
2014-01;2.0;;;;;;;;1.0;1.0;1.0;;;;;;31011
2015-01;2.0;1.0;1.0;1.0;1.0;1.0;1.0;1.0;1.0;1.0;;;;;;;31011
2016-01;1.0;1.0;1.0;1.0;1.0;1.0;1.0;1.0;1.0;;;;;;;;31011
2017-01;1.0;1.0;1.0;1.0;1.0;1.0;;;;;;;;;;;31011
2018-01;1.0;;;;;;;;;;;;;;;;31011
2019-01;7.0;6.0;5.0;5.0;5.0;3.0;;;;;;;;;;;31011
2020-01;1.0;1.0;1.0;1.0;1.0;;;;;;;;;;;;31011
2022-01;3.0;2.0;1.0;;;;;;;;;;;;;;31011
2023-01;5.0;3.0;;;;;;;;;;;;;;;31011
2024-01;3.0;;;;;;;;;;;;;;;;31011
2010-01;1.0;1.0;1.0;;;;;;;;;;;;;;31083
2011-01;1.0;1.0;1.0;1.0;1.0;1.0;1.0;1.0;1.0;1.0;1.0;1.0;1.0;1.0;;;31083
2013-01;1.0;1.0;1.0;;;;;;;;;;;;;;31083
2015-01;1.0;1.0;1.0;1.0;1.0;1.0;1.0;1.0;1.0;1.0;;;;;;;31083
2016-01;1.0;;;;;;;;;;;;;;;;31083
2017-01;4.0;4.0;4.0;4.0;4.0;3.0;2.0;2.0;;;;;;;;;31083
2019-01;1.0;1.0;1.0;1.0;1.0;1.0;;;;;;;;;;;31083
2021-01;1.0;1.0;1.0;;;;;;;;;;;;;;31083
2022-01;1.0;1.0;;;;;;;;;;;;;;;31083
2023-01;2.0;1.0;;;;;;;;;;;;;;;31083
2024-01;1.0;;;;;;;;;;;;;;;;31083
2009-01;5.0;5.0;4.0;4.0;4.0;5.0;4.0;4.0;3.0;3.0;3.0;3.0;3.0;3.0;3.0;3.0;31028
2010-01;1.0;1.0;1.0;1.0;1.0;1.0;1.0;1.0;1.0;1.0;1.0;1.0;1.0;1.0;1.0;;31028
2012-01;1.0;;;;;;;;;;;;;;;;31028
2013-01;1.0;1.0;;;;;;;1.0;1.0;1.0;1.0;;;;;31028
2015-01;1.0;1.0;1.0;1.0;1.0;;;;1.0;1.0;;;;;;;31028
2017-01;1.0;;;;;;;;;;;;;;;;31028
2018-01;1.0;1.0;1.0;1.0;1.0;1.0;1.0;;;;;;;;;;31028
2019-01;1.0;1.0;1.0;1.0;;;;;;;;;;;;;31028
2020-01;1.0;;;;;;;;;;;;;;;;31028
2021-01;1.0;1.0;1.0;1.0;;;;;;;;;;;;;31028
2023-01;2.0;2.0;;;;;;;;;;;;;;;31028
2009-01;7.0;7.0;6.0;6.0;5.0;5.0;5.0;5.0;4.0;4.0;3.0;2.0;1.0;1.0;1.0;1.0;31007
2010-01;5.0;4.0;3.0;4.0;5.0;5.0;4.0;4.0;4.0;4.0;4.0;3.0;3.0;3.0;3.0;;31007
2011-01;7.0;7.0;7.0;7.0;5.0;4.0;4.0;5.0;5.0;4.0;4.0;3.0;3.0;4.0;;;31007
2012-01;7.0;6.0;6.0;4.0;3.0;3.0;4.0;3.0;3.0;2.0;4.0;4.0;4.0;;;;31007
2013-01;5.0;4.0;2.0;4.0;3.0;3.0;3.0;3.0;3.0;3.0;3.0;3.0;;;;;31007
2014-01;6.0;6.0;6.0;5.0;5.0;2.0;1.0;1.0;1.0;1.0;2.0;;;;;;31007
2015-01;8.0;4.0;3.0;3.0;2.0;2.0;2.0;2.0;2.0;2.0;;;;;;;31007
2016-01;4.0;1.0;;1.0;2.0;2.0;2.0;2.0;2.0;;;;;;;;31007
2017-01;8.0;8.0;8.0;7.0;6.0;5.0;5.0;4.0;;;;;;;;;31007
2018-01;1.0;1.0;1.0;1.0;;;;;;;;;;;;;31007
2019-01;7.0;5.0;4.0;4.0;;;;;;;;;;;;;31007
2020-01;5.0;5.0;5.0;4.0;4.0;;;;;;;;;;;;31007
2021-01;2.0;1.0;1.0;1.0;;;;;;;;;;;;;31007
2022-01;8.0;7.0;7.0;;;;;;;;;;;;;;31007
2023-01;7.0;6.0;;;;;;;;;;;;;;;31007
2024-01;7.0;;;;;;;;;;;;;;;;31007
2010-01;2.0;2.0;2.0;2.0;1.0;;;;;1.0;1.0;1.0;1.0;1.0;1.0;;31049
2012-01;1.0;1.0;1.0;;;;;;;;;;;;;;31049
2013-01;2.0;2.0;1.0;;;;;;;;;;;;;;31049
2014-01;2.0;2.0;1.0;1.0;1.0;1.0;1.0;1.0;1.0;1.0;1.0;;;;;;31049
2015-01;3.0;3.0;2.0;;;;;2.0;1.0;;;;;;;;31049
2016-01;2.0;1.0;2.0;2.0;2.0;1.0;1.0;1.0;1.0;;;;;;;;31049
2017-01;2.0;1.0;1.0;2.0;1.0;;1.0;1.0;;;;;;;;;31049
2018-01;3.0;3.0;;;;;;;;;;;;;;;31049
2019-01;1.0;1.0;1.0;1.0;1.0;1.0;;;;;;;;;;;31049
2020-01;5.0;4.0;3.0;2.0;1.0;;;;;;;;;;;;31049
2021-01;2.0;2.0;1.0;1.0;;;;;;;;;;;;;31049
2022-01;1.0;1.0;1.0;;;;;;;;;;;;;;31049
2023-01;3.0;3.0;;;;;;;;;;;;;;;31049
2024-01;1.0;;;;;;;;;;;;;;;;31049
2010-01;1.0;1.0;1.0;1.0;1.0;1.0;1.0;1.0;1.0;1.0;1.0;1.0;1.0;1.0;1.0;;31055
2011-01;1.0;1.0;1.0;1.0;1.0;1.0;1.0;1.0;1.0;1.0;1.0;1.0;1.0;1.0;;;31055
2012-01;2.0;2.0;2.0;2.0;2.0;2.0;2.0;2.0;1.0;1.0;1.0;1.0;1.0;;;;31055
2013-01;1.0;1.0;;;;;;;;;;;;;;;31055
2015-01;3.0;3.0;1.0;1.0;1.0;1.0;1.0;1.0;1.0;1.0;;;;;;;31055
2017-01;2.0;2.0;2.0;2.0;2.0;2.0;1.0;1.0;;;;;;;;;31055
2018-01;3.0;3.0;2.0;2.0;2.0;2.0;2.0;;;;;;;;;;31055
2019-01;2.0;2.0;2.0;2.0;2.0;2.0;;;;;;;;;;;31055
2021-01;1.0;;;;;;;;;;;;;;;;31055
2022-01;1.0;1.0;1.0;;;;;;;;;;;;;;31055
2023-01;1.0;1.0;;;;;;;;;;;;;;;31055
2024-01;2.0;;;;;;;;;;;;;;;;31055
2009-01;5.0;4.0;4.0;4.0;4.0;4.0;4.0;4.0;4.0;4.0;4.0;4.0;4.0;4.0;3.0;4.0;31024
2010-01;7.0;6.0;5.0;4.0;2.0;3.0;3.0;3.0;3.0;3.0;3.0;3.0;3.0;3.0;3.0;;31024
2011-01;5.0;4.0;4.0;4.0;3.0;2.0;2.0;3.0;2.0;2.0;2.0;2.0;3.0;3.0;;;31024
2012-01;8.0;8.0;7.0;8.0;6.0;2.0;4.0;4.0;4.0;5.0;5.0;4.0;4.0;;;;31024
2013-01;4.0;4.0;3.0;1.0;1.0;1.0;1.0;1.0;1.0;1.0;1.0;1.0;;;;;31024
2014-01;6.0;6.0;4.0;4.0;4.0;4.0;2.0;2.0;2.0;2.0;2.0;;;;;;31024
2015-01;12.0;9.0;8.0;5.0;6.0;5.0;5.0;8.0;6.0;5.0;;;;;;;31024
2016-01;6.0;5.0;5.0;5.0;4.0;4.0;4.0;4.0;3.0;;;;;;;;31024
2017-01;3.0;3.0;3.0;3.0;3.0;3.0;3.0;3.0;;;;;;;;;31024
2019-01;4.0;3.0;3.0;3.0;3.0;3.0;;;;;;;;;;;31024
2020-01;4.0;2.0;2.0;1.0;2.0;;;;;;;;;;;;31024
2021-01;4.0;2.0;2.0;1.0;;;;;;;;;;;;;31024
2022-01;1.0;1.0;1.0;;;;;;;;;;;;;;31024
2023-01;2.0;2.0;;;;;;;;;;;;;;;31024
2024-01;4.0;;;;;;;;;;;;;;;;31024
2009-01;1.0;1.0;1.0;;;;;;;1.0;1.0;;;1.0;1.0;1.0;31010
2010-01;4.0;4.0;3.0;4.0;4.0;4.0;3.0;3.0;3.0;2.0;2.0;3.0;3.0;3.0;2.0;;31010
2011-01;6.0;6.0;6.0;6.0;6.0;5.0;4.0;4.0;4.0;4.0;4.0;4.0;4.0;5.0;;;31010
2012-01;2.0;2.0;2.0;2.0;1.0;1.0;1.0;1.0;1.0;2.0;1.0;1.0;1.0;;;;31010
2013-01;1.0;1.0;1.0;1.0;1.0;1.0;1.0;1.0;1.0;1.0;1.0;1.0;;;;;31010
2014-01;2.0;1.0;1.0;;;;;;;;;;;;;;31010
2015-01;1.0;1.0;1.0;1.0;1.0;1.0;1.0;1.0;1.0;1.0;;;;;;;31010
2016-01;2.0;2.0;;;1.0;1.0;1.0;1.0;;;;;;;;;31010
2017-01;1.0;;;;;;;;;;;;;;;;31010
2018-01;2.0;1.0;1.0;1.0;1.0;1.0;1.0;;;;;;;;;;31010
2019-01;1.0;1.0;1.0;1.0;1.0;1.0;;;;;;;;;;;31010
2020-01;1.0;1.0;1.0;1.0;1.0;;;;;;;;;;;;31010
2022-01;3.0;2.0;2.0;;;;;;;;;;;;;;31010
2023-01;1.0;1.0;;;;;;;;;;;;;;;31010
2024-01;1.0;;;;;;;;;;;;;;;;31010
2010-01;2.0;1.0;1.0;1.0;1.0;2.0;1.0;1.0;1.0;1.0;1.0;1.0;1.0;1.0;1.0;;31089
2013-01;1.0;;;;;;;;;;;;;;;;31089
2014-01;2.0;2.0;;;;;;;;;;;;;;;31089
2016-01;1.0;1.0;1.0;1.0;1.0;1.0;1.0;1.0;1.0;;;;;;;;31089
2017-01;3.0;1.0;1.0;1.0;1.0;1.0;1.0;1.0;;;;;;;;;31089
2021-01;1.0;1.0;;;;;;;;;;;;;;;31089
2022-01;1.0;1.0;1.0;;;;;;;;;;;;;;31089
2023-01;1.0;1.0;;;;;;;;;;;;;;;31089
2024-01;2.0;;;;;;;;;;;;;;;;31089
2009-01;5.0;4.0;3.0;3.0;1.0;;1.0;1.0;1.0;1.0;1.0;1.0;1.0;1.0;1.0;1.0;31072
2010-01;4.0;4.0;3.0;3.0;3.0;1.0;1.0;2.0;1.0;1.0;1.0;1.0;1.0;1.0;1.0;;31072
2011-01;7.0;7.0;6.0;6.0;6.0;6.0;6.0;6.0;6.0;5.0;1.0;1.0;2.0;1.0;;;31072
2012-01;7.0;7.0;7.0;6.0;6.0;6.0;6.0;6.0;5.0;4.0;5.0;5.0;5.0;;;;31072
2013-01;4.0;4.0;4.0;4.0;4.0;4.0;3.0;3.0;3.0;3.0;4.0;4.0;;;;;31072
2014-01;3.0;3.0;3.0;2.0;2.0;2.0;2.0;;1.0;1.0;1.0;;;;;;31072
2015-01;3.0;3.0;3.0;3.0;3.0;3.0;2.0;2.0;2.0;2.0;;;;;;;31072
2016-01;7.0;7.0;7.0;6.0;6.0;3.0;3.0;3.0;2.0;;;;;;;;31072
2017-01;5.0;5.0;5.0;5.0;5.0;5.0;5.0;5.0;;;;;;;;;31072
2018-01;8.0;8.0;7.0;6.0;5.0;5.0;3.0;;;;;;;;;;31072
2019-01;6.0;6.0;6.0;6.0;3.0;3.0;;;;;;;;;;;31072
2020-01;3.0;3.0;3.0;3.0;3.0;;;;;;;;;;;;31072
2021-01;3.0;2.0;2.0;2.0;;;;;;;;;;;;;31072
2022-01;6.0;3.0;4.0;;;;;;;;;;;;;;31072
2023-01;8.0;5.0;;;;;;;;;;;;;;;31072
2024-01;6.0;;;;;;;;;;;;;;;;31072
2009-01;2.0;2.0;2.0;2.0;2.0;2.0;2.0;2.0;1.0;1.0;1.0;1.0;1.0;1.0;1.0;1.0;31073
2011-01;2.0;1.0;1.0;1.0;;;;;;;;;;;;;31073
2012-01;2.0;2.0;2.0;2.0;1.0;1.0;1.0;1.0;2.0;1.0;1.0;1.0;1.0;;;;31073
2013-01;1.0;1.0;1.0;1.0;1.0;1.0;1.0;1.0;1.0;1.0;1.0;1.0;;;;;31073
2014-01;2.0;2.0;1.0;1.0;1.0;;;;;;1.0;;;;;;31073
2015-01;1.0;1.0;1.0;1.0;1.0;1.0;1.0;1.0;1.0;1.0;;;;;;;31073
2016-01;1.0;1.0;1.0;1.0;1.0;1.0;1.0;1.0;1.0;;;;;;;;31073
2017-01;2.0;2.0;1.0;1.0;1.0;1.0;1.0;1.0;;;;;;;;;31073
2019-01;1.0;1.0;1.0;1.0;1.0;1.0;;;;;;;;;;;31073
2021-01;2.0;2.0;2.0;2.0;;;;;;;;;;;;;31073
2022-01;2.0;2.0;2.0;;;;;;;;;;;;;;31073
2023-01;2.0;1.0;;;;;;;;;;;;;;;31073
2024-01;2.0;;;;;;;;;;;;;;;;31073
2009-01;3.0;3.0;3.0;3.0;3.0;2.0;2.0;2.0;2.0;2.0;2.0;1.0;1.0;2.0;2.0;2.0;31042
2010-01;2.0;2.0;2.0;1.0;1.0;;;1.0;1.0;1.0;1.0;;;;;;31042
2011-01;2.0;2.0;2.0;2.0;2.0;2.0;2.0;2.0;1.0;1.0;1.0;1.0;1.0;1.0;;;31042
2012-01;1.0;1.0;1.0;1.0;;;;;;;;;;;;;31042
2013-01;2.0;2.0;2.0;2.0;2.0;1.0;2.0;1.0;1.0;;;;;;;;31042
2014-01;1.0;1.0;1.0;1.0;;;1.0;1.0;1.0;1.0;;;;;;;31042
2015-01;1.0;1.0;;1.0;1.0;1.0;1.0;1.0;1.0;1.0;;;;;;;31042
2016-01;2.0;1.0;2.0;2.0;2.0;2.0;1.0;1.0;1.0;;;;;;;;31042
2017-01;1.0;;;;;;;;;;;;;;;;31042
2018-01;3.0;2.0;2.0;2.0;2.0;1.0;2.0;;;;;;;;;;31042
2019-01;2.0;2.0;2.0;2.0;2.0;2.0;;;;;;;;;;;31042
2020-01;5.0;4.0;3.0;3.0;3.0;;;;;;;;;;;;31042
2021-01;1.0;1.0;1.0;1.0;;;;;;;;;;;;;31042
2022-01;2.0;2.0;2.0;;;;;;;;;;;;;;31042
2023-01;5.0;3.0;;;;;;;;;;;;;;;31042
2024-01;1.0;;;;;;;;;;;;;;;;31042
2009-01;3.0;3.0;2.0;2.0;2.0;2.0;2.0;2.0;2.0;2.0;2.0;;;1.0;1.0;1.0;31034
2010-01;3.0;3.0;3.0;3.0;3.0;3.0;3.0;3.0;3.0;3.0;3.0;3.0;3.0;3.0;3.0;;31034
2011-01;2.0;2.0;1.0;1.0;1.0;1.0;1.0;1.0;1.0;1.0;1.0;1.0;1.0;1.0;;;31034
2012-01;1.0;1.0;1.0;;;1.0;1.0;1.0;;;;;;;;;31034
2014-01;3.0;3.0;3.0;3.0;2.0;2.0;1.0;2.0;2.0;2.0;2.0;;;;;;31034
2015-01;3.0;3.0;2.0;1.0;2.0;1.0;1.0;1.0;1.0;2.0;;;;;;;31034
2017-01;2.0;2.0;2.0;2.0;2.0;2.0;2.0;2.0;;;;;;;;;31034
2018-01;6.0;6.0;4.0;4.0;3.0;2.0;1.0;;;;;;;;;;31034
2019-01;2.0;1.0;1.0;;;;;;;;;;;;;;31034
2020-01;5.0;5.0;4.0;3.0;2.0;;;;;;;;;;;;31034
2021-01;1.0;;;;;;;;;;;;;;;;31034
2022-01;3.0;2.0;1.0;;;;;;;;;;;;;;31034
2023-01;4.0;4.0;;;;;;;;;;;;;;;31034
2024-01;1.0;;;;;;;;;;;;;;;;31034
2009-01;3.0;3.0;3.0;2.0;2.0;2.0;2.0;2.0;2.0;2.0;2.0;2.0;2.0;2.0;2.0;2.0;31004
2010-01;2.0;2.0;2.0;2.0;2.0;2.0;2.0;2.0;2.0;2.0;2.0;2.0;2.0;2.0;2.0;;31004
2011-01;2.0;2.0;2.0;1.0;1.0;1.0;1.0;1.0;1.0;1.0;1.0;1.0;1.0;1.0;;;31004
2012-01;3.0;3.0;3.0;2.0;3.0;2.0;2.0;2.0;2.0;2.0;2.0;2.0;2.0;;;;31004
2013-01;1.0;1.0;1.0;1.0;1.0;1.0;;;;;;;;;;;31004
2014-01;1.0;1.0;1.0;1.0;1.0;1.0;1.0;1.0;1.0;1.0;1.0;;;;;;31004
2015-01;2.0;2.0;1.0;;1.0;1.0;1.0;1.0;1.0;1.0;;;;;;;31004
2017-01;2.0;2.0;;;;;;;;;;;;;;;31004
2019-01;1.0;1.0;1.0;1.0;1.0;1.0;;;;;;;;;;;31004
2020-01;3.0;2.0;2.0;2.0;2.0;;;;;;;;;;;;31004
2022-01;1.0;1.0;1.0;;;;;;;;;;;;;;31004
2023-01;2.0;2.0;;;;;;;;;;;;;;;31004
2024-01;1.0;;;;;;;;;;;;;;;;31004
2012-01;1.0;1.0;1.0;1.0;1.0;1.0;1.0;1.0;1.0;1.0;1.0;1.0;1.0;;;;31091
2017-01;1.0;1.0;1.0;1.0;1.0;1.0;1.0;1.0;;;;;;;;;31091
2019-01;1.0;1.0;1.0;;;;;;;;;;;;;;31091
2020-01;1.0;1.0;1.0;1.0;1.0;;;;;;;;;;;;31091
2022-01;3.0;3.0;3.0;;;;;;;;;;;;;;31091
2024-01;1.0;;;;;;;;;;;;;;;;31091
2009-01;7.0;6.0;6.0;6.0;6.0;6.0;6.0;6.0;6.0;6.0;4.0;3.0;4.0;4.0;4.0;3.0;31079
2010-01;3.0;3.0;3.0;3.0;3.0;3.0;1.0;2.0;2.0;2.0;2.0;2.0;2.0;2.0;2.0;;31079
2012-01;5.0;4.0;3.0;2.0;2.0;2.0;2.0;2.0;2.0;2.0;2.0;2.0;2.0;;;;31079
2013-01;1.0;;;;;;;;;;;;;;;;31079
2014-01;3.0;2.0;2.0;1.0;1.0;1.0;1.0;1.0;2.0;2.0;2.0;;;;;;31079
2015-01;5.0;5.0;5.0;4.0;4.0;5.0;4.0;3.0;1.0;1.0;;;;;;;31079
2016-01;1.0;1.0;1.0;1.0;1.0;1.0;1.0;;;;;;;;;;31079
2017-01;3.0;2.0;1.0;2.0;1.0;2.0;2.0;2.0;;;;;;;;;31079
2018-01;5.0;5.0;4.0;4.0;4.0;1.0;2.0;;;;;;;;;;31079
2019-01;5.0;5.0;5.0;2.0;2.0;3.0;;;;;;;;;;;31079
2020-01;1.0;1.0;;;;;;;;;;;;;;;31079
2021-01;1.0;1.0;;;;;;;;;;;;;;;31079
2022-01;1.0;1.0;;;;;;;;;;;;;;;31079
2023-01;1.0;1.0;;;;;;;;;;;;;;;31079
2024-01;1.0;;;;;;;;;;;;;;;;31079
2009-01;3.0;1.0;1.0;;;;;;;;;;;;;;31038
2010-01;3.0;2.0;1.0;1.0;1.0;1.0;1.0;1.0;1.0;1.0;1.0;1.0;1.0;1.0;1.0;;31038
2011-01;2.0;2.0;;;;;;;;;;;;;;;31038
2012-01;3.0;2.0;1.0;;;;1.0;;;;;;;;;;31038
2013-01;2.0;;;;;;;;;;;;;;;;31038
2014-01;6.0;4.0;3.0;2.0;2.0;2.0;1.0;;1.0;1.0;1.0;;;;;;31038
2015-01;1.0;1.0;1.0;;;;;;;;;;;;;;31038
2016-01;2.0;1.0;;;;;;;;;;;;;;;31038
2017-01;3.0;1.0;2.0;1.0;;;;;;;;;;;;;31038
2018-01;3.0;2.0;2.0;2.0;2.0;2.0;2.0;;;;;;;;;;31038
2019-01;1.0;;;;;;;;;;;;;;;;31038
2020-01;2.0;1.0;;;;;;;;;;;;;;;31038
2021-01;2.0;1.0;;;;;;;;;;;;;;;31038
2022-01;1.0;;;;;;;;;;;;;;;;31038
2023-01;2.0;1.0;;;;;;;;;;;;;;;31038
2009-01;3.0;3.0;3.0;3.0;3.0;3.0;3.0;3.0;3.0;3.0;3.0;3.0;3.0;3.0;3.0;3.0;31027
2010-01;1.0;1.0;1.0;1.0;1.0;1.0;1.0;1.0;1.0;1.0;1.0;1.0;1.0;1.0;1.0;;31027
2011-01;1.0;1.0;1.0;1.0;1.0;1.0;1.0;1.0;1.0;1.0;1.0;1.0;1.0;1.0;;;31027
2014-01;3.0;1.0;1.0;1.0;1.0;1.0;1.0;1.0;1.0;1.0;1.0;;;;;;31027
2016-01;2.0;2.0;1.0;1.0;1.0;1.0;1.0;1.0;1.0;;;;;;;;31027
2017-01;2.0;1.0;1.0;2.0;2.0;2.0;2.0;2.0;;;;;;;;;31027
2020-01;2.0;2.0;1.0;1.0;1.0;;;;;;;;;;;;31027
2022-01;1.0;1.0;1.0;;;;;;;;;;;;;;31027
2023-01;3.0;2.0;;;;;;;;;;;;;;;31027
2024-01;2.0;;;;;;;;;;;;;;;;31027
2009-01;6.0;6.0;6.0;6.0;6.0;6.0;6.0;6.0;6.0;6.0;6.0;6.0;6.0;6.0;6.0;6.0;31084
2010-01;8.0;8.0;8.0;7.0;7.0;5.0;6.0;3.0;3.0;3.0;4.0;4.0;4.0;4.0;4.0;;31084
2011-01;7.0;7.0;6.0;6.0;6.0;6.0;4.0;5.0;5.0;5.0;5.0;5.0;5.0;5.0;;;31084
2012-01;3.0;3.0;3.0;3.0;3.0;3.0;3.0;3.0;2.0;2.0;2.0;2.0;2.0;;;;31084
2013-01;5.0;5.0;4.0;3.0;4.0;4.0;4.0;4.0;4.0;4.0;3.0;5.0;;;;;31084
2014-01;8.0;8.0;6.0;7.0;7.0;7.0;7.0;7.0;7.0;7.0;7.0;;;;;;31084
2015-01;3.0;3.0;3.0;3.0;3.0;3.0;3.0;3.0;3.0;3.0;;;;;;;31084
2016-01;1.0;1.0;1.0;;;;;;;;;;;;;;31084
2017-01;12.0;12.0;12.0;11.0;11.0;11.0;11.0;11.0;;;;;;;;;31084
2018-01;3.0;3.0;3.0;3.0;2.0;2.0;2.0;;;;;;;;;;31084
2019-01;12.0;9.0;9.0;9.0;9.0;7.0;;;;;;;;;;;31084
2020-01;3.0;3.0;3.0;3.0;3.0;;;;;;;;;;;;31084
2021-01;7.0;7.0;6.0;5.0;;;;;;;;;;;;;31084
2022-01;5.0;5.0;3.0;;;;;;;;;;;;;;31084
2023-01;7.0;7.0;;;;;;;;;;;;;;;31084
2024-01;13.0;;;;;;;;;;;;;;;;31084
2009-01;1.0;1.0;1.0;1.0;1.0;1.0;1.0;1.0;1.0;1.0;1.0;1.0;1.0;1.0;1.0;1.0;31078
2010-01;2.0;2.0;2.0;2.0;1.0;1.0;1.0;1.0;2.0;2.0;2.0;2.0;1.0;1.0;1.0;;31078
2011-01;2.0;2.0;2.0;2.0;2.0;2.0;2.0;2.0;2.0;2.0;2.0;2.0;2.0;2.0;;;31078
2012-01;3.0;3.0;3.0;2.0;2.0;2.0;3.0;3.0;3.0;3.0;2.0;2.0;2.0;;;;31078
2013-01;2.0;2.0;2.0;2.0;2.0;2.0;2.0;2.0;2.0;2.0;2.0;2.0;;;;;31078
2014-01;3.0;3.0;2.0;2.0;2.0;2.0;1.0;1.0;1.0;2.0;2.0;;;;;;31078
2017-01;2.0;2.0;2.0;2.0;2.0;2.0;1.0;1.0;;;;;;;;;31078
2018-01;6.0;6.0;6.0;5.0;5.0;4.0;4.0;;;;;;;;;;31078
2019-01;5.0;5.0;5.0;5.0;4.0;4.0;;;;;;;;;;;31078
2021-01;3.0;1.0;2.0;2.0;;;;;;;;;;;;;31078
2022-01;5.0;3.0;3.0;;;;;;;;;;;;;;31078
2009-01;11.0;11.0;11.0;10.0;10.0;10.0;10.0;9.0;9.0;9.0;9.0;9.0;8.0;8.0;7.0;4.0;31018
2010-01;10.0;10.0;10.0;10.0;10.0;10.0;10.0;10.0;10.0;10.0;9.0;6.0;6.0;5.0;5.0;;31018
2011-01;3.0;3.0;2.0;2.0;2.0;2.0;2.0;2.0;2.0;2.0;2.0;2.0;2.0;1.0;;;31018
2012-01;8.0;8.0;8.0;8.0;8.0;8.0;8.0;8.0;8.0;7.0;6.0;6.0;5.0;;;;31018
2013-01;17.0;17.0;16.0;15.0;12.0;12.0;11.0;7.0;5.0;5.0;4.0;4.0;;;;;31018
2014-01;14.0;14.0;14.0;11.0;10.0;9.0;8.0;7.0;7.0;7.0;6.0;;;;;;31018
2015-01;15.0;14.0;14.0;13.0;13.0;9.0;8.0;8.0;7.0;7.0;;;;;;;31018
2016-01;11.0;10.0;10.0;10.0;5.0;3.0;4.0;4.0;4.0;;;;;;;;31018
2017-01;6.0;6.0;4.0;5.0;5.0;4.0;2.0;1.0;;;;;;;;;31018
2018-01;6.0;5.0;4.0;4.0;4.0;4.0;3.0;;;;;;;;;;31018
2019-01;26.0;17.0;14.0;10.0;11.0;12.0;;;;;;;;;;;31018
2020-01;34.0;23.0;16.0;17.0;18.0;;;;;;;;;;;;31018
2021-01;29.0;20.0;14.0;12.0;;;;;;;;;;;;;31018
2022-01;39.0;30.0;23.0;;;;;;;;;;;;;;31018
2023-01;29.0;21.0;;;;;;;;;;;;;;;31018
2024-01;31.0;;;;;;;;;;;;;;;;31018
2011-01;1.0;1.0;1.0;1.0;1.0;1.0;1.0;1.0;1.0;;;;;;;;31050
2012-01;1.0;1.0;;;;;;;;;;;;;;;31050
2013-01;1.0;;;;;;;;;;;;;;;;31050
2014-01;1.0;1.0;;;;;;;;;;;;;;;31050
2017-01;1.0;1.0;1.0;1.0;1.0;;;;;;;;;;;;31050
2023-01;1.0;;;;;;;;;;;;;;;;31050
2024-01;2.0;;;;;;;;;;;;;;;;31050
2009-01;4.0;4.0;4.0;4.0;4.0;4.0;4.0;4.0;4.0;4.0;3.0;3.0;3.0;3.0;3.0;3.0;31012
2010-01;3.0;3.0;2.0;2.0;2.0;2.0;2.0;2.0;2.0;2.0;2.0;2.0;3.0;3.0;3.0;;31012
2011-01;1.0;1.0;1.0;1.0;1.0;1.0;1.0;1.0;1.0;1.0;1.0;1.0;1.0;1.0;;;31012
2014-01;1.0;1.0;1.0;1.0;1.0;1.0;1.0;1.0;1.0;1.0;1.0;;;;;;31012
2015-01;1.0;1.0;1.0;1.0;;;1.0;1.0;1.0;1.0;;;;;;;31012
2016-01;5.0;5.0;4.0;4.0;4.0;4.0;4.0;3.0;3.0;;;;;;;;31012
2017-01;3.0;3.0;3.0;3.0;3.0;3.0;3.0;2.0;;;;;;;;;31012
2018-01;2.0;1.0;1.0;1.0;1.0;2.0;1.0;;;;;;;;;;31012
2019-01;4.0;3.0;2.0;2.0;2.0;2.0;;;;;;;;;;;31012
2020-01;5.0;4.0;5.0;5.0;3.0;;;;;;;;;;;;31012
2021-01;1.0;1.0;1.0;1.0;;;;;;;;;;;;;31012
2022-01;1.0;1.0;1.0;;;;;;;;;;;;;;31012
2024-01;3.0;;;;;;;;;;;;;;;;31012
2009-01;4.0;4.0;3.0;3.0;1.0;1.0;1.0;1.0;1.0;1.0;1.0;1.0;1.0;1.0;1.0;;31074
2011-01;5.0;3.0;2.0;1.0;1.0;1.0;1.0;1.0;1.0;1.0;1.0;1.0;1.0;1.0;;;31074
2012-01;5.0;5.0;5.0;5.0;4.0;4.0;4.0;4.0;4.0;4.0;3.0;3.0;3.0;;;;31074
2013-01;2.0;1.0;1.0;1.0;1.0;1.0;1.0;1.0;1.0;;1.0;1.0;;;;;31074
2014-01;2.0;2.0;2.0;2.0;1.0;1.0;1.0;1.0;1.0;1.0;1.0;;;;;;31074
2015-01;4.0;3.0;3.0;3.0;3.0;3.0;3.0;3.0;3.0;3.0;;;;;;;31074
2016-01;2.0;2.0;2.0;;;;;;;;;;;;;;31074
2017-01;4.0;4.0;3.0;3.0;3.0;3.0;3.0;2.0;;;;;;;;;31074
2019-01;8.0;7.0;7.0;5.0;5.0;5.0;;;;;;;;;;;31074
2020-01;4.0;3.0;3.0;2.0;2.0;;;;;;;;;;;;31074
2021-01;1.0;;;;;;;;;;;;;;;;31074
2022-01;4.0;4.0;4.0;;;;;;;;;;;;;;31074
2023-01;5.0;4.0;;;;;;;;;;;;;;;31074
2024-01;1.0;;;;;;;;;;;;;;;;31074
2009-01;7.0;7.0;7.0;7.0;7.0;6.0;4.0;4.0;4.0;4.0;4.0;3.0;3.0;3.0;3.0;3.0;31035
2010-01;3.0;3.0;3.0;3.0;3.0;3.0;3.0;3.0;2.0;2.0;2.0;2.0;2.0;1.0;1.0;;31035
2011-01;2.0;2.0;2.0;2.0;2.0;2.0;2.0;2.0;2.0;2.0;2.0;2.0;2.0;2.0;;;31035
2013-01;7.0;7.0;7.0;7.0;7.0;7.0;6.0;5.0;6.0;6.0;6.0;6.0;;;;;31035
2014-01;5.0;5.0;4.0;5.0;5.0;4.0;3.0;3.0;3.0;3.0;3.0;;;;;;31035
2015-01;4.0;3.0;3.0;3.0;3.0;2.0;2.0;2.0;2.0;1.0;;;;;;;31035
2016-01;2.0;1.0;1.0;1.0;1.0;1.0;1.0;1.0;1.0;;;;;;;;31035
2017-01;3.0;3.0;3.0;3.0;3.0;3.0;3.0;3.0;;;;;;;;;31035
2018-01;1.0;1.0;1.0;1.0;1.0;;;;;;;;;;;;31035
2019-01;5.0;5.0;3.0;3.0;3.0;2.0;;;;;;;;;;;31035
2020-01;3.0;2.0;2.0;2.0;1.0;;;;;;;;;;;;31035
2021-01;3.0;3.0;3.0;2.0;;;;;;;;;;;;;31035
2022-01;1.0;1.0;1.0;;;;;;;;;;;;;;31035
2023-01;10.0;9.0;;;;;;;;;;;;;;;31035
2024-01;8.0;;;;;;;;;;;;;;;;31035
2009-01;2.0;2.0;2.0;2.0;1.0;1.0;1.0;;;;;;;;;;31026
2010-01;4.0;4.0;3.0;2.0;2.0;2.0;2.0;2.0;3.0;2.0;3.0;3.0;2.0;2.0;2.0;;31026
2011-01;3.0;1.0;1.0;1.0;1.0;1.0;1.0;1.0;1.0;1.0;1.0;2.0;2.0;2.0;;;31026
2012-01;1.0;1.0;1.0;1.0;1.0;1.0;1.0;1.0;1.0;1.0;1.0;1.0;1.0;;;;31026
2013-01;2.0;2.0;2.0;2.0;2.0;2.0;2.0;2.0;2.0;2.0;2.0;2.0;;;;;31026
2014-01;2.0;1.0;1.0;1.0;1.0;1.0;;;1.0;1.0;1.0;;;;;;31026
2015-01;2.0;1.0;1.0;1.0;1.0;1.0;1.0;;;;;;;;;;31026
2016-01;2.0;2.0;2.0;2.0;2.0;2.0;2.0;2.0;2.0;;;;;;;;31026
2018-01;1.0;1.0;1.0;1.0;;;1.0;;;;;;;;;;31026
2020-01;3.0;1.0;1.0;1.0;2.0;;;;;;;;;;;;31026
2022-01;3.0;3.0;2.0;;;;;;;;;;;;;;31026
2023-01;2.0;2.0;;;;;;;;;;;;;;;31026
2024-01;3.0;;;;;;;;;;;;;;;;31026
2011-01;1.0;1.0;1.0;;;;;;;;;;;;;;31051
2014-01;1.0;1.0;;;;;;;;;;;;;;;31051
2017-01;2.0;2.0;2.0;2.0;1.0;1.0;;;;;;;;;;;31051
2018-01;1.0;1.0;1.0;1.0;1.0;1.0;1.0;;;;;;;;;;31051
2021-01;1.0;1.0;1.0;1.0;;;;;;;;;;;;;31051
2022-01;1.0;1.0;1.0;;;;;;;;;;;;;;31051
2023-01;1.0;1.0;;;;;;;;;;;;;;;31051
2009-01;3.0;3.0;3.0;3.0;3.0;3.0;2.0;2.0;3.0;3.0;3.0;3.0;3.0;3.0;3.0;3.0;31086
2010-01;1.0;;;;;;;;;;;;;;;;31086
2011-01;6.0;6.0;5.0;5.0;5.0;5.0;5.0;5.0;5.0;5.0;4.0;4.0;4.0;4.0;;;31086
2012-01;4.0;4.0;4.0;3.0;3.0;3.0;3.0;3.0;3.0;3.0;3.0;3.0;3.0;;;;31086
2013-01;4.0;3.0;2.0;3.0;3.0;3.0;3.0;2.0;3.0;3.0;3.0;3.0;;;;;31086
2014-01;2.0;2.0;2.0;2.0;2.0;2.0;2.0;2.0;1.0;;;;;;;;31086
2015-01;2.0;1.0;;;;1.0;1.0;1.0;1.0;1.0;;;;;;;31086
2016-01;8.0;8.0;8.0;8.0;8.0;6.0;6.0;6.0;6.0;;;;;;;;31086
2017-01;3.0;1.0;1.0;1.0;1.0;1.0;1.0;1.0;;;;;;;;;31086
2018-01;4.0;2.0;2.0;2.0;2.0;2.0;2.0;;;;;;;;;;31086
2019-01;3.0;1.0;1.0;1.0;1.0;;;;;;;;;;;;31086
2020-01;3.0;3.0;2.0;2.0;2.0;;;;;;;;;;;;31086
2021-01;5.0;3.0;3.0;2.0;;;;;;;;;;;;;31086
2022-01;7.0;6.0;5.0;;;;;;;;;;;;;;31086
2023-01;4.0;3.0;;;;;;;;;;;;;;;31086
2024-01;2.0;;;;;;;;;;;;;;;;31086
2009-01;1.0;1.0;1.0;1.0;1.0;1.0;1.0;1.0;1.0;1.0;1.0;1.0;1.0;1.0;1.0;1.0;31093
2010-01;2.0;2.0;1.0;;;;;;;;;;;;;;31093
2011-01;2.0;1.0;1.0;;;;;;;;;;;;;;31093
2012-01;1.0;1.0;1.0;1.0;1.0;1.0;1.0;1.0;1.0;1.0;1.0;1.0;1.0;;;;31093
2013-01;2.0;2.0;2.0;2.0;1.0;1.0;1.0;1.0;1.0;1.0;1.0;;;;;;31093
2016-01;1.0;1.0;;;;;;;;;;;;;;;31093
2017-01;2.0;;;;;;;;;;;;;;;;31093
2018-01;4.0;1.0;1.0;;;1.0;1.0;;;;;;;;;;31093
2019-01;1.0;;;;;;;;;;;;;;;;31093
2020-01;3.0;2.0;2.0;2.0;2.0;;;;;;;;;;;;31093
2021-01;1.0;;;;;;;;;;;;;;;;31093
2022-01;1.0;1.0;1.0;;;;;;;;;;;;;;31093
2023-01;1.0;1.0;;;;;;;;;;;;;;;31093
2009-01;19.0;19.0;19.0;18.0;18.0;17.0;16.0;16.0;16.0;16.0;13.0;13.0;13.0;13.0;14.0;13.0;31097
2010-01;6.0;6.0;5.0;5.0;5.0;5.0;5.0;5.0;4.0;2.0;3.0;3.0;4.0;3.0;3.0;;31097
2011-01;15.0;15.0;15.0;14.0;12.0;12.0;11.0;11.0;12.0;11.0;11.0;9.0;7.0;7.0;;;31097
2012-01;20.0;20.0;19.0;19.0;19.0;18.0;18.0;18.0;19.0;19.0;19.0;19.0;19.0;;;;31097
2013-01;12.0;12.0;10.0;10.0;10.0;10.0;10.0;11.0;10.0;11.0;10.0;10.0;;;;;31097
2014-01;13.0;13.0;10.0;9.0;8.0;8.0;9.0;9.0;8.0;8.0;8.0;;;;;;31097
2015-01;12.0;11.0;10.0;11.0;9.0;9.0;10.0;11.0;10.0;11.0;;;;;;;31097
2016-01;3.0;3.0;3.0;2.0;1.0;1.0;1.0;2.0;2.0;;;;;;;;31097
2017-01;6.0;5.0;5.0;5.0;5.0;5.0;5.0;3.0;;;;;;;;;31097
2018-01;14.0;12.0;11.0;11.0;10.0;11.0;9.0;;;;;;;;;;31097
2019-01;12.0;11.0;11.0;11.0;8.0;7.0;;;;;;;;;;;31097
2020-01;9.0;9.0;8.0;6.0;4.0;;;;;;;;;;;;31097
2021-01;2.0;2.0;2.0;1.0;;;;;;;;;;;;;31097
2022-01;8.0;7.0;6.0;;;;;;;;;;;;;;31097
2023-01;19.0;18.0;;;;;;;;;;;;;;;31097
2024-01;21.0;;;;;;;;;;;;;;;;31097
2009-01;1.0;1.0;1.0;1.0;1.0;;;;;;;;;;;;31096
2010-01;1.0;1.0;1.0;1.0;1.0;1.0;1.0;;;;;;;;;;31096
2014-01;1.0;1.0;1.0;1.0;;1.0;;;;;;;;;;;31096
2015-01;1.0;1.0;1.0;1.0;1.0;1.0;;;;;;;;;;;31096
2016-01;1.0;1.0;;;;;;;;;;;;;;;31096
2018-01;2.0;2.0;2.0;2.0;2.0;2.0;2.0;;;;;;;;;;31096
2023-01;1.0;1.0;;;;;;;;;;;;;;;31096
2009-01;4.0;4.0;4.0;4.0;2.0;2.0;2.0;2.0;2.0;2.0;2.0;2.0;2.0;2.0;2.0;1.0;31036
2010-01;6.0;6.0;5.0;5.0;5.0;5.0;5.0;5.0;5.0;5.0;5.0;5.0;5.0;5.0;3.0;;31036
2011-01;5.0;5.0;4.0;4.0;4.0;2.0;2.0;3.0;3.0;3.0;3.0;3.0;2.0;2.0;;;31036
2012-01;6.0;5.0;4.0;4.0;2.0;2.0;2.0;2.0;2.0;2.0;2.0;2.0;2.0;;;;31036
2013-01;3.0;3.0;3.0;3.0;2.0;2.0;2.0;2.0;2.0;2.0;2.0;2.0;;;;;31036
2014-01;4.0;4.0;3.0;3.0;2.0;1.0;1.0;1.0;1.0;2.0;2.0;;;;;;31036
2015-01;3.0;2.0;2.0;2.0;2.0;2.0;2.0;2.0;2.0;1.0;;;;;;;31036
2016-01;16.0;15.0;14.0;14.0;14.0;12.0;12.0;12.0;12.0;;;;;;;;31036
2017-01;3.0;2.0;2.0;2.0;2.0;2.0;2.0;2.0;;;;;;;;;31036
2018-01;5.0;2.0;2.0;2.0;1.0;1.0;;;;;;;;;;;31036
2019-01;7.0;7.0;6.0;5.0;5.0;4.0;;;;;;;;;;;31036
2020-01;1.0;1.0;1.0;1.0;1.0;;;;;;;;;;;;31036
2021-01;5.0;3.0;4.0;4.0;;;;;;;;;;;;;31036
2022-01;9.0;8.0;7.0;;;;;;;;;;;;;;31036
2023-01;4.0;4.0;;;;;;;;;;;;;;;31036
2024-01;7.0;;;;;;;;;;;;;;;;31036
2009-01;2.0;2.0;2.0;2.0;1.0;1.0;1.0;1.0;1.0;1.0;1.0;1.0;1.0;1.0;1.0;1.0;31098
2010-01;1.0;1.0;1.0;;;;;;;;;;;;;;31098
2013-01;2.0;2.0;2.0;2.0;2.0;2.0;2.0;1.0;1.0;1.0;;1.0;;;;;31098
2014-01;2.0;1.0;1.0;1.0;1.0;1.0;1.0;;1.0;1.0;2.0;;;;;;31098
2018-01;1.0;;;;;;;;;;;;;;;;31098
2019-01;3.0;2.0;;;;;;;;;;;;;;;31098
2020-01;2.0;2.0;2.0;1.0;2.0;;;;;;;;;;;;31098
2021-01;1.0;1.0;;;;;;;;;;;;;;;31098
2022-01;2.0;2.0;2.0;;;;;;;;;;;;;;31098
2023-01;3.0;2.0;;;;;;;;;;;;;;;31098
2024-01;1.0;;;;;;;;;;;;;;;;31098
2009-01;1.0;1.0;1.0;1.0;1.0;1.0;1.0;1.0;1.0;1.0;1.0;;;;;;31020
2010-01;1.0;1.0;1.0;;;;;;;;;;;;;;31020
2012-01;1.0;1.0;1.0;1.0;1.0;;;;;;;;;;;;31020
2013-01;1.0;1.0;1.0;1.0;1.0;1.0;1.0;1.0;1.0;1.0;1.0;1.0;;;;;31020
2015-01;2.0;;;;;;;;;;;;;;;;31020
2016-01;2.0;2.0;1.0;1.0;1.0;1.0;1.0;1.0;1.0;;;;;;;;31020
2017-01;1.0;;;;;;;;;;;;;;;;31020
2018-01;3.0;3.0;3.0;3.0;2.0;1.0;2.0;;;;;;;;;;31020
2019-01;2.0;2.0;2.0;2.0;2.0;2.0;;;;;;;;;;;31020
2022-01;1.0;;;;;;;;;;;;;;;;31020
2023-01;1.0;1.0;;;;;;;;;;;;;;;31020
2009-01;5.0;5.0;3.0;3.0;3.0;3.0;4.0;4.0;4.0;4.0;4.0;3.0;3.0;4.0;4.0;4.0;31048
2010-01;5.0;4.0;3.0;3.0;3.0;3.0;2.0;2.0;3.0;3.0;3.0;3.0;2.0;2.0;3.0;;31048
2011-01;7.0;7.0;7.0;5.0;4.0;4.0;4.0;5.0;6.0;7.0;7.0;7.0;7.0;7.0;;;31048
2012-01;3.0;3.0;3.0;3.0;3.0;3.0;2.0;2.0;3.0;3.0;2.0;1.0;1.0;;;;31048
2013-01;1.0;1.0;1.0;1.0;1.0;1.0;1.0;1.0;1.0;1.0;1.0;1.0;;;;;31048
2014-01;2.0;1.0;1.0;1.0;1.0;;1.0;1.0;;;;;;;;;31048
2015-01;3.0;3.0;3.0;2.0;3.0;3.0;2.0;2.0;2.0;2.0;;;;;;;31048
2016-01;3.0;2.0;2.0;1.0;1.0;1.0;2.0;1.0;1.0;;;;;;;;31048
2017-01;1.0;1.0;1.0;1.0;1.0;1.0;1.0;;;;;;;;;;31048
2018-01;1.0;1.0;1.0;1.0;1.0;1.0;1.0;;;;;;;;;;31048
2019-01;2.0;2.0;2.0;2.0;2.0;2.0;;;;;;;;;;;31048
2020-01;5.0;3.0;2.0;1.0;1.0;;;;;;;;;;;;31048
2021-01;3.0;1.0;1.0;;;;;;;;;;;;;;31048
2022-01;1.0;1.0;1.0;;;;;;;;;;;;;;31048
2023-01;3.0;2.0;;;;;;;;;;;;;;;31048
2009-01;1.0;1.0;1.0;1.0;1.0;1.0;1.0;1.0;1.0;1.0;1.0;1.0;1.0;1.0;;;31002
2011-01;2.0;2.0;2.0;2.0;2.0;2.0;2.0;2.0;2.0;2.0;2.0;2.0;2.0;2.0;;;31002
2012-01;2.0;1.0;1.0;1.0;1.0;1.0;1.0;1.0;1.0;1.0;1.0;1.0;1.0;;;;31002
2013-01;1.0;;;;;;;;;;;;;;;;31002
2015-01;1.0;1.0;;;;;;;;;;;;;;;31002
2016-01;2.0;2.0;2.0;2.0;2.0;2.0;2.0;2.0;2.0;;;;;;;;31002
2017-01;2.0;2.0;2.0;2.0;1.0;1.0;1.0;1.0;;;;;;;;;31002
2019-01;1.0;1.0;1.0;;;;;;;;;;;;;;31002
2020-01;1.0;;;;;;;;;;;;;;;;31002
2021-01;3.0;3.0;3.0;3.0;;;;;;;;;;;;;31002
2022-01;3.0;3.0;2.0;;;;;;;;;;;;;;31002
2023-01;3.0;3.0;;;;;;;;;;;;;;;31002
2024-01;1.0;;;;;;;;;;;;;;;;31002
2009-01;4.0;2.0;2.0;2.0;2.0;2.0;2.0;2.0;2.0;2.0;3.0;2.0;1.0;1.0;2.0;2.0;31032
2010-01;2.0;1.0;1.0;1.0;;;;;;;;;;;;;31032
2011-01;4.0;4.0;4.0;4.0;4.0;3.0;3.0;3.0;3.0;2.0;2.0;2.0;2.0;2.0;;;31032
2012-01;1.0;1.0;1.0;1.0;1.0;1.0;1.0;1.0;1.0;1.0;1.0;1.0;1.0;;;;31032
2014-01;3.0;3.0;1.0;1.0;1.0;2.0;2.0;1.0;1.0;1.0;1.0;;;;;;31032
2015-01;4.0;4.0;4.0;4.0;4.0;3.0;3.0;3.0;3.0;2.0;;;;;;;31032
2016-01;2.0;1.0;;1.0;1.0;;;;;;;;;;;;31032
2017-01;2.0;1.0;2.0;1.0;1.0;;;;;;;;;;;;31032
2018-01;5.0;4.0;3.0;2.0;3.0;3.0;3.0;;;;;;;;;;31032
2019-01;6.0;5.0;4.0;4.0;3.0;3.0;;;;;;;;;;;31032
2020-01;4.0;3.0;3.0;2.0;2.0;;;;;;;;;;;;31032
2021-01;3.0;3.0;2.0;2.0;;;;;;;;;;;;;31032
2022-01;3.0;3.0;2.0;;;;;;;;;;;;;;31032
2023-01;1.0;;;;;;;;;;;;;;;;31032
2024-01;7.0;;;;;;;;;;;;;;;;31032
2009-01;6.0;3.0;3.0;2.0;2.0;;;;;;;;;;;;31059
2010-01;4.0;3.0;3.0;4.0;3.0;3.0;3.0;3.0;3.0;3.0;3.0;3.0;3.0;3.0;3.0;;31059
2011-01;4.0;4.0;4.0;3.0;4.0;4.0;4.0;3.0;4.0;4.0;4.0;4.0;4.0;3.0;;;31059
2012-01;4.0;3.0;3.0;3.0;2.0;2.0;2.0;2.0;2.0;2.0;3.0;3.0;3.0;;;;31059
2013-01;2.0;1.0;1.0;1.0;1.0;1.0;;;;;;1.0;;;;;31059
2014-01;3.0;2.0;2.0;1.0;1.0;1.0;1.0;1.0;;;;;;;;;31059
2015-01;4.0;4.0;3.0;3.0;2.0;2.0;2.0;2.0;2.0;2.0;;;;;;;31059
2016-01;1.0;1.0;1.0;1.0;1.0;1.0;1.0;1.0;1.0;;;;;;;;31059
2017-01;3.0;2.0;1.0;1.0;1.0;1.0;2.0;2.0;;;;;;;;;31059
2018-01;4.0;4.0;4.0;4.0;3.0;3.0;3.0;;;;;;;;;;31059
2019-01;3.0;3.0;2.0;1.0;;;;;;;;;;;;;31059
2020-01;3.0;3.0;2.0;2.0;2.0;;;;;;;;;;;;31059
2021-01;3.0;3.0;3.0;3.0;;;;;;;;;;;;;31059
2022-01;4.0;2.0;;;;;;;;;;;;;;;31059
2023-01;3.0;2.0;;;;;;;;;;;;;;;31059
2024-01;2.0;;;;;;;;;;;;;;;;31059
2009-01;1.0;;;;;;1.0;1.0;1.0;1.0;1.0;1.0;1.0;1.0;1.0;1.0;31053
2010-01;4.0;4.0;2.0;2.0;3.0;3.0;3.0;3.0;3.0;3.0;2.0;2.0;2.0;1.0;1.0;;31053
2012-01;2.0;1.0;;;;;;;;;;;;;;;31053
2014-01;5.0;2.0;2.0;2.0;3.0;3.0;3.0;3.0;3.0;3.0;3.0;;;;;;31053
2015-01;1.0;;;;;;;;;;;;;;;;31053
2016-01;2.0;1.0;1.0;1.0;1.0;;;;;;;;;;;;31053
2017-01;1.0;1.0;1.0;;;;;;;;;;;;;;31053
2018-01;2.0;2.0;2.0;2.0;2.0;2.0;1.0;;;;;;;;;;31053
2020-01;1.0;1.0;1.0;;;;;;;;;;;;;;31053
2021-01;2.0;1.0;1.0;;;;;;;;;;;;;;31053
2022-01;1.0;1.0;;;;;;;;;;;;;;;31053
2023-01;1.0;1.0;;;;;;;;;;;;;;;31053
2024-01;2.0;;;;;;;;;;;;;;;;31053
2009-01;1.0;1.0;1.0;1.0;1.0;1.0;1.0;1.0;1.0;1.0;1.0;1.0;1.0;;;;31031
2010-01;1.0;1.0;1.0;1.0;1.0;1.0;1.0;1.0;1.0;1.0;1.0;1.0;1.0;1.0;1.0;;31031
2011-01;4.0;4.0;3.0;3.0;3.0;3.0;3.0;2.0;2.0;2.0;2.0;2.0;2.0;2.0;;;31031
2012-01;1.0;1.0;1.0;1.0;1.0;1.0;1.0;1.0;1.0;1.0;;;;;;;31031
2013-01;2.0;2.0;2.0;2.0;2.0;2.0;2.0;1.0;1.0;;;;;;;;31031
2014-01;2.0;2.0;1.0;1.0;1.0;1.0;1.0;1.0;1.0;1.0;1.0;;;;;;31031
2015-01;1.0;1.0;1.0;1.0;1.0;1.0;1.0;1.0;1.0;1.0;;;;;;;31031
2016-01;5.0;4.0;3.0;2.0;2.0;2.0;2.0;2.0;2.0;;;;;;;;31031
2017-01;2.0;1.0;1.0;1.0;1.0;1.0;1.0;1.0;;;;;;;;;31031
2018-01;4.0;4.0;4.0;4.0;3.0;2.0;2.0;;;;;;;;;;31031
2019-01;1.0;;;;;;;;;;;;;;;;31031
2021-01;2.0;2.0;2.0;2.0;;;;;;;;;;;;;31031
2022-01;4.0;4.0;4.0;;;;;;;;;;;;;;31031
2023-01;2.0;2.0;;;;;;;;;;;;;;;31031
2024-01;3.0;;;;;;;;;;;;;;;;31031
2009-01;3.0;1.0;1.0;1.0;1.0;1.0;1.0;1.0;1.0;1.0;2.0;2.0;2.0;2.0;2.0;2.0;31003
2010-01;4.0;3.0;2.0;3.0;3.0;3.0;3.0;3.0;3.0;3.0;3.0;3.0;2.0;1.0;1.0;;31003
2011-01;1.0;1.0;;;;;;;;;;;;;;;31003
2012-01;3.0;2.0;3.0;3.0;3.0;3.0;3.0;2.0;2.0;1.0;1.0;1.0;2.0;;;;31003
2013-01;3.0;3.0;3.0;3.0;3.0;3.0;3.0;2.0;2.0;2.0;2.0;2.0;;;;;31003
2014-01;1.0;1.0;1.0;1.0;1.0;1.0;1.0;1.0;1.0;1.0;1.0;;;;;;31003
2015-01;2.0;2.0;;1.0;1.0;;;;;;;;;;;;31003
2017-01;1.0;1.0;1.0;;;;;;;;;;;;;;31003
2018-01;4.0;4.0;4.0;4.0;3.0;3.0;3.0;;;;;;;;;;31003
2019-01;2.0;1.0;1.0;1.0;1.0;1.0;;;;;;;;;;;31003
2020-01;1.0;1.0;1.0;;;;;;;;;;;;;;31003
2021-01;2.0;1.0;;;;;;;;;;;;;;;31003
2022-01;6.0;6.0;4.0;;;;;;;;;;;;;;31003
2023-01;2.0;2.0;;;;;;;;;;;;;;;31003
2024-01;4.0;;;;;;;;;;;;;;;;31003
2009-01;1.0;1.0;1.0;1.0;1.0;1.0;1.0;1.0;1.0;1.0;1.0;1.0;1.0;1.0;1.0;1.0;31009
2010-01;3.0;3.0;2.0;2.0;2.0;2.0;2.0;2.0;3.0;3.0;3.0;3.0;3.0;3.0;3.0;;31009
2011-01;1.0;;;;;;;;;;;;;;;;31009
2012-01;2.0;2.0;2.0;2.0;2.0;1.0;1.0;1.0;1.0;2.0;2.0;2.0;2.0;;;;31009
2013-01;1.0;1.0;1.0;1.0;;1.0;1.0;1.0;1.0;1.0;1.0;1.0;;;;;31009
2014-01;3.0;3.0;2.0;1.0;1.0;2.0;1.0;1.0;1.0;1.0;1.0;;;;;;31009
2015-01;2.0;2.0;2.0;1.0;1.0;1.0;1.0;1.0;1.0;1.0;;;;;;;31009
2016-01;2.0;2.0;;;;;;1.0;;;;;;;;;31009
2017-01;1.0;1.0;1.0;1.0;1.0;1.0;1.0;1.0;;;;;;;;;31009
2018-01;6.0;5.0;5.0;3.0;3.0;3.0;4.0;;;;;;;;;;31009
2019-01;2.0;2.0;2.0;2.0;1.0;1.0;;;;;;;;;;;31009
2020-01;4.0;4.0;3.0;3.0;3.0;;;;;;;;;;;;31009
2021-01;3.0;1.0;;1.0;;;;;;;;;;;;;31009
2023-01;2.0;2.0;;;;;;;;;;;;;;;31009
2010-01;1.0;1.0;1.0;1.0;1.0;;;;;;;;;;;;31065
2012-01;1.0;;;;;;;;;;;;;;;;31065
2013-01;2.0;2.0;2.0;1.0;1.0;1.0;1.0;1.0;1.0;1.0;1.0;1.0;;;;;31065
2015-01;1.0;;;;;;;;;;;;;;;;31065
2017-01;1.0;1.0;1.0;;;;;;;;;;;;;;31065
2019-01;1.0;1.0;1.0;1.0;1.0;1.0;;;;;;;;;;;31065
2020-01;1.0;1.0;1.0;1.0;;;;;;;;;;;;;31065
2009-01;4.0;4.0;4.0;4.0;2.0;2.0;3.0;3.0;3.0;3.0;3.0;4.0;4.0;4.0;4.0;4.0;31071
2010-01;3.0;3.0;3.0;3.0;3.0;3.0;2.0;2.0;2.0;2.0;2.0;2.0;2.0;2.0;2.0;;31071
2011-01;2.0;2.0;2.0;2.0;2.0;2.0;2.0;2.0;2.0;2.0;2.0;2.0;2.0;2.0;;;31071
2012-01;2.0;2.0;2.0;2.0;2.0;2.0;2.0;2.0;2.0;2.0;2.0;2.0;2.0;;;;31071
2013-01;2.0;2.0;2.0;2.0;2.0;2.0;2.0;2.0;2.0;2.0;2.0;2.0;;;;;31071
2014-01;2.0;2.0;2.0;1.0;1.0;1.0;1.0;1.0;1.0;1.0;1.0;;;;;;31071
2015-01;2.0;2.0;1.0;1.0;1.0;1.0;1.0;1.0;1.0;1.0;;;;;;;31071
2016-01;3.0;3.0;2.0;2.0;2.0;2.0;2.0;2.0;2.0;;;;;;;;31071
2017-01;1.0;1.0;;;;;;;;;;;;;;;31071
2018-01;5.0;4.0;2.0;2.0;1.0;1.0;1.0;;;;;;;;;;31071
2019-01;2.0;;;1.0;1.0;1.0;;;;;;;;;;;31071
2020-01;3.0;2.0;3.0;3.0;3.0;;;;;;;;;;;;31071
2022-01;3.0;3.0;2.0;;;;;;;;;;;;;;31071
2023-01;3.0;3.0;;;;;;;;;;;;;;;31071
2024-01;2.0;;;;;;;;;;;;;;;;31071
2009-01;3.0;3.0;2.0;1.0;1.0;1.0;1.0;1.0;;1.0;1.0;2.0;2.0;2.0;2.0;2.0;31052
2010-01;5.0;5.0;5.0;5.0;4.0;4.0;4.0;4.0;4.0;4.0;4.0;4.0;4.0;4.0;4.0;;31052
2011-01;2.0;2.0;2.0;1.0;1.0;;1.0;1.0;1.0;1.0;1.0;1.0;1.0;1.0;;;31052
2012-01;2.0;2.0;2.0;2.0;1.0;;;;;;;;;;;;31052
2013-01;2.0;2.0;2.0;2.0;2.0;2.0;2.0;2.0;2.0;;;;;;;;31052
2014-01;2.0;2.0;2.0;1.0;;;;;;;;;;;;;31052
2015-01;1.0;1.0;1.0;1.0;1.0;;;;;;;;;;;;31052
2016-01;1.0;1.0;1.0;1.0;1.0;1.0;1.0;1.0;1.0;;;;;;;;31052
2017-01;1.0;1.0;1.0;1.0;1.0;1.0;1.0;1.0;;;;;;;;;31052
2018-01;3.0;2.0;1.0;1.0;2.0;2.0;2.0;;;;;;;;;;31052
2019-01;3.0;2.0;;1.0;1.0;1.0;;;;;;;;;;;31052
2020-01;4.0;3.0;2.0;2.0;2.0;;;;;;;;;;;;31052
2021-01;2.0;2.0;2.0;2.0;;;;;;;;;;;;;31052
2022-01;2.0;1.0;1.0;;;;;;;;;;;;;;31052
2023-01;4.0;3.0;;;;;;;;;;;;;;;31052
2024-01;3.0;;;;;;;;;;;;;;;;31052
2009-01;2.0;2.0;2.0;2.0;1.0;1.0;1.0;1.0;1.0;1.0;1.0;1.0;1.0;1.0;1.0;1.0;31023
2010-01;2.0;2.0;2.0;2.0;2.0;2.0;2.0;2.0;2.0;2.0;2.0;2.0;2.0;2.0;2.0;;31023
2012-01;2.0;2.0;2.0;2.0;1.0;1.0;1.0;1.0;1.0;1.0;1.0;1.0;1.0;;;;31023
2013-01;4.0;4.0;4.0;4.0;3.0;3.0;3.0;2.0;2.0;2.0;2.0;2.0;;;;;31023
2014-01;1.0;1.0;1.0;1.0;1.0;1.0;1.0;1.0;1.0;;;;;;;;31023
2016-01;3.0;3.0;3.0;2.0;2.0;2.0;2.0;2.0;2.0;;;;;;;;31023
2017-01;2.0;2.0;2.0;2.0;2.0;2.0;2.0;2.0;;;;;;;;;31023
2018-01;1.0;1.0;;;;;;;;;;;;;;;31023
2020-01;1.0;1.0;;;;;;;;;;;;;;;31023
2021-01;1.0;;1.0;1.0;;;;;;;;;;;;;31023
2022-01;3.0;2.0;2.0;;;;;;;;;;;;;;31023
2023-01;1.0;1.0;;;;;;;;;;;;;;;31023
2024-01;2.0;;;;;;;;;;;;;;;;31023
2009-01;5.0;4.0;2.0;2.0;2.0;2.0;3.0;3.0;3.0;3.0;2.0;2.0;2.0;3.0;4.0;3.0;31057
2010-01;1.0;1.0;1.0;1.0;1.0;1.0;1.0;1.0;1.0;1.0;1.0;1.0;1.0;;;;31057
2011-01;1.0;1.0;1.0;;1.0;1.0;;;;;;;;;;;31057
2012-01;4.0;4.0;3.0;2.0;2.0;2.0;2.0;2.0;1.0;1.0;1.0;1.0;2.0;;;;31057
2013-01;3.0;3.0;3.0;3.0;3.0;3.0;3.0;3.0;3.0;3.0;3.0;1.0;;;;;31057
2014-01;3.0;3.0;3.0;3.0;3.0;3.0;3.0;3.0;2.0;2.0;;;;;;;31057
2015-01;3.0;2.0;2.0;2.0;1.0;1.0;1.0;1.0;1.0;1.0;;;;;;;31057
2016-01;5.0;5.0;5.0;5.0;5.0;5.0;3.0;3.0;3.0;;;;;;;;31057
2017-01;2.0;;;;;;;;;;;;;;;;31057
2018-01;3.0;2.0;1.0;1.0;2.0;1.0;1.0;;;;;;;;;;31057
2019-01;2.0;2.0;1.0;1.0;1.0;1.0;;;;;;;;;;;31057
2020-01;4.0;3.0;3.0;3.0;2.0;;;;;;;;;;;;31057
2021-01;7.0;2.0;4.0;3.0;;;;;;;;;;;;;31057
2022-01;6.0;6.0;4.0;;;;;;;;;;;;;;31057
2023-01;5.0;3.0;;;;;;;;;;;;;;;31057
2024-01;8.0;;;;;;;;;;;;;;;;31057
2009-01;1.0;1.0;1.0;1.0;1.0;1.0;1.0;1.0;1.0;1.0;1.0;1.0;1.0;1.0;1.0;1.0;31077
2013-01;1.0;1.0;1.0;1.0;1.0;1.0;1.0;1.0;1.0;1.0;1.0;1.0;;;;;31077
2019-01;1.0;;;1.0;1.0;1.0;;;;;;;;;;;31077
2023-01;1.0;1.0;;;;;;;;;;;;;;;31077
2024-01;1.0;;;;;;;;;;;;;;;;31077
2011-01;1.0;1.0;1.0;1.0;1.0;1.0;1.0;1.0;;;;;;;;;31062
2013-01;1.0;1.0;1.0;1.0;1.0;1.0;1.0;;1.0;1.0;1.0;;;;;;31062
2019-01;1.0;1.0;1.0;1.0;;;;;;;;;;;;;31062
2022-01;1.0;1.0;1.0;;;;;;;;;;;;;;31062
2024-01;1.0;;;;;;;;;;;;;;;;31062
2009-01;4.0;3.0;1.0;1.0;1.0;1.0;1.0;1.0;1.0;1.0;1.0;1.0;1.0;1.0;1.0;1.0;31099
2011-01;3.0;2.0;2.0;2.0;2.0;2.0;2.0;2.0;2.0;2.0;2.0;2.0;2.0;2.0;;;31099
2012-01;5.0;5.0;5.0;5.0;4.0;3.0;3.0;3.0;3.0;3.0;3.0;3.0;3.0;;;;31099
2013-01;1.0;1.0;1.0;1.0;1.0;1.0;1.0;;;;;1.0;;;;;31099
2014-01;3.0;2.0;2.0;1.0;1.0;1.0;1.0;1.0;1.0;1.0;1.0;;;;;;31099
2015-01;2.0;1.0;1.0;1.0;1.0;1.0;1.0;;;;;;;;;;31099
2016-01;1.0;1.0;1.0;1.0;1.0;1.0;1.0;1.0;1.0;;;;;;;;31099
2018-01;5.0;5.0;4.0;4.0;2.0;1.0;2.0;;;;;;;;;;31099
2019-01;2.0;2.0;2.0;1.0;1.0;;;;;;;;;;;;31099
2020-01;2.0;2.0;1.0;1.0;1.0;;;;;;;;;;;;31099
2021-01;2.0;2.0;2.0;1.0;;;;;;;;;;;;;31099
2022-01;6.0;3.0;3.0;;;;;;;;;;;;;;31099
2023-01;2.0;1.0;;;;;;;;;;;;;;;31099
2024-01;4.0;;;;;;;;;;;;;;;;31099
2009-01;1.0;1.0;;;;;;;;;;;;;;;31076
2011-01;1.0;1.0;1.0;1.0;1.0;;;;;;;;;;;;31076
2014-01;1.0;1.0;1.0;1.0;;;;1.0;1.0;1.0;1.0;;;;;;31076
2016-01;1.0;1.0;1.0;1.0;1.0;1.0;1.0;1.0;1.0;;;;;;;;31076
2020-01;1.0;1.0;1.0;1.0;1.0;;;;;;;;;;;;31076
2022-01;1.0;1.0;1.0;;;;;;;;;;;;;;31076
2023-01;1.0;1.0;;;;;;;;;;;;;;;31076
2009-01;4.0;4.0;4.0;4.0;4.0;4.0;4.0;4.0;4.0;4.0;3.0;3.0;3.0;3.0;1.0;1.0;31022
2010-01;2.0;2.0;1.0;1.0;1.0;1.0;2.0;2.0;2.0;2.0;2.0;2.0;2.0;2.0;2.0;;31022
2011-01;7.0;3.0;2.0;3.0;4.0;4.0;4.0;4.0;2.0;5.0;5.0;5.0;5.0;5.0;;;31022
2012-01;1.0;1.0;1.0;1.0;1.0;;;;;;;;;;;;31022
2013-01;2.0;2.0;2.0;2.0;2.0;2.0;2.0;2.0;2.0;2.0;2.0;2.0;;;;;31022
2014-01;5.0;5.0;5.0;3.0;3.0;3.0;2.0;2.0;2.0;2.0;3.0;;;;;;31022
2015-01;7.0;6.0;6.0;6.0;6.0;6.0;6.0;6.0;5.0;5.0;;;;;;;31022
2016-01;1.0;1.0;1.0;1.0;1.0;1.0;1.0;1.0;1.0;;;;;;;;31022
2017-01;4.0;3.0;2.0;2.0;2.0;2.0;2.0;2.0;;;;;;;;;31022
2018-01;6.0;6.0;5.0;5.0;5.0;5.0;5.0;;;;;;;;;;31022
2019-01;3.0;2.0;2.0;2.0;2.0;2.0;;;;;;;;;;;31022
2020-01;1.0;1.0;1.0;1.0;1.0;;;;;;;;;;;;31022
2022-01;6.0;5.0;5.0;;;;;;;;;;;;;;31022
2023-01;2.0;2.0;;;;;;;;;;;;;;;31022
2024-01;3.0;;;;;;;;;;;;;;;;31022
2009-01;4.0;3.0;3.0;3.0;3.0;3.0;3.0;3.0;3.0;3.0;2.0;2.0;2.0;2.0;3.0;3.0;31025
2010-01;6.0;6.0;6.0;4.0;4.0;4.0;4.0;4.0;4.0;3.0;3.0;4.0;5.0;5.0;5.0;;31025
2011-01;2.0;2.0;2.0;2.0;2.0;2.0;2.0;2.0;2.0;2.0;2.0;2.0;2.0;2.0;;;31025
2012-01;5.0;4.0;3.0;3.0;3.0;2.0;2.0;3.0;3.0;3.0;3.0;3.0;3.0;;;;31025
2013-01;5.0;4.0;4.0;4.0;4.0;4.0;4.0;1.0;1.0;1.0;1.0;1.0;;;;;31025
2014-01;3.0;3.0;2.0;2.0;2.0;2.0;2.0;2.0;2.0;2.0;2.0;;;;;;31025
2015-01;2.0;2.0;1.0;1.0;;;;;;;;;;;;;31025
2016-01;2.0;2.0;2.0;2.0;2.0;2.0;1.0;1.0;;;;;;;;;31025
2017-01;7.0;7.0;7.0;4.0;5.0;5.0;2.0;2.0;;;;;;;;;31025
2018-01;1.0;1.0;1.0;1.0;1.0;1.0;1.0;;;;;;;;;;31025
2019-01;3.0;2.0;1.0;;1.0;1.0;;;;;;;;;;;31025
2020-01;6.0;6.0;5.0;4.0;2.0;;;;;;;;;;;;31025
2021-01;4.0;4.0;2.0;2.0;;;;;;;;;;;;;31025
2022-01;3.0;1.0;1.0;;;;;;;;;;;;;;31025
2023-01;7.0;4.0;;;;;;;;;;;;;;;31025
2024-01;7.0;;;;;;;;;;;;;;;;31025
2009-01;3.0;2.0;2.0;2.0;2.0;2.0;2.0;1.0;1.0;1.0;1.0;1.0;1.0;1.0;1.0;1.0;31045
2010-01;2.0;2.0;1.0;1.0;1.0;1.0;1.0;1.0;1.0;1.0;1.0;1.0;1.0;1.0;1.0;;31045
2011-01;2.0;2.0;2.0;2.0;2.0;2.0;2.0;2.0;1.0;1.0;1.0;1.0;1.0;1.0;;;31045
2012-01;2.0;2.0;1.0;1.0;1.0;1.0;1.0;1.0;2.0;2.0;2.0;2.0;2.0;;;;31045
2013-01;3.0;3.0;3.0;3.0;3.0;3.0;3.0;3.0;3.0;2.0;1.0;1.0;;;;;31045
2014-01;6.0;5.0;4.0;4.0;4.0;4.0;3.0;3.0;4.0;4.0;2.0;;;;;;31045
2015-01;2.0;2.0;2.0;1.0;1.0;2.0;2.0;2.0;2.0;1.0;;;;;;;31045
2016-01;3.0;2.0;2.0;2.0;2.0;1.0;2.0;1.0;1.0;;;;;;;;31045
2017-01;4.0;3.0;3.0;3.0;3.0;3.0;3.0;3.0;;;;;;;;;31045
2018-01;2.0;1.0;1.0;1.0;1.0;1.0;1.0;;;;;;;;;;31045
2019-01;1.0;1.0;1.0;1.0;1.0;1.0;;;;;;;;;;;31045
2020-01;2.0;2.0;1.0;2.0;1.0;;;;;;;;;;;;31045
2021-01;3.0;3.0;3.0;2.0;;;;;;;;;;;;;31045
2022-01;9.0;8.0;7.0;;;;;;;;;;;;;;31045
2023-01;3.0;2.0;;;;;;;;;;;;;;;31045
2024-01;5.0;;;;;;;;;;;;;;;;31045
2010-01;3.0;2.0;2.0;2.0;1.0;1.0;1.0;1.0;1.0;2.0;2.0;2.0;2.0;2.0;2.0;;31066
2014-01;1.0;1.0;1.0;1.0;1.0;1.0;1.0;1.0;1.0;1.0;;;;;;;31066
2016-01;1.0;1.0;1.0;1.0;1.0;1.0;1.0;1.0;1.0;;;;;;;;31066
2021-01;1.0;1.0;1.0;1.0;;;;;;;;;;;;;31066
2009-01;2.0;2.0;2.0;2.0;1.0;;;;2.0;2.0;2.0;1.0;1.0;1.0;1.0;1.0;31088
2010-01;2.0;2.0;2.0;2.0;2.0;2.0;2.0;2.0;2.0;2.0;1.0;1.0;1.0;1.0;1.0;;31088
2011-01;1.0;1.0;1.0;1.0;1.0;1.0;1.0;1.0;1.0;1.0;1.0;1.0;1.0;1.0;;;31088
2012-01;1.0;1.0;;;;1.0;1.0;1.0;1.0;1.0;1.0;1.0;1.0;;;;31088
2013-01;1.0;1.0;;;;1.0;1.0;1.0;1.0;;;;;;;;31088
2014-01;3.0;2.0;2.0;2.0;2.0;2.0;2.0;2.0;2.0;2.0;2.0;;;;;;31088
2015-01;3.0;3.0;3.0;1.0;2.0;1.0;1.0;1.0;;;;;;;;;31088
2018-01;3.0;2.0;;;1.0;;;;;;;;;;;;31088
2019-01;3.0;2.0;2.0;2.0;2.0;2.0;;;;;;;;;;;31088
2020-01;4.0;3.0;3.0;1.0;1.0;;;;;;;;;;;;31088
2021-01;1.0;1.0;1.0;1.0;;;;;;;;;;;;;31088
2022-01;1.0;1.0;;;;;;;;;;;;;;;31088
2023-01;1.0;1.0;;;;;;;;;;;;;;;31088
2009-01;3.0;3.0;1.0;1.0;1.0;1.0;1.0;1.0;;;;;;;;1.0;31058
2010-01;3.0;2.0;1.0;1.0;1.0;1.0;1.0;1.0;1.0;1.0;1.0;1.0;1.0;1.0;1.0;;31058
2011-01;2.0;2.0;2.0;2.0;2.0;1.0;1.0;1.0;1.0;1.0;1.0;1.0;1.0;1.0;;;31058
2012-01;2.0;2.0;2.0;2.0;2.0;2.0;2.0;2.0;2.0;2.0;2.0;2.0;1.0;;;;31058
2013-01;1.0;1.0;1.0;1.0;1.0;1.0;1.0;;;;;;;;;;31058
2014-01;1.0;;;;;;;;;;;;;;;;31058
2015-01;1.0;1.0;1.0;;;;1.0;1.0;1.0;1.0;;;;;;;31058
2016-01;2.0;1.0;1.0;1.0;;;1.0;1.0;;;;;;;;;31058
2017-01;3.0;3.0;3.0;2.0;2.0;3.0;2.0;2.0;;;;;;;;;31058
2018-01;4.0;4.0;2.0;2.0;2.0;2.0;2.0;;;;;;;;;;31058
2019-01;1.0;1.0;1.0;1.0;1.0;;;;;;;;;;;;31058
2020-01;3.0;3.0;3.0;2.0;2.0;;;;;;;;;;;;31058
2021-01;2.0;1.0;1.0;;;;;;;;;;;;;;31058
2022-01;2.0;1.0;;;;;;;;;;;;;;;31058
2023-01;2.0;1.0;;;;;;;;;;;;;;;31058
2024-01;5.0;;;;;;;;;;;;;;;;31058
2009-01;2.0;1.0;1.0;1.0;1.0;1.0;;;;;;;;;;;31085
2010-01;1.0;1.0;1.0;1.0;1.0;1.0;1.0;1.0;1.0;1.0;1.0;1.0;1.0;1.0;1.0;;31085
2012-01;2.0;1.0;1.0;1.0;;;;;;;;;;;;;31085
2013-01;1.0;;;;;;;;;;;;;;;;31085
2014-01;3.0;2.0;2.0;2.0;1.0;;;;1.0;1.0;1.0;;;;;;31085
2015-01;5.0;4.0;2.0;2.0;3.0;2.0;2.0;3.0;3.0;2.0;;;;;;;31085
2017-01;1.0;;;;;;;;;;;;;;;;31085
2018-01;2.0;2.0;1.0;1.0;1.0;1.0;1.0;;;;;;;;;;31085
2019-01;1.0;;;;;;;;;;;;;;;;31085
2020-01;4.0;4.0;4.0;2.0;2.0;;;;;;;;;;;;31085
2021-01;1.0;1.0;1.0;1.0;;;;;;;;;;;;;31085
2022-01;3.0;2.0;2.0;;;;;;;;;;;;;;31085
2023-01;2.0;2.0;;;;;;;;;;;;;;;31085
2024-01;1.0;;;;;;;;;;;;;;;;31085
2009-01;1.0;1.0;;;;;;;;;;;;;;;31046
2010-01;1.0;1.0;1.0;;1.0;1.0;;;;;;;;;;;31046
2012-01;1.0;1.0;1.0;1.0;1.0;;;;1.0;1.0;1.0;1.0;1.0;;;;31046
2013-01;1.0;;;;;;;;;1.0;1.0;1.0;;;;;31046
2015-01;1.0;1.0;1.0;1.0;1.0;;;1.0;;;;;;;;;31046
2018-01;2.0;2.0;;;;;;;;;;;;;;;31046
2019-01;1.0;1.0;1.0;1.0;;;;;;;;;;;;;31046
2020-01;1.0;1.0;;;;;;;;;;;;;;;31046
2023-01;2.0;2.0;;;;;;;;;;;;;;;31046
2024-01;1.0;;;;;;;;;;;;;;;;31046
2010-01;1.0;1.0;1.0;;;;;;;;;;;;;;31067
2013-01;1.0;;;;;;;;;;;;;;;;31067
2014-01;1.0;1.0;1.0;1.0;;;;;;;;;;;;;31067
2019-01;1.0;;;;;;;;;;;;;;;;31067
2009-01;1.0;1.0;1.0;1.0;1.0;1.0;1.0;1.0;1.0;1.0;1.0;1.0;1.0;1.0;1.0;1.0;31082
2015-01;1.0;;;;;;;;;;;;;;;;31082
2016-01;1.0;1.0;1.0;1.0;1.0;1.0;1.0;1.0;1.0;;;;;;;;31082
2017-01;1.0;1.0;1.0;1.0;1.0;1.0;1.0;1.0;;;;;;;;;31082
2018-01;1.0;1.0;1.0;1.0;1.0;;;;;;;;;;;;31082
2024-01;4.0;;;;;;;;;;;;;;;;31082
2012-01;1.0;1.0;1.0;;;;;;;;;;;;;;31081
2016-01;2.0;1.0;1.0;;;;;;;;;;;;;;31081
2018-01;1.0;1.0;1.0;1.0;1.0;1.0;1.0;;;;;;;;;;31081
2023-01;1.0;1.0;;;;;;;;;;;;;;;31081
2010-01;1.0;1.0;1.0;1.0;1.0;1.0;1.0;1.0;1.0;1.0;1.0;1.0;1.0;1.0;;;31080
2014-01;1.0;1.0;1.0;1.0;1.0;1.0;1.0;1.0;1.0;1.0;1.0;;;;;;31080
2022-01;2.0;2.0;2.0;;;;;;;;;;;;;;31080
