;0;12;24;36;48;60;72;84;96;108;120;132;144;156;168;180;cod_regsaud
2009-01;5.0;4.0;4.0;3.0;2.0;2.0;2.0;2.0;2.0;2.0;2.0;1.0;1.0;1.0;2.0;2.0;12002
2014-01;1.0;1.0;;;;;;;;;;;;;;;12002
2015-01;2.0;2.0;2.0;2.0;1.0;1.0;1.0;1.0;1.0;1.0;;;;;;;12002
2017-01;2.0;2.0;2.0;2.0;2.0;2.0;2.0;2.0;;;;;;;;;12002
2019-01;1.0;1.0;1.0;1.0;1.0;1.0;;;;;;;;;;;12002
2021-01;1.0;1.0;;;;;;;;;;;;;;;12002
2022-01;1.0;;;;;;;;;;;;;;;;12002
2023-01;2.0;2.0;;;;;;;;;;;;;;;12002
2009-01;2.0;2.0;2.0;2.0;1.0;1.0;;;;;;;;;;;27007
2010-01;3.0;3.0;2.0;2.0;2.0;1.0;1.0;1.0;1.0;1.0;;;;;;;27007
2011-01;1.0;1.0;1.0;1.0;1.0;1.0;1.0;1.0;1.0;;;;;;;;27007
2012-01;1.0;1.0;1.0;1.0;1.0;1.0;1.0;1.0;1.0;1.0;1.0;1.0;1.0;;;;27007
2013-01;1.0;1.0;1.0;;;;;;;;;;;;;;27007
2014-01;3.0;3.0;3.0;3.0;3.0;2.0;2.0;2.0;2.0;2.0;3.0;;;;;;27007
2015-01;1.0;1.0;1.0;1.0;1.0;1.0;1.0;1.0;;;;;;;;;27007
2017-01;2.0;2.0;2.0;1.0;1.0;1.0;1.0;1.0;;;;;;;;;27007
2018-01;3.0;3.0;2.0;2.0;2.0;2.0;2.0;;;;;;;;;;27007
2019-01;3.0;1.0;1.0;2.0;2.0;2.0;;;;;;;;;;;27007
2020-01;3.0;3.0;3.0;3.0;3.0;;;;;;;;;;;;27007
2021-01;3.0;3.0;3.0;3.0;;;;;;;;;;;;;27007
2022-01;2.0;2.0;1.0;;;;;;;;;;;;;;27007
2023-01;2.0;2.0;;;;;;;;;;;;;;;27007
2009-01;5.0;3.0;3.0;4.0;4.0;4.0;4.0;3.0;3.0;3.0;3.0;3.0;3.0;3.0;3.0;3.0;27001
2010-01;1.0;1.0;1.0;1.0;1.0;1.0;1.0;1.0;1.0;1.0;1.0;1.0;1.0;1.0;1.0;;27001
2011-01;4.0;3.0;3.0;3.0;3.0;3.0;3.0;3.0;3.0;3.0;3.0;3.0;3.0;3.0;;;27001
2012-01;2.0;2.0;2.0;2.0;2.0;2.0;2.0;2.0;1.0;1.0;2.0;2.0;2.0;;;;27001
2014-01;6.0;5.0;5.0;5.0;5.0;5.0;5.0;5.0;5.0;5.0;5.0;;;;;;27001
2015-01;2.0;2.0;2.0;2.0;2.0;2.0;2.0;2.0;2.0;2.0;;;;;;;27001
2016-01;4.0;4.0;4.0;3.0;3.0;3.0;3.0;3.0;3.0;;;;;;;;27001
2018-01;2.0;2.0;2.0;2.0;2.0;2.0;2.0;;;;;;;;;;27001
2019-01;1.0;1.0;1.0;1.0;1.0;1.0;;;;;;;;;;;27001
2020-01;6.0;6.0;6.0;6.0;6.0;;;;;;;;;;;;27001
2021-01;5.0;4.0;4.0;4.0;;;;;;;;;;;;;27001
2022-01;5.0;5.0;5.0;;;;;;;;;;;;;;27001
2023-01;9.0;8.0;;;;;;;;;;;;;;;27001
2009-01;4.0;3.0;3.0;2.0;2.0;2.0;2.0;1.0;1.0;1.0;2.0;2.0;2.0;2.0;2.0;2.0;13001
2010-01;4.0;4.0;3.0;3.0;2.0;2.0;2.0;2.0;2.0;2.0;3.0;3.0;3.0;3.0;3.0;;13001
2011-01;2.0;2.0;2.0;2.0;2.0;2.0;2.0;2.0;2.0;2.0;2.0;2.0;2.0;2.0;;;13001
2012-01;3.0;3.0;3.0;2.0;2.0;2.0;2.0;2.0;1.0;1.0;1.0;1.0;1.0;;;;13001
2014-01;3.0;3.0;2.0;2.0;2.0;2.0;2.0;2.0;2.0;2.0;2.0;;;;;;13001
2015-01;8.0;5.0;6.0;6.0;6.0;6.0;6.0;6.0;6.0;6.0;;;;;;;13001
2016-01;3.0;3.0;3.0;3.0;2.0;2.0;2.0;2.0;2.0;;;;;;;;13001
2017-01;5.0;5.0;5.0;5.0;4.0;4.0;4.0;4.0;;;;;;;;;13001
2018-01;9.0;9.0;6.0;8.0;9.0;8.0;6.0;;;;;;;;;;13001
2019-01;1.0;1.0;1.0;1.0;1.0;1.0;;;;;;;;;;;13001
2020-01;5.0;5.0;3.0;3.0;3.0;;;;;;;;;;;;13001
2022-01;2.0;2.0;2.0;;;;;;;;;;;;;;13001
2023-01;2.0;2.0;;;;;;;;;;;;;;;13001
2024-01;3.0;;;;;;;;;;;;;;;;13001
2009-01;2.0;;;;;;;;;;;;;;;;23004
2009-01;21.0;21.0;20.0;18.0;18.0;18.0;17.0;16.0;16.0;16.0;13.0;13.0;13.0;13.0;12.0;13.0;23001
2010-01;18.0;18.0;18.0;18.0;17.0;17.0;15.0;15.0;14.0;14.0;14.0;14.0;14.0;14.0;14.0;;23001
2011-01;15.0;15.0;15.0;15.0;15.0;11.0;11.0;11.0;11.0;10.0;10.0;10.0;10.0;11.0;;;23001
2012-01;12.0;12.0;12.0;12.0;12.0;12.0;12.0;8.0;8.0;8.0;8.0;8.0;8.0;;;;23001
2013-01;8.0;8.0;7.0;7.0;7.0;7.0;7.0;7.0;7.0;7.0;7.0;7.0;;;;;23001
2014-01;11.0;11.0;11.0;11.0;10.0;8.0;8.0;8.0;8.0;8.0;8.0;;;;;;23001
2015-01;2.0;2.0;2.0;2.0;2.0;2.0;2.0;2.0;2.0;2.0;;;;;;;23001
2016-01;10.0;10.0;10.0;7.0;7.0;7.0;7.0;7.0;7.0;;;;;;;;23001
2017-01;5.0;5.0;4.0;4.0;4.0;4.0;4.0;4.0;;;;;;;;;23001
2018-01;6.0;6.0;6.0;6.0;6.0;6.0;6.0;;;;;;;;;;23001
2019-01;8.0;8.0;8.0;8.0;8.0;8.0;;;;;;;;;;;23001
2020-01;7.0;7.0;7.0;7.0;6.0;;;;;;;;;;;;23001
2021-01;7.0;7.0;7.0;7.0;;;;;;;;;;;;;23001
2022-01;5.0;4.0;4.0;;;;;;;;;;;;;;23001
2023-01;9.0;8.0;;;;;;;;;;;;;;;23001
2024-01;4.0;;;;;;;;;;;;;;;;23001
2009-01;1.0;;;;;;;;;;;;;;;;23013
2009-01;1.0;1.0;1.0;1.0;1.0;1.0;1.0;1.0;1.0;1.0;1.0;1.0;1.0;1.0;1.0;1.0;23021
2011-01;3.0;3.0;3.0;3.0;3.0;3.0;2.0;2.0;2.0;2.0;2.0;2.0;2.0;2.0;;;23021
2017-01;4.0;3.0;2.0;2.0;2.0;3.0;2.0;2.0;;;;;;;;;23021
2018-01;1.0;;;;;;;;;;;;;;;;23021
2019-01;1.0;1.0;1.0;1.0;1.0;1.0;;;;;;;;;;;23021
2020-01;2.0;2.0;2.0;2.0;2.0;;;;;;;;;;;;23021
2021-01;2.0;2.0;2.0;2.0;;;;;;;;;;;;;23021
2024-01;3.0;;;;;;;;;;;;;;;;23021
2009-01;1.0;;;;;;;;;;;;;;;;23022
2023-01;1.0;;;;;;;;;;;;;;;;23022
2009-01;3.0;3.0;2.0;2.0;2.0;2.0;2.0;2.0;2.0;2.0;2.0;1.0;1.0;1.0;;;23011
2011-01;1.0;1.0;;;;;;;;;;;;;;;23011
2012-01;1.0;1.0;1.0;1.0;1.0;1.0;1.0;1.0;1.0;1.0;1.0;1.0;1.0;;;;23011
2013-01;4.0;3.0;2.0;2.0;;;;;;;;;;;;;23011
2014-01;3.0;3.0;2.0;1.0;1.0;1.0;;;;;;;;;;;23011
2015-01;3.0;3.0;3.0;3.0;3.0;2.0;2.0;2.0;2.0;2.0;;;;;;;23011
2017-01;1.0;1.0;1.0;1.0;1.0;1.0;1.0;1.0;;;;;;;;;23011
2019-01;1.0;1.0;1.0;1.0;;;;;;;;;;;;;23011
2020-01;4.0;4.0;2.0;2.0;2.0;;;;;;;;;;;;23011
2021-01;2.0;2.0;2.0;1.0;;;;;;;;;;;;;23011
2022-01;1.0;1.0;1.0;;;;;;;;;;;;;;23011
2023-01;1.0;1.0;;;;;;;;;;;;;;;23011
2024-01;3.0;;;;;;;;;;;;;;;;23011
2009-01;7.0;5.0;5.0;4.0;4.0;4.0;4.0;3.0;2.0;2.0;2.0;2.0;2.0;2.0;2.0;2.0;32002
2010-01;6.0;6.0;5.0;5.0;5.0;5.0;3.0;3.0;3.0;2.0;2.0;2.0;2.0;2.0;2.0;;32002
2011-01;6.0;2.0;2.0;2.0;2.0;2.0;2.0;2.0;2.0;2.0;2.0;3.0;3.0;2.0;;;32002
2012-01;4.0;3.0;3.0;3.0;3.0;3.0;4.0;4.0;3.0;3.0;3.0;3.0;3.0;;;;32002
2013-01;2.0;2.0;2.0;2.0;2.0;2.0;2.0;2.0;2.0;2.0;2.0;2.0;;;;;32002
2014-01;5.0;5.0;4.0;4.0;3.0;3.0;3.0;3.0;3.0;3.0;3.0;;;;;;32002
2015-01;4.0;4.0;4.0;4.0;4.0;4.0;4.0;4.0;4.0;4.0;;;;;;;32002
2016-01;3.0;3.0;3.0;3.0;2.0;2.0;2.0;2.0;3.0;;;;;;;;32002
2017-01;6.0;6.0;5.0;4.0;5.0;5.0;5.0;5.0;;;;;;;;;32002
2018-01;4.0;4.0;4.0;4.0;4.0;4.0;3.0;;;;;;;;;;32002
2019-01;5.0;4.0;5.0;5.0;5.0;5.0;;;;;;;;;;;32002
2020-01;6.0;6.0;6.0;5.0;5.0;;;;;;;;;;;;32002
2021-01;5.0;5.0;5.0;5.0;;;;;;;;;;;;;32002
2022-01;1.0;;;;;;;;;;;;;;;;32002
2023-01;3.0;3.0;;;;;;;;;;;;;;;32002
2024-01;6.0;;;;;;;;;;;;;;;;32002
2012-01;1.0;1.0;1.0;1.0;1.0;1.0;1.0;;1.0;1.0;1.0;1.0;1.0;;;;32004
2017-01;2.0;2.0;2.0;2.0;2.0;2.0;2.0;2.0;;;;;;;;;32004
2018-01;4.0;4.0;4.0;4.0;4.0;4.0;4.0;;;;;;;;;;32004
2020-01;1.0;1.0;1.0;;;;;;;;;;;;;;32004
2022-01;2.0;2.0;2.0;;;;;;;;;;;;;;32004
2009-01;1.0;1.0;1.0;1.0;1.0;1.0;1.0;1.0;1.0;1.0;1.0;1.0;1.0;1.0;1.0;1.0;32005
2012-01;3.0;3.0;3.0;3.0;3.0;3.0;3.0;3.0;3.0;3.0;3.0;3.0;3.0;;;;32005
2014-01;1.0;1.0;1.0;1.0;1.0;1.0;1.0;1.0;1.0;1.0;1.0;;;;;;32005
2015-01;1.0;1.0;;;;;;;;;;;;;;;32005
2016-01;1.0;1.0;1.0;;;;;;;;;;;;;;32005
2017-01;2.0;2.0;2.0;1.0;1.0;1.0;1.0;1.0;;;;;;;;;32005
2018-01;1.0;1.0;;;;;;;;;;;;;;;32005
2019-01;3.0;1.0;1.0;1.0;1.0;1.0;;;;;;;;;;;32005
2020-01;2.0;2.0;2.0;2.0;2.0;;;;;;;;;;;;32005
2021-01;3.0;3.0;3.0;3.0;;;;;;;;;;;;;32005
2022-01;1.0;1.0;1.0;;;;;;;;;;;;;;32005
2023-01;1.0;1.0;;;;;;;;;;;;;;;32005
2024-01;1.0;;;;;;;;;;;;;;;;32005
2009-01;2.0;2.0;2.0;2.0;1.0;1.0;1.0;1.0;1.0;1.0;;;;;;;21016
2010-01;4.0;4.0;3.0;3.0;3.0;3.0;3.0;3.0;3.0;3.0;3.0;3.0;3.0;3.0;3.0;;21016
2011-01;1.0;1.0;1.0;1.0;1.0;1.0;1.0;1.0;1.0;1.0;1.0;1.0;1.0;1.0;;;21016
2012-01;2.0;2.0;2.0;2.0;2.0;2.0;2.0;2.0;1.0;1.0;2.0;1.0;1.0;;;;21016
2013-01;4.0;4.0;3.0;2.0;2.0;2.0;2.0;1.0;1.0;1.0;1.0;1.0;;;;;21016
2014-01;1.0;1.0;1.0;1.0;1.0;1.0;1.0;1.0;1.0;1.0;1.0;;;;;;21016
2015-01;1.0;1.0;1.0;1.0;1.0;1.0;1.0;1.0;1.0;1.0;;;;;;;21016
2016-01;6.0;6.0;6.0;4.0;4.0;4.0;4.0;3.0;3.0;;;;;;;;21016
2017-01;4.0;4.0;4.0;4.0;4.0;4.0;4.0;4.0;;;;;;;;;21016
2018-01;3.0;3.0;3.0;3.0;3.0;3.0;3.0;;;;;;;;;;21016
2019-01;3.0;3.0;3.0;3.0;3.0;3.0;;;;;;;;;;;21016
2020-01;3.0;3.0;3.0;3.0;3.0;;;;;;;;;;;;21016
2021-01;3.0;3.0;3.0;3.0;;;;;;;;;;;;;21016
2022-01;5.0;5.0;5.0;;;;;;;;;;;;;;21016
2023-01;2.0;2.0;;;;;;;;;;;;;;;21016
2024-01;3.0;;;;;;;;;;;;;;;;21016
2009-01;111.0;109.0;105.0;103.0;101.0;99.0;95.0;90.0;87.0;83.0;81.0;81.0;81.0;79.0;71.0;70.0;31016
2010-01;154.0;150.0;147.0;131.0;128.0;114.0;109.0;109.0;106.0;96.0;88.0;88.0;88.0;73.0;71.0;;31016
2011-01;18.0;18.0;17.0;16.0;17.0;17.0;16.0;16.0;16.0;16.0;15.0;15.0;15.0;15.0;;;31016
2012-01;216.0;212.0;203.0;171.0;163.0;158.0;156.0;148.0;144.0;142.0;138.0;113.0;112.0;;;;31016
2013-01;70.0;67.0;47.0;48.0;46.0;46.0;45.0;41.0;40.0;38.0;36.0;34.0;;;;;31016
2014-01;21.0;19.0;19.0;17.0;16.0;17.0;17.0;15.0;15.0;16.0;16.0;;;;;;31016
2015-01;16.0;12.0;11.0;12.0;11.0;11.0;11.0;11.0;11.0;10.0;;;;;;;31016
2016-01;35.0;35.0;31.0;29.0;27.0;27.0;26.0;25.0;23.0;;;;;;;;31016
2017-01;175.0;145.0;129.0;113.0;111.0;103.0;97.0;94.0;;;;;;;;;31016
2018-01;50.0;42.0;36.0;37.0;31.0;29.0;29.0;;;;;;;;;;31016
2019-01;58.0;56.0;51.0;49.0;48.0;47.0;;;;;;;;;;;31016
2020-01;53.0;48.0;43.0;41.0;39.0;;;;;;;;;;;;31016
2021-01;100.0;93.0;72.0;68.0;;;;;;;;;;;;;31016
2022-01;48.0;47.0;47.0;;;;;;;;;;;;;;31016
2023-01;88.0;86.0;;;;;;;;;;;;;;;31016
2024-01;43.0;;;;;;;;;;;;;;;;31016
2010-01;2.0;2.0;2.0;2.0;2.0;2.0;2.0;2.0;2.0;2.0;1.0;1.0;1.0;1.0;1.0;;31001
2014-01;3.0;3.0;3.0;3.0;3.0;3.0;3.0;3.0;3.0;3.0;3.0;;;;;;31001
2018-01;1.0;1.0;;;;;;;;;;;;;;;31001
2020-01;1.0;1.0;1.0;1.0;1.0;;;;;;;;;;;;31001
2021-01;1.0;1.0;1.0;1.0;;;;;;;;;;;;;31001
2009-01;15.0;9.0;9.0;8.0;8.0;8.0;8.0;8.0;7.0;7.0;7.0;7.0;7.0;7.0;7.0;7.0;31037
2010-01;13.0;12.0;7.0;7.0;7.0;7.0;7.0;7.0;7.0;7.0;7.0;7.0;7.0;7.0;5.0;;31037
2011-01;1.0;1.0;1.0;1.0;1.0;1.0;1.0;1.0;1.0;1.0;1.0;1.0;1.0;1.0;;;31037
2012-01;29.0;28.0;28.0;28.0;28.0;28.0;21.0;21.0;19.0;19.0;19.0;18.0;15.0;;;;31037
2013-01;3.0;3.0;3.0;3.0;3.0;3.0;3.0;3.0;3.0;3.0;3.0;2.0;;;;;31037
2014-01;2.0;2.0;2.0;2.0;2.0;2.0;1.0;1.0;1.0;1.0;1.0;;;;;;31037
2016-01;3.0;3.0;2.0;2.0;1.0;1.0;1.0;1.0;1.0;;;;;;;;31037
2017-01;3.0;3.0;3.0;2.0;2.0;2.0;2.0;1.0;;;;;;;;;31037
2018-01;2.0;2.0;2.0;2.0;2.0;2.0;2.0;;;;;;;;;;31037
2019-01;5.0;5.0;5.0;5.0;5.0;4.0;;;;;;;;;;;31037
2020-01;3.0;3.0;2.0;2.0;2.0;;;;;;;;;;;;31037
2021-01;2.0;2.0;2.0;2.0;;;;;;;;;;;;;31037
2022-01;7.0;7.0;6.0;;;;;;;;;;;;;;31037
2023-01;3.0;3.0;;;;;;;;;;;;;;;31037
2024-01;2.0;;;;;;;;;;;;;;;;31037
2009-01;1.0;1.0;;;;;;;;;;;;;;;31031
2012-01;1.0;1.0;1.0;1.0;1.0;1.0;1.0;1.0;1.0;1.0;1.0;1.0;1.0;;;;31031
2017-01;3.0;3.0;3.0;3.0;3.0;3.0;3.0;3.0;;;;;;;;;31031
2018-01;1.0;1.0;1.0;1.0;1.0;1.0;1.0;;;;;;;;;;31031
2024-01;3.0;;;;;;;;;;;;;;;;31031
2010-01;1.0;1.0;1.0;1.0;1.0;1.0;1.0;1.0;;;;;;;;;31004
2018-01;4.0;4.0;4.0;4.0;4.0;4.0;4.0;;;;;;;;;;31004
2020-01;1.0;1.0;1.0;1.0;1.0;;;;;;;;;;;;31004
2024-01;1.0;;;;;;;;;;;;;;;;31004
2015-01;1.0;1.0;1.0;1.0;1.0;1.0;1.0;1.0;1.0;1.0;;;;;;;31059
2018-01;1.0;1.0;1.0;1.0;1.0;1.0;1.0;;;;;;;;;;31059
2021-01;1.0;1.0;1.0;1.0;;;;;;;;;;;;;31059
2012-01;1.0;1.0;1.0;1.0;1.0;1.0;1.0;1.0;1.0;1.0;1.0;1.0;1.0;;;;31003
2015-01;3.0;3.0;3.0;3.0;3.0;1.0;1.0;1.0;1.0;1.0;;;;;;;31003
2016-01;1.0;1.0;1.0;1.0;1.0;1.0;1.0;1.0;1.0;;;;;;;;31003
2021-01;1.0;1.0;1.0;1.0;;;;;;;;;;;;;31003
2023-01;1.0;1.0;;;;;;;;;;;;;;;31003
2010-01;3.0;3.0;3.0;3.0;3.0;3.0;3.0;3.0;3.0;3.0;3.0;2.0;2.0;3.0;3.0;;31057
2012-01;2.0;2.0;2.0;1.0;1.0;1.0;1.0;1.0;1.0;1.0;1.0;1.0;1.0;;;;31057
2014-01;1.0;1.0;1.0;1.0;1.0;1.0;1.0;1.0;1.0;;;;;;;;31057
2016-01;3.0;3.0;3.0;3.0;;1.0;1.0;1.0;1.0;;;;;;;;31057
2017-01;1.0;1.0;1.0;1.0;1.0;1.0;1.0;;;;;;;;;;31057
2019-01;1.0;1.0;1.0;1.0;1.0;1.0;;;;;;;;;;;31057
2021-01;1.0;1.0;;;;;;;;;;;;;;;31057
2022-01;1.0;1.0;1.0;;;;;;;;;;;;;;31057
2023-01;6.0;6.0;;;;;;;;;;;;;;;31057
2024-01;1.0;;;;;;;;;;;;;;;;31057
2009-01;2.0;2.0;2.0;2.0;1.0;1.0;1.0;1.0;;;;;;;;;31006
2010-01;1.0;1.0;1.0;1.0;1.0;1.0;1.0;1.0;1.0;1.0;1.0;1.0;1.0;1.0;1.0;;31006
2011-01;1.0;1.0;1.0;1.0;1.0;1.0;1.0;1.0;1.0;1.0;1.0;;;;;;31006
2012-01;1.0;1.0;1.0;1.0;1.0;1.0;1.0;1.0;1.0;1.0;1.0;1.0;1.0;;;;31006
2015-01;2.0;1.0;1.0;1.0;1.0;1.0;1.0;1.0;1.0;1.0;;;;;;;31006
2016-01;1.0;1.0;1.0;1.0;1.0;1.0;1.0;1.0;1.0;;;;;;;;31006
2017-01;1.0;1.0;1.0;1.0;1.0;1.0;1.0;1.0;;;;;;;;;31006
2019-01;4.0;4.0;4.0;4.0;4.0;4.0;;;;;;;;;;;31006
2020-01;1.0;1.0;1.0;1.0;1.0;;;;;;;;;;;;31006
2021-01;2.0;2.0;2.0;2.0;;;;;;;;;;;;;31006
2009-01;2.0;2.0;2.0;1.0;1.0;1.0;1.0;1.0;1.0;1.0;1.0;1.0;1.0;1.0;1.0;1.0;31092
2010-01;1.0;1.0;1.0;1.0;1.0;1.0;1.0;1.0;1.0;1.0;1.0;1.0;1.0;1.0;1.0;;31092
2011-01;2.0;1.0;1.0;1.0;1.0;1.0;1.0;1.0;1.0;1.0;1.0;1.0;1.0;1.0;;;31092
2012-01;1.0;1.0;1.0;1.0;1.0;1.0;1.0;1.0;1.0;1.0;1.0;1.0;1.0;;;;31092
2013-01;1.0;1.0;1.0;1.0;1.0;1.0;1.0;1.0;1.0;1.0;1.0;1.0;;;;;31092
2014-01;1.0;1.0;1.0;1.0;1.0;1.0;1.0;1.0;1.0;;;;;;;;31092
2016-01;1.0;1.0;1.0;1.0;1.0;1.0;1.0;1.0;1.0;;;;;;;;31092
2017-01;1.0;1.0;1.0;1.0;1.0;1.0;1.0;1.0;;;;;;;;;31092
2018-01;2.0;2.0;2.0;1.0;1.0;1.0;1.0;;;;;;;;;;31092
2019-01;2.0;2.0;2.0;2.0;2.0;2.0;;;;;;;;;;;31092
2020-01;1.0;1.0;1.0;1.0;1.0;;;;;;;;;;;;31092
2022-01;1.0;1.0;1.0;;;;;;;;;;;;;;31092
2024-01;1.0;;;;;;;;;;;;;;;;31092
2009-01;1.0;1.0;1.0;1.0;1.0;;;;;;;;;;;;31024
2010-01;1.0;1.0;1.0;1.0;1.0;1.0;1.0;1.0;1.0;1.0;1.0;1.0;1.0;1.0;1.0;;31024
2012-01;1.0;1.0;1.0;1.0;1.0;1.0;1.0;1.0;1.0;1.0;1.0;1.0;1.0;;;;31024
2013-01;1.0;1.0;1.0;1.0;1.0;1.0;;;;;;;;;;;31024
2015-01;1.0;1.0;1.0;1.0;1.0;1.0;1.0;1.0;1.0;1.0;;;;;;;31024
2016-01;2.0;2.0;2.0;1.0;1.0;1.0;1.0;1.0;1.0;;;;;;;;31024
2018-01;8.0;1.0;4.0;4.0;4.0;4.0;4.0;;;;;;;;;;31024
2019-01;3.0;3.0;3.0;2.0;2.0;2.0;;;;;;;;;;;31024
2020-01;1.0;1.0;1.0;1.0;1.0;;;;;;;;;;;;31024
2024-01;1.0;;;;;;;;;;;;;;;;31024
2010-01;2.0;2.0;2.0;2.0;2.0;2.0;1.0;1.0;2.0;2.0;2.0;2.0;2.0;2.0;2.0;;31099
2012-01;2.0;2.0;2.0;2.0;2.0;2.0;2.0;2.0;2.0;2.0;2.0;1.0;;;;;31099
2014-01;1.0;1.0;1.0;1.0;1.0;1.0;1.0;1.0;1.0;1.0;1.0;;;;;;31099
2018-01;2.0;2.0;2.0;2.0;2.0;2.0;2.0;;;;;;;;;;31099
2019-01;1.0;1.0;1.0;1.0;1.0;1.0;;;;;;;;;;;31099
2021-01;1.0;1.0;1.0;1.0;;;;;;;;;;;;;31099
2022-01;1.0;1.0;1.0;;;;;;;;;;;;;;31099
2024-01;1.0;;;;;;;;;;;;;;;;31099
2009-01;11.0;9.0;5.0;3.0;4.0;3.0;3.0;3.0;2.0;2.0;2.0;2.0;2.0;2.0;1.0;1.0;31075
2010-01;4.0;4.0;1.0;2.0;1.0;2.0;2.0;2.0;2.0;2.0;2.0;2.0;1.0;1.0;1.0;;31075
2012-01;4.0;4.0;4.0;4.0;4.0;4.0;4.0;3.0;3.0;3.0;3.0;3.0;1.0;;;;31075
2014-01;1.0;;;;;;;;;;;;;;;;31075
2015-01;1.0;1.0;1.0;1.0;1.0;1.0;1.0;1.0;1.0;1.0;;;;;;;31075
2016-01;6.0;6.0;6.0;4.0;4.0;4.0;4.0;4.0;4.0;;;;;;;;31075
2017-01;2.0;2.0;2.0;1.0;1.0;1.0;1.0;1.0;;;;;;;;;31075
2019-01;2.0;2.0;2.0;2.0;2.0;2.0;;;;;;;;;;;31075
2020-01;2.0;2.0;2.0;2.0;2.0;;;;;;;;;;;;31075
2021-01;3.0;3.0;3.0;3.0;;;;;;;;;;;;;31075
2022-01;10.0;7.0;7.0;;;;;;;;;;;;;;31075
2023-01;6.0;6.0;;;;;;;;;;;;;;;31075
2024-01;3.0;;;;;;;;;;;;;;;;31075
2009-01;2.0;2.0;2.0;2.0;2.0;2.0;2.0;2.0;2.0;1.0;1.0;;;;;;31086
2010-01;1.0;1.0;1.0;1.0;1.0;1.0;1.0;;;;;;;;;;31086
2012-01;2.0;2.0;2.0;2.0;2.0;2.0;1.0;;1.0;1.0;2.0;2.0;2.0;;;;31086
2017-01;4.0;4.0;3.0;3.0;3.0;3.0;3.0;3.0;;;;;;;;;31086
2018-01;2.0;2.0;2.0;2.0;2.0;2.0;2.0;;;;;;;;;;31086
2019-01;1.0;;;1.0;1.0;1.0;;;;;;;;;;;31086
2020-01;2.0;2.0;2.0;2.0;2.0;;;;;;;;;;;;31086
2022-01;1.0;1.0;1.0;;;;;;;;;;;;;;31086
2024-01;2.0;;;;;;;;;;;;;;;;31086
2015-01;1.0;1.0;;;;;;;;;;;;;;;31002
2022-01;2.0;2.0;2.0;;;;;;;;;;;;;;31002
2023-01;1.0;1.0;;;;;;;;;;;;;;;31002
2013-01;1.0;1.0;1.0;1.0;;;;;;;;;;;;;31022
2014-01;1.0;;;;;;;;;;;;;;;;31022
2015-01;2.0;2.0;;;;;;;;;;;;;;;31022
2016-01;1.0;;;;;;;;;;;;;;;;31022
2017-01;1.0;1.0;1.0;;;;;;;;;;;;;;31022
2020-01;1.0;1.0;1.0;1.0;;;;;;;;;;;;;31022
2023-01;1.0;1.0;;;;;;;;;;;;;;;31022
2009-01;1.0;1.0;1.0;1.0;1.0;1.0;1.0;1.0;1.0;1.0;1.0;1.0;1.0;1.0;1.0;1.0;31007
2015-01;2.0;2.0;2.0;2.0;2.0;2.0;2.0;2.0;2.0;2.0;;;;;;;31007
2016-01;1.0;1.0;1.0;1.0;1.0;1.0;1.0;1.0;1.0;;;;;;;;31007
2017-01;4.0;4.0;4.0;4.0;4.0;4.0;4.0;4.0;;;;;;;;;31007
2018-01;1.0;1.0;1.0;1.0;1.0;1.0;1.0;;;;;;;;;;31007
2019-01;1.0;1.0;1.0;1.0;1.0;1.0;;;;;;;;;;;31007
2020-01;1.0;1.0;1.0;1.0;;;;;;;;;;;;;31007
2021-01;1.0;1.0;1.0;1.0;;;;;;;;;;;;;31007
2022-01;2.0;2.0;2.0;;;;;;;;;;;;;;31007
2024-01;6.0;;;;;;;;;;;;;;;;31007
2023-01;1.0;;;;;;;;;;;;;;;;31052
2024-01;1.0;;;;;;;;;;;;;;;;31052
2021-01;1.0;1.0;1.0;1.0;;;;;;;;;;;;;31023
2022-01;1.0;1.0;1.0;;;;;;;;;;;;;;31023
2009-01;2.0;2.0;2.0;2.0;2.0;2.0;2.0;2.0;2.0;2.0;2.0;2.0;2.0;2.0;2.0;2.0;31097
2010-01;3.0;3.0;3.0;3.0;3.0;3.0;3.0;3.0;3.0;3.0;3.0;3.0;3.0;2.0;1.0;;31097
2011-01;5.0;5.0;5.0;5.0;5.0;5.0;5.0;5.0;5.0;5.0;5.0;5.0;5.0;5.0;;;31097
2012-01;2.0;2.0;2.0;2.0;2.0;2.0;2.0;2.0;2.0;2.0;2.0;2.0;2.0;;;;31097
2013-01;1.0;;;;;;;;;;;;;;;;31097
2014-01;1.0;1.0;1.0;1.0;1.0;1.0;1.0;1.0;1.0;1.0;1.0;;;;;;31097
2015-01;2.0;2.0;2.0;2.0;2.0;2.0;2.0;2.0;2.0;2.0;;;;;;;31097
2017-01;1.0;1.0;1.0;1.0;1.0;1.0;1.0;1.0;;;;;;;;;31097
2018-01;1.0;1.0;1.0;1.0;1.0;1.0;1.0;;;;;;;;;;31097
2019-01;4.0;4.0;4.0;4.0;4.0;4.0;;;;;;;;;;;31097
2021-01;6.0;5.0;5.0;3.0;;;;;;;;;;;;;31097
2022-01;3.0;3.0;3.0;;;;;;;;;;;;;;31097
2023-01;2.0;2.0;;;;;;;;;;;;;;;31097
2024-01;1.0;;;;;;;;;;;;;;;;31097
2022-01;1.0;1.0;1.0;;;;;;;;;;;;;;31025
2010-01;1.0;1.0;1.0;1.0;1.0;1.0;1.0;1.0;;;;;;;;;31044
2018-01;1.0;1.0;1.0;1.0;1.0;1.0;1.0;;;;;;;;;;31044
2019-01;2.0;;;;;;;;;;;;;;;;31044
2021-01;1.0;1.0;1.0;1.0;;;;;;;;;;;;;31044
2009-01;2.0;2.0;2.0;1.0;1.0;1.0;1.0;1.0;1.0;1.0;1.0;2.0;2.0;2.0;2.0;2.0;31017
2010-01;1.0;1.0;1.0;1.0;;;;;;;;;;;;;31017
2011-01;1.0;;;;;;;;;;;;;;;;31017
2012-01;9.0;7.0;6.0;6.0;4.0;3.0;3.0;2.0;2.0;2.0;2.0;2.0;2.0;;;;31017
2013-01;1.0;1.0;1.0;1.0;1.0;1.0;1.0;1.0;1.0;1.0;1.0;1.0;;;;;31017
2014-01;4.0;4.0;2.0;2.0;2.0;2.0;2.0;2.0;2.0;2.0;2.0;;;;;;31017
2016-01;1.0;1.0;1.0;1.0;1.0;1.0;1.0;1.0;1.0;;;;;;;;31017
2017-01;2.0;2.0;2.0;2.0;2.0;2.0;2.0;2.0;;;;;;;;;31017
2018-01;2.0;2.0;2.0;2.0;2.0;2.0;2.0;;;;;;;;;;31017
2019-01;40.0;40.0;40.0;40.0;40.0;39.0;;;;;;;;;;;31017
2020-01;13.0;11.0;12.0;11.0;11.0;;;;;;;;;;;;31017
2021-01;7.0;7.0;7.0;7.0;;;;;;;;;;;;;31017
2022-01;6.0;5.0;4.0;;;;;;;;;;;;;;31017
2023-01;11.0;11.0;;;;;;;;;;;;;;;31017
2024-01;7.0;;;;;;;;;;;;;;;;31017
2009-01;18.0;17.0;17.0;14.0;14.0;13.0;13.0;13.0;13.0;12.0;12.0;11.0;11.0;11.0;11.0;11.0;31084
2010-01;2.0;2.0;2.0;2.0;2.0;2.0;1.0;1.0;1.0;1.0;1.0;1.0;1.0;1.0;1.0;;31084
2011-01;1.0;1.0;1.0;1.0;1.0;1.0;1.0;1.0;1.0;1.0;1.0;1.0;1.0;1.0;;;31084
2012-01;2.0;2.0;2.0;2.0;2.0;2.0;2.0;2.0;2.0;2.0;2.0;2.0;2.0;;;;31084
2013-01;3.0;3.0;3.0;3.0;3.0;3.0;3.0;3.0;3.0;3.0;3.0;2.0;;;;;31084
2014-01;3.0;3.0;3.0;2.0;2.0;2.0;2.0;2.0;2.0;2.0;2.0;;;;;;31084
2015-01;3.0;3.0;3.0;3.0;3.0;;;;;;;;;;;;31084
2017-01;2.0;1.0;1.0;1.0;1.0;1.0;1.0;1.0;;;;;;;;;31084
2018-01;2.0;1.0;1.0;1.0;;;;;;;;;;;;;31084
2020-01;5.0;5.0;5.0;5.0;5.0;;;;;;;;;;;;31084
2021-01;1.0;1.0;1.0;1.0;;;;;;;;;;;;;31084
2022-01;5.0;5.0;4.0;;;;;;;;;;;;;;31084
2023-01;3.0;3.0;;;;;;;;;;;;;;;31084
2024-01;1.0;;;;;;;;;;;;;;;;31084
2009-01;2.0;2.0;2.0;2.0;2.0;2.0;2.0;2.0;1.0;1.0;1.0;1.0;1.0;1.0;1.0;1.0;31072
2012-01;1.0;;;;;;;;;;;;;;;;31072
2013-01;1.0;1.0;1.0;1.0;1.0;1.0;1.0;1.0;1.0;1.0;1.0;1.0;;;;;31072
2014-01;2.0;2.0;2.0;2.0;2.0;2.0;2.0;2.0;2.0;2.0;2.0;;;;;;31072
2015-01;1.0;1.0;1.0;1.0;1.0;1.0;1.0;;;;;;;;;;31072
2016-01;1.0;1.0;1.0;1.0;1.0;1.0;1.0;1.0;1.0;;;;;;;;31072
2018-01;2.0;1.0;1.0;1.0;1.0;1.0;1.0;;;;;;;;;;31072
2019-01;1.0;;;;;;;;;;;;;;;;31072
2020-01;2.0;2.0;2.0;2.0;2.0;;;;;;;;;;;;31072
2024-01;1.0;;;;;;;;;;;;;;;;31072
2009-01;4.0;4.0;2.0;2.0;2.0;2.0;2.0;2.0;2.0;2.0;2.0;2.0;2.0;2.0;2.0;2.0;50001
2010-01;4.0;3.0;2.0;1.0;2.0;2.0;2.0;2.0;2.0;2.0;2.0;2.0;2.0;2.0;2.0;;50001
2011-01;2.0;1.0;1.0;1.0;1.0;1.0;1.0;1.0;1.0;1.0;1.0;1.0;1.0;1.0;;;50001
2012-01;1.0;1.0;1.0;1.0;;;;;;;;;;;;;50001
2013-01;6.0;5.0;3.0;3.0;3.0;3.0;3.0;3.0;3.0;3.0;3.0;3.0;;;;;50001
2014-01;5.0;5.0;5.0;5.0;5.0;5.0;5.0;5.0;5.0;4.0;4.0;;;;;;50001
2015-01;6.0;5.0;4.0;4.0;4.0;4.0;4.0;4.0;4.0;4.0;;;;;;;50001
2016-01;5.0;5.0;5.0;2.0;2.0;2.0;2.0;2.0;2.0;;;;;;;;50001
2017-01;7.0;7.0;7.0;6.0;6.0;6.0;5.0;5.0;;;;;;;;;50001
2018-01;2.0;2.0;2.0;2.0;2.0;2.0;2.0;;;;;;;;;;50001
2019-01;4.0;4.0;3.0;3.0;1.0;1.0;;;;;;;;;;;50001
2020-01;5.0;5.0;4.0;4.0;3.0;;;;;;;;;;;;50001
2021-01;5.0;5.0;5.0;5.0;;;;;;;;;;;;;50001
2022-01;3.0;3.0;3.0;;;;;;;;;;;;;;50001
2023-01;4.0;4.0;;;;;;;;;;;;;;;50001
2024-01;4.0;;;;;;;;;;;;;;;;50001
2009-01;1.0;1.0;1.0;1.0;1.0;1.0;1.0;1.0;1.0;1.0;1.0;1.0;1.0;1.0;1.0;1.0;50003
2010-01;1.0;1.0;1.0;1.0;1.0;1.0;1.0;1.0;1.0;1.0;1.0;1.0;1.0;1.0;1.0;;50003
2011-01;3.0;3.0;3.0;3.0;3.0;;;;;;;;;;;;50003
2012-01;2.0;2.0;2.0;2.0;;;;;;;;;;;;;50003
2013-01;2.0;1.0;1.0;;;;;;;;;;;;;;50003
2014-01;1.0;1.0;1.0;1.0;1.0;1.0;;;;;;;;;;;50003
2015-01;2.0;2.0;2.0;2.0;2.0;2.0;2.0;2.0;2.0;2.0;;;;;;;50003
2016-01;1.0;1.0;1.0;1.0;1.0;1.0;1.0;1.0;1.0;;;;;;;;50003
2017-01;3.0;3.0;3.0;3.0;3.0;3.0;3.0;3.0;;;;;;;;;50003
2018-01;4.0;4.0;4.0;4.0;4.0;4.0;3.0;;;;;;;;;;50003
2020-01;3.0;3.0;3.0;3.0;3.0;;;;;;;;;;;;50003
2021-01;4.0;4.0;4.0;4.0;;;;;;;;;;;;;50003
2022-01;3.0;3.0;3.0;;;;;;;;;;;;;;50003
2023-01;1.0;1.0;;;;;;;;;;;;;;;50003
2024-01;1.0;;;;;;;;;;;;;;;;50003
2009-01;1.0;1.0;1.0;;;;;;;;;;;;;;50004
2010-01;2.0;2.0;2.0;1.0;1.0;1.0;1.0;1.0;;;1.0;1.0;1.0;1.0;1.0;;50004
2012-01;3.0;2.0;1.0;;;;;;;;;;;;;;50004
2013-01;2.0;2.0;1.0;1.0;1.0;1.0;1.0;1.0;1.0;1.0;1.0;1.0;;;;;50004
2014-01;1.0;1.0;1.0;1.0;1.0;1.0;1.0;1.0;1.0;1.0;1.0;;;;;;50004
2015-01;1.0;1.0;1.0;1.0;1.0;1.0;;;;;;;;;;;50004
2016-01;1.0;1.0;;;1.0;1.0;1.0;1.0;1.0;;;;;;;;50004
2017-01;2.0;1.0;;;1.0;1.0;1.0;1.0;;;;;;;;;50004
2019-01;1.0;;;;;;;;;;;;;;;;50004
2020-01;2.0;1.0;1.0;1.0;1.0;;;;;;;;;;;;50004
2021-01;1.0;1.0;1.0;1.0;;;;;;;;;;;;;50004
2022-01;1.0;1.0;1.0;;;;;;;;;;;;;;50004
2009-01;12.0;12.0;12.0;12.0;12.0;9.0;9.0;9.0;8.0;7.0;7.0;7.0;7.0;7.0;7.0;5.0;15006
2010-01;1.0;1.0;1.0;1.0;1.0;1.0;1.0;1.0;1.0;1.0;1.0;1.0;1.0;1.0;1.0;;15006
2011-01;3.0;2.0;2.0;1.0;1.0;1.0;1.0;1.0;1.0;1.0;1.0;1.0;1.0;1.0;;;15006
2012-01;3.0;3.0;3.0;3.0;2.0;3.0;3.0;3.0;3.0;1.0;2.0;2.0;2.0;;;;15006
2013-01;10.0;7.0;7.0;7.0;7.0;9.0;9.0;8.0;8.0;8.0;7.0;7.0;;;;;15006
2014-01;3.0;3.0;3.0;2.0;3.0;3.0;3.0;3.0;3.0;3.0;3.0;;;;;;15006
2015-01;3.0;2.0;2.0;2.0;2.0;2.0;2.0;2.0;2.0;2.0;;;;;;;15006
2016-01;1.0;1.0;1.0;1.0;1.0;1.0;1.0;1.0;1.0;;;;;;;;15006
2017-01;3.0;3.0;2.0;2.0;1.0;1.0;1.0;1.0;;;;;;;;;15006
2018-01;7.0;7.0;7.0;7.0;7.0;7.0;7.0;;;;;;;;;;15006
2019-01;10.0;10.0;9.0;10.0;9.0;7.0;;;;;;;;;;;15006
2020-01;5.0;4.0;4.0;4.0;1.0;;;;;;;;;;;;15006
2021-01;6.0;6.0;6.0;6.0;;;;;;;;;;;;;15006
2022-01;3.0;2.0;2.0;;;;;;;;;;;;;;15006
2023-01;4.0;4.0;;;;;;;;;;;;;;;15006
2024-01;2.0;;;;;;;;;;;;;;;;15006
2011-01;1.0;;;;;;;;;;;;;;;;15003
2012-01;1.0;1.0;1.0;1.0;1.0;1.0;1.0;1.0;;;;;;;;;15003
2013-01;2.0;2.0;2.0;2.0;2.0;2.0;2.0;2.0;2.0;2.0;2.0;2.0;;;;;15003
2018-01;1.0;;;;;;;;;;;;;;;;15003
2019-01;2.0;2.0;2.0;2.0;1.0;;;;;;;;;;;;15003
2022-01;1.0;1.0;1.0;;;;;;;;;;;;;;15003
2023-01;1.0;;;;;;;;;;;;;;;;15003
2024-01;1.0;;;;;;;;;;;;;;;;15003
2009-01;2.0;2.0;2.0;2.0;2.0;2.0;2.0;2.0;2.0;2.0;2.0;2.0;2.0;2.0;2.0;2.0;15002
2010-01;4.0;4.0;4.0;4.0;4.0;4.0;4.0;4.0;;;;;;;;;15002
2013-01;2.0;1.0;1.0;1.0;1.0;1.0;1.0;1.0;1.0;;;;;;;;15002
2018-01;2.0;2.0;2.0;1.0;1.0;1.0;1.0;;;;;;;;;;15002
2019-01;2.0;2.0;2.0;2.0;2.0;2.0;;;;;;;;;;;15002
2020-01;2.0;2.0;2.0;2.0;2.0;;;;;;;;;;;;15002
2021-01;1.0;;;;;;;;;;;;;;;;15002
2024-01;1.0;;;;;;;;;;;;;;;;15002
2009-01;1.0;1.0;1.0;;;;;;;;;;;;;;25002
2013-01;1.0;;;;;;;;;;;;;;;;25002
2014-01;1.0;1.0;;;;;;;;;;;;;;;25002
2009-01;24.0;24.0;22.0;19.0;16.0;15.0;15.0;15.0;15.0;15.0;14.0;15.0;15.0;13.0;13.0;12.0;25001
2010-01;4.0;4.0;3.0;2.0;2.0;1.0;1.0;1.0;1.0;;;;;;;;25001
2011-01;1.0;;;;;;;;;;;;;;;;25001
2012-01;3.0;2.0;3.0;2.0;2.0;2.0;2.0;2.0;2.0;2.0;2.0;2.0;2.0;;;;25001
2013-01;3.0;3.0;3.0;3.0;3.0;3.0;3.0;3.0;3.0;3.0;3.0;2.0;;;;;25001
2014-01;4.0;3.0;3.0;2.0;2.0;2.0;2.0;2.0;2.0;2.0;2.0;;;;;;25001
2015-01;4.0;4.0;4.0;4.0;4.0;3.0;4.0;4.0;4.0;4.0;;;;;;;25001
2016-01;2.0;1.0;1.0;1.0;;;;;;;;;;;;;25001
2017-01;5.0;4.0;4.0;2.0;2.0;2.0;2.0;2.0;;;;;;;;;25001
2018-01;2.0;2.0;2.0;2.0;2.0;2.0;2.0;;;;;;;;;;25001
2019-01;5.0;5.0;5.0;4.0;4.0;4.0;;;;;;;;;;;25001
2020-01;3.0;2.0;2.0;2.0;1.0;;;;;;;;;;;;25001
2021-01;7.0;5.0;5.0;5.0;;;;;;;;;;;;;25001
2022-01;8.0;8.0;7.0;;;;;;;;;;;;;;25001
2023-01;6.0;6.0;;;;;;;;;;;;;;;25001
2024-01;6.0;;;;;;;;;;;;;;;;25001
2009-01;1.0;1.0;1.0;;1.0;1.0;;;;;;;;;;;26003
2010-01;6.0;5.0;5.0;5.0;4.0;3.0;2.0;2.0;2.0;2.0;2.0;2.0;1.0;1.0;1.0;;26003
2011-01;1.0;1.0;1.0;1.0;1.0;1.0;1.0;1.0;1.0;1.0;1.0;1.0;1.0;1.0;;;26003
2012-01;9.0;9.0;9.0;9.0;9.0;9.0;8.0;9.0;9.0;9.0;9.0;8.0;8.0;;;;26003
2013-01;1.0;1.0;1.0;1.0;1.0;1.0;1.0;1.0;1.0;1.0;1.0;1.0;;;;;26003
2015-01;1.0;;;;;;;;;;;;;;;;26003
2016-01;2.0;1.0;;;;;;;;;;;;;;;26003
2017-01;2.0;2.0;2.0;2.0;2.0;2.0;2.0;2.0;;;;;;;;;26003
2019-01;3.0;3.0;2.0;2.0;2.0;2.0;;;;;;;;;;;26003
2020-01;5.0;4.0;3.0;4.0;4.0;;;;;;;;;;;;26003
2021-01;1.0;1.0;1.0;;;;;;;;;;;;;;26003
2022-01;4.0;3.0;3.0;;;;;;;;;;;;;;26003
2023-01;3.0;3.0;;;;;;;;;;;;;;;26003
2024-01;3.0;;;;;;;;;;;;;;;;26003
2009-01;46.0;45.0;45.0;39.0;39.0;38.0;38.0;35.0;34.0;32.0;32.0;30.0;29.0;23.0;24.0;20.0;26010
2010-01;12.0;11.0;11.0;9.0;9.0;9.0;8.0;8.0;7.0;7.0;7.0;7.0;6.0;6.0;8.0;;26010
2011-01;10.0;9.0;9.0;9.0;8.0;8.0;8.0;8.0;8.0;8.0;8.0;7.0;7.0;6.0;;;26010
2012-01;18.0;17.0;17.0;17.0;16.0;16.0;16.0;16.0;15.0;15.0;15.0;15.0;16.0;;;;26010
2013-01;10.0;10.0;10.0;10.0;10.0;10.0;10.0;10.0;10.0;10.0;10.0;10.0;;;;;26010
2014-01;59.0;56.0;51.0;47.0;45.0;43.0;42.0;42.0;17.0;19.0;20.0;;;;;;26010
2015-01;26.0;25.0;23.0;22.0;20.0;21.0;22.0;14.0;13.0;14.0;;;;;;;26010
2016-01;32.0;27.0;24.0;20.0;21.0;21.0;18.0;18.0;18.0;;;;;;;;26010
2017-01;25.0;18.0;13.0;9.0;9.0;10.0;11.0;9.0;;;;;;;;;26010
2018-01;48.0;24.0;22.0;18.0;15.0;16.0;15.0;;;;;;;;;;26010
2019-01;49.0;23.0;21.0;19.0;18.0;19.0;;;;;;;;;;;26010
2020-01;23.0;17.0;16.0;15.0;14.0;;;;;;;;;;;;26010
2021-01;80.0;60.0;34.0;31.0;;;;;;;;;;;;;26010
2022-01;66.0;66.0;64.0;;;;;;;;;;;;;;26010
2023-01;28.0;22.0;;;;;;;;;;;;;;;26010
2024-01;32.0;;;;;;;;;;;;;;;;26010
2022-01;1.0;1.0;;;;;;;;;;;;;;;22011
2024-01;1.0;;;;;;;;;;;;;;;;22011
2009-01;12.0;12.0;12.0;10.0;9.0;9.0;9.0;8.0;8.0;8.0;7.0;6.0;6.0;6.0;5.0;5.0;41002
2010-01;11.0;10.0;8.0;7.0;7.0;7.0;7.0;5.0;5.0;5.0;5.0;5.0;4.0;4.0;4.0;;41002
2011-01;2.0;2.0;2.0;2.0;2.0;2.0;2.0;2.0;2.0;2.0;2.0;2.0;2.0;2.0;;;41002
2012-01;8.0;8.0;8.0;6.0;6.0;7.0;8.0;8.0;7.0;6.0;6.0;6.0;6.0;;;;41002
2013-01;9.0;7.0;7.0;7.0;6.0;6.0;6.0;6.0;6.0;6.0;6.0;6.0;;;;;41002
2014-01;9.0;8.0;7.0;7.0;7.0;6.0;6.0;6.0;6.0;7.0;8.0;;;;;;41002
2015-01;7.0;6.0;6.0;5.0;5.0;5.0;5.0;5.0;5.0;5.0;;;;;;;41002
2016-01;20.0;19.0;18.0;16.0;16.0;16.0;15.0;15.0;15.0;;;;;;;;41002
2017-01;15.0;15.0;15.0;14.0;12.0;12.0;12.0;12.0;;;;;;;;;41002
2018-01;12.0;12.0;11.0;10.0;9.0;10.0;10.0;;;;;;;;;;41002
2019-01;14.0;14.0;13.0;13.0;13.0;13.0;;;;;;;;;;;41002
2020-01;30.0;29.0;28.0;27.0;24.0;;;;;;;;;;;;41002
2021-01;13.0;13.0;12.0;12.0;;;;;;;;;;;;;41002
2022-01;12.0;12.0;12.0;;;;;;;;;;;;;;41002
2023-01;23.0;23.0;;;;;;;;;;;;;;;41002
2024-01;6.0;;;;;;;;;;;;;;;;41002
2009-01;3.0;3.0;2.0;;;;;;;;;;;;;;41010
2010-01;3.0;2.0;2.0;2.0;1.0;1.0;1.0;1.0;1.0;1.0;1.0;1.0;1.0;1.0;1.0;;41010
2011-01;1.0;1.0;1.0;1.0;1.0;1.0;1.0;1.0;1.0;1.0;1.0;1.0;1.0;1.0;;;41010
2012-01;2.0;2.0;2.0;2.0;2.0;2.0;1.0;1.0;2.0;2.0;2.0;2.0;2.0;;;;41010
2013-01;4.0;4.0;4.0;4.0;4.0;3.0;3.0;2.0;2.0;2.0;2.0;2.0;;;;;41010
2014-01;1.0;1.0;1.0;1.0;1.0;1.0;1.0;1.0;1.0;1.0;1.0;;;;;;41010
2015-01;3.0;3.0;3.0;1.0;1.0;1.0;1.0;1.0;1.0;1.0;;;;;;;41010
2016-01;3.0;3.0;3.0;3.0;3.0;3.0;3.0;3.0;3.0;;;;;;;;41010
2017-01;4.0;4.0;4.0;3.0;3.0;3.0;3.0;3.0;;;;;;;;;41010
2018-01;4.0;4.0;3.0;3.0;3.0;3.0;3.0;;;;;;;;;;41010
2019-01;4.0;3.0;3.0;3.0;3.0;3.0;;;;;;;;;;;41010
2020-01;2.0;2.0;1.0;2.0;2.0;;;;;;;;;;;;41010
2022-01;4.0;4.0;4.0;;;;;;;;;;;;;;41010
2023-01;3.0;3.0;;;;;;;;;;;;;;;41010
2009-01;9.0;9.0;9.0;5.0;4.0;4.0;4.0;4.0;3.0;3.0;3.0;3.0;3.0;3.0;3.0;3.0;41015
2010-01;3.0;3.0;3.0;3.0;3.0;3.0;2.0;2.0;2.0;2.0;2.0;2.0;2.0;2.0;2.0;;41015
2011-01;2.0;;;;;;;;;;;;;;;;41015
2012-01;2.0;2.0;1.0;1.0;1.0;1.0;1.0;1.0;1.0;1.0;1.0;1.0;1.0;;;;41015
2013-01;2.0;2.0;2.0;2.0;2.0;2.0;2.0;2.0;2.0;2.0;2.0;2.0;;;;;41015
2014-01;2.0;2.0;2.0;2.0;2.0;2.0;2.0;2.0;2.0;2.0;2.0;;;;;;41015
2016-01;2.0;1.0;1.0;1.0;1.0;1.0;1.0;1.0;1.0;;;;;;;;41015
2018-01;2.0;2.0;2.0;2.0;2.0;2.0;2.0;;;;;;;;;;41015
2019-01;2.0;2.0;2.0;2.0;2.0;2.0;;;;;;;;;;;41015
2020-01;1.0;1.0;1.0;1.0;1.0;;;;;;;;;;;;41015
2021-01;1.0;1.0;1.0;1.0;;;;;;;;;;;;;41015
2022-01;3.0;3.0;3.0;;;;;;;;;;;;;;41015
2023-01;2.0;2.0;;;;;;;;;;;;;;;41015
2024-01;3.0;;;;;;;;;;;;;;;;41015
2010-01;1.0;1.0;1.0;1.0;1.0;1.0;1.0;1.0;1.0;1.0;1.0;1.0;1.0;1.0;1.0;;41008
2012-01;1.0;1.0;1.0;1.0;1.0;1.0;1.0;1.0;1.0;1.0;1.0;1.0;1.0;;;;41008
2013-01;2.0;2.0;2.0;2.0;2.0;2.0;2.0;2.0;2.0;2.0;2.0;2.0;;;;;41008
2015-01;1.0;1.0;1.0;1.0;1.0;1.0;1.0;1.0;1.0;1.0;;;;;;;41008
2016-01;1.0;1.0;1.0;1.0;1.0;1.0;1.0;1.0;1.0;;;;;;;;41008
2022-01;1.0;1.0;;;;;;;;;;;;;;;41008
2009-01;9.0;9.0;8.0;7.0;7.0;6.0;6.0;5.0;5.0;5.0;5.0;5.0;5.0;5.0;5.0;5.0;41017
2010-01;8.0;8.0;7.0;7.0;4.0;4.0;3.0;3.0;3.0;3.0;3.0;3.0;3.0;3.0;3.0;;41017
2011-01;12.0;12.0;11.0;11.0;11.0;11.0;11.0;11.0;11.0;11.0;11.0;11.0;11.0;11.0;;;41017
2012-01;3.0;3.0;3.0;3.0;3.0;3.0;3.0;3.0;3.0;3.0;3.0;3.0;3.0;;;;41017
2013-01;4.0;3.0;3.0;3.0;3.0;3.0;3.0;3.0;3.0;3.0;3.0;3.0;;;;;41017
2014-01;9.0;9.0;9.0;9.0;9.0;9.0;9.0;9.0;9.0;9.0;9.0;;;;;;41017
2015-01;1.0;1.0;1.0;1.0;1.0;1.0;1.0;1.0;1.0;1.0;;;;;;;41017
2016-01;4.0;4.0;4.0;4.0;4.0;4.0;4.0;4.0;3.0;;;;;;;;41017
2017-01;6.0;6.0;6.0;6.0;6.0;6.0;6.0;6.0;;;;;;;;;41017
2018-01;7.0;7.0;7.0;7.0;7.0;7.0;7.0;;;;;;;;;;41017
2019-01;10.0;10.0;9.0;9.0;9.0;8.0;;;;;;;;;;;41017
2020-01;9.0;9.0;9.0;8.0;7.0;;;;;;;;;;;;41017
2021-01;5.0;5.0;5.0;5.0;;;;;;;;;;;;;41017
2022-01;5.0;5.0;3.0;;;;;;;;;;;;;;41017
2023-01;6.0;5.0;;;;;;;;;;;;;;;41017
2024-01;1.0;;;;;;;;;;;;;;;;41017
2010-01;1.0;1.0;;;;;;;;;;;;;;;41014
2012-01;2.0;1.0;1.0;;;;;;;;;;;;;;41014
2014-01;5.0;5.0;5.0;5.0;5.0;5.0;5.0;5.0;5.0;5.0;5.0;;;;;;41014
2015-01;2.0;2.0;2.0;2.0;2.0;2.0;2.0;2.0;2.0;2.0;;;;;;;41014
2022-01;1.0;1.0;;;;;;;;;;;;;;;41014
2020-01;1.0;1.0;1.0;1.0;1.0;;;;;;;;;;;;41018
2024-01;1.0;;;;;;;;;;;;;;;;41018
2009-01;1.0;1.0;1.0;1.0;1.0;1.0;1.0;1.0;1.0;1.0;1.0;1.0;1.0;1.0;1.0;1.0;41005
2013-01;1.0;1.0;1.0;1.0;;;;;;;;;;;;;41005
2014-01;1.0;1.0;1.0;1.0;1.0;1.0;1.0;1.0;1.0;1.0;1.0;;;;;;41005
2017-01;1.0;1.0;1.0;1.0;1.0;1.0;1.0;1.0;;;;;;;;;41005
2019-01;1.0;1.0;1.0;1.0;1.0;1.0;;;;;;;;;;;41005
2020-01;1.0;1.0;1.0;1.0;1.0;;;;;;;;;;;;41005
2021-01;1.0;1.0;1.0;1.0;;;;;;;;;;;;;41005
2023-01;1.0;;;;;;;;;;;;;;;;41005
2024-01;2.0;;;;;;;;;;;;;;;;41005
2009-01;1.0;1.0;1.0;1.0;1.0;1.0;1.0;1.0;1.0;1.0;1.0;1.0;1.0;1.0;1.0;1.0;41007
2013-01;1.0;1.0;1.0;;;;;;;;;;;;;;41007
2016-01;1.0;1.0;1.0;1.0;1.0;1.0;1.0;1.0;1.0;;;;;;;;41007
2017-01;1.0;1.0;1.0;1.0;;;;;;;;;;;;;41007
2020-01;2.0;2.0;2.0;2.0;2.0;;;;;;;;;;;;41007
2022-01;1.0;1.0;1.0;;;;;;;;;;;;;;41007
2023-01;2.0;2.0;;;;;;;;;;;;;;;41007
2024-01;1.0;;;;;;;;;;;;;;;;41007
2018-01;2.0;2.0;2.0;2.0;2.0;2.0;2.0;;;;;;;;;;41001
2020-01;1.0;1.0;1.0;1.0;1.0;;;;;;;;;;;;41001
2022-01;1.0;1.0;1.0;;;;;;;;;;;;;;41001
2009-01;1.0;1.0;1.0;1.0;1.0;1.0;1.0;;;;;;;;;;41003
2010-01;1.0;1.0;1.0;1.0;1.0;1.0;1.0;1.0;1.0;1.0;1.0;1.0;1.0;1.0;1.0;;41003
2011-01;1.0;1.0;1.0;1.0;1.0;1.0;1.0;1.0;1.0;1.0;1.0;1.0;1.0;1.0;;;41003
2012-01;3.0;3.0;2.0;2.0;1.0;1.0;1.0;1.0;1.0;1.0;1.0;1.0;1.0;;;;41003
2014-01;1.0;1.0;1.0;1.0;1.0;1.0;1.0;1.0;1.0;1.0;1.0;;;;;;41003
2015-01;5.0;5.0;5.0;5.0;5.0;5.0;4.0;4.0;4.0;4.0;;;;;;;41003
2016-01;1.0;1.0;1.0;1.0;;;;;;;;;;;;;41003
2019-01;1.0;1.0;1.0;1.0;1.0;1.0;;;;;;;;;;;41003
2020-01;2.0;2.0;2.0;2.0;2.0;;;;;;;;;;;;41003
2021-01;2.0;2.0;2.0;2.0;;;;;;;;;;;;;41003
2023-01;2.0;2.0;;;;;;;;;;;;;;;41003
2024-01;1.0;;;;;;;;;;;;;;;;41003
2009-01;2.0;1.0;1.0;1.0;1.0;1.0;1.0;1.0;1.0;1.0;1.0;1.0;1.0;1.0;1.0;1.0;41011
2010-01;1.0;1.0;1.0;;;;;;;1.0;1.0;1.0;1.0;1.0;1.0;;41011
2020-01;1.0;1.0;1.0;;;;;;;;;;;;;;41011
2012-01;1.0;1.0;1.0;1.0;1.0;1.0;1.0;1.0;1.0;1.0;1.0;1.0;1.0;;;;41020
2017-01;1.0;;;;;;;;;;;;;;;;41020
2019-01;5.0;4.0;4.0;3.0;3.0;3.0;;;;;;;;;;;41020
2020-01;1.0;1.0;;;;;;;;;;;;;;;41020
2021-01;3.0;3.0;3.0;3.0;;;;;;;;;;;;;41020
2022-01;1.0;1.0;1.0;;;;;;;;;;;;;;41020
2024-01;3.0;;;;;;;;;;;;;;;;41020
2009-01;1.0;1.0;1.0;1.0;1.0;1.0;1.0;1.0;1.0;1.0;1.0;1.0;1.0;1.0;1.0;1.0;41006
2022-01;1.0;1.0;1.0;;;;;;;;;;;;;;41006
2023-01;1.0;1.0;;;;;;;;;;;;;;;41006
2009-01;1.0;1.0;1.0;1.0;1.0;1.0;1.0;1.0;1.0;1.0;1.0;1.0;1.0;1.0;1.0;1.0;14001
2010-01;2.0;2.0;1.0;1.0;1.0;1.0;1.0;1.0;1.0;1.0;1.0;1.0;1.0;1.0;1.0;;14001
2011-01;1.0;;;;;;;;;1.0;1.0;1.0;;1.0;;;14001
2014-01;1.0;1.0;1.0;1.0;1.0;1.0;1.0;1.0;1.0;1.0;1.0;;;;;;14001
2017-01;1.0;1.0;1.0;1.0;1.0;1.0;1.0;1.0;;;;;;;;;14001
2010-01;1.0;1.0;1.0;1.0;1.0;1.0;1.0;1.0;1.0;1.0;1.0;1.0;1.0;1.0;1.0;;43014
2011-01;3.0;3.0;3.0;3.0;3.0;3.0;3.0;2.0;2.0;2.0;1.0;1.0;1.0;1.0;;;43014
2013-01;1.0;;;;;;;;;;;;;;;;43014
2014-01;1.0;1.0;1.0;1.0;1.0;1.0;1.0;1.0;1.0;1.0;1.0;;;;;;43014
2017-01;2.0;2.0;2.0;2.0;2.0;2.0;2.0;2.0;;;;;;;;;43014
2019-01;1.0;1.0;1.0;1.0;1.0;1.0;;;;;;;;;;;43014
2021-01;1.0;1.0;1.0;1.0;;;;;;;;;;;;;43014
2022-01;1.0;1.0;1.0;;;;;;;;;;;;;;43014
2023-01;1.0;1.0;;;;;;;;;;;;;;;43014
2009-01;1.0;1.0;1.0;1.0;1.0;1.0;1.0;;;;;;;;;;43027
2010-01;2.0;2.0;2.0;2.0;2.0;2.0;2.0;2.0;2.0;2.0;2.0;2.0;2.0;2.0;;;43027
2011-01;1.0;1.0;1.0;1.0;1.0;1.0;1.0;1.0;1.0;1.0;1.0;1.0;1.0;1.0;;;43027
2012-01;4.0;4.0;4.0;4.0;2.0;2.0;1.0;1.0;1.0;1.0;1.0;1.0;1.0;;;;43027
2015-01;2.0;2.0;2.0;2.0;2.0;1.0;1.0;1.0;1.0;1.0;;;;;;;43027
2016-01;1.0;1.0;1.0;1.0;1.0;1.0;1.0;1.0;1.0;;;;;;;;43027
2021-01;3.0;3.0;3.0;3.0;;;;;;;;;;;;;43027
2022-01;1.0;1.0;1.0;;;;;;;;;;;;;;43027
2024-01;1.0;;;;;;;;;;;;;;;;43027
2011-01;5.0;4.0;4.0;4.0;1.0;3.0;3.0;3.0;3.0;3.0;3.0;3.0;;;;;43004
2012-01;1.0;1.0;;;;;;;;;;;;;;;43004
2013-01;1.0;;;1.0;1.0;1.0;1.0;1.0;1.0;1.0;;;;;;;43004
2015-01;1.0;1.0;1.0;1.0;1.0;1.0;1.0;1.0;1.0;1.0;;;;;;;43004
2016-01;4.0;4.0;4.0;4.0;4.0;4.0;4.0;;;;;;;;;;43004
2020-01;1.0;1.0;1.0;1.0;1.0;;;;;;;;;;;;43004
2009-01;7.0;7.0;6.0;6.0;5.0;5.0;5.0;4.0;4.0;4.0;4.0;4.0;4.0;4.0;4.0;4.0;43023
2010-01;2.0;2.0;2.0;2.0;2.0;2.0;2.0;2.0;2.0;2.0;2.0;2.0;2.0;2.0;2.0;;43023
2011-01;1.0;1.0;1.0;;;;;;;;;;;;;;43023
2012-01;1.0;1.0;1.0;1.0;1.0;1.0;1.0;1.0;1.0;1.0;1.0;1.0;1.0;;;;43023
2013-01;3.0;3.0;3.0;3.0;3.0;3.0;2.0;2.0;2.0;2.0;2.0;2.0;;;;;43023
2014-01;4.0;3.0;3.0;2.0;2.0;2.0;3.0;3.0;3.0;3.0;3.0;;;;;;43023
2015-01;5.0;4.0;4.0;3.0;2.0;1.0;1.0;1.0;2.0;2.0;;;;;;;43023
2016-01;3.0;2.0;2.0;2.0;2.0;2.0;2.0;2.0;3.0;;;;;;;;43023
2019-01;3.0;3.0;3.0;3.0;3.0;3.0;;;;;;;;;;;43023
2020-01;3.0;3.0;3.0;3.0;3.0;;;;;;;;;;;;43023
2021-01;4.0;4.0;4.0;4.0;;;;;;;;;;;;;43023
2022-01;2.0;1.0;1.0;;;;;;;;;;;;;;43023
2023-01;8.0;8.0;;;;;;;;;;;;;;;43023
2024-01;6.0;;;;;;;;;;;;;;;;43023
2009-01;7.0;7.0;6.0;2.0;2.0;2.0;2.0;1.0;1.0;1.0;1.0;1.0;1.0;1.0;1.0;1.0;43001
2010-01;12.0;9.0;2.0;2.0;2.0;1.0;1.0;1.0;1.0;1.0;1.0;1.0;1.0;1.0;1.0;;43001
2011-01;2.0;;;;;;;;;;;;;;;;43001
2012-01;3.0;3.0;3.0;2.0;2.0;2.0;2.0;1.0;1.0;1.0;1.0;1.0;1.0;;;;43001
2013-01;5.0;3.0;2.0;1.0;1.0;1.0;1.0;;;;;;;;;;43001
2014-01;9.0;9.0;5.0;5.0;5.0;5.0;5.0;5.0;4.0;1.0;1.0;;;;;;43001
2015-01;4.0;3.0;3.0;3.0;3.0;3.0;3.0;2.0;2.0;2.0;;;;;;;43001
2016-01;2.0;2.0;2.0;;;1.0;1.0;1.0;1.0;;;;;;;;43001
2017-01;4.0;4.0;3.0;1.0;2.0;2.0;3.0;2.0;;;;;;;;;43001
2018-01;2.0;2.0;1.0;1.0;1.0;1.0;1.0;;;;;;;;;;43001
2019-01;1.0;1.0;1.0;1.0;1.0;1.0;;;;;;;;;;;43001
2022-01;2.0;2.0;2.0;;;;;;;;;;;;;;43001
2023-01;1.0;1.0;;;;;;;;;;;;;;;43001
2009-01;56.0;51.0;49.0;39.0;18.0;18.0;16.0;13.0;14.0;14.0;14.0;13.0;14.0;14.0;14.0;14.0;43010
2010-01;19.0;19.0;15.0;12.0;10.0;10.0;7.0;8.0;8.0;7.0;7.0;7.0;6.0;6.0;6.0;;43010
2011-01;15.0;15.0;15.0;15.0;12.0;10.0;10.0;10.0;9.0;10.0;11.0;11.0;11.0;8.0;;;43010
2012-01;14.0;14.0;12.0;11.0;8.0;7.0;8.0;8.0;8.0;7.0;7.0;7.0;8.0;;;;43010
2013-01;17.0;14.0;12.0;7.0;8.0;9.0;7.0;7.0;7.0;7.0;7.0;7.0;;;;;43010
2014-01;10.0;9.0;9.0;7.0;7.0;7.0;8.0;8.0;8.0;8.0;4.0;;;;;;43010
2015-01;5.0;4.0;3.0;3.0;3.0;3.0;3.0;3.0;3.0;3.0;;;;;;;43010
2016-01;13.0;11.0;11.0;11.0;11.0;11.0;11.0;11.0;11.0;;;;;;;;43010
2017-01;16.0;12.0;14.0;15.0;15.0;15.0;14.0;13.0;;;;;;;;;43010
2018-01;15.0;14.0;14.0;13.0;13.0;12.0;12.0;;;;;;;;;;43010
2019-01;10.0;8.0;8.0;8.0;8.0;5.0;;;;;;;;;;;43010
2020-01;12.0;11.0;10.0;9.0;7.0;;;;;;;;;;;;43010
2021-01;17.0;17.0;17.0;16.0;;;;;;;;;;;;;43010
2022-01;8.0;8.0;6.0;;;;;;;;;;;;;;43010
2023-01;14.0;10.0;;;;;;;;;;;;;;;43010
2024-01;23.0;;;;;;;;;;;;;;;;43010
2009-01;3.0;3.0;2.0;3.0;3.0;3.0;3.0;2.0;2.0;2.0;2.0;2.0;1.0;1.0;2.0;2.0;43008
2010-01;2.0;2.0;2.0;2.0;2.0;2.0;2.0;2.0;2.0;2.0;2.0;1.0;1.0;1.0;1.0;;43008
2012-01;1.0;1.0;;1.0;;;;;;;;;;;;;43008
2013-01;5.0;5.0;3.0;3.0;;1.0;1.0;1.0;1.0;;;;;;;;43008
2014-01;4.0;4.0;3.0;1.0;1.0;1.0;2.0;2.0;;;;;;;;;43008
2015-01;5.0;5.0;5.0;5.0;4.0;2.0;2.0;2.0;2.0;2.0;;;;;;;43008
2016-01;6.0;6.0;6.0;5.0;3.0;3.0;2.0;2.0;1.0;;;;;;;;43008
2017-01;1.0;;;;;;;;;;;;;;;;43008
2018-01;5.0;3.0;2.0;2.0;1.0;1.0;1.0;;;;;;;;;;43008
2019-01;1.0;1.0;1.0;1.0;1.0;1.0;;;;;;;;;;;43008
2020-01;6.0;6.0;2.0;4.0;4.0;;;;;;;;;;;;43008
2021-01;3.0;3.0;3.0;3.0;;;;;;;;;;;;;43008
2022-01;7.0;7.0;7.0;;;;;;;;;;;;;;43008
2023-01;8.0;8.0;;;;;;;;;;;;;;;43008
2024-01;7.0;;;;;;;;;;;;;;;;43008
2009-01;8.0;7.0;7.0;6.0;6.0;6.0;6.0;6.0;6.0;6.0;6.0;6.0;6.0;6.0;6.0;6.0;43017
2010-01;5.0;4.0;3.0;3.0;3.0;3.0;3.0;3.0;3.0;3.0;3.0;2.0;2.0;2.0;2.0;;43017
2011-01;3.0;3.0;3.0;3.0;3.0;3.0;3.0;3.0;3.0;3.0;3.0;3.0;3.0;3.0;;;43017
2012-01;3.0;3.0;3.0;3.0;3.0;3.0;3.0;3.0;3.0;3.0;3.0;2.0;2.0;;;;43017
2014-01;3.0;3.0;3.0;3.0;3.0;3.0;3.0;3.0;3.0;3.0;3.0;;;;;;43017
2015-01;3.0;3.0;3.0;3.0;3.0;3.0;3.0;3.0;3.0;3.0;;;;;;;43017
2016-01;3.0;2.0;2.0;2.0;2.0;2.0;2.0;2.0;2.0;;;;;;;;43017
2017-01;5.0;5.0;4.0;4.0;4.0;4.0;4.0;4.0;;;;;;;;;43017
2018-01;3.0;3.0;3.0;3.0;3.0;3.0;3.0;;;;;;;;;;43017
2019-01;2.0;2.0;2.0;2.0;2.0;2.0;;;;;;;;;;;43017
2020-01;4.0;4.0;4.0;4.0;4.0;;;;;;;;;;;;43017
2021-01;3.0;3.0;3.0;3.0;;;;;;;;;;;;;43017
2022-01;1.0;1.0;1.0;;;;;;;;;;;;;;43017
2023-01;2.0;2.0;;;;;;;;;;;;;;;43017
2024-01;3.0;;;;;;;;;;;;;;;;43017
2009-01;14.0;14.0;14.0;14.0;14.0;14.0;14.0;13.0;13.0;13.0;13.0;13.0;13.0;13.0;13.0;13.0;43028
2013-01;2.0;2.0;2.0;2.0;2.0;2.0;2.0;2.0;2.0;2.0;2.0;2.0;;;;;43028
2014-01;3.0;3.0;3.0;3.0;3.0;3.0;3.0;3.0;3.0;3.0;3.0;;;;;;43028
2015-01;1.0;1.0;1.0;1.0;1.0;1.0;1.0;1.0;1.0;1.0;;;;;;;43028
2019-01;3.0;3.0;3.0;3.0;3.0;3.0;;;;;;;;;;;43028
2020-01;3.0;3.0;3.0;3.0;3.0;;;;;;;;;;;;43028
2021-01;1.0;1.0;1.0;;;;;;;;;;;;;;43028
2023-01;2.0;1.0;;;;;;;;;;;;;;;43028
2024-01;2.0;;;;;;;;;;;;;;;;43028
2009-01;8.0;8.0;8.0;7.0;5.0;5.0;5.0;3.0;3.0;3.0;3.0;3.0;3.0;3.0;2.0;2.0;43007
2010-01;2.0;2.0;2.0;2.0;2.0;2.0;2.0;1.0;1.0;1.0;1.0;1.0;1.0;1.0;;;43007
2011-01;2.0;2.0;1.0;1.0;1.0;1.0;;;;;;;;;;;43007
2012-01;2.0;1.0;1.0;1.0;1.0;1.0;1.0;1.0;1.0;1.0;1.0;1.0;1.0;;;;43007
2013-01;1.0;1.0;1.0;1.0;1.0;1.0;1.0;1.0;1.0;1.0;1.0;1.0;;;;;43007
2014-01;4.0;3.0;4.0;2.0;2.0;2.0;2.0;2.0;2.0;2.0;2.0;;;;;;43007
2015-01;1.0;1.0;;;;;;;;;;;;;;;43007
2016-01;2.0;2.0;2.0;2.0;2.0;2.0;2.0;2.0;2.0;;;;;;;;43007
2018-01;2.0;2.0;1.0;1.0;1.0;1.0;1.0;;;;;;;;;;43007
2019-01;3.0;3.0;3.0;3.0;3.0;3.0;;;;;;;;;;;43007
2020-01;4.0;4.0;4.0;4.0;3.0;;;;;;;;;;;;43007
2021-01;1.0;1.0;1.0;1.0;;;;;;;;;;;;;43007
2022-01;4.0;4.0;4.0;;;;;;;;;;;;;;43007
2023-01;7.0;7.0;;;;;;;;;;;;;;;43007
2024-01;6.0;;;;;;;;;;;;;;;;43007
2009-01;1.0;1.0;1.0;1.0;1.0;1.0;1.0;1.0;1.0;1.0;1.0;1.0;1.0;1.0;1.0;;43005
2010-01;1.0;1.0;1.0;1.0;1.0;1.0;;;;;;;;;;;43005
2016-01;1.0;1.0;1.0;1.0;;;;;;;;;;;;;43005
2024-01;1.0;;;;;;;;;;;;;;;;43005
2011-01;1.0;1.0;1.0;1.0;1.0;1.0;1.0;1.0;1.0;1.0;1.0;1.0;1.0;1.0;;;43016
2012-01;1.0;1.0;1.0;1.0;1.0;1.0;1.0;1.0;1.0;1.0;1.0;1.0;1.0;;;;43016
2013-01;1.0;1.0;;;;;;;;;;;;;;;43016
2017-01;1.0;1.0;1.0;1.0;1.0;1.0;1.0;1.0;;;;;;;;;43016
2021-01;2.0;2.0;2.0;2.0;;;;;;;;;;;;;43016
2023-01;1.0;1.0;;;;;;;;;;;;;;;43016
2022-01;3.0;3.0;3.0;;;;;;;;;;;;;;43026
2009-01;8.0;6.0;6.0;6.0;5.0;5.0;5.0;4.0;4.0;4.0;4.0;4.0;4.0;4.0;4.0;4.0;43029
2011-01;2.0;2.0;2.0;2.0;2.0;2.0;2.0;2.0;2.0;;;;2.0;2.0;;;43029
2014-01;1.0;1.0;1.0;1.0;1.0;1.0;1.0;1.0;1.0;1.0;1.0;;;;;;43029
2018-01;1.0;1.0;;;;;;;;;;;;;;;43029
2019-01;1.0;1.0;1.0;1.0;1.0;1.0;;;;;;;;;;;43029
2023-01;1.0;1.0;;;;;;;;;;;;;;;43029
2024-01;2.0;;;;;;;;;;;;;;;;43029
2009-01;4.0;3.0;2.0;2.0;1.0;1.0;1.0;1.0;;;;;;1.0;1.0;1.0;43021
2010-01;4.0;4.0;2.0;2.0;;;;;;;;;;;;;43021
2011-01;3.0;3.0;3.0;1.0;;;;;;;;1.0;1.0;1.0;;;43021
2012-01;4.0;3.0;2.0;2.0;2.0;2.0;2.0;2.0;2.0;2.0;2.0;1.0;1.0;;;;43021
2013-01;1.0;1.0;1.0;1.0;1.0;1.0;1.0;1.0;1.0;1.0;1.0;1.0;;;;;43021
2015-01;2.0;2.0;2.0;2.0;2.0;2.0;2.0;2.0;2.0;2.0;;;;;;;43021
2016-01;2.0;2.0;2.0;2.0;2.0;2.0;2.0;2.0;2.0;;;;;;;;43021
2017-01;4.0;3.0;3.0;3.0;3.0;3.0;2.0;2.0;;;;;;;;;43021
2019-01;1.0;1.0;1.0;1.0;1.0;1.0;;;;;;;;;;;43021
2020-01;5.0;5.0;3.0;3.0;3.0;;;;;;;;;;;;43021
2021-01;2.0;2.0;2.0;2.0;;;;;;;;;;;;;43021
2022-01;2.0;2.0;2.0;;;;;;;;;;;;;;43021
2023-01;2.0;2.0;;;;;;;;;;;;;;;43021
2024-01;1.0;;;;;;;;;;;;;;;;43021
2016-01;1.0;1.0;;;;;;;;;;;;;;;43002
2018-01;3.0;2.0;2.0;2.0;2.0;2.0;2.0;;;;;;;;;;43002
2019-01;1.0;1.0;1.0;1.0;;;;;;;;;;;;;43002
2020-01;1.0;1.0;1.0;1.0;;;;;;;;;;;;;43002
2021-01;1.0;1.0;1.0;1.0;;;;;;;;;;;;;43002
2023-01;1.0;;;;;;;;;;;;;;;;43002
2014-01;1.0;1.0;1.0;1.0;1.0;1.0;1.0;1.0;1.0;1.0;;;;;;;43011
2016-01;1.0;1.0;;1.0;1.0;1.0;;;;;;;;;;;43011
2017-01;1.0;1.0;1.0;1.0;1.0;1.0;1.0;1.0;;;;;;;;;43011
2018-01;2.0;2.0;2.0;2.0;;;;;;;;;;;;;43011
2019-01;1.0;1.0;1.0;1.0;1.0;1.0;;;;;;;;;;;43011
2020-01;4.0;4.0;4.0;2.0;2.0;;;;;;;;;;;;43011
2021-01;1.0;1.0;1.0;1.0;;;;;;;;;;;;;43011
2022-01;3.0;3.0;2.0;;;;;;;;;;;;;;43011
2023-01;2.0;2.0;;;;;;;;;;;;;;;43011
2024-01;2.0;;;;;;;;;;;;;;;;43011
2015-01;1.0;1.0;1.0;1.0;1.0;1.0;;;;;;;;;;;43006
2016-01;1.0;1.0;1.0;1.0;1.0;1.0;1.0;1.0;1.0;;;;;;;;43006
2018-01;3.0;3.0;1.0;;;;;;;;;;;;;;43006
2019-01;7.0;7.0;3.0;3.0;3.0;2.0;;;;;;;;;;;43006
2020-01;3.0;1.0;1.0;1.0;1.0;;;;;;;;;;;;43006
2021-01;2.0;2.0;2.0;1.0;;;;;;;;;;;;;43006
2022-01;4.0;4.0;2.0;;;;;;;;;;;;;;43006
2023-01;5.0;2.0;;;;;;;;;;;;;;;43006
2024-01;1.0;;;;;;;;;;;;;;;;43006
2009-01;2.0;2.0;2.0;2.0;2.0;2.0;2.0;2.0;2.0;2.0;2.0;2.0;2.0;2.0;2.0;2.0;42013
2010-01;1.0;1.0;1.0;1.0;1.0;1.0;1.0;1.0;1.0;1.0;1.0;1.0;1.0;1.0;1.0;;42013
2011-01;2.0;2.0;1.0;1.0;1.0;1.0;1.0;1.0;1.0;1.0;1.0;1.0;1.0;1.0;;;42013
2016-01;1.0;1.0;1.0;1.0;1.0;1.0;1.0;1.0;1.0;;;;;;;;42013
2018-01;1.0;1.0;1.0;1.0;1.0;1.0;1.0;;;;;;;;;;42013
2021-01;3.0;3.0;3.0;3.0;;;;;;;;;;;;;42013
2022-01;3.0;2.0;2.0;;;;;;;;;;;;;;42013
2013-01;2.0;2.0;2.0;2.0;2.0;2.0;2.0;2.0;2.0;2.0;2.0;2.0;;;;;42002
2014-01;3.0;3.0;3.0;3.0;1.0;1.0;1.0;1.0;1.0;1.0;1.0;;;;;;42002
2015-01;1.0;1.0;1.0;1.0;1.0;1.0;1.0;;;;;;;;;;42002
2016-01;1.0;1.0;;;;;;;;;;;;;;;42002
2017-01;1.0;1.0;1.0;1.0;;;;;;;;;;;;;42002
2018-01;2.0;2.0;2.0;2.0;2.0;2.0;2.0;;;;;;;;;;42002
2019-01;1.0;1.0;1.0;1.0;1.0;1.0;;;;;;;;;;;42002
2021-01;3.0;3.0;3.0;1.0;;;;;;;;;;;;;42002
2022-01;3.0;3.0;2.0;;;;;;;;;;;;;;42002
2023-01;2.0;2.0;;;;;;;;;;;;;;;42002
2024-01;3.0;;;;;;;;;;;;;;;;42002
2009-01;7.0;7.0;5.0;3.0;3.0;3.0;3.0;3.0;3.0;3.0;3.0;3.0;3.0;3.0;2.0;2.0;42008
2011-01;1.0;;;;;;;;;;;;;;;;42008
2016-01;2.0;2.0;2.0;2.0;2.0;2.0;2.0;1.0;1.0;;;;;;;;42008
2017-01;3.0;3.0;3.0;3.0;3.0;3.0;3.0;3.0;;;;;;;;;42008
2018-01;1.0;1.0;1.0;1.0;1.0;1.0;;;;;;;;;;;42008
2020-01;6.0;6.0;6.0;1.0;1.0;;;;;;;;;;;;42008
2021-01;1.0;1.0;;;;;;;;;;;;;;;42008
2023-01;2.0;2.0;;;;;;;;;;;;;;;42008
2024-01;5.0;;;;;;;;;;;;;;;;42008
2009-01;8.0;7.0;7.0;5.0;4.0;4.0;4.0;4.0;4.0;4.0;4.0;4.0;4.0;4.0;3.0;2.0;42011
2011-01;1.0;;;;;;;;;;;;;;;;42011
2012-01;1.0;1.0;1.0;1.0;1.0;1.0;1.0;1.0;1.0;1.0;1.0;1.0;1.0;;;;42011
2013-01;2.0;2.0;2.0;2.0;2.0;2.0;2.0;2.0;2.0;2.0;2.0;2.0;;;;;42011
2014-01;5.0;5.0;5.0;5.0;3.0;3.0;2.0;2.0;2.0;2.0;1.0;;;;;;42011
2016-01;1.0;1.0;1.0;1.0;1.0;1.0;1.0;1.0;1.0;;;;;;;;42011
2017-01;4.0;4.0;3.0;3.0;3.0;2.0;2.0;2.0;;;;;;;;;42011
2018-01;2.0;2.0;2.0;2.0;2.0;2.0;2.0;;;;;;;;;;42011
2019-01;4.0;4.0;3.0;3.0;3.0;3.0;;;;;;;;;;;42011
2020-01;3.0;3.0;3.0;2.0;2.0;;;;;;;;;;;;42011
2021-01;1.0;1.0;1.0;1.0;;;;;;;;;;;;;42011
2022-01;3.0;3.0;3.0;;;;;;;;;;;;;;42011
2024-01;4.0;;;;;;;;;;;;;;;;42011
2010-01;1.0;1.0;1.0;1.0;1.0;1.0;1.0;1.0;1.0;1.0;1.0;1.0;1.0;1.0;1.0;;42012
2011-01;1.0;1.0;1.0;1.0;1.0;1.0;1.0;1.0;1.0;1.0;1.0;1.0;1.0;1.0;;;42012
2015-01;1.0;1.0;1.0;1.0;1.0;1.0;1.0;1.0;1.0;1.0;;;;;;;42012
2017-01;1.0;1.0;1.0;1.0;1.0;1.0;1.0;1.0;;;;;;;;;42012
2018-01;3.0;1.0;1.0;1.0;;;;;;;;;;;;;42012
2020-01;2.0;2.0;1.0;1.0;1.0;;;;;;;;;;;;42012
2021-01;1.0;1.0;1.0;1.0;;;;;;;;;;;;;42012
2022-01;4.0;4.0;4.0;;;;;;;;;;;;;;42012
2023-01;2.0;2.0;;;;;;;;;;;;;;;42012
2024-01;1.0;;;;;;;;;;;;;;;;42012
2018-01;1.0;1.0;1.0;1.0;1.0;1.0;1.0;;;;;;;;;;42004
2019-01;1.0;1.0;1.0;1.0;1.0;1.0;;;;;;;;;;;42004
2022-01;1.0;1.0;1.0;;;;;;;;;;;;;;42004
2009-01;2.0;2.0;2.0;2.0;2.0;2.0;2.0;2.0;2.0;2.0;2.0;2.0;2.0;2.0;2.0;2.0;42005
2010-01;2.0;2.0;1.0;1.0;1.0;1.0;1.0;1.0;1.0;1.0;1.0;1.0;1.0;1.0;1.0;;42005
2011-01;1.0;1.0;1.0;1.0;1.0;1.0;1.0;1.0;1.0;1.0;1.0;1.0;1.0;1.0;;;42005
2012-01;1.0;1.0;1.0;1.0;1.0;1.0;;;;;;;;;;;42005
2013-01;5.0;4.0;4.0;4.0;4.0;4.0;4.0;4.0;;;;;;;;;42005
2014-01;3.0;3.0;3.0;3.0;2.0;2.0;2.0;2.0;2.0;2.0;2.0;;;;;;42005
2015-01;2.0;2.0;2.0;2.0;2.0;2.0;2.0;2.0;2.0;2.0;;;;;;;42005
2017-01;2.0;2.0;2.0;2.0;2.0;2.0;2.0;2.0;;;;;;;;;42005
2018-01;1.0;1.0;1.0;1.0;1.0;1.0;1.0;;;;;;;;;;42005
2019-01;3.0;3.0;3.0;3.0;3.0;3.0;;;;;;;;;;;42005
2020-01;3.0;3.0;3.0;3.0;3.0;;;;;;;;;;;;42005
2021-01;1.0;1.0;1.0;1.0;;;;;;;;;;;;;42005
2022-01;4.0;4.0;4.0;;;;;;;;;;;;;;42005
2024-01;5.0;;;;;;;;;;;;;;;;42005
2009-01;3.0;3.0;3.0;3.0;3.0;3.0;3.0;3.0;3.0;3.0;3.0;3.0;1.0;1.0;1.0;1.0;42006
2010-01;4.0;4.0;4.0;4.0;4.0;3.0;4.0;4.0;4.0;4.0;4.0;4.0;4.0;4.0;4.0;;42006
2011-01;1.0;1.0;1.0;1.0;1.0;;;;;;;;;;;;42006
2013-01;1.0;1.0;1.0;1.0;1.0;;;;;;;;;;;;42006
2014-01;4.0;4.0;4.0;4.0;3.0;3.0;3.0;3.0;3.0;3.0;3.0;;;;;;42006
2015-01;3.0;2.0;2.0;3.0;2.0;2.0;2.0;2.0;2.0;2.0;;;;;;;42006
2016-01;2.0;2.0;1.0;1.0;1.0;1.0;1.0;1.0;1.0;;;;;;;;42006
2017-01;3.0;3.0;3.0;3.0;2.0;2.0;2.0;2.0;;;;;;;;;42006
2018-01;5.0;5.0;5.0;4.0;4.0;4.0;4.0;;;;;;;;;;42006
2019-01;2.0;2.0;2.0;2.0;2.0;2.0;;;;;;;;;;;42006
2020-01;3.0;3.0;3.0;3.0;2.0;;;;;;;;;;;;42006
2021-01;3.0;3.0;3.0;3.0;;;;;;;;;;;;;42006
2022-01;2.0;2.0;2.0;;;;;;;;;;;;;;42006
2023-01;3.0;3.0;;;;;;;;;;;;;;;42006
2024-01;3.0;;;;;;;;;;;;;;;;42006
2009-01;8.0;7.0;6.0;6.0;6.0;6.0;6.0;6.0;6.0;6.0;6.0;6.0;6.0;6.0;5.0;3.0;42007
2010-01;6.0;5.0;5.0;5.0;4.0;4.0;3.0;3.0;3.0;3.0;3.0;3.0;2.0;2.0;2.0;;42007
2011-01;2.0;1.0;1.0;;;;;;;;;;;;;;42007
2012-01;10.0;9.0;7.0;8.0;8.0;8.0;8.0;8.0;8.0;7.0;6.0;6.0;6.0;;;;42007
2013-01;4.0;4.0;3.0;2.0;2.0;2.0;2.0;3.0;3.0;2.0;2.0;2.0;;;;;42007
2014-01;4.0;4.0;4.0;4.0;4.0;3.0;3.0;3.0;3.0;3.0;4.0;;;;;;42007
2015-01;10.0;10.0;10.0;10.0;9.0;8.0;8.0;8.0;7.0;7.0;;;;;;;42007
2016-01;9.0;9.0;9.0;9.0;9.0;9.0;9.0;9.0;6.0;;;;;;;;42007
2017-01;2.0;2.0;2.0;2.0;2.0;2.0;2.0;2.0;;;;;;;;;42007
2018-01;5.0;5.0;5.0;5.0;4.0;4.0;3.0;;;;;;;;;;42007
2019-01;4.0;2.0;2.0;2.0;2.0;2.0;;;;;;;;;;;42007
2020-01;3.0;3.0;3.0;2.0;2.0;;;;;;;;;;;;42007
2021-01;5.0;5.0;4.0;4.0;;;;;;;;;;;;;42007
2022-01;5.0;5.0;5.0;;;;;;;;;;;;;;42007
2023-01;8.0;8.0;;;;;;;;;;;;;;;42007
2024-01;14.0;;;;;;;;;;;;;;;;42007
2012-01;1.0;1.0;;;;;;;;;;;;;;;42001
2014-01;1.0;1.0;1.0;1.0;1.0;1.0;1.0;1.0;1.0;1.0;1.0;;;;;;42001
2017-01;1.0;1.0;1.0;1.0;1.0;1.0;1.0;1.0;;;;;;;;;42001
2019-01;1.0;1.0;1.0;1.0;1.0;1.0;;;;;;;;;;;42001
2020-01;3.0;2.0;;;;;;;;;;;;;;;42001
2021-01;2.0;1.0;1.0;2.0;;;;;;;;;;;;;42001
2023-01;2.0;2.0;;;;;;;;;;;;;;;42001
2009-01;4.0;4.0;4.0;4.0;4.0;4.0;4.0;4.0;4.0;4.0;4.0;4.0;4.0;4.0;4.0;4.0;42017
2010-01;2.0;2.0;2.0;2.0;2.0;2.0;2.0;2.0;2.0;2.0;2.0;2.0;2.0;2.0;2.0;;42017
2013-01;1.0;1.0;1.0;1.0;1.0;;;;;;;;;;;;42017
2016-01;2.0;2.0;2.0;2.0;2.0;2.0;2.0;2.0;2.0;;;;;;;;42017
2017-01;1.0;1.0;1.0;1.0;1.0;1.0;1.0;1.0;;;;;;;;;42017
2021-01;1.0;1.0;1.0;1.0;;;;;;;;;;;;;42017
2022-01;1.0;1.0;1.0;;;;;;;;;;;;;;42017
2009-01;2.0;2.0;2.0;2.0;2.0;2.0;2.0;2.0;2.0;2.0;2.0;1.0;1.0;1.0;1.0;1.0;42016
2011-01;1.0;1.0;1.0;1.0;1.0;1.0;1.0;1.0;1.0;1.0;1.0;1.0;1.0;1.0;;;42016
2015-01;1.0;1.0;1.0;1.0;1.0;;;;;;;;;;;;42016
2017-01;2.0;2.0;2.0;1.0;1.0;1.0;1.0;;;;;;;;;;42016
2018-01;2.0;2.0;2.0;2.0;2.0;2.0;2.0;;;;;;;;;;42016
2020-01;1.0;1.0;1.0;1.0;1.0;;;;;;;;;;;;42016
2023-01;1.0;1.0;;;;;;;;;;;;;;;42016
2024-01;2.0;;;;;;;;;;;;;;;;42016
2009-01;1.0;1.0;1.0;1.0;1.0;1.0;1.0;1.0;1.0;1.0;;;1.0;1.0;1.0;1.0;42003
2016-01;1.0;1.0;1.0;1.0;1.0;1.0;1.0;1.0;1.0;;;;;;;;42003
2017-01;2.0;1.0;;;;;;;;;;;;;;;42003
2024-01;1.0;;;;;;;;;;;;;;;;42003
2009-01;17.0;16.0;16.0;14.0;14.0;15.0;15.0;13.0;13.0;13.0;13.0;10.0;9.0;10.0;10.0;10.0;28001
2010-01;8.0;8.0;6.0;5.0;5.0;5.0;5.0;4.0;4.0;4.0;3.0;3.0;2.0;2.0;2.0;;28001
2011-01;14.0;10.0;8.0;8.0;8.0;8.0;8.0;8.0;8.0;6.0;6.0;6.0;6.0;6.0;;;28001
2012-01;5.0;5.0;4.0;4.0;4.0;4.0;5.0;5.0;5.0;5.0;5.0;5.0;5.0;;;;28001
2013-01;3.0;3.0;3.0;3.0;3.0;3.0;3.0;3.0;3.0;3.0;3.0;3.0;;;;;28001
2014-01;8.0;8.0;5.0;5.0;5.0;5.0;5.0;5.0;5.0;5.0;5.0;;;;;;28001
2015-01;5.0;5.0;4.0;4.0;4.0;3.0;3.0;3.0;3.0;3.0;;;;;;;28001
2016-01;3.0;3.0;3.0;3.0;3.0;3.0;3.0;3.0;3.0;;;;;;;;28001
2017-01;1.0;1.0;1.0;1.0;1.0;1.0;1.0;1.0;;;;;;;;;28001
2018-01;9.0;9.0;9.0;9.0;9.0;8.0;8.0;;;;;;;;;;28001
2019-01;2.0;2.0;2.0;2.0;2.0;2.0;;;;;;;;;;;28001
2020-01;7.0;7.0;7.0;7.0;7.0;;;;;;;;;;;;28001
2021-01;6.0;6.0;5.0;3.0;;;;;;;;;;;;;28001
2022-01;3.0;3.0;3.0;;;;;;;;;;;;;;28001
2023-01;5.0;5.0;;;;;;;;;;;;;;;28001
2024-01;3.0;;;;;;;;;;;;;;;;28001
2019-01;1.0;1.0;1.0;1.0;1.0;;;;;;;;;;;;28006
2020-01;1.0;1.0;1.0;;;;;;;;;;;;;;28004
2013-01;1.0;1.0;1.0;1.0;1.0;1.0;1.0;1.0;1.0;1.0;1.0;1.0;;;;;35074
2009-01;2.0;2.0;2.0;2.0;2.0;2.0;2.0;2.0;2.0;2.0;2.0;2.0;2.0;2.0;2.0;2.0;35172
2011-01;1.0;1.0;1.0;1.0;1.0;1.0;1.0;1.0;1.0;1.0;1.0;1.0;1.0;1.0;;;35172
2012-01;1.0;1.0;1.0;1.0;1.0;1.0;1.0;1.0;1.0;1.0;1.0;;;;;;35172
2014-01;1.0;1.0;1.0;1.0;1.0;1.0;1.0;1.0;1.0;;;;;;;;35172
2017-01;3.0;3.0;3.0;3.0;2.0;2.0;2.0;1.0;;;;;;;;;35172
2018-01;1.0;1.0;1.0;1.0;1.0;1.0;1.0;;;;;;;;;;35172
2020-01;3.0;2.0;2.0;2.0;2.0;;;;;;;;;;;;35172
2023-01;1.0;1.0;;;;;;;;;;;;;;;35172
2009-01;5.0;5.0;5.0;5.0;5.0;5.0;3.0;3.0;3.0;3.0;3.0;3.0;3.0;3.0;3.0;3.0;35021
2011-01;1.0;1.0;1.0;1.0;1.0;1.0;1.0;1.0;1.0;1.0;1.0;1.0;1.0;1.0;;;35021
2012-01;1.0;1.0;1.0;1.0;1.0;1.0;1.0;1.0;1.0;1.0;1.0;1.0;1.0;;;;35021
2014-01;1.0;1.0;1.0;1.0;1.0;1.0;1.0;1.0;1.0;1.0;;;;;;;35021
2017-01;2.0;2.0;2.0;2.0;2.0;2.0;2.0;2.0;;;;;;;;;35021
2021-01;1.0;1.0;1.0;1.0;;;;;;;;;;;;;35021
2023-01;1.0;1.0;;;;;;;;;;;;;;;35021
2024-01;1.0;;;;;;;;;;;;;;;;35021
2009-01;46.0;41.0;31.0;20.0;18.0;18.0;17.0;15.0;12.0;9.0;9.0;8.0;8.0;7.0;6.0;6.0;35051
2010-01;49.0;43.0;41.0;28.0;23.0;22.0;16.0;12.0;12.0;12.0;12.0;11.0;11.0;10.0;10.0;;35051
2011-01;39.0;33.0;26.0;12.0;12.0;10.0;8.0;8.0;8.0;8.0;8.0;8.0;7.0;7.0;;;35051
2012-01;30.0;26.0;22.0;12.0;9.0;6.0;5.0;5.0;5.0;5.0;5.0;3.0;3.0;;;;35051
2013-01;38.0;35.0;31.0;23.0;17.0;13.0;14.0;13.0;13.0;12.0;12.0;12.0;;;;;35051
2014-01;13.0;13.0;11.0;5.0;5.0;4.0;4.0;4.0;3.0;3.0;3.0;;;;;;35051
2015-01;18.0;17.0;13.0;6.0;6.0;7.0;6.0;6.0;5.0;5.0;;;;;;;35051
2016-01;12.0;10.0;9.0;6.0;6.0;4.0;4.0;3.0;3.0;;;;;;;;35051
2017-01;23.0;23.0;20.0;17.0;6.0;5.0;2.0;2.0;;;;;;;;;35051
2018-01;14.0;12.0;11.0;5.0;6.0;4.0;4.0;;;;;;;;;;35051
2019-01;18.0;17.0;8.0;3.0;1.0;1.0;;;;;;;;;;;35051
2020-01;18.0;8.0;5.0;4.0;4.0;;;;;;;;;;;;35051
2021-01;25.0;23.0;16.0;14.0;;;;;;;;;;;;;35051
2022-01;27.0;15.0;15.0;;;;;;;;;;;;;;35051
2023-01;5.0;5.0;;;;;;;;;;;;;;;35051
2024-01;1.0;;;;;;;;;;;;;;;;35051
2009-01;1.0;1.0;1.0;1.0;1.0;1.0;;;;;;;;;;;35031
2010-01;1.0;1.0;1.0;1.0;1.0;1.0;1.0;1.0;;;;;;;;;35031
2011-01;1.0;1.0;1.0;1.0;1.0;1.0;1.0;1.0;1.0;1.0;1.0;1.0;1.0;1.0;;;35031
2012-01;3.0;3.0;3.0;3.0;3.0;2.0;2.0;2.0;2.0;2.0;1.0;1.0;1.0;;;;35031
2013-01;2.0;2.0;2.0;2.0;2.0;2.0;2.0;2.0;2.0;2.0;2.0;2.0;;;;;35031
2014-01;1.0;1.0;1.0;1.0;1.0;1.0;1.0;1.0;1.0;1.0;1.0;;;;;;35031
2015-01;5.0;4.0;2.0;3.0;3.0;3.0;3.0;3.0;3.0;3.0;;;;;;;35031
2018-01;3.0;3.0;3.0;3.0;3.0;2.0;2.0;;;;;;;;;;35031
2019-01;3.0;1.0;1.0;1.0;1.0;1.0;;;;;;;;;;;35031
2020-01;4.0;3.0;3.0;3.0;3.0;;;;;;;;;;;;35031
2021-01;4.0;4.0;3.0;3.0;;;;;;;;;;;;;35031
2022-01;2.0;2.0;2.0;;;;;;;;;;;;;;35031
2023-01;1.0;1.0;;;;;;;;;;;;;;;35031
2024-01;1.0;;;;;;;;;;;;;;;;35031
2009-01;6.0;6.0;6.0;5.0;5.0;5.0;5.0;3.0;3.0;3.0;3.0;3.0;3.0;3.0;3.0;3.0;35071
2010-01;1.0;1.0;1.0;1.0;1.0;1.0;;;;;;;;;;;35071
2016-01;4.0;4.0;4.0;4.0;4.0;4.0;4.0;4.0;4.0;;;;;;;;35071
2018-01;1.0;1.0;1.0;1.0;1.0;1.0;1.0;;;;;;;;;;35071
2020-01;1.0;1.0;1.0;1.0;1.0;;;;;;;;;;;;35071
2022-01;1.0;1.0;1.0;;;;;;;;;;;;;;35071
2023-01;1.0;1.0;;;;;;;;;;;;;;;35071
2024-01;1.0;;;;;;;;;;;;;;;;35071
2019-01;1.0;1.0;1.0;1.0;1.0;1.0;;;;;;;;;;;35133
2023-01;1.0;1.0;;;;;;;;;;;;;;;35133
2009-01;70.0;67.0;65.0;33.0;15.0;16.0;11.0;11.0;13.0;13.0;13.0;13.0;13.0;13.0;12.0;13.0;35072
2010-01;3.0;2.0;1.0;1.0;;;;;;;;;;;;;35072
2011-01;15.0;11.0;8.0;4.0;4.0;6.0;6.0;6.0;6.0;6.0;6.0;6.0;6.0;6.0;;;35072
2012-01;23.0;22.0;20.0;18.0;18.0;18.0;17.0;15.0;14.0;14.0;13.0;13.0;13.0;;;;35072
2013-01;12.0;11.0;11.0;8.0;8.0;8.0;8.0;7.0;7.0;7.0;8.0;7.0;;;;;35072
2014-01;8.0;5.0;6.0;3.0;5.0;4.0;3.0;3.0;4.0;3.0;3.0;;;;;;35072
2015-01;9.0;8.0;8.0;5.0;5.0;5.0;5.0;2.0;2.0;1.0;;;;;;;35072
2016-01;14.0;13.0;13.0;10.0;9.0;8.0;8.0;8.0;7.0;;;;;;;;35072
2017-01;10.0;9.0;8.0;6.0;5.0;5.0;5.0;5.0;;;;;;;;;35072
2018-01;5.0;5.0;5.0;5.0;5.0;4.0;4.0;;;;;;;;;;35072
2019-01;7.0;7.0;7.0;6.0;6.0;6.0;;;;;;;;;;;35072
2020-01;12.0;10.0;9.0;9.0;8.0;;;;;;;;;;;;35072
2021-01;14.0;14.0;12.0;11.0;;;;;;;;;;;;;35072
2022-01;6.0;5.0;5.0;;;;;;;;;;;;;;35072
2023-01;36.0;36.0;;;;;;;;;;;;;;;35072
2024-01;17.0;;;;;;;;;;;;;;;;35072
2009-01;1.0;1.0;1.0;;;;;;;;;;;;;;35161
2012-01;1.0;1.0;1.0;1.0;1.0;1.0;1.0;1.0;1.0;1.0;1.0;1.0;1.0;;;;35161
2021-01;1.0;1.0;1.0;1.0;;;;;;;;;;;;;35161
2023-01;11.0;10.0;;;;;;;;;;;;;;;35161
2024-01;3.0;;;;;;;;;;;;;;;;35161
2010-01;1.0;1.0;;;;;;;;;;;;;;;35151
2013-01;1.0;1.0;1.0;1.0;1.0;1.0;1.0;1.0;1.0;1.0;1.0;1.0;;;;;35151
2014-01;1.0;;;;;;;;;;;;;;;;35151
2015-01;1.0;1.0;1.0;1.0;1.0;;;;;;;;;;;;35151
2017-01;2.0;2.0;2.0;1.0;1.0;1.0;1.0;1.0;;;;;;;;;35151
2018-01;4.0;4.0;3.0;3.0;3.0;3.0;3.0;;;;;;;;;;35151
2019-01;5.0;5.0;5.0;5.0;5.0;5.0;;;;;;;;;;;35151
2020-01;4.0;4.0;4.0;4.0;4.0;;;;;;;;;;;;35151
2021-01;3.0;3.0;3.0;3.0;;;;;;;;;;;;;35151
2023-01;1.0;1.0;;;;;;;;;;;;;;;35151
2024-01;2.0;;;;;;;;;;;;;;;;35151
2009-01;2.0;2.0;2.0;2.0;2.0;2.0;2.0;2.0;2.0;1.0;1.0;1.0;1.0;1.0;1.0;1.0;35013
2017-01;1.0;1.0;1.0;1.0;1.0;1.0;1.0;1.0;;;;;;;;;35013
2018-01;1.0;1.0;1.0;1.0;1.0;1.0;1.0;;;;;;;;;;35013
2020-01;1.0;1.0;1.0;1.0;;;;;;;;;;;;;35013
2023-01;22.0;16.0;;;;;;;;;;;;;;;35013
2024-01;20.0;;;;;;;;;;;;;;;;35013
2009-01;26.0;25.0;24.0;16.0;15.0;15.0;15.0;13.0;13.0;11.0;10.0;9.0;9.0;9.0;10.0;9.0;35041
2010-01;6.0;6.0;2.0;3.0;3.0;3.0;3.0;3.0;3.0;2.0;2.0;2.0;2.0;1.0;1.0;;35041
2011-01;3.0;3.0;3.0;3.0;3.0;3.0;3.0;2.0;2.0;2.0;2.0;2.0;2.0;2.0;;;35041
2012-01;6.0;5.0;4.0;3.0;3.0;3.0;3.0;2.0;1.0;1.0;2.0;1.0;1.0;;;;35041
2013-01;3.0;3.0;3.0;3.0;3.0;3.0;3.0;2.0;2.0;2.0;2.0;2.0;;;;;35041
2014-01;1.0;1.0;1.0;1.0;1.0;1.0;;;;;;;;;;;35041
2015-01;1.0;1.0;1.0;;;1.0;1.0;1.0;1.0;1.0;;;;;;;35041
2016-01;5.0;5.0;4.0;4.0;4.0;3.0;3.0;3.0;3.0;;;;;;;;35041
2017-01;4.0;4.0;4.0;4.0;4.0;3.0;2.0;2.0;;;;;;;;;35041
2018-01;2.0;2.0;2.0;2.0;2.0;2.0;2.0;;;;;;;;;;35041
2019-01;4.0;4.0;4.0;4.0;3.0;3.0;;;;;;;;;;;35041
2020-01;7.0;6.0;5.0;5.0;3.0;;;;;;;;;;;;35041
2021-01;4.0;4.0;4.0;4.0;;;;;;;;;;;;;35041
2022-01;7.0;7.0;7.0;;;;;;;;;;;;;;35041
2023-01;5.0;5.0;;;;;;;;;;;;;;;35041
2024-01;1.0;;;;;;;;;;;;;;;;35041
2009-01;1.0;1.0;1.0;1.0;1.0;1.0;1.0;1.0;1.0;;;;;;;;35141
2011-01;3.0;2.0;2.0;1.0;1.0;1.0;1.0;1.0;;;;;;;;;35141
2012-01;1.0;1.0;1.0;1.0;1.0;1.0;1.0;1.0;1.0;1.0;1.0;1.0;1.0;;;;35141
2013-01;1.0;1.0;1.0;;;;;;;;;;;;;;35141
2015-01;1.0;1.0;1.0;1.0;1.0;1.0;1.0;1.0;1.0;1.0;;;;;;;35141
2016-01;1.0;1.0;1.0;1.0;1.0;1.0;1.0;1.0;1.0;;;;;;;;35141
2019-01;1.0;1.0;1.0;1.0;1.0;1.0;;;;;;;;;;;35141
2020-01;1.0;1.0;1.0;1.0;1.0;;;;;;;;;;;;35141
2022-01;1.0;1.0;1.0;;;;;;;;;;;;;;35141
2023-01;1.0;;;;;;;;;;;;;;;;35141
2024-01;2.0;;;;;;;;;;;;;;;;35141
2009-01;6.0;6.0;5.0;4.0;4.0;3.0;3.0;2.0;2.0;2.0;2.0;2.0;3.0;3.0;3.0;3.0;35011
2010-01;2.0;2.0;2.0;2.0;1.0;;;;1.0;1.0;1.0;;1.0;1.0;2.0;;35011
2011-01;1.0;1.0;1.0;;;;;;;;;;;;;;35011
2012-01;3.0;3.0;1.0;1.0;1.0;;1.0;1.0;;;;;;;;;35011
2013-01;1.0;1.0;1.0;1.0;1.0;1.0;1.0;;;;;;;;;;35011
2014-01;9.0;9.0;8.0;5.0;7.0;7.0;7.0;6.0;6.0;6.0;6.0;;;;;;35011
2015-01;7.0;7.0;6.0;6.0;6.0;1.0;1.0;1.0;1.0;1.0;;;;;;;35011
2016-01;2.0;2.0;2.0;2.0;2.0;1.0;1.0;1.0;;;;;;;;;35011
2017-01;6.0;6.0;6.0;5.0;4.0;4.0;3.0;3.0;;;;;;;;;35011
2018-01;11.0;9.0;8.0;3.0;3.0;5.0;5.0;;;;;;;;;;35011
2019-01;3.0;3.0;3.0;3.0;2.0;3.0;;;;;;;;;;;35011
2020-01;25.0;18.0;16.0;8.0;8.0;;;;;;;;;;;;35011
2021-01;6.0;6.0;2.0;2.0;;;;;;;;;;;;;35011
2022-01;6.0;5.0;5.0;;;;;;;;;;;;;;35011
2023-01;15.0;13.0;;;;;;;;;;;;;;;35011
2024-01;9.0;;;;;;;;;;;;;;;;35011
2009-01;8.0;8.0;8.0;8.0;6.0;5.0;2.0;2.0;2.0;2.0;3.0;3.0;3.0;3.0;3.0;2.0;35163
2010-01;3.0;3.0;3.0;2.0;2.0;1.0;1.0;1.0;1.0;1.0;1.0;1.0;1.0;1.0;1.0;;35163
2011-01;4.0;4.0;4.0;4.0;2.0;2.0;2.0;2.0;2.0;2.0;2.0;2.0;2.0;2.0;;;35163
2012-01;6.0;6.0;6.0;3.0;3.0;3.0;2.0;2.0;2.0;2.0;2.0;2.0;2.0;;;;35163
2013-01;1.0;1.0;;;;;;;;;;;;;;;35163
2014-01;7.0;6.0;6.0;4.0;4.0;2.0;2.0;2.0;2.0;2.0;2.0;;;;;;35163
2015-01;1.0;1.0;1.0;1.0;1.0;1.0;1.0;1.0;1.0;1.0;;;;;;;35163
2016-01;7.0;5.0;5.0;5.0;5.0;5.0;5.0;5.0;5.0;;;;;;;;35163
2017-01;4.0;3.0;1.0;2.0;2.0;2.0;2.0;2.0;;;;;;;;;35163
2018-01;5.0;4.0;4.0;3.0;4.0;3.0;3.0;;;;;;;;;;35163
2019-01;10.0;10.0;9.0;9.0;8.0;7.0;;;;;;;;;;;35163
2020-01;6.0;6.0;5.0;5.0;5.0;;;;;;;;;;;;35163
2021-01;5.0;5.0;5.0;5.0;;;;;;;;;;;;;35163
2022-01;4.0;4.0;3.0;;;;;;;;;;;;;;35163
2023-01;7.0;6.0;;;;;;;;;;;;;;;35163
2024-01;11.0;;;;;;;;;;;;;;;;35163
2009-01;8.0;8.0;7.0;6.0;6.0;6.0;6.0;5.0;4.0;3.0;3.0;3.0;3.0;4.0;4.0;4.0;35171
2010-01;10.0;9.0;8.0;8.0;8.0;8.0;7.0;6.0;5.0;5.0;5.0;4.0;4.0;4.0;4.0;;35171
2011-01;2.0;2.0;2.0;1.0;1.0;1.0;1.0;1.0;1.0;1.0;1.0;1.0;1.0;1.0;;;35171
2012-01;1.0;1.0;1.0;1.0;1.0;1.0;1.0;1.0;1.0;1.0;1.0;1.0;1.0;;;;35171
2013-01;2.0;2.0;2.0;2.0;2.0;2.0;2.0;2.0;2.0;2.0;2.0;2.0;;;;;35171
2014-01;3.0;3.0;3.0;3.0;3.0;3.0;3.0;3.0;3.0;3.0;3.0;;;;;;35171
2015-01;1.0;1.0;1.0;1.0;1.0;1.0;1.0;1.0;1.0;1.0;;;;;;;35171
2016-01;6.0;5.0;4.0;4.0;4.0;4.0;4.0;4.0;4.0;;;;;;;;35171
2017-01;5.0;5.0;4.0;4.0;4.0;4.0;4.0;4.0;;;;;;;;;35171
2018-01;6.0;6.0;6.0;6.0;6.0;6.0;6.0;;;;;;;;;;35171
2019-01;1.0;1.0;1.0;1.0;1.0;1.0;;;;;;;;;;;35171
2020-01;25.0;25.0;25.0;25.0;25.0;;;;;;;;;;;;35171
2021-01;3.0;3.0;3.0;3.0;;;;;;;;;;;;;35171
2022-01;5.0;5.0;5.0;;;;;;;;;;;;;;35171
2023-01;7.0;6.0;;;;;;;;;;;;;;;35171
2024-01;14.0;;;;;;;;;;;;;;;;35171
2009-01;23.0;20.0;20.0;15.0;14.0;15.0;14.0;13.0;12.0;12.0;12.0;12.0;12.0;11.0;11.0;11.0;35064
2010-01;1.0;1.0;1.0;1.0;1.0;1.0;1.0;1.0;1.0;1.0;1.0;1.0;1.0;1.0;1.0;;35064
2012-01;2.0;2.0;2.0;2.0;2.0;1.0;1.0;;;;;;;;;;35064
2013-01;7.0;7.0;7.0;7.0;5.0;4.0;4.0;4.0;4.0;4.0;4.0;4.0;;;;;35064
2014-01;2.0;2.0;2.0;2.0;2.0;2.0;2.0;2.0;2.0;2.0;2.0;;;;;;35064
2015-01;8.0;8.0;8.0;7.0;7.0;7.0;7.0;7.0;6.0;6.0;;;;;;;35064
2016-01;6.0;6.0;5.0;5.0;5.0;5.0;5.0;5.0;5.0;;;;;;;;35064
2017-01;7.0;6.0;6.0;6.0;5.0;5.0;5.0;5.0;;;;;;;;;35064
2018-01;7.0;6.0;6.0;6.0;6.0;6.0;6.0;;;;;;;;;;35064
2019-01;11.0;11.0;11.0;10.0;10.0;10.0;;;;;;;;;;;35064
2020-01;4.0;4.0;4.0;4.0;4.0;;;;;;;;;;;;35064
2021-01;4.0;4.0;4.0;4.0;;;;;;;;;;;;;35064
2022-01;2.0;2.0;2.0;;;;;;;;;;;;;;35064
2023-01;6.0;6.0;;;;;;;;;;;;;;;35064
2024-01;6.0;;;;;;;;;;;;;;;;35064
2009-01;3.0;3.0;3.0;2.0;2.0;2.0;2.0;1.0;1.0;1.0;1.0;1.0;1.0;1.0;1.0;1.0;35022
2016-01;2.0;2.0;2.0;2.0;2.0;2.0;2.0;2.0;1.0;;;;;;;;35022
2021-01;1.0;1.0;1.0;1.0;;;;;;;;;;;;;35022
2024-01;1.0;;;;;;;;;;;;;;;;35022
2009-01;1.0;1.0;1.0;;;;;;;;;;;;;;35014
2010-01;4.0;3.0;3.0;3.0;1.0;;;;;;;;;;;;35014
2011-01;3.0;3.0;3.0;3.0;3.0;3.0;3.0;3.0;3.0;3.0;3.0;3.0;3.0;3.0;;;35014
2012-01;7.0;6.0;6.0;3.0;4.0;4.0;3.0;3.0;3.0;3.0;3.0;3.0;3.0;;;;35014
2013-01;2.0;1.0;1.0;1.0;;;;;;;;;;;;;35014
2014-01;5.0;5.0;4.0;4.0;4.0;3.0;3.0;3.0;3.0;3.0;3.0;;;;;;35014
2015-01;1.0;1.0;;;;;;;;;;;;;;;35014
2016-01;3.0;3.0;3.0;2.0;2.0;2.0;2.0;2.0;2.0;;;;;;;;35014
2018-01;1.0;1.0;1.0;1.0;1.0;1.0;1.0;;;;;;;;;;35014
2020-01;4.0;4.0;4.0;3.0;3.0;;;;;;;;;;;;35014
2021-01;2.0;2.0;2.0;2.0;;;;;;;;;;;;;35014
2022-01;2.0;2.0;2.0;;;;;;;;;;;;;;35014
2023-01;1.0;1.0;;;;;;;;;;;;;;;35014
2024-01;1.0;;;;;;;;;;;;;;;;35014
2009-01;2.0;2.0;1.0;2.0;2.0;2.0;2.0;2.0;2.0;2.0;1.0;1.0;1.0;1.0;1.0;2.0;35121
2016-01;1.0;;;;;;;;;;;;;;;;35121
2019-01;3.0;1.0;;1.0;;;;;;;;;;;;;35121
2020-01;1.0;1.0;1.0;;1.0;;;;;;;;;;;;35121
2022-01;1.0;1.0;1.0;;;;;;;;;;;;;;35121
2023-01;2.0;1.0;;;;;;;;;;;;;;;35121
2024-01;2.0;;;;;;;;;;;;;;;;35121
2009-01;20.0;19.0;18.0;7.0;7.0;7.0;7.0;7.0;7.0;7.0;7.0;7.0;6.0;6.0;6.0;5.0;35103
2010-01;18.0;18.0;4.0;4.0;4.0;4.0;4.0;4.0;4.0;4.0;4.0;4.0;4.0;4.0;3.0;;35103
2011-01;5.0;3.0;3.0;3.0;3.0;3.0;3.0;3.0;3.0;3.0;3.0;3.0;3.0;3.0;;;35103
2013-01;2.0;2.0;2.0;2.0;2.0;2.0;2.0;2.0;2.0;2.0;2.0;2.0;;;;;35103
2015-01;2.0;1.0;1.0;1.0;1.0;1.0;1.0;1.0;1.0;1.0;;;;;;;35103
2016-01;5.0;5.0;5.0;5.0;5.0;5.0;5.0;5.0;3.0;;;;;;;;35103
2017-01;3.0;3.0;3.0;3.0;3.0;3.0;3.0;1.0;;;;;;;;;35103
2018-01;1.0;1.0;1.0;1.0;1.0;1.0;1.0;;;;;;;;;;35103
2019-01;3.0;2.0;2.0;2.0;2.0;1.0;;;;;;;;;;;35103
2020-01;3.0;2.0;2.0;2.0;;;;;;;;;;;;;35103
2021-01;2.0;2.0;2.0;1.0;;;;;;;;;;;;;35103
2022-01;1.0;1.0;1.0;;;;;;;;;;;;;;35103
2023-01;5.0;5.0;;;;;;;;;;;;;;;35103
2024-01;1.0;;;;;;;;;;;;;;;;35103
2009-01;3.0;3.0;3.0;2.0;2.0;2.0;2.0;2.0;2.0;2.0;2.0;2.0;2.0;2.0;2.0;2.0;35112
2010-01;1.0;1.0;1.0;1.0;1.0;1.0;1.0;1.0;1.0;1.0;1.0;1.0;1.0;1.0;1.0;;35112
2011-01;1.0;1.0;1.0;1.0;1.0;1.0;1.0;1.0;1.0;1.0;1.0;1.0;1.0;1.0;;;35112
2012-01;1.0;1.0;1.0;1.0;1.0;1.0;1.0;1.0;1.0;1.0;1.0;1.0;1.0;;;;35112
2015-01;1.0;1.0;1.0;;;;;;;;;;;;;;35112
2018-01;1.0;1.0;1.0;1.0;1.0;1.0;1.0;;;;;;;;;;35112
2019-01;3.0;3.0;3.0;3.0;3.0;3.0;;;;;;;;;;;35112
2020-01;1.0;1.0;1.0;1.0;1.0;;;;;;;;;;;;35112
2022-01;1.0;;;;;;;;;;;;;;;;35112
2023-01;2.0;2.0;;;;;;;;;;;;;;;35112
2024-01;2.0;;;;;;;;;;;;;;;;35112
2009-01;27.0;27.0;25.0;23.0;22.0;21.0;20.0;19.0;17.0;16.0;16.0;16.0;15.0;14.0;14.0;14.0;35132
2010-01;7.0;6.0;4.0;4.0;2.0;2.0;3.0;3.0;3.0;2.0;2.0;2.0;2.0;2.0;2.0;;35132
2011-01;4.0;4.0;4.0;3.0;4.0;4.0;4.0;4.0;4.0;4.0;4.0;4.0;4.0;4.0;;;35132
2012-01;2.0;2.0;2.0;2.0;2.0;2.0;2.0;2.0;2.0;2.0;2.0;2.0;2.0;;;;35132
2013-01;4.0;4.0;3.0;3.0;3.0;2.0;2.0;2.0;2.0;2.0;2.0;2.0;;;;;35132
2015-01;4.0;3.0;3.0;3.0;2.0;2.0;2.0;2.0;2.0;2.0;;;;;;;35132
2016-01;9.0;9.0;9.0;9.0;9.0;9.0;9.0;8.0;8.0;;;;;;;;35132
2017-01;4.0;3.0;3.0;3.0;3.0;3.0;3.0;3.0;;;;;;;;;35132
2018-01;3.0;3.0;3.0;3.0;3.0;3.0;2.0;;;;;;;;;;35132
2019-01;3.0;3.0;3.0;3.0;3.0;3.0;;;;;;;;;;;35132
2020-01;1.0;1.0;1.0;1.0;1.0;;;;;;;;;;;;35132
2021-01;7.0;7.0;7.0;7.0;;;;;;;;;;;;;35132
2022-01;4.0;4.0;2.0;;;;;;;;;;;;;;35132
2023-01;3.0;3.0;;;;;;;;;;;;;;;35132
2024-01;10.0;;;;;;;;;;;;;;;;35132
2009-01;19.0;17.0;16.0;10.0;11.0;10.0;9.0;7.0;7.0;7.0;7.0;5.0;5.0;5.0;5.0;5.0;35015
2010-01;22.0;17.0;9.0;9.0;9.0;10.0;11.0;7.0;7.0;7.0;6.0;6.0;6.0;6.0;6.0;;35015
2011-01;7.0;3.0;2.0;2.0;2.0;1.0;1.0;1.0;1.0;1.0;1.0;1.0;1.0;1.0;;;35015
2012-01;5.0;5.0;4.0;4.0;4.0;3.0;3.0;1.0;1.0;1.0;1.0;1.0;1.0;;;;35015
2013-01;10.0;8.0;6.0;5.0;5.0;4.0;4.0;3.0;3.0;3.0;2.0;2.0;;;;;35015
2014-01;8.0;5.0;5.0;5.0;5.0;5.0;5.0;4.0;4.0;4.0;4.0;;;;;;35015
2015-01;10.0;8.0;8.0;8.0;8.0;5.0;5.0;5.0;5.0;3.0;;;;;;;35015
2016-01;8.0;6.0;7.0;6.0;4.0;4.0;4.0;4.0;4.0;;;;;;;;35015
2017-01;13.0;12.0;12.0;11.0;11.0;10.0;5.0;7.0;;;;;;;;;35015
2018-01;23.0;16.0;12.0;13.0;14.0;12.0;13.0;;;;;;;;;;35015
2019-01;10.0;6.0;6.0;8.0;8.0;8.0;;;;;;;;;;;35015
2020-01;15.0;14.0;14.0;12.0;8.0;;;;;;;;;;;;35015
2021-01;6.0;6.0;5.0;4.0;;;;;;;;;;;;;35015
2022-01;12.0;9.0;7.0;;;;;;;;;;;;;;35015
2023-01;14.0;13.0;;;;;;;;;;;;;;;35015
2024-01;40.0;;;;;;;;;;;;;;;;35015
2009-01;2.0;2.0;2.0;2.0;2.0;1.0;1.0;1.0;1.0;1.0;1.0;1.0;1.0;1.0;1.0;1.0;35142
2011-01;1.0;1.0;;;;;;;;;;;;;;;35142
2012-01;2.0;2.0;2.0;2.0;2.0;1.0;1.0;;;;;;;;;;35142
2013-01;5.0;4.0;4.0;3.0;2.0;2.0;2.0;2.0;2.0;1.0;1.0;1.0;;;;;35142
2014-01;1.0;1.0;1.0;1.0;1.0;1.0;;;;;;;;;;;35142
2016-01;2.0;1.0;1.0;;;;;;;;;;;;;;35142
2018-01;2.0;2.0;2.0;1.0;1.0;1.0;1.0;;;;;;;;;;35142
2019-01;1.0;1.0;1.0;1.0;1.0;1.0;;;;;;;;;;;35142
2020-01;1.0;;;;;;;;;;;;;;;;35142
2021-01;4.0;4.0;2.0;2.0;;;;;;;;;;;;;35142
2022-01;1.0;1.0;1.0;;;;;;;;;;;;;;35142
2023-01;1.0;1.0;;;;;;;;;;;;;;;35142
2009-01;4.0;4.0;4.0;3.0;3.0;4.0;3.0;3.0;3.0;3.0;3.0;3.0;3.0;3.0;3.0;3.0;35155
2010-01;2.0;1.0;1.0;1.0;;;;;;1.0;1.0;1.0;1.0;1.0;1.0;;35155
2011-01;2.0;2.0;2.0;2.0;2.0;2.0;2.0;2.0;2.0;2.0;2.0;2.0;1.0;1.0;;;35155
2014-01;2.0;2.0;1.0;1.0;1.0;1.0;1.0;1.0;1.0;1.0;1.0;;;;;;35155
2015-01;4.0;4.0;4.0;4.0;4.0;4.0;4.0;4.0;4.0;4.0;;;;;;;35155
2016-01;2.0;1.0;1.0;1.0;1.0;1.0;1.0;1.0;1.0;;;;;;;;35155
2017-01;3.0;3.0;3.0;3.0;3.0;3.0;3.0;3.0;;;;;;;;;35155
2018-01;4.0;3.0;3.0;3.0;3.0;1.0;1.0;;;;;;;;;;35155
2019-01;1.0;1.0;1.0;1.0;1.0;1.0;;;;;;;;;;;35155
2020-01;5.0;5.0;5.0;5.0;4.0;;;;;;;;;;;;35155
2021-01;5.0;5.0;4.0;4.0;;;;;;;;;;;;;35155
2022-01;3.0;3.0;3.0;;;;;;;;;;;;;;35155
2023-01;1.0;1.0;;;;;;;;;;;;;;;35155
2024-01;5.0;;;;;;;;;;;;;;;;35155
2009-01;474.0;412.0;370.0;339.0;327.0;318.0;312.0;263.0;248.0;243.0;230.0;218.0;214.0;210.0;200.0;190.0;35016
2010-01;152.0;135.0;117.0;110.0;110.0;103.0;64.0;64.0;62.0;62.0;58.0;59.0;59.0;52.0;49.0;;35016
2011-01;154.0;119.0;97.0;89.0;86.0;67.0;67.0;65.0;60.0;59.0;56.0;52.0;50.0;50.0;;;35016
2012-01;141.0;123.0;111.0;103.0;83.0;80.0;73.0;68.0;66.0;66.0;64.0;59.0;59.0;;;;35016
2013-01;67.0;56.0;53.0;41.0;36.0;36.0;33.0;27.0;27.0;28.0;26.0;23.0;;;;;35016
2014-01;112.0;96.0;76.0;75.0;74.0;71.0;65.0;66.0;66.0;57.0;58.0;;;;;;35016
2015-01;99.0;77.0;68.0;67.0;62.0;62.0;56.0;56.0;48.0;41.0;;;;;;;35016
2016-01;66.0;60.0;48.0;39.0;40.0;39.0;38.0;37.0;35.0;;;;;;;;35016
2017-01;78.0;70.0;62.0;56.0;48.0;47.0;42.0;42.0;;;;;;;;;35016
2018-01;91.0;79.0;42.0;70.0;62.0;58.0;56.0;;;;;;;;;;35016
2019-01;79.0;75.0;69.0;69.0;61.0;61.0;;;;;;;;;;;35016
2020-01;109.0;92.0;76.0;68.0;68.0;;;;;;;;;;;;35016
2021-01;128.0;106.0;109.0;107.0;;;;;;;;;;;;;35016
2022-01;88.0;70.0;67.0;;;;;;;;;;;;;;35016
2023-01;95.0;83.0;;;;;;;;;;;;;;;35016
2024-01;147.0;;;;;;;;;;;;;;;;35016
2023-01;1.0;1.0;;;;;;;;;;;;;;;27010
2013-01;1.0;;;;;;;;;;;;;;;;16003
2009-01;2.0;2.0;2.0;;;;;;;;;;;;;;29006
2010-01;1.0;1.0;1.0;1.0;1.0;1.0;;;;;;;;;;;29006
2011-01;3.0;3.0;3.0;3.0;3.0;3.0;3.0;3.0;2.0;2.0;2.0;2.0;2.0;2.0;;;29006
2012-01;3.0;3.0;3.0;3.0;3.0;2.0;1.0;1.0;1.0;1.0;1.0;1.0;1.0;;;;29006
2013-01;3.0;3.0;3.0;3.0;3.0;3.0;3.0;3.0;3.0;1.0;1.0;1.0;;;;;29006
2014-01;11.0;11.0;11.0;9.0;9.0;9.0;9.0;9.0;8.0;8.0;8.0;;;;;;29006
2015-01;2.0;2.0;2.0;2.0;2.0;2.0;2.0;2.0;2.0;2.0;;;;;;;29006
2016-01;1.0;1.0;1.0;1.0;1.0;1.0;1.0;1.0;1.0;;;;;;;;29006
2017-01;3.0;2.0;2.0;2.0;3.0;3.0;3.0;3.0;;;;;;;;;29006
2018-01;3.0;3.0;3.0;3.0;2.0;2.0;2.0;;;;;;;;;;29006
2020-01;5.0;5.0;5.0;5.0;5.0;;;;;;;;;;;;29006
2021-01;1.0;;;;;;;;;;;;;;;;29006
2022-01;2.0;2.0;2.0;;;;;;;;;;;;;;29006
2023-01;2.0;2.0;;;;;;;;;;;;;;;29006
2024-01;1.0;;;;;;;;;;;;;;;;29006
2009-01;1.0;;;;;;;;;;;;;;;;29007
2017-01;1.0;1.0;1.0;1.0;1.0;1.0;1.0;1.0;;;;;;;;;29007
2020-01;1.0;1.0;1.0;1.0;1.0;;;;;;;;;;;;29007
2023-01;3.0;3.0;;;;;;;;;;;;;;;29007
2024-01;2.0;;;;;;;;;;;;;;;;29007
2009-01;11.0;11.0;11.0;10.0;10.0;10.0;8.0;6.0;6.0;6.0;6.0;6.0;6.0;6.0;6.0;6.0;29012
2010-01;4.0;3.0;2.0;2.0;2.0;2.0;2.0;2.0;2.0;2.0;2.0;2.0;2.0;2.0;2.0;;29012
2011-01;1.0;1.0;1.0;1.0;1.0;1.0;1.0;1.0;1.0;1.0;1.0;1.0;1.0;1.0;;;29012
2012-01;7.0;7.0;7.0;7.0;7.0;7.0;7.0;7.0;7.0;7.0;7.0;7.0;7.0;;;;29012
2013-01;1.0;1.0;1.0;1.0;1.0;1.0;;;;;;;;;;;29012
2014-01;3.0;3.0;3.0;3.0;3.0;3.0;3.0;3.0;3.0;3.0;3.0;;;;;;29012
2015-01;3.0;3.0;3.0;3.0;2.0;2.0;2.0;2.0;2.0;2.0;;;;;;;29012
2016-01;2.0;2.0;2.0;2.0;2.0;1.0;1.0;1.0;1.0;;;;;;;;29012
2017-01;1.0;1.0;1.0;1.0;1.0;1.0;1.0;1.0;;;;;;;;;29012
2020-01;1.0;1.0;1.0;1.0;1.0;;;;;;;;;;;;29012
2022-01;3.0;3.0;3.0;;;;;;;;;;;;;;29012
2010-01;1.0;1.0;1.0;1.0;1.0;1.0;1.0;1.0;1.0;1.0;1.0;1.0;1.0;1.0;1.0;;29016
2011-01;1.0;1.0;1.0;1.0;1.0;1.0;1.0;1.0;;;;;;;;;29016
2012-01;3.0;3.0;3.0;3.0;1.0;1.0;;;;;;;;;;;29016
2013-01;1.0;1.0;1.0;1.0;1.0;1.0;1.0;1.0;1.0;;;;;;;;29016
2016-01;2.0;1.0;1.0;1.0;1.0;1.0;1.0;1.0;1.0;;;;;;;;29016
2017-01;1.0;1.0;1.0;1.0;1.0;1.0;1.0;1.0;;;;;;;;;29016
2019-01;1.0;1.0;1.0;1.0;1.0;1.0;;;;;;;;;;;29016
2020-01;1.0;1.0;1.0;1.0;1.0;;;;;;;;;;;;29016
2022-01;3.0;2.0;2.0;;;;;;;;;;;;;;29016
2023-01;3.0;3.0;;;;;;;;;;;;;;;29016
2009-01;33.0;33.0;31.0;30.0;28.0;27.0;26.0;25.0;24.0;24.0;24.0;24.0;24.0;23.0;22.0;20.0;29020
2010-01;15.0;13.0;12.0;12.0;12.0;12.0;10.0;9.0;9.0;9.0;9.0;7.0;8.0;8.0;7.0;;29020
2011-01;16.0;14.0;14.0;14.0;13.0;13.0;12.0;12.0;12.0;12.0;12.0;11.0;12.0;13.0;;;29020
2012-01;14.0;13.0;13.0;13.0;12.0;10.0;10.0;10.0;10.0;10.0;10.0;11.0;10.0;;;;29020
2013-01;6.0;6.0;6.0;6.0;6.0;6.0;6.0;6.0;6.0;6.0;6.0;6.0;;;;;29020
2014-01;12.0;12.0;11.0;12.0;12.0;12.0;12.0;12.0;12.0;12.0;11.0;;;;;;29020
2015-01;5.0;2.0;3.0;4.0;5.0;5.0;5.0;5.0;5.0;5.0;;;;;;;29020
2016-01;11.0;11.0;11.0;11.0;10.0;10.0;9.0;9.0;9.0;;;;;;;;29020
2017-01;17.0;17.0;16.0;16.0;16.0;16.0;15.0;16.0;;;;;;;;;29020
2018-01;9.0;8.0;8.0;8.0;8.0;8.0;8.0;;;;;;;;;;29020
2019-01;11.0;11.0;11.0;11.0;10.0;10.0;;;;;;;;;;;29020
2020-01;9.0;5.0;6.0;5.0;5.0;;;;;;;;;;;;29020
2021-01;4.0;3.0;3.0;3.0;;;;;;;;;;;;;29020
2022-01;16.0;16.0;15.0;;;;;;;;;;;;;;29020
2023-01;7.0;7.0;;;;;;;;;;;;;;;29020
2024-01;11.0;;;;;;;;;;;;;;;;29020
2011-01;1.0;1.0;1.0;1.0;1.0;1.0;1.0;1.0;1.0;1.0;1.0;1.0;1.0;1.0;;;29028
2012-01;1.0;;;;;;;;;;;;;;;;29028
2013-01;2.0;2.0;2.0;2.0;2.0;2.0;2.0;2.0;2.0;2.0;2.0;2.0;;;;;29028
2014-01;1.0;1.0;1.0;1.0;1.0;1.0;1.0;1.0;1.0;1.0;1.0;;;;;;29028
2015-01;1.0;1.0;1.0;1.0;1.0;1.0;1.0;1.0;1.0;1.0;;;;;;;29028
2016-01;2.0;2.0;2.0;2.0;2.0;2.0;2.0;2.0;2.0;;;;;;;;29028
2017-01;6.0;6.0;6.0;6.0;5.0;5.0;5.0;5.0;;;;;;;;;29028
2018-01;1.0;1.0;1.0;1.0;1.0;1.0;1.0;;;;;;;;;;29028
2019-01;5.0;4.0;4.0;4.0;4.0;4.0;;;;;;;;;;;29028
2020-01;2.0;1.0;1.0;1.0;1.0;;;;;;;;;;;;29028
2021-01;3.0;3.0;3.0;3.0;;;;;;;;;;;;;29028
2022-01;1.0;;;;;;;;;;;;;;;;29028
2023-01;1.0;1.0;;;;;;;;;;;;;;;29028
2018-01;4.0;3.0;3.0;3.0;2.0;2.0;2.0;;;;;;;;;;29001
2019-01;1.0;1.0;1.0;1.0;1.0;1.0;;;;;;;;;;;29001
2021-01;1.0;1.0;1.0;1.0;;;;;;;;;;;;;29001
2022-01;1.0;1.0;1.0;;;;;;;;;;;;;;29001
2010-01;1.0;;;;;;;;;;;;;;;;29003
2009-01;2.0;1.0;1.0;2.0;2.0;1.0;1.0;1.0;1.0;1.0;1.0;;;;;;29026
2010-01;2.0;2.0;2.0;1.0;1.0;1.0;1.0;1.0;1.0;1.0;1.0;1.0;1.0;1.0;1.0;;29026
2013-01;1.0;;;;;;;;;;;;;;;;29026
2014-01;1.0;1.0;1.0;1.0;1.0;1.0;1.0;1.0;1.0;1.0;1.0;;;;;;29026
2015-01;1.0;1.0;1.0;1.0;1.0;1.0;1.0;1.0;1.0;1.0;;;;;;;29026
2020-01;1.0;1.0;1.0;1.0;;;;;;;;;;;;;29026
2021-01;1.0;1.0;1.0;1.0;;;;;;;;;;;;;29026
2022-01;2.0;2.0;2.0;;;;;;;;;;;;;;29026
2009-01;1.0;;;;;;;;;;;;;;;;52005
2013-01;1.0;1.0;1.0;1.0;1.0;1.0;1.0;1.0;1.0;1.0;;;;;;;52005
2014-01;1.0;1.0;1.0;1.0;1.0;1.0;1.0;1.0;1.0;1.0;;;;;;;52005
2022-01;1.0;1.0;1.0;;;;;;;;;;;;;;52005
2023-01;1.0;1.0;;;;;;;;;;;;;;;52005
2024-01;2.0;;;;;;;;;;;;;;;;52005
2009-01;1.0;1.0;1.0;1.0;1.0;1.0;1.0;1.0;1.0;1.0;1.0;1.0;1.0;1.0;1.0;1.0;52001
2010-01;6.0;6.0;5.0;5.0;4.0;4.0;4.0;4.0;4.0;4.0;4.0;4.0;4.0;3.0;3.0;;52001
2011-01;4.0;4.0;4.0;4.0;4.0;4.0;4.0;4.0;4.0;4.0;4.0;3.0;3.0;3.0;;;52001
2012-01;3.0;3.0;3.0;3.0;2.0;2.0;2.0;2.0;2.0;2.0;2.0;2.0;2.0;;;;52001
2013-01;4.0;4.0;3.0;3.0;3.0;3.0;3.0;3.0;3.0;3.0;3.0;3.0;;;;;52001
2014-01;6.0;6.0;6.0;6.0;6.0;6.0;6.0;5.0;4.0;4.0;4.0;;;;;;52001
2015-01;5.0;3.0;3.0;3.0;2.0;2.0;2.0;3.0;3.0;3.0;;;;;;;52001
2016-01;6.0;5.0;5.0;5.0;5.0;6.0;6.0;6.0;5.0;;;;;;;;52001
2017-01;3.0;3.0;3.0;3.0;3.0;3.0;3.0;3.0;;;;;;;;;52001
2018-01;2.0;2.0;2.0;2.0;2.0;1.0;1.0;;;;;;;;;;52001
2019-01;2.0;2.0;1.0;1.0;1.0;1.0;;;;;;;;;;;52001
2020-01;4.0;4.0;2.0;2.0;3.0;;;;;;;;;;;;52001
2021-01;5.0;5.0;5.0;5.0;;;;;;;;;;;;;52001
2022-01;4.0;4.0;4.0;;;;;;;;;;;;;;52001
2023-01;7.0;6.0;;;;;;;;;;;;;;;52001
2024-01;5.0;;;;;;;;;;;;;;;;52001
2009-01;2.0;2.0;2.0;1.0;1.0;1.0;1.0;1.0;1.0;1.0;1.0;;;;;;52004
2012-01;1.0;1.0;1.0;1.0;1.0;1.0;1.0;1.0;;;;;;;;;52004
2010-01;1.0;1.0;1.0;1.0;;;;;;;1.0;1.0;1.0;1.0;1.0;;52015
2013-01;2.0;2.0;1.0;1.0;1.0;1.0;1.0;1.0;1.0;1.0;1.0;1.0;;;;;52015
2015-01;1.0;1.0;1.0;1.0;1.0;;;;;;;;;;;;52015
2021-01;1.0;1.0;1.0;1.0;;;;;;;;;;;;;52015
2024-01;1.0;;;;;;;;;;;;;;;;52015
2017-01;1.0;1.0;1.0;1.0;1.0;1.0;1.0;1.0;;;;;;;;;52016
2018-01;1.0;;;;;;;;;;;;;;;;52016
2021-01;1.0;1.0;1.0;1.0;;;;;;;;;;;;;52016
2009-01;1.0;1.0;1.0;1.0;1.0;1.0;1.0;1.0;1.0;;;;;;;;31013
2013-01;1.0;1.0;1.0;1.0;1.0;;;;;;;;;;;;31013
2016-01;2.0;2.0;2.0;2.0;2.0;2.0;;;;;;;;;;;31013
2017-01;1.0;1.0;1.0;1.0;1.0;1.0;1.0;1.0;;;;;;;;;31013
2018-01;2.0;2.0;2.0;2.0;1.0;1.0;1.0;;;;;;;;;;31013
2019-01;1.0;1.0;1.0;;1.0;1.0;;;;;;;;;;;31013
2022-01;3.0;3.0;3.0;;;;;;;;;;;;;;31013
2024-01;2.0;;;;;;;;;;;;;;;;31013
2009-01;4.0;3.0;3.0;2.0;3.0;3.0;3.0;3.0;3.0;3.0;3.0;3.0;2.0;2.0;2.0;2.0;31036
2010-01;1.0;1.0;;;;;;;;;;;;;;;31036
2012-01;1.0;1.0;1.0;1.0;1.0;1.0;1.0;1.0;1.0;1.0;1.0;1.0;1.0;;;;31036
2015-01;1.0;1.0;1.0;1.0;1.0;;;;;;;;;;;;31036
2017-01;1.0;1.0;1.0;1.0;1.0;1.0;1.0;1.0;;;;;;;;;31036
2019-01;1.0;1.0;1.0;1.0;1.0;;;;;;;;;;;;31036
2020-01;1.0;1.0;1.0;1.0;1.0;;;;;;;;;;;;31036
2021-01;2.0;2.0;2.0;2.0;;;;;;;;;;;;;31036
2024-01;3.0;;;;;;;;;;;;;;;;31036
2011-01;4.0;4.0;4.0;4.0;4.0;4.0;4.0;4.0;2.0;2.0;2.0;2.0;2.0;2.0;;;31021
2012-01;1.0;1.0;1.0;1.0;1.0;1.0;1.0;;;;;;;;;;31021
2015-01;1.0;1.0;1.0;1.0;1.0;1.0;1.0;1.0;1.0;1.0;;;;;;;31021
2019-01;2.0;2.0;2.0;2.0;2.0;2.0;;;;;;;;;;;31021
2020-01;4.0;2.0;2.0;2.0;2.0;;;;;;;;;;;;31021
2022-01;1.0;1.0;1.0;;;;;;;;;;;;;;31021
2009-01;4.0;4.0;3.0;1.0;1.0;2.0;2.0;2.0;2.0;2.0;2.0;2.0;2.0;2.0;2.0;2.0;31015
2018-01;1.0;1.0;1.0;1.0;1.0;1.0;1.0;;;;;;;;;;31015
2021-01;1.0;1.0;1.0;1.0;;;;;;;;;;;;;31015
2022-01;1.0;1.0;1.0;;;;;;;;;;;;;;31015
2023-01;1.0;1.0;;;;;;;;;;;;;;;31015
2024-01;3.0;;;;;;;;;;;;;;;;31015
2011-01;1.0;;;;;;;;;;;;;;;;31018
2012-01;4.0;4.0;4.0;4.0;4.0;4.0;4.0;4.0;4.0;3.0;3.0;3.0;3.0;;;;31018
2013-01;2.0;1.0;2.0;1.0;1.0;1.0;1.0;1.0;1.0;1.0;1.0;1.0;;;;;31018
2015-01;4.0;4.0;4.0;4.0;4.0;4.0;4.0;4.0;4.0;2.0;;;;;;;31018
2016-01;4.0;4.0;4.0;4.0;3.0;3.0;4.0;4.0;3.0;;;;;;;;31018
2017-01;1.0;1.0;1.0;1.0;1.0;1.0;1.0;1.0;;;;;;;;;31018
2018-01;1.0;1.0;1.0;1.0;1.0;1.0;1.0;;;;;;;;;;31018
2020-01;4.0;4.0;;;;;;;;;;;;;;;31018
2021-01;2.0;1.0;1.0;1.0;;;;;;;;;;;;;31018
2023-01;1.0;1.0;;;;;;;;;;;;;;;31018
2024-01;4.0;;;;;;;;;;;;;;;;31018
2023-01;2.0;1.0;;;;;;;;;;;;;;;31085
2024-01;1.0;;;;;;;;;;;;;;;;31085
2009-01;1.0;1.0;1.0;;;;;;;;;;;;;;15004
2017-01;2.0;2.0;1.0;1.0;1.0;1.0;;;;;;;;;;;15004
2019-01;1.0;;;;;;;;;;;;;;;;15004
2020-01;1.0;1.0;;1.0;1.0;;;;;;;;;;;;15004
2021-01;5.0;5.0;2.0;1.0;;;;;;;;;;;;;15004
2022-01;2.0;2.0;1.0;;;;;;;;;;;;;;15004
2023-01;1.0;1.0;;;;;;;;;;;;;;;15004
2014-01;2.0;2.0;2.0;2.0;2.0;2.0;2.0;2.0;2.0;1.0;1.0;;;;;;15008
2017-01;2.0;2.0;2.0;2.0;2.0;2.0;1.0;1.0;;;;;;;;;15008
2018-01;1.0;1.0;;;;;;;;;;;;;;;15008
2021-01;2.0;2.0;2.0;2.0;;;;;;;;;;;;;15008
2023-01;1.0;;;;;;;;;;;;;;;;15008
2024-01;17.0;;;;;;;;;;;;;;;;15008
2013-01;1.0;1.0;1.0;1.0;1.0;;;;;;;;;;;;15011
2023-01;1.0;1.0;;;;;;;;;;;;;;;15011
2019-01;3.0;3.0;3.0;3.0;2.0;2.0;;;;;;;;;;;25006
2023-01;2.0;1.0;;;;;;;;;;;;;;;25006
2022-01;1.0;1.0;1.0;;;;;;;;;;;;;;25009
2009-01;4.0;4.0;4.0;1.0;1.0;1.0;1.0;1.0;1.0;1.0;1.0;1.0;1.0;1.0;1.0;1.0;25016
2010-01;1.0;1.0;1.0;1.0;1.0;1.0;1.0;1.0;1.0;1.0;1.0;1.0;1.0;1.0;1.0;;25016
2011-01;1.0;1.0;1.0;1.0;1.0;1.0;1.0;1.0;1.0;1.0;1.0;1.0;1.0;1.0;;;25016
2014-01;4.0;4.0;3.0;2.0;2.0;2.0;2.0;2.0;2.0;2.0;2.0;;;;;;25016
2015-01;3.0;2.0;1.0;;1.0;1.0;1.0;1.0;1.0;1.0;;;;;;;25016
2016-01;3.0;1.0;1.0;;;;;1.0;1.0;;;;;;;;25016
2019-01;4.0;4.0;4.0;4.0;4.0;4.0;;;;;;;;;;;25016
2020-01;4.0;3.0;3.0;3.0;3.0;;;;;;;;;;;;25016
2021-01;1.0;1.0;1.0;1.0;;;;;;;;;;;;;25016
2022-01;5.0;5.0;5.0;;;;;;;;;;;;;;25016
2023-01;2.0;1.0;;;;;;;;;;;;;;;25016
2024-01;1.0;;;;;;;;;;;;;;;;25016
2009-01;1.0;1.0;1.0;1.0;1.0;1.0;1.0;1.0;1.0;;;;;;;;26006
2023-01;1.0;1.0;;;;;;;;;;;;;;;26006
2011-01;4.0;4.0;4.0;3.0;3.0;1.0;1.0;1.0;;;;;;;;;26009
2012-01;1.0;1.0;1.0;1.0;1.0;1.0;1.0;1.0;1.0;1.0;1.0;1.0;1.0;;;;26009
2013-01;2.0;2.0;2.0;2.0;2.0;2.0;2.0;2.0;2.0;2.0;2.0;2.0;;;;;26009
2014-01;1.0;1.0;1.0;1.0;1.0;1.0;1.0;;;;;;;;;;26009
2017-01;1.0;1.0;1.0;1.0;1.0;1.0;1.0;1.0;;;;;;;;;26009
2018-01;3.0;;;;;;;;;;;;;;;;26009
2019-01;2.0;1.0;1.0;1.0;1.0;1.0;;;;;;;;;;;26009
2020-01;3.0;2.0;2.0;2.0;2.0;;;;;;;;;;;;26009
2021-01;2.0;2.0;2.0;2.0;;;;;;;;;;;;;26009
2023-01;5.0;5.0;;;;;;;;;;;;;;;26009
2024-01;1.0;;;;;;;;;;;;;;;;26009
2017-01;1.0;1.0;1.0;;;;;;;;;;;;;;26012
2018-01;1.0;1.0;;;;;;;;;;;;;;;26012
2019-01;1.0;1.0;1.0;1.0;1.0;1.0;;;;;;;;;;;26012
2009-01;5.0;4.0;3.0;3.0;3.0;3.0;3.0;3.0;3.0;3.0;3.0;3.0;3.0;3.0;3.0;3.0;22004
2011-01;3.0;3.0;3.0;3.0;3.0;3.0;3.0;3.0;3.0;3.0;3.0;3.0;3.0;3.0;;;22004
2012-01;3.0;3.0;2.0;2.0;2.0;2.0;2.0;2.0;1.0;1.0;2.0;2.0;2.0;;;;22004
2013-01;1.0;1.0;1.0;1.0;1.0;1.0;1.0;1.0;1.0;1.0;1.0;1.0;;;;;22004
2014-01;3.0;3.0;3.0;3.0;3.0;3.0;2.0;2.0;2.0;1.0;1.0;;;;;;22004
2015-01;1.0;1.0;1.0;1.0;1.0;1.0;1.0;1.0;1.0;1.0;;;;;;;22004
2016-01;1.0;1.0;1.0;1.0;1.0;1.0;1.0;1.0;1.0;;;;;;;;22004
2017-01;3.0;3.0;3.0;3.0;3.0;3.0;3.0;3.0;;;;;;;;;22004
2018-01;3.0;3.0;3.0;3.0;3.0;3.0;3.0;;;;;;;;;;22004
2021-01;1.0;1.0;;1.0;;;;;;;;;;;;;22004
2022-01;6.0;6.0;6.0;;;;;;;;;;;;;;22004
2023-01;3.0;3.0;;;;;;;;;;;;;;;22004
2024-01;2.0;;;;;;;;;;;;;;;;22004
2015-01;5.0;3.0;2.0;2.0;1.0;1.0;1.0;1.0;;;;;;;;;22005
2016-01;1.0;1.0;1.0;;;;;;;;;;;;;;22005
2017-01;1.0;1.0;1.0;1.0;1.0;1.0;1.0;1.0;;;;;;;;;22005
2018-01;1.0;1.0;1.0;1.0;1.0;1.0;1.0;;;;;;;;;;22005
2022-01;1.0;1.0;1.0;;;;;;;;;;;;;;22005
2023-01;2.0;2.0;;;;;;;;;;;;;;;22005
2024-01;1.0;;;;;;;;;;;;;;;;22005
2016-01;1.0;;;1.0;1.0;1.0;1.0;1.0;1.0;;;;;;;;41019
2017-01;1.0;1.0;1.0;1.0;1.0;1.0;1.0;1.0;;;;;;;;;41019
2009-01;2.0;2.0;;;;;;;;;;;;;;;24004
2010-01;2.0;1.0;1.0;1.0;;;;;;;;;;;;;24004
2012-01;1.0;1.0;1.0;1.0;1.0;1.0;;;;;;;;;;;24004
2013-01;1.0;;;;;;;;;;;;;;;;24004
2018-01;2.0;2.0;2.0;2.0;2.0;2.0;2.0;;;;;;;;;;24004
2022-01;2.0;2.0;2.0;;;;;;;;;;;;;;24004
2023-01;2.0;1.0;;;;;;;;;;;;;;;24004
2024-01;1.0;;;;;;;;;;;;;;;;24004
2009-01;22.0;20.0;20.0;19.0;19.0;19.0;18.0;18.0;18.0;18.0;17.0;17.0;17.0;17.0;17.0;17.0;24007
2010-01;7.0;7.0;6.0;6.0;6.0;6.0;6.0;6.0;6.0;6.0;6.0;6.0;6.0;6.0;6.0;;24007
2011-01;1.0;1.0;1.0;1.0;1.0;1.0;1.0;1.0;1.0;1.0;1.0;1.0;1.0;1.0;;;24007
2012-01;10.0;10.0;9.0;9.0;9.0;9.0;9.0;9.0;9.0;9.0;8.0;8.0;8.0;;;;24007
2013-01;4.0;4.0;3.0;2.0;2.0;2.0;2.0;2.0;2.0;2.0;2.0;2.0;;;;;24007
2014-01;15.0;15.0;15.0;15.0;15.0;15.0;15.0;15.0;13.0;13.0;13.0;;;;;;24007
2015-01;3.0;3.0;3.0;3.0;3.0;2.0;2.0;2.0;2.0;2.0;;;;;;;24007
2016-01;6.0;6.0;6.0;6.0;6.0;6.0;6.0;6.0;6.0;;;;;;;;24007
2017-01;6.0;6.0;6.0;5.0;5.0;6.0;6.0;6.0;;;;;;;;;24007
2018-01;9.0;9.0;8.0;9.0;9.0;9.0;9.0;;;;;;;;;;24007
2019-01;2.0;2.0;1.0;1.0;1.0;1.0;;;;;;;;;;;24007
2020-01;6.0;6.0;5.0;5.0;5.0;;;;;;;;;;;;24007
2021-01;16.0;16.0;16.0;16.0;;;;;;;;;;;;;24007
2022-01;6.0;6.0;5.0;;;;;;;;;;;;;;24007
2023-01;5.0;5.0;;;;;;;;;;;;;;;24007
2024-01;7.0;;;;;;;;;;;;;;;;24007
2014-01;1.0;1.0;;;;1.0;1.0;1.0;1.0;1.0;1.0;;;;;;24006
2019-01;2.0;1.0;;;;;;;;;;;;;;;24006
2012-01;1.0;1.0;1.0;1.0;1.0;1.0;1.0;1.0;1.0;1.0;1.0;1.0;1.0;;;;11002
2013-01;1.0;1.0;1.0;1.0;1.0;1.0;1.0;1.0;1.0;1.0;1.0;1.0;;;;;11002
2015-01;1.0;1.0;1.0;1.0;1.0;;;;;;;;;;;;11002
2018-01;2.0;2.0;2.0;2.0;1.0;1.0;1.0;;;;;;;;;;11002
2020-01;1.0;1.0;1.0;1.0;1.0;;;;;;;;;;;;11002
2022-01;2.0;2.0;2.0;;;;;;;;;;;;;;11002
2024-01;4.0;;;;;;;;;;;;;;;;11002
2010-01;3.0;;;;;;;;;;;;;;;;11004
2011-01;1.0;1.0;1.0;1.0;1.0;1.0;1.0;1.0;1.0;1.0;1.0;1.0;1.0;1.0;;;11004
2012-01;1.0;1.0;1.0;1.0;1.0;1.0;;;;;;;;;;;11004
2013-01;2.0;2.0;2.0;;;;;;;;;;;;;;11004
2014-01;6.0;6.0;3.0;3.0;3.0;2.0;1.0;1.0;1.0;1.0;1.0;;;;;;11004
2015-01;2.0;2.0;2.0;2.0;2.0;1.0;1.0;1.0;1.0;1.0;;;;;;;11004
2016-01;5.0;5.0;4.0;2.0;1.0;1.0;1.0;1.0;1.0;;;;;;;;11004
2017-01;3.0;2.0;1.0;1.0;1.0;1.0;1.0;1.0;;;;;;;;;11004
2018-01;2.0;1.0;1.0;1.0;1.0;1.0;1.0;;;;;;;;;;11004
2019-01;5.0;4.0;4.0;3.0;4.0;4.0;;;;;;;;;;;11004
2020-01;2.0;2.0;1.0;;;;;;;;;;;;;;11004
2021-01;3.0;3.0;2.0;2.0;;;;;;;;;;;;;11004
2022-01;5.0;3.0;3.0;;;;;;;;;;;;;;11004
2023-01;4.0;3.0;;;;;;;;;;;;;;;11004
2024-01;5.0;;;;;;;;;;;;;;;;11004
2012-01;1.0;1.0;1.0;1.0;1.0;1.0;1.0;1.0;1.0;1.0;1.0;1.0;1.0;;;;43012
2015-01;1.0;1.0;1.0;1.0;1.0;;;;;;;;;;;;43012
2017-01;1.0;1.0;1.0;;;;;;;;;;;;;;43012
2019-01;1.0;1.0;1.0;1.0;1.0;1.0;;;;;;;;;;;43012
2021-01;1.0;1.0;1.0;;;;;;;;;;;;;;43012
2022-01;1.0;;;;;;;;;;;;;;;;43012
2023-01;4.0;2.0;;;;;;;;;;;;;;;43012
2009-01;1.0;1.0;1.0;1.0;1.0;1.0;1.0;1.0;1.0;1.0;1.0;1.0;1.0;1.0;1.0;1.0;43013
2012-01;3.0;3.0;3.0;2.0;1.0;;;;;;;;;;;;43013
2015-01;2.0;;;;;;;;;;;;;;;;43013
2017-01;1.0;1.0;1.0;1.0;1.0;1.0;1.0;1.0;;;;;;;;;43013
2019-01;2.0;2.0;2.0;2.0;1.0;1.0;;;;;;;;;;;43013
2020-01;1.0;1.0;1.0;;;;;;;;;;;;;;43013
2021-01;4.0;4.0;4.0;4.0;;;;;;;;;;;;;43013
2024-01;1.0;;;;;;;;;;;;;;;;43013
2017-01;1.0;1.0;1.0;;;;;;;;;;;;;;42010
2019-01;1.0;1.0;1.0;1.0;1.0;1.0;;;;;;;;;;;42010
2021-01;2.0;2.0;2.0;1.0;;;;;;;;;;;;;42010
2022-01;1.0;1.0;1.0;;;;;;;;;;;;;;42010
2024-01;1.0;;;;;;;;;;;;;;;;42010
2011-01;1.0;;;;;;;;;;;;;;;;42009
2012-01;1.0;1.0;1.0;1.0;1.0;1.0;1.0;1.0;1.0;1.0;1.0;1.0;1.0;;;;42009
2019-01;1.0;1.0;1.0;1.0;1.0;1.0;;;;;;;;;;;42009
2022-01;1.0;1.0;1.0;;;;;;;;;;;;;;42009
2024-01;1.0;;;;;;;;;;;;;;;;42009
2024-01;1.0;;;;;;;;;;;;;;;;35091
2009-01;3.0;3.0;2.0;;;;;;;;;;;;;;35023
2010-01;5.0;5.0;4.0;4.0;4.0;4.0;4.0;4.0;4.0;4.0;4.0;4.0;4.0;4.0;4.0;;35081
2014-01;1.0;1.0;1.0;;;;;;;;;;;;;;35081
2015-01;1.0;1.0;1.0;1.0;1.0;1.0;1.0;1.0;1.0;1.0;;;;;;;35081
2016-01;1.0;1.0;1.0;1.0;1.0;1.0;1.0;1.0;;;;;;;;;35081
2019-01;1.0;1.0;1.0;1.0;1.0;1.0;;;;;;;;;;;35081
2020-01;1.0;;;;;;;;;;;;;;;;35081
2021-01;1.0;1.0;1.0;1.0;;;;;;;;;;;;;35081
2024-01;3.0;;;;;;;;;;;;;;;;35081
2009-01;1.0;;;;;;;;;;;;;;;;35012
2013-01;25.0;17.0;16.0;7.0;5.0;5.0;5.0;5.0;1.0;;;;;;;;35012
2016-01;14.0;10.0;8.0;8.0;6.0;3.0;1.0;2.0;2.0;;;;;;;;35012
2023-01;8.0;8.0;;;;;;;;;;;;;;;35012
2024-01;12.0;;;;;;;;;;;;;;;;35012
2024-01;1.0;;;;;;;;;;;;;;;;35032
2009-01;1.0;1.0;1.0;1.0;1.0;1.0;1.0;1.0;1.0;1.0;1.0;1.0;1.0;1.0;1.0;1.0;35061
2011-01;1.0;1.0;1.0;1.0;1.0;1.0;;;;;;;;;;;35061
2013-01;1.0;1.0;1.0;;;;;;;;;;;;;;35061
2009-01;2.0;2.0;2.0;1.0;1.0;1.0;1.0;1.0;1.0;1.0;1.0;1.0;1.0;1.0;1.0;1.0;35131
2010-01;1.0;1.0;1.0;1.0;1.0;1.0;1.0;;;;;;;;;;35131
2013-01;1.0;1.0;1.0;1.0;;;;;;;;;;;;;35131
2014-01;4.0;4.0;3.0;3.0;1.0;1.0;;1.0;1.0;1.0;1.0;;;;;;35131
2017-01;1.0;1.0;1.0;1.0;1.0;1.0;1.0;1.0;;;;;;;;;35131
2018-01;2.0;2.0;2.0;1.0;;;;;;;;;;;;;35131
2019-01;1.0;1.0;1.0;;;;;;;;;;;;;;35131
2020-01;1.0;;;;;;;;;;;;;;;;35131
2021-01;2.0;2.0;2.0;2.0;;;;;;;;;;;;;35131
2009-01;6.0;6.0;5.0;3.0;3.0;3.0;1.0;1.0;1.0;1.0;1.0;1.0;1.0;;;;35073
2011-01;1.0;;;;;;;1.0;1.0;1.0;1.0;1.0;1.0;1.0;;;35073
2012-01;1.0;1.0;1.0;1.0;1.0;1.0;1.0;1.0;1.0;1.0;1.0;1.0;1.0;;;;35073
2014-01;3.0;3.0;2.0;2.0;2.0;1.0;1.0;1.0;1.0;1.0;1.0;;;;;;35073
2015-01;9.0;9.0;9.0;7.0;6.0;6.0;6.0;5.0;5.0;5.0;;;;;;;35073
2016-01;2.0;2.0;2.0;1.0;1.0;1.0;1.0;1.0;1.0;;;;;;;;35073
2017-01;6.0;5.0;3.0;3.0;2.0;2.0;2.0;1.0;;;;;;;;;35073
2018-01;2.0;2.0;2.0;2.0;2.0;2.0;2.0;;;;;;;;;;35073
2019-01;8.0;7.0;5.0;4.0;5.0;5.0;;;;;;;;;;;35073
2020-01;5.0;4.0;4.0;4.0;4.0;;;;;;;;;;;;35073
2021-01;3.0;3.0;3.0;2.0;;;;;;;;;;;;;35073
2022-01;4.0;4.0;3.0;;;;;;;;;;;;;;35073
2023-01;4.0;4.0;;;;;;;;;;;;;;;35073
2024-01;8.0;;;;;;;;;;;;;;;;35073
2009-01;5.0;5.0;5.0;5.0;5.0;5.0;5.0;4.0;4.0;4.0;4.0;4.0;4.0;4.0;4.0;4.0;35062
2010-01;1.0;1.0;1.0;1.0;1.0;1.0;1.0;1.0;1.0;1.0;;;;;;;35062
2011-01;1.0;1.0;;;;;;;;;;;;;;;35062
2012-01;2.0;2.0;2.0;1.0;;;;;;;;;;;;;35062
2013-01;5.0;5.0;3.0;3.0;2.0;2.0;2.0;2.0;2.0;2.0;2.0;2.0;;;;;35062
2014-01;2.0;2.0;2.0;2.0;2.0;2.0;2.0;2.0;2.0;2.0;2.0;;;;;;35062
2015-01;1.0;1.0;1.0;1.0;1.0;1.0;1.0;1.0;1.0;1.0;;;;;;;35062
2016-01;7.0;6.0;6.0;6.0;6.0;6.0;6.0;6.0;5.0;;;;;;;;35062
2017-01;1.0;1.0;1.0;1.0;1.0;1.0;1.0;1.0;;;;;;;;;35062
2019-01;1.0;1.0;1.0;1.0;1.0;1.0;;;;;;;;;;;35062
2020-01;3.0;3.0;3.0;3.0;3.0;;;;;;;;;;;;35062
2021-01;1.0;1.0;1.0;1.0;;;;;;;;;;;;;35062
2024-01;2.0;;;;;;;;;;;;;;;;35062
2009-01;3.0;3.0;3.0;2.0;2.0;2.0;1.0;1.0;;;;;;1.0;1.0;1.0;35092
2010-01;1.0;;1.0;1.0;1.0;1.0;1.0;1.0;1.0;1.0;1.0;1.0;1.0;1.0;1.0;;35092
2011-01;1.0;1.0;1.0;1.0;1.0;1.0;1.0;;;;;;;;;;35092
2013-01;1.0;1.0;1.0;;;;;;;;;;;;;;35092
2017-01;2.0;1.0;1.0;1.0;1.0;1.0;1.0;1.0;;;;;;;;;35092
2020-01;4.0;3.0;3.0;3.0;3.0;;;;;;;;;;;;35092
2021-01;1.0;1.0;;;;;;;;;;;;;;;35092
2022-01;3.0;3.0;3.0;;;;;;;;;;;;;;35092
2024-01;4.0;;;;;;;;;;;;;;;;35092
2009-01;2.0;2.0;2.0;2.0;2.0;2.0;2.0;2.0;2.0;2.0;2.0;2.0;2.0;2.0;2.0;2.0;35093
2010-01;2.0;2.0;2.0;2.0;2.0;1.0;1.0;1.0;1.0;1.0;1.0;1.0;1.0;1.0;1.0;;35093
2012-01;3.0;2.0;2.0;2.0;2.0;2.0;2.0;2.0;2.0;2.0;2.0;2.0;2.0;;;;35093
2013-01;2.0;2.0;1.0;1.0;1.0;1.0;1.0;1.0;1.0;1.0;1.0;1.0;;;;;35093
2014-01;11.0;11.0;11.0;11.0;11.0;11.0;10.0;10.0;10.0;10.0;10.0;;;;;;35093
2015-01;1.0;1.0;1.0;1.0;1.0;1.0;1.0;1.0;1.0;1.0;;;;;;;35093
2016-01;1.0;1.0;1.0;1.0;1.0;1.0;1.0;1.0;1.0;;;;;;;;35093
2017-01;1.0;1.0;1.0;1.0;1.0;1.0;1.0;1.0;;;;;;;;;35093
2020-01;1.0;1.0;1.0;1.0;1.0;;;;;;;;;;;;35093
2021-01;2.0;2.0;2.0;2.0;;;;;;;;;;;;;35093
2022-01;1.0;1.0;1.0;;;;;;;;;;;;;;35093
2009-01;1.0;1.0;1.0;1.0;1.0;1.0;1.0;1.0;1.0;1.0;1.0;1.0;1.0;1.0;1.0;1.0;35101
2011-01;1.0;1.0;1.0;1.0;1.0;1.0;1.0;1.0;1.0;1.0;1.0;1.0;1.0;1.0;;;35101
2015-01;2.0;2.0;2.0;2.0;2.0;1.0;1.0;;;;;;;;;;35101
2016-01;2.0;2.0;2.0;2.0;2.0;2.0;1.0;1.0;;;;;;;;;35101
2018-01;1.0;1.0;1.0;1.0;1.0;1.0;1.0;;;;;;;;;;35101
2019-01;1.0;;;;;;;;;;;;;;;;35101
2020-01;1.0;1.0;1.0;1.0;;;;;;;;;;;;;35101
2021-01;1.0;1.0;1.0;1.0;;;;;;;;;;;;;35101
2023-01;2.0;1.0;;;;;;;;;;;;;;;35101
2009-01;1.0;1.0;1.0;1.0;1.0;1.0;1.0;1.0;1.0;1.0;1.0;1.0;1.0;1.0;1.0;1.0;35034
2013-01;1.0;1.0;1.0;1.0;1.0;1.0;1.0;1.0;1.0;1.0;1.0;1.0;;;;;35034
2015-01;1.0;1.0;1.0;1.0;1.0;1.0;1.0;1.0;1.0;1.0;;;;;;;35034
2016-01;1.0;1.0;1.0;1.0;1.0;1.0;1.0;1.0;1.0;;;;;;;;35034
2018-01;1.0;1.0;1.0;1.0;1.0;1.0;1.0;;;;;;;;;;35034
2020-01;1.0;1.0;1.0;1.0;1.0;;;;;;;;;;;;35034
2021-01;1.0;1.0;1.0;1.0;;;;;;;;;;;;;35034
2022-01;1.0;1.0;1.0;;;;;;;;;;;;;;35034
2023-01;1.0;1.0;;;;;;;;;;;;;;;35034
2024-01;1.0;;;;;;;;;;;;;;;;35034
2016-01;1.0;1.0;1.0;1.0;;;;;;;;;;;;;35157
2017-01;2.0;2.0;2.0;2.0;2.0;2.0;2.0;2.0;;;;;;;;;35157
2022-01;1.0;1.0;1.0;;;;;;;;;;;;;;35157
2017-01;1.0;1.0;1.0;1.0;1.0;1.0;1.0;1.0;;;;;;;;;29004
2018-01;1.0;;;;;;;;;;;;;;;;29004
2019-01;3.0;3.0;3.0;3.0;3.0;;;;;;;;;;;;29004
2020-01;2.0;2.0;2.0;2.0;;;;;;;;;;;;;29004
2021-01;1.0;1.0;1.0;1.0;;;;;;;;;;;;;29004
2024-01;1.0;;;;;;;;;;;;;;;;29004
2010-01;4.0;4.0;3.0;3.0;3.0;3.0;3.0;3.0;3.0;2.0;2.0;2.0;2.0;2.0;2.0;;29009
2011-01;1.0;1.0;;;;;;;;;;;;;;;29009
2012-01;1.0;1.0;1.0;;;;;;;;;;;;;;29009
2013-01;1.0;1.0;1.0;1.0;1.0;1.0;1.0;1.0;1.0;1.0;1.0;1.0;;;;;29009
2015-01;1.0;1.0;1.0;1.0;1.0;1.0;1.0;1.0;1.0;1.0;;;;;;;29009
2016-01;3.0;2.0;3.0;3.0;3.0;3.0;3.0;3.0;3.0;;;;;;;;29009
2020-01;2.0;2.0;2.0;2.0;2.0;;;;;;;;;;;;29009
2021-01;1.0;1.0;1.0;1.0;;;;;;;;;;;;;29009
2022-01;2.0;2.0;2.0;;;;;;;;;;;;;;29009
2024-01;2.0;;;;;;;;;;;;;;;;29009
2011-01;2.0;2.0;2.0;2.0;2.0;2.0;2.0;2.0;2.0;2.0;2.0;2.0;2.0;2.0;;;29015
2017-01;2.0;2.0;2.0;2.0;2.0;2.0;2.0;1.0;;;;;;;;;29015
2018-01;1.0;;1.0;1.0;1.0;1.0;;;;;;;;;;;29015
2019-01;3.0;3.0;3.0;3.0;3.0;3.0;;;;;;;;;;;29015
2020-01;1.0;1.0;1.0;1.0;1.0;;;;;;;;;;;;29015
2021-01;2.0;2.0;2.0;1.0;;;;;;;;;;;;;29015
2024-01;1.0;;;;;;;;;;;;;;;;29015
2015-01;1.0;1.0;1.0;1.0;1.0;1.0;1.0;1.0;1.0;1.0;;;;;;;29010
2019-01;1.0;1.0;1.0;1.0;1.0;1.0;;;;;;;;;;;29010
2023-01;2.0;2.0;;;;;;;;;;;;;;;29010
2024-01;3.0;;;;;;;;;;;;;;;;29010
2024-01;3.0;;;;;;;;;;;;;;;;23010
2013-01;1.0;1.0;1.0;1.0;1.0;1.0;1.0;1.0;1.0;1.0;1.0;1.0;;;;;23003
2018-01;1.0;;;;;;;;;;;;;;;;23003
2019-01;1.0;1.0;;;1.0;1.0;;;;;;;;;;;23003
2009-01;8.0;7.0;7.0;7.0;6.0;6.0;6.0;6.0;5.0;4.0;4.0;4.0;4.0;4.0;4.0;4.0;52011
2010-01;7.0;7.0;7.0;7.0;6.0;6.0;6.0;6.0;6.0;6.0;6.0;6.0;6.0;5.0;6.0;;52011
2011-01;5.0;5.0;5.0;4.0;4.0;4.0;4.0;4.0;3.0;3.0;3.0;3.0;3.0;3.0;;;52011
2012-01;1.0;1.0;1.0;1.0;1.0;1.0;1.0;1.0;1.0;1.0;1.0;1.0;1.0;;;;52011
2013-01;2.0;2.0;2.0;;;;;;;;;;;;;;52011
2014-01;5.0;5.0;2.0;1.0;2.0;2.0;2.0;2.0;2.0;1.0;2.0;;;;;;52011
2015-01;4.0;3.0;3.0;3.0;3.0;2.0;2.0;2.0;2.0;2.0;;;;;;;52011
2017-01;1.0;1.0;1.0;1.0;1.0;1.0;1.0;1.0;;;;;;;;;52011
2018-01;6.0;6.0;5.0;4.0;3.0;1.0;1.0;;;;;;;;;;52011
2019-01;3.0;2.0;2.0;2.0;;;;;;;;;;;;;52011
2020-01;4.0;4.0;4.0;1.0;1.0;;;;;;;;;;;;52011
2021-01;1.0;1.0;;;;;;;;;;;;;;;52011
2022-01;2.0;1.0;1.0;;;;;;;;;;;;;;52011
2023-01;1.0;1.0;;;;;;;;;;;;;;;52011
2024-01;3.0;;;;;;;;;;;;;;;;52011
2017-01;1.0;1.0;1.0;1.0;1.0;1.0;;;;;;;;;;;15012
2023-01;1.0;1.0;;;;;;;;;;;;;;;15012
2011-01;1.0;;;;;;;;;;;;;;;;15009
2012-01;1.0;1.0;1.0;;;;;;;;;;;;;;43022
2014-01;3.0;3.0;2.0;2.0;2.0;2.0;2.0;2.0;1.0;1.0;1.0;;;;;;43022
2019-01;1.0;;;;;;;;;;;;;;;;43022
2020-01;1.0;1.0;1.0;1.0;1.0;;;;;;;;;;;;43022
2021-01;2.0;2.0;2.0;;;;;;;;;;;;;;43022
2022-01;4.0;4.0;3.0;;;;;;;;;;;;;;43022
2009-01;7.0;7.0;7.0;7.0;7.0;7.0;7.0;7.0;7.0;7.0;7.0;7.0;7.0;7.0;7.0;7.0;43025
2010-01;7.0;7.0;7.0;7.0;7.0;7.0;6.0;6.0;6.0;6.0;6.0;6.0;6.0;6.0;6.0;;43025
2011-01;5.0;5.0;5.0;5.0;5.0;4.0;4.0;4.0;4.0;4.0;4.0;4.0;3.0;3.0;;;43025
2012-01;5.0;4.0;4.0;4.0;3.0;3.0;3.0;3.0;3.0;3.0;3.0;3.0;3.0;;;;43025
2013-01;3.0;3.0;3.0;3.0;3.0;3.0;3.0;3.0;3.0;3.0;3.0;3.0;;;;;43025
2014-01;1.0;1.0;1.0;1.0;1.0;1.0;1.0;1.0;1.0;1.0;1.0;;;;;;43025
2016-01;3.0;3.0;3.0;3.0;3.0;3.0;3.0;3.0;3.0;;;;;;;;43025
2020-01;1.0;1.0;1.0;1.0;1.0;;;;;;;;;;;;43025
2021-01;3.0;3.0;3.0;3.0;;;;;;;;;;;;;43025
2023-01;2.0;2.0;;;;;;;;;;;;;;;43025
2010-01;1.0;1.0;1.0;;;;;;;;;;;;;;43009
2018-01;1.0;1.0;1.0;1.0;1.0;1.0;1.0;;;;;;;;;;43020
2010-01;3.0;3.0;3.0;1.0;1.0;1.0;1.0;;;;;;;;;;43003
2011-01;1.0;1.0;1.0;;;;;;;;;;;;;;43003
2014-01;1.0;1.0;1.0;1.0;1.0;1.0;1.0;1.0;1.0;;;;;;;;43003
2017-01;1.0;1.0;1.0;1.0;1.0;1.0;1.0;1.0;;;;;;;;;43003
2018-01;1.0;1.0;1.0;1.0;1.0;1.0;1.0;;;;;;;;;;43003
2019-01;1.0;;;;;;;;;;;;;;;;43003
2020-01;4.0;3.0;3.0;3.0;3.0;;;;;;;;;;;;43003
2021-01;1.0;1.0;1.0;;;;;;;;;;;;;;43003
2022-01;4.0;2.0;2.0;;;;;;;;;;;;;;43003
2023-01;2.0;2.0;;;;;;;;;;;;;;;43003
2024-01;1.0;;;;;;;;;;;;;;;;43003
2015-01;1.0;1.0;1.0;1.0;1.0;1.0;1.0;1.0;;;;;;;;;43015
2020-01;1.0;1.0;1.0;;;;;;;;;;;;;;43015
2010-01;3.0;3.0;3.0;3.0;3.0;3.0;3.0;1.0;1.0;1.0;1.0;1.0;1.0;1.0;1.0;;43024
2021-01;1.0;1.0;1.0;1.0;;;;;;;;;;;;;43024
2009-01;3.0;3.0;3.0;3.0;3.0;3.0;3.0;3.0;3.0;3.0;2.0;2.0;2.0;2.0;2.0;2.0;17006
2010-01;1.0;1.0;1.0;1.0;1.0;1.0;1.0;1.0;1.0;1.0;1.0;1.0;1.0;1.0;1.0;;17006
2012-01;1.0;1.0;1.0;1.0;1.0;1.0;1.0;1.0;1.0;1.0;1.0;1.0;1.0;;;;17006
2014-01;3.0;3.0;3.0;2.0;1.0;1.0;1.0;1.0;1.0;1.0;1.0;;;;;;17006
2018-01;1.0;1.0;1.0;1.0;1.0;1.0;1.0;;;;;;;;;;17006
2019-01;1.0;1.0;1.0;1.0;1.0;1.0;;;;;;;;;;;17006
2020-01;1.0;1.0;1.0;1.0;1.0;;;;;;;;;;;;17006
2021-01;3.0;2.0;2.0;2.0;;;;;;;;;;;;;17006
2022-01;2.0;2.0;2.0;;;;;;;;;;;;;;17006
2024-01;2.0;;;;;;;;;;;;;;;;17006
2010-01;3.0;2.0;2.0;2.0;2.0;2.0;2.0;2.0;2.0;2.0;1.0;1.0;1.0;1.0;1.0;;52002
2011-01;1.0;;;1.0;1.0;1.0;1.0;1.0;1.0;1.0;1.0;1.0;1.0;1.0;;;52002
2016-01;1.0;;;;;;;;;;;;;;;;52002
2018-01;1.0;;;;;;;;;;;;;;;;52002
2019-01;1.0;1.0;1.0;1.0;1.0;1.0;;;;;;;;;;;52002
2022-01;1.0;1.0;1.0;;;;;;;;;;;;;;52002
2023-01;1.0;1.0;;;;;;;;;;;;;;;52002
2017-01;1.0;1.0;1.0;1.0;1.0;1.0;1.0;1.0;;;;;;;;;52017
2018-01;1.0;1.0;1.0;1.0;1.0;1.0;1.0;;;;;;;;;;52017
2023-01;1.0;1.0;;;;;;;;;;;;;;;52017
2010-01;1.0;1.0;1.0;1.0;1.0;1.0;;;;;;;;;;;31060
2011-01;14.0;12.0;11.0;11.0;10.0;9.0;6.0;4.0;4.0;4.0;4.0;3.0;3.0;3.0;;;31060
2012-01;2.0;2.0;2.0;2.0;2.0;;;;1.0;1.0;1.0;1.0;1.0;;;;31060
2014-01;1.0;1.0;1.0;1.0;1.0;1.0;1.0;1.0;1.0;1.0;1.0;;;;;;31060
2016-01;1.0;1.0;1.0;1.0;1.0;1.0;1.0;1.0;1.0;;;;;;;;31060
2017-01;3.0;3.0;3.0;2.0;2.0;2.0;2.0;1.0;;;;;;;;;31060
2018-01;2.0;2.0;2.0;2.0;2.0;2.0;2.0;;;;;;;;;;31060
2019-01;1.0;1.0;1.0;1.0;1.0;1.0;;;;;;;;;;;31060
2023-01;1.0;1.0;;;;;;;;;;;;;;;31060
2024-01;3.0;;;;;;;;;;;;;;;;31060
2009-01;2.0;2.0;2.0;1.0;1.0;1.0;1.0;1.0;1.0;1.0;1.0;;;;;;31048
2023-01;1.0;1.0;;;;;;;;;;;;;;;31048
2009-01;6.0;6.0;6.0;4.0;4.0;4.0;4.0;4.0;4.0;3.0;2.0;1.0;;;;;51002
2010-01;7.0;7.0;6.0;6.0;3.0;1.0;1.0;1.0;1.0;;;;1.0;1.0;1.0;;51002
2011-01;2.0;2.0;2.0;2.0;2.0;2.0;2.0;2.0;2.0;2.0;2.0;2.0;2.0;2.0;;;51002
2012-01;7.0;6.0;6.0;6.0;5.0;6.0;6.0;5.0;3.0;3.0;3.0;3.0;3.0;;;;51002
2013-01;1.0;1.0;1.0;;;;;;;;;;;;;;51002
2014-01;3.0;3.0;2.0;2.0;2.0;2.0;2.0;2.0;2.0;2.0;2.0;;;;;;51002
2015-01;3.0;2.0;2.0;2.0;2.0;1.0;1.0;1.0;1.0;1.0;;;;;;;51002
2016-01;2.0;2.0;2.0;2.0;2.0;2.0;2.0;2.0;2.0;;;;;;;;51002
2017-01;6.0;4.0;4.0;5.0;2.0;3.0;2.0;2.0;;;;;;;;;51002
2018-01;4.0;4.0;3.0;3.0;3.0;4.0;4.0;;;;;;;;;;51002
2019-01;1.0;;;;;;;;;;;;;;;;51002
2020-01;3.0;3.0;3.0;3.0;3.0;;;;;;;;;;;;51002
2021-01;2.0;2.0;2.0;2.0;;;;;;;;;;;;;51002
2022-01;5.0;4.0;3.0;;;;;;;;;;;;;;51002
2023-01;6.0;6.0;;;;;;;;;;;;;;;51002
2024-01;8.0;;;;;;;;;;;;;;;;51002
2009-01;1.0;;;;;;;;;;;;;;;;51013
2016-01;1.0;1.0;1.0;1.0;1.0;1.0;1.0;1.0;1.0;;;;;;;;51013
2019-01;1.0;;;;;;;;;;;;;;;;51013
2020-01;3.0;2.0;2.0;2.0;1.0;;;;;;;;;;;;51013
2021-01;3.0;2.0;2.0;2.0;;;;;;;;;;;;;51013
2022-01;1.0;1.0;1.0;;;;;;;;;;;;;;51013
2023-01;1.0;1.0;;;;;;;;;;;;;;;51013
2024-01;8.0;;;;;;;;;;;;;;;;51013
2009-01;4.0;4.0;2.0;1.0;1.0;1.0;1.0;2.0;2.0;2.0;2.0;2.0;2.0;2.0;1.0;1.0;26004
2012-01;3.0;3.0;3.0;3.0;2.0;1.0;1.0;;;;;;;;;;26004
2013-01;1.0;1.0;1.0;;;;;;;;;;;;;;26004
2014-01;1.0;1.0;1.0;1.0;1.0;;;;;;;;;;;;26004
2015-01;2.0;2.0;;;;;;;;;;;;;;;26004
2016-01;1.0;1.0;1.0;;;;;;;;;;;;;;26004
2017-01;1.0;1.0;1.0;1.0;1.0;1.0;;;;;;;;;;;26004
2018-01;1.0;1.0;1.0;1.0;1.0;;;;;;;;;;;;26004
2020-01;1.0;1.0;;;;;;;;;;;;;;;26004
2021-01;3.0;3.0;3.0;3.0;;;;;;;;;;;;;26004
2023-01;1.0;1.0;;;;;;;;;;;;;;;26004
2024-01;1.0;;;;;;;;;;;;;;;;26004
2009-01;1.0;;;;;;;;;;;;;;;;26005
2009-01;2.0;2.0;2.0;2.0;2.0;2.0;2.0;1.0;1.0;1.0;1.0;1.0;1.0;1.0;1.0;;41016
2010-01;1.0;1.0;1.0;1.0;1.0;1.0;1.0;1.0;1.0;1.0;1.0;1.0;1.0;1.0;1.0;;41016
2011-01;3.0;;;;;;;;;;;;;;;;41016
2012-01;2.0;2.0;2.0;2.0;2.0;2.0;2.0;1.0;1.0;1.0;1.0;1.0;1.0;;;;41016
2013-01;1.0;1.0;1.0;1.0;1.0;1.0;1.0;1.0;1.0;1.0;1.0;1.0;;;;;41016
2015-01;2.0;2.0;2.0;2.0;2.0;2.0;2.0;2.0;2.0;1.0;;;;;;;41016
2018-01;3.0;3.0;3.0;3.0;3.0;3.0;3.0;;;;;;;;;;41016
2019-01;1.0;1.0;1.0;1.0;1.0;1.0;;;;;;;;;;;41016
2020-01;8.0;8.0;7.0;7.0;7.0;;;;;;;;;;;;41016
2021-01;3.0;3.0;3.0;2.0;;;;;;;;;;;;;41016
2022-01;1.0;1.0;1.0;;;;;;;;;;;;;;41016
2023-01;2.0;2.0;;;;;;;;;;;;;;;41016
2024-01;4.0;;;;;;;;;;;;;;;;41016
2009-01;2.0;2.0;2.0;2.0;2.0;2.0;2.0;2.0;2.0;2.0;2.0;2.0;2.0;1.0;1.0;1.0;41009
2012-01;1.0;1.0;1.0;1.0;1.0;1.0;1.0;1.0;1.0;1.0;1.0;1.0;1.0;;;;41009
2016-01;1.0;1.0;1.0;1.0;1.0;1.0;1.0;1.0;1.0;;;;;;;;41009
2018-01;2.0;2.0;2.0;2.0;2.0;2.0;1.0;;;;;;;;;;41009
2020-01;1.0;1.0;1.0;1.0;1.0;;;;;;;;;;;;41009
2021-01;3.0;1.0;1.0;1.0;;;;;;;;;;;;;41009
2022-01;1.0;;1.0;;;;;;;;;;;;;;41009
2023-01;2.0;2.0;;;;;;;;;;;;;;;41009
2024-01;1.0;;;;;;;;;;;;;;;;41009
2024-01;1.0;;;;;;;;;;;;;;;;41022
2023-01;1.0;1.0;;;;;;;;;;;;;;;41021
2012-01;2.0;2.0;2.0;2.0;2.0;2.0;2.0;2.0;2.0;2.0;2.0;2.0;2.0;;;;33002
2016-01;2.0;2.0;2.0;2.0;2.0;2.0;2.0;2.0;2.0;;;;;;;;33002
2018-01;1.0;1.0;1.0;1.0;1.0;1.0;1.0;;;;;;;;;;33002
2019-01;1.0;1.0;1.0;1.0;1.0;1.0;;;;;;;;;;;33002
2020-01;1.0;1.0;1.0;1.0;1.0;;;;;;;;;;;;33002
2021-01;1.0;1.0;1.0;1.0;;;;;;;;;;;;;33002
2022-01;1.0;1.0;1.0;;;;;;;;;;;;;;33002
2023-01;2.0;2.0;;;;;;;;;;;;;;;33002
2024-01;5.0;;;;;;;;;;;;;;;;33002
2009-01;17.0;17.0;16.0;15.0;15.0;16.0;14.0;12.0;11.0;11.0;11.0;11.0;11.0;10.0;10.0;9.0;33008
2010-01;2.0;2.0;2.0;2.0;2.0;2.0;2.0;2.0;1.0;1.0;1.0;1.0;1.0;1.0;1.0;;33008
2012-01;3.0;3.0;3.0;2.0;1.0;1.0;1.0;1.0;1.0;1.0;1.0;1.0;1.0;;;;33008
2013-01;5.0;5.0;5.0;5.0;5.0;5.0;5.0;4.0;4.0;4.0;4.0;4.0;;;;;33008
2014-01;4.0;3.0;2.0;2.0;2.0;2.0;2.0;2.0;2.0;2.0;2.0;;;;;;33008
2015-01;1.0;1.0;1.0;1.0;1.0;1.0;1.0;1.0;1.0;1.0;;;;;;;33008
2016-01;4.0;3.0;3.0;2.0;2.0;2.0;2.0;2.0;2.0;;;;;;;;33008
2017-01;2.0;2.0;2.0;2.0;2.0;2.0;2.0;2.0;;;;;;;;;33008
2018-01;2.0;2.0;2.0;2.0;2.0;2.0;2.0;;;;;;;;;;33008
2019-01;3.0;3.0;3.0;2.0;2.0;2.0;;;;;;;;;;;33008
2020-01;4.0;4.0;4.0;4.0;4.0;;;;;;;;;;;;33008
2021-01;5.0;5.0;5.0;4.0;;;;;;;;;;;;;33008
2022-01;2.0;2.0;2.0;;;;;;;;;;;;;;33008
2023-01;1.0;1.0;;;;;;;;;;;;;;;33008
2024-01;1.0;;;;;;;;;;;;;;;;33008
2009-01;249.0;238.0;229.0;193.0;159.0;155.0;140.0;124.0;120.0;106.0;100.0;102.0;98.0;100.0;101.0;94.0;33005
2010-01;72.0;69.0;54.0;38.0;32.0;29.0;24.0;23.0;21.0;15.0;14.0;14.0;14.0;13.0;12.0;;33005
2011-01;43.0;28.0;20.0;20.0;20.0;19.0;20.0;17.0;14.0;10.0;12.0;12.0;11.0;12.0;;;33005
2012-01;117.0;87.0;79.0;67.0;66.0;65.0;58.0;57.0;52.0;50.0;52.0;50.0;49.0;;;;33005
2013-01;38.0;33.0;33.0;24.0;21.0;20.0;18.0;16.0;16.0;17.0;16.0;16.0;;;;;33005
2014-01;29.0;24.0;20.0;20.0;18.0;15.0;13.0;12.0;10.0;9.0;8.0;;;;;;33005
2015-01;17.0;11.0;10.0;9.0;8.0;8.0;8.0;8.0;8.0;8.0;;;;;;;33005
2016-01;24.0;22.0;20.0;16.0;18.0;17.0;17.0;17.0;17.0;;;;;;;;33005
2017-01;44.0;34.0;34.0;23.0;28.0;28.0;21.0;20.0;;;;;;;;;33005
2018-01;59.0;47.0;34.0;34.0;34.0;33.0;33.0;;;;;;;;;;33005
2019-01;42.0;36.0;33.0;30.0;27.0;26.0;;;;;;;;;;;33005
2020-01;94.0;88.0;77.0;54.0;52.0;;;;;;;;;;;;33005
2021-01;42.0;37.0;31.0;30.0;;;;;;;;;;;;;33005
2022-01;32.0;30.0;27.0;;;;;;;;;;;;;;33005
2023-01;28.0;19.0;;;;;;;;;;;;;;;33005
2024-01;39.0;;;;;;;;;;;;;;;;33005
2009-01;4.0;4.0;4.0;4.0;4.0;3.0;3.0;3.0;3.0;3.0;3.0;2.0;2.0;1.0;2.0;2.0;33006
2011-01;3.0;3.0;2.0;2.0;2.0;2.0;2.0;2.0;2.0;2.0;1.0;1.0;1.0;1.0;;;33006
2012-01;3.0;3.0;3.0;3.0;3.0;3.0;2.0;2.0;2.0;2.0;2.0;2.0;2.0;;;;33006
2013-01;4.0;3.0;2.0;1.0;1.0;2.0;2.0;4.0;4.0;3.0;2.0;1.0;;;;;33006
2014-01;5.0;5.0;4.0;4.0;4.0;5.0;3.0;4.0;3.0;3.0;3.0;;;;;;33006
2015-01;4.0;3.0;3.0;2.0;2.0;2.0;2.0;2.0;2.0;2.0;;;;;;;33006
2016-01;3.0;3.0;2.0;1.0;1.0;;;;;;;;;;;;33006
2017-01;1.0;1.0;1.0;;;;;;;;;;;;;;33006
2018-01;13.0;11.0;11.0;9.0;10.0;8.0;8.0;;;;;;;;;;33006
2019-01;11.0;4.0;10.0;3.0;2.0;7.0;;;;;;;;;;;33006
2020-01;15.0;12.0;13.0;9.0;9.0;;;;;;;;;;;;33006
2021-01;13.0;5.0;3.0;4.0;;;;;;;;;;;;;33006
2022-01;12.0;4.0;4.0;;;;;;;;;;;;;;33006
2023-01;14.0;10.0;;;;;;;;;;;;;;;33006
2024-01;12.0;;;;;;;;;;;;;;;;33006
2009-01;2.0;2.0;1.0;;;;;;;;;;;;;;33003
2010-01;1.0;1.0;1.0;1.0;;;;;;;;;;;;;33003
2011-01;4.0;4.0;4.0;4.0;3.0;3.0;3.0;3.0;3.0;3.0;3.0;3.0;3.0;3.0;;;33003
2012-01;2.0;2.0;2.0;1.0;1.0;1.0;1.0;1.0;1.0;1.0;1.0;1.0;1.0;;;;33003
2015-01;2.0;2.0;2.0;2.0;2.0;2.0;2.0;2.0;2.0;2.0;;;;;;;33003
2016-01;2.0;2.0;1.0;;;;;;;;;;;;;;33003
2017-01;1.0;1.0;1.0;1.0;1.0;1.0;1.0;1.0;;;;;;;;;33003
2019-01;2.0;2.0;2.0;2.0;2.0;;;;;;;;;;;;33003
2020-01;2.0;1.0;1.0;1.0;1.0;;;;;;;;;;;;33003
2021-01;1.0;1.0;1.0;1.0;;;;;;;;;;;;;33003
2022-01;1.0;1.0;1.0;;;;;;;;;;;;;;33003
2024-01;2.0;;;;;;;;;;;;;;;;33003
2009-01;5.0;5.0;5.0;4.0;4.0;4.0;4.0;4.0;4.0;4.0;4.0;4.0;4.0;4.0;4.0;4.0;33004
2010-01;2.0;2.0;1.0;1.0;1.0;1.0;1.0;1.0;;;;;;;;;33004
2011-01;1.0;1.0;1.0;1.0;1.0;1.0;1.0;1.0;1.0;1.0;1.0;1.0;1.0;1.0;;;33004
2012-01;2.0;2.0;1.0;1.0;1.0;1.0;1.0;1.0;1.0;1.0;1.0;1.0;1.0;;;;33004
2013-01;6.0;5.0;5.0;3.0;3.0;1.0;1.0;1.0;1.0;1.0;1.0;1.0;;;;;33004
2014-01;1.0;1.0;;;;;;;;;;;;;;;33004
2015-01;1.0;1.0;1.0;1.0;;;;;;;;;;;;;33004
2016-01;4.0;3.0;3.0;3.0;3.0;3.0;3.0;3.0;3.0;;;;;;;;33004
2017-01;5.0;5.0;5.0;5.0;3.0;3.0;3.0;3.0;;;;;;;;;33004
2018-01;4.0;3.0;3.0;2.0;2.0;2.0;1.0;;;;;;;;;;33004
2019-01;1.0;1.0;1.0;1.0;1.0;1.0;;;;;;;;;;;33004
2020-01;1.0;1.0;1.0;1.0;1.0;;;;;;;;;;;;33004
2022-01;2.0;1.0;1.0;;;;;;;;;;;;;;33004
2023-01;1.0;1.0;;;;;;;;;;;;;;;33004
2015-01;4.0;4.0;4.0;4.0;4.0;4.0;3.0;3.0;3.0;3.0;;;;;;;33007
2018-01;2.0;2.0;2.0;2.0;2.0;2.0;2.0;;;;;;;;;;33007
2021-01;1.0;1.0;1.0;1.0;;;;;;;;;;;;;33007
2023-01;2.0;2.0;;;;;;;;;;;;;;;33007
2024-01;1.0;;;;;;;;;;;;;;;;33007
2019-01;1.0;1.0;1.0;1.0;;;;;;;;;;;;;33001
2021-01;1.0;1.0;1.0;1.0;;;;;;;;;;;;;33001
2022-01;1.0;1.0;1.0;;;;;;;;;;;;;;33001
2024-01;1.0;;;;;;;;;;;;;;;;33001
2009-01;4.0;4.0;3.0;2.0;2.0;2.0;2.0;1.0;1.0;1.0;1.0;1.0;1.0;1.0;1.0;1.0;33009
2010-01;2.0;2.0;2.0;1.0;1.0;1.0;1.0;1.0;1.0;1.0;1.0;1.0;1.0;1.0;1.0;;33009
2011-01;1.0;1.0;1.0;1.0;1.0;1.0;1.0;1.0;1.0;1.0;1.0;;;;;;33009
2012-01;9.0;7.0;7.0;7.0;6.0;5.0;3.0;2.0;2.0;2.0;1.0;1.0;1.0;;;;33009
2013-01;2.0;1.0;;;;;;;;;;;;;;;33009
2014-01;4.0;4.0;4.0;3.0;2.0;2.0;2.0;2.0;2.0;2.0;2.0;;;;;;33009
2015-01;1.0;;;;;;;;;;;;;;;;33009
2016-01;2.0;1.0;1.0;1.0;1.0;1.0;1.0;1.0;1.0;;;;;;;;33009
2017-01;6.0;5.0;5.0;1.0;1.0;1.0;1.0;;;;;;;;;;33009
2018-01;5.0;4.0;3.0;3.0;2.0;2.0;2.0;;;;;;;;;;33009
2019-01;4.0;3.0;3.0;2.0;1.0;1.0;;;;;;;;;;;33009
2020-01;5.0;5.0;4.0;4.0;3.0;;;;;;;;;;;;33009
2021-01;7.0;5.0;5.0;5.0;;;;;;;;;;;;;33009
2022-01;9.0;9.0;5.0;;;;;;;;;;;;;;33009
2023-01;3.0;3.0;;;;;;;;;;;;;;;33009
2024-01;4.0;;;;;;;;;;;;;;;;33009
2012-01;2.0;1.0;1.0;1.0;1.0;1.0;1.0;1.0;1.0;1.0;1.0;1.0;1.0;;;;29022
2013-01;1.0;1.0;1.0;1.0;1.0;1.0;1.0;1.0;1.0;1.0;1.0;1.0;;;;;29022
2019-01;1.0;1.0;1.0;1.0;1.0;1.0;;;;;;;;;;;29022
2021-01;2.0;2.0;2.0;1.0;;;;;;;;;;;;;29022
2022-01;1.0;1.0;1.0;;;;;;;;;;;;;;29022
2024-01;2.0;;;;;;;;;;;;;;;;29022
2018-01;1.0;1.0;1.0;1.0;1.0;1.0;1.0;;;;;;;;;;23020
2009-01;28.0;25.0;22.0;24.0;23.0;21.0;21.0;18.0;17.0;14.0;14.0;14.0;16.0;15.0;14.0;14.0;53001
2010-01;5.0;5.0;5.0;5.0;5.0;5.0;4.0;1.0;1.0;2.0;2.0;2.0;2.0;2.0;2.0;;53001
2011-01;7.0;6.0;6.0;6.0;6.0;5.0;2.0;2.0;2.0;2.0;2.0;2.0;2.0;2.0;;;53001
2012-01;34.0;31.0;31.0;28.0;23.0;21.0;20.0;20.0;19.0;19.0;18.0;17.0;17.0;;;;53001
2013-01;13.0;9.0;10.0;8.0;9.0;9.0;9.0;9.0;9.0;8.0;8.0;8.0;;;;;53001
2014-01;10.0;8.0;6.0;5.0;7.0;7.0;7.0;7.0;7.0;7.0;6.0;;;;;;53001
2015-01;10.0;9.0;7.0;8.0;8.0;8.0;8.0;8.0;9.0;9.0;;;;;;;53001
2016-01;8.0;6.0;6.0;6.0;6.0;6.0;6.0;6.0;6.0;;;;;;;;53001
2017-01;9.0;8.0;8.0;7.0;7.0;7.0;8.0;8.0;;;;;;;;;53001
2018-01;63.0;56.0;55.0;52.0;51.0;43.0;38.0;;;;;;;;;;53001
2019-01;24.0;23.0;22.0;21.0;19.0;19.0;;;;;;;;;;;53001
2020-01;21.0;18.0;18.0;15.0;15.0;;;;;;;;;;;;53001
2021-01;24.0;23.0;22.0;20.0;;;;;;;;;;;;;53001
2022-01;14.0;12.0;9.0;;;;;;;;;;;;;;53001
2023-01;15.0;13.0;;;;;;;;;;;;;;;53001
2024-01;17.0;;;;;;;;;;;;;;;;53001
2012-01;1.0;1.0;1.0;1.0;1.0;;;;;;;;;;;;21005
2018-01;3.0;2.0;;1.0;;;;;;;;;;;;;21005
2019-01;4.0;4.0;4.0;4.0;4.0;3.0;;;;;;;;;;;21005
2020-01;2.0;2.0;2.0;2.0;1.0;;;;;;;;;;;;21005
2021-01;1.0;1.0;1.0;;;;;;;;;;;;;;21005
2022-01;1.0;1.0;1.0;;;;;;;;;;;;;;21005
2009-01;1.0;1.0;1.0;1.0;1.0;1.0;1.0;;;;;;;;;;21008
2010-01;1.0;1.0;1.0;1.0;1.0;1.0;1.0;1.0;1.0;1.0;1.0;1.0;1.0;1.0;1.0;;21008
2011-01;3.0;3.0;3.0;2.0;2.0;2.0;2.0;2.0;2.0;2.0;2.0;2.0;2.0;2.0;;;21008
2014-01;3.0;3.0;3.0;2.0;2.0;2.0;2.0;2.0;2.0;2.0;2.0;;;;;;21008
2015-01;2.0;2.0;2.0;2.0;2.0;2.0;1.0;1.0;1.0;1.0;;;;;;;21008
2018-01;1.0;;;;;;;;;;;;;;;;21008
2019-01;1.0;1.0;1.0;1.0;1.0;1.0;;;;;;;;;;;21008
2021-01;1.0;1.0;1.0;1.0;;;;;;;;;;;;;21008
2023-01;1.0;;;;;;;;;;;;;;;;21008
2017-01;6.0;6.0;6.0;5.0;5.0;5.0;1.0;1.0;;;;;;;;;31019
2019-01;2.0;2.0;2.0;2.0;;;;;;;;;;;;;31019
2020-01;2.0;2.0;2.0;1.0;1.0;;;;;;;;;;;;31019
2021-01;3.0;3.0;;;;;;;;;;;;;;;31019
2022-01;3.0;3.0;3.0;;;;;;;;;;;;;;31019
2023-01;1.0;1.0;;;;;;;;;;;;;;;31019
2017-01;2.0;2.0;1.0;1.0;1.0;1.0;1.0;1.0;;;;;;;;;31032
2019-01;4.0;4.0;4.0;4.0;4.0;3.0;;;;;;;;;;;31032
2022-01;1.0;;1.0;;;;;;;;;;;;;;31032
2023-01;1.0;1.0;;;;;;;;;;;;;;;31032
2024-01;1.0;;;;;;;;;;;;;;;;31095
2023-01;4.0;4.0;;;;;;;;;;;;;;;31058
2024-01;1.0;;;;;;;;;;;;;;;;31058
2011-01;2.0;2.0;;;;;;;;;;;;;;;51011
2012-01;1.0;1.0;1.0;1.0;1.0;1.0;;;;;;;;;;;51011
2013-01;1.0;1.0;1.0;1.0;1.0;;;;;;;;;;;;51011
2016-01;1.0;1.0;1.0;1.0;;;;;;;;;;;;;51011
2018-01;1.0;1.0;1.0;1.0;1.0;1.0;1.0;;;;;;;;;;51011
2019-01;2.0;2.0;2.0;2.0;2.0;2.0;;;;;;;;;;;51011
2020-01;1.0;1.0;1.0;1.0;1.0;;;;;;;;;;;;51011
2021-01;1.0;;;;;;;;;;;;;;;;51011
2022-01;1.0;;;;;;;;;;;;;;;;51011
2023-01;2.0;2.0;;;;;;;;;;;;;;;51011
2022-01;1.0;1.0;1.0;;;;;;;;;;;;;;51004
2020-01;1.0;1.0;1.0;1.0;1.0;;;;;;;;;;;;51007
2024-01;1.0;;;;;;;;;;;;;;;;51007
2010-01;1.0;;;;;;;;;;;;;;;;15001
2024-01;2.0;;;;;;;;;;;;;;;;15001
2010-01;1.0;1.0;;;;;;;;;;;;;;;41012
2012-01;1.0;1.0;1.0;1.0;1.0;1.0;1.0;1.0;1.0;1.0;1.0;1.0;1.0;;;;41012
2013-01;2.0;2.0;2.0;2.0;2.0;2.0;2.0;2.0;2.0;2.0;1.0;1.0;;;;;41012
2016-01;2.0;2.0;2.0;2.0;2.0;2.0;2.0;2.0;2.0;;;;;;;;41012
2017-01;1.0;1.0;1.0;1.0;1.0;1.0;1.0;1.0;;;;;;;;;41012
2018-01;1.0;1.0;1.0;1.0;1.0;1.0;1.0;;;;;;;;;;41012
2023-01;5.0;4.0;;;;;;;;;;;;;;;41012
2024-01;3.0;;;;;;;;;;;;;;;;41012
2022-01;2.0;2.0;2.0;;;;;;;;;;;;;;11001
2024-01;1.0;;;;;;;;;;;;;;;;11001
2009-01;1.0;1.0;1.0;1.0;1.0;1.0;1.0;1.0;1.0;1.0;1.0;;;;;;35162
2013-01;1.0;1.0;1.0;1.0;1.0;1.0;1.0;1.0;1.0;1.0;1.0;1.0;;;;;35162
2018-01;1.0;1.0;1.0;1.0;1.0;1.0;1.0;;;;;;;;;;35162
2011-01;3.0;2.0;1.0;1.0;1.0;1.0;1.0;;;;;;;;;;35094
2016-01;1.0;1.0;1.0;1.0;1.0;1.0;1.0;1.0;1.0;;;;;;;;35094
2018-01;3.0;3.0;2.0;2.0;2.0;2.0;2.0;;;;;;;;;;35094
2019-01;1.0;1.0;;;;;;;;;;;;;;;35094
2021-01;1.0;;;;;;;;;;;;;;;;35094
2009-01;10.0;9.0;9.0;8.0;8.0;8.0;8.0;8.0;7.0;7.0;7.0;7.0;6.0;6.0;6.0;6.0;35063
2011-01;2.0;2.0;2.0;2.0;1.0;1.0;1.0;1.0;1.0;1.0;1.0;1.0;1.0;1.0;;;35063
2012-01;1.0;1.0;1.0;1.0;1.0;1.0;1.0;1.0;1.0;1.0;1.0;1.0;1.0;;;;35063
2013-01;1.0;1.0;1.0;1.0;1.0;1.0;1.0;1.0;1.0;1.0;1.0;1.0;;;;;35063
2014-01;3.0;2.0;2.0;2.0;;;;;;;;;;;;;35063
2015-01;1.0;1.0;;;;;;;;;;;;;;;35063
2016-01;12.0;12.0;11.0;11.0;11.0;11.0;11.0;11.0;11.0;;;;;;;;35063
2017-01;13.0;11.0;10.0;8.0;7.0;7.0;6.0;6.0;;;;;;;;;35063
2018-01;2.0;2.0;2.0;2.0;2.0;2.0;2.0;;;;;;;;;;35063
2019-01;2.0;2.0;2.0;1.0;1.0;1.0;;;;;;;;;;;35063
2020-01;1.0;1.0;1.0;1.0;1.0;;;;;;;;;;;;35063
2022-01;4.0;4.0;4.0;;;;;;;;;;;;;;35063
2023-01;1.0;;;;;;;;;;;;;;;;35063
2024-01;2.0;;;;;;;;;;;;;;;;35063
2010-01;1.0;1.0;1.0;1.0;1.0;1.0;1.0;1.0;1.0;1.0;1.0;1.0;1.0;1.0;1.0;;35143
2012-01;1.0;1.0;;;;;;;;;;;;;;;35143
2014-01;1.0;1.0;;;;;;;;;;;;;;;35143
2015-01;1.0;1.0;1.0;;;;;;;;;;;;;;35143
2018-01;4.0;4.0;4.0;4.0;;;;;;;;;;;;;35143
2022-01;1.0;1.0;1.0;;;;;;;;;;;;;;35143
2023-01;1.0;;;;;;;;;;;;;;;;35143
2024-01;2.0;;;;;;;;;;;;;;;;35143
2018-01;1.0;1.0;1.0;;;;;;;;;;;;;;35065
2019-01;2.0;2.0;2.0;2.0;2.0;2.0;;;;;;;;;;;35065
2020-01;1.0;;;;;;;;;;;;;;;;35082
2009-01;2.0;1.0;;;;;;;;;;;;;;;35102
2010-01;2.0;2.0;2.0;2.0;2.0;2.0;2.0;2.0;2.0;2.0;1.0;1.0;1.0;;;;35102
2013-01;1.0;1.0;1.0;;1.0;1.0;1.0;1.0;1.0;1.0;1.0;1.0;;;;;35102
2014-01;1.0;;;;;;;;;;;;;;;;35102
2015-01;2.0;2.0;2.0;2.0;2.0;1.0;1.0;1.0;1.0;;;;;;;;35102
2016-01;1.0;;;;;;;;;;;;;;;;35102
2017-01;1.0;1.0;1.0;1.0;1.0;1.0;1.0;1.0;;;;;;;;;35102
2020-01;1.0;1.0;1.0;1.0;1.0;;;;;;;;;;;;35102
2022-01;1.0;1.0;1.0;;;;;;;;;;;;;;35102
2023-01;1.0;1.0;;;;;;;;;;;;;;;35102
2009-01;5.0;4.0;4.0;3.0;3.0;3.0;3.0;2.0;2.0;2.0;2.0;1.0;1.0;1.0;2.0;2.0;35104
2010-01;1.0;1.0;1.0;1.0;1.0;1.0;;;;;;;;;;;35104
2011-01;3.0;2.0;2.0;2.0;2.0;1.0;1.0;1.0;1.0;1.0;1.0;1.0;1.0;1.0;;;35104
2012-01;2.0;2.0;2.0;2.0;2.0;2.0;2.0;2.0;2.0;2.0;2.0;2.0;2.0;;;;35104
2014-01;1.0;1.0;1.0;1.0;1.0;1.0;1.0;1.0;1.0;1.0;;;;;;;35104
2015-01;2.0;2.0;1.0;1.0;;;;;;;;;;;;;35104
2016-01;3.0;2.0;2.0;1.0;1.0;1.0;1.0;1.0;1.0;;;;;;;;35104
2017-01;1.0;1.0;1.0;1.0;1.0;1.0;1.0;1.0;;;;;;;;;35104
2019-01;1.0;1.0;1.0;1.0;1.0;1.0;;;;;;;;;;;35104
2024-01;1.0;;;;;;;;;;;;;;;;35104
2014-01;3.0;3.0;3.0;3.0;3.0;3.0;3.0;3.0;3.0;3.0;3.0;;;;;;35033
2015-01;1.0;1.0;1.0;1.0;1.0;1.0;1.0;1.0;1.0;1.0;;;;;;;35033
2020-01;1.0;1.0;1.0;1.0;1.0;;;;;;;;;;;;35033
2021-01;2.0;2.0;2.0;2.0;;;;;;;;;;;;;35033
2024-01;1.0;;;;;;;;;;;;;;;;35033
2009-01;14.0;13.0;14.0;13.0;13.0;13.0;12.0;12.0;12.0;12.0;11.0;9.0;9.0;9.0;7.0;6.0;35174
2010-01;2.0;2.0;2.0;2.0;2.0;1.0;1.0;1.0;1.0;1.0;1.0;1.0;1.0;1.0;1.0;;35174
2011-01;4.0;4.0;4.0;4.0;4.0;4.0;4.0;4.0;4.0;4.0;4.0;4.0;3.0;3.0;;;35174
2012-01;4.0;4.0;4.0;3.0;3.0;3.0;3.0;3.0;3.0;3.0;3.0;2.0;2.0;;;;35174
2013-01;2.0;2.0;1.0;1.0;1.0;1.0;1.0;1.0;1.0;1.0;1.0;1.0;;;;;35174
2014-01;2.0;2.0;2.0;2.0;2.0;2.0;2.0;1.0;1.0;1.0;1.0;;;;;;35174
2016-01;1.0;1.0;1.0;1.0;1.0;1.0;1.0;1.0;1.0;;;;;;;;35174
2017-01;1.0;1.0;1.0;1.0;1.0;1.0;1.0;1.0;;;;;;;;;35174
2018-01;2.0;2.0;2.0;2.0;2.0;2.0;2.0;;;;;;;;;;35174
2020-01;1.0;1.0;1.0;1.0;1.0;;;;;;;;;;;;35174
2021-01;6.0;4.0;4.0;4.0;;;;;;;;;;;;;35174
2023-01;4.0;4.0;;;;;;;;;;;;;;;35174
2024-01;5.0;;;;;;;;;;;;;;;;35174
2011-01;1.0;1.0;1.0;1.0;;;;;;;;;;;;;35095
2017-01;1.0;1.0;1.0;1.0;1.0;1.0;;;;;;;;;;;35095
2023-01;1.0;1.0;;;;;;;;;;;;;;;35095
2009-01;3.0;3.0;2.0;;;;;;1.0;2.0;2.0;2.0;2.0;2.0;2.0;2.0;35173
2010-01;1.0;1.0;;;;;;;;;;;;;;;35173
2011-01;1.0;1.0;1.0;1.0;1.0;1.0;1.0;1.0;1.0;1.0;1.0;1.0;1.0;;;;35173
2018-01;1.0;1.0;1.0;1.0;1.0;1.0;1.0;;;;;;;;;;35173
2019-01;2.0;1.0;1.0;1.0;1.0;1.0;;;;;;;;;;;35173
2020-01;1.0;1.0;1.0;1.0;1.0;;;;;;;;;;;;35173
2021-01;1.0;1.0;1.0;1.0;;;;;;;;;;;;;35173
2022-01;1.0;1.0;1.0;;;;;;;;;;;;;;35173
2023-01;5.0;4.0;;;;;;;;;;;;;;;35173
2024-01;1.0;;;;;;;;;;;;;;;;35173
2020-01;1.0;1.0;1.0;;;;;;;;;;;;;;35083
2010-01;6.0;6.0;4.0;3.0;4.0;4.0;3.0;2.0;2.0;2.0;2.0;2.0;2.0;2.0;2.0;;16001
2011-01;2.0;2.0;2.0;2.0;2.0;2.0;2.0;2.0;2.0;2.0;2.0;2.0;2.0;2.0;;;16001
2012-01;1.0;1.0;1.0;1.0;1.0;1.0;;;;;;;;;;;16001
2013-01;1.0;1.0;1.0;1.0;1.0;1.0;1.0;1.0;1.0;1.0;1.0;1.0;;;;;16001
2014-01;5.0;5.0;5.0;4.0;3.0;3.0;3.0;3.0;3.0;3.0;3.0;;;;;;16001
2015-01;2.0;2.0;1.0;1.0;1.0;;;;;;;;;;;;16001
2017-01;1.0;1.0;1.0;1.0;1.0;;;;;;;;;;;;16001
2018-01;2.0;2.0;2.0;2.0;2.0;2.0;2.0;;;;;;;;;;16001
2020-01;1.0;1.0;1.0;1.0;1.0;;;;;;;;;;;;16001
2022-01;1.0;1.0;1.0;;;;;;;;;;;;;;16001
2024-01;1.0;;;;;;;;;;;;;;;;16001
2021-01;1.0;1.0;1.0;1.0;;;;;;;;;;;;;23019
2021-01;3.0;3.0;3.0;3.0;;;;;;;;;;;;;31010
2022-01;2.0;2.0;2.0;;;;;;;;;;;;;;31010
2009-01;12.0;12.0;12.0;11.0;11.0;10.0;10.0;9.0;9.0;9.0;8.0;8.0;8.0;8.0;6.0;6.0;31045
2010-01;1.0;1.0;1.0;1.0;1.0;1.0;1.0;1.0;1.0;1.0;1.0;1.0;1.0;1.0;;;31045
2011-01;1.0;1.0;1.0;1.0;1.0;1.0;1.0;1.0;1.0;1.0;1.0;1.0;1.0;1.0;;;31045
2012-01;2.0;2.0;1.0;1.0;1.0;1.0;1.0;1.0;1.0;1.0;1.0;1.0;1.0;;;;31045
2013-01;2.0;2.0;2.0;2.0;2.0;2.0;2.0;2.0;2.0;2.0;2.0;2.0;;;;;31045
2015-01;1.0;1.0;1.0;1.0;1.0;1.0;1.0;1.0;1.0;1.0;;;;;;;31045
2018-01;2.0;2.0;2.0;2.0;2.0;2.0;2.0;;;;;;;;;;31045
2020-01;3.0;3.0;3.0;2.0;2.0;;;;;;;;;;;;31045
2021-01;1.0;1.0;1.0;1.0;;;;;;;;;;;;;31045
2022-01;1.0;1.0;1.0;;;;;;;;;;;;;;31045
2023-01;2.0;2.0;;;;;;;;;;;;;;;31045
2024-01;4.0;;;;;;;;;;;;;;;;31045
2009-01;8.0;8.0;8.0;8.0;8.0;8.0;6.0;6.0;6.0;6.0;6.0;6.0;5.0;5.0;5.0;5.0;31012
2010-01;2.0;2.0;2.0;2.0;2.0;2.0;2.0;2.0;2.0;2.0;1.0;1.0;1.0;1.0;1.0;;31012
2011-01;2.0;1.0;1.0;1.0;1.0;1.0;1.0;1.0;1.0;1.0;1.0;1.0;1.0;1.0;;;31012
2012-01;3.0;2.0;2.0;2.0;2.0;1.0;1.0;1.0;1.0;1.0;1.0;1.0;1.0;;;;31012
2013-01;1.0;1.0;1.0;1.0;1.0;1.0;1.0;1.0;1.0;1.0;1.0;1.0;;;;;31012
2014-01;3.0;3.0;3.0;3.0;3.0;3.0;3.0;3.0;3.0;3.0;3.0;;;;;;31012
2015-01;1.0;1.0;1.0;1.0;1.0;1.0;1.0;1.0;1.0;1.0;;;;;;;31012
2016-01;1.0;1.0;1.0;1.0;1.0;1.0;1.0;1.0;1.0;;;;;;;;31012
2019-01;2.0;1.0;1.0;1.0;1.0;1.0;;;;;;;;;;;31012
2020-01;2.0;1.0;1.0;1.0;1.0;;;;;;;;;;;;31012
2022-01;3.0;3.0;3.0;;;;;;;;;;;;;;31012
2023-01;2.0;2.0;;;;;;;;;;;;;;;31012
2024-01;1.0;;;;;;;;;;;;;;;;31012
2013-01;1.0;1.0;1.0;1.0;1.0;1.0;1.0;1.0;1.0;1.0;1.0;1.0;;;;;31008
2014-01;1.0;1.0;1.0;1.0;1.0;1.0;1.0;1.0;1.0;1.0;1.0;;;;;;31008
2019-01;1.0;1.0;1.0;1.0;1.0;1.0;;;;;;;;;;;31008
2020-01;1.0;1.0;1.0;1.0;1.0;;;;;;;;;;;;31008
2021-01;1.0;1.0;1.0;1.0;;;;;;;;;;;;;31008
2024-01;3.0;;;;;;;;;;;;;;;;31008
2021-01;1.0;1.0;1.0;1.0;;;;;;;;;;;;;31070
2023-01;1.0;1.0;;;;;;;;;;;;;;;31070
2009-01;3.0;3.0;3.0;1.0;1.0;1.0;1.0;1.0;1.0;1.0;1.0;1.0;1.0;1.0;1.0;1.0;31035
2016-01;1.0;1.0;1.0;1.0;1.0;1.0;;;;;;;;;;;31035
2021-01;6.0;6.0;6.0;2.0;;;;;;;;;;;;;31035
2022-01;2.0;2.0;1.0;;;;;;;;;;;;;;31035
2014-01;4.0;4.0;3.0;3.0;3.0;;;;;;;;;;;;26002
2017-01;4.0;4.0;3.0;3.0;3.0;3.0;3.0;3.0;;;;;;;;;26002
2018-01;1.0;1.0;1.0;1.0;1.0;1.0;1.0;;;;;;;;;;26002
2019-01;1.0;1.0;1.0;1.0;1.0;;;;;;;;;;;;26002
2020-01;3.0;2.0;2.0;2.0;;;;;;;;;;;;;26002
2021-01;2.0;2.0;2.0;2.0;;;;;;;;;;;;;26002
2022-01;1.0;1.0;;;;;;;;;;;;;;;26002
2023-01;1.0;1.0;;;;;;;;;;;;;;;26002
2022-01;1.0;1.0;1.0;;;;;;;;;;;;;;41013
2009-01;1.0;1.0;1.0;1.0;1.0;1.0;;;;;;;;;;;24002
2010-01;2.0;2.0;1.0;1.0;1.0;1.0;1.0;1.0;1.0;1.0;1.0;1.0;1.0;1.0;1.0;;24002
2012-01;2.0;2.0;2.0;1.0;1.0;1.0;;;;;;;;;;;24002
2013-01;2.0;1.0;1.0;1.0;1.0;1.0;1.0;1.0;1.0;1.0;1.0;1.0;;;;;24002
2014-01;4.0;4.0;3.0;2.0;2.0;2.0;2.0;2.0;2.0;2.0;2.0;;;;;;24002
2015-01;2.0;2.0;2.0;2.0;2.0;2.0;2.0;2.0;2.0;2.0;;;;;;;24002
2016-01;2.0;1.0;1.0;1.0;1.0;1.0;1.0;1.0;1.0;;;;;;;;24002
2019-01;3.0;3.0;3.0;3.0;3.0;3.0;;;;;;;;;;;24002
2022-01;2.0;2.0;2.0;;;;;;;;;;;;;;24002
2024-01;2.0;;;;;;;;;;;;;;;;24002
2015-01;1.0;1.0;1.0;1.0;1.0;1.0;1.0;1.0;1.0;1.0;;;;;;;17001
2016-01;2.0;2.0;2.0;2.0;2.0;2.0;2.0;2.0;2.0;;;;;;;;17001
2017-01;2.0;2.0;2.0;2.0;2.0;2.0;2.0;2.0;;;;;;;;;17001
2018-01;1.0;1.0;1.0;1.0;1.0;1.0;1.0;;;;;;;;;;17001
2019-01;1.0;1.0;1.0;1.0;1.0;1.0;;;;;;;;;;;17001
2021-01;2.0;2.0;2.0;1.0;;;;;;;;;;;;;17001
2023-01;1.0;1.0;;;;;;;;;;;;;;;17001
2024-01;2.0;;;;;;;;;;;;;;;;17001
2011-01;1.0;1.0;1.0;;;;;;;;;;;;;;27005
2013-01;1.0;1.0;;;;;;;;;;;;;;;21017
2024-01;1.0;;;;;;;;;;;;;;;;51001
2009-01;1.0;1.0;1.0;1.0;1.0;1.0;1.0;1.0;;;;;;;;1.0;51014
2010-01;2.0;1.0;1.0;1.0;1.0;1.0;1.0;1.0;1.0;1.0;1.0;1.0;1.0;1.0;1.0;;51014
2014-01;1.0;1.0;1.0;1.0;1.0;1.0;;1.0;1.0;1.0;1.0;;;;;;51014
2015-01;1.0;1.0;1.0;1.0;1.0;;;;;;;;;;;;51014
2017-01;1.0;1.0;1.0;1.0;1.0;1.0;1.0;1.0;;;;;;;;;51014
2020-01;3.0;3.0;2.0;2.0;2.0;;;;;;;;;;;;51014
2021-01;2.0;2.0;2.0;2.0;;;;;;;;;;;;;51014
2022-01;2.0;2.0;2.0;;;;;;;;;;;;;;51014
2023-01;5.0;4.0;;;;;;;;;;;;;;;51014
2012-01;1.0;1.0;1.0;1.0;1.0;1.0;1.0;1.0;1.0;1.0;1.0;1.0;1.0;;;;11003
2014-01;1.0;1.0;1.0;1.0;1.0;1.0;1.0;;;;;;;;;;11003
2021-01;2.0;1.0;1.0;1.0;;;;;;;;;;;;;11003
2022-01;2.0;2.0;2.0;;;;;;;;;;;;;;11003
2020-01;1.0;1.0;1.0;1.0;1.0;;;;;;;;;;;;42014
2023-01;2.0;1.0;;;;;;;;;;;;;;;42014
2016-01;2.0;2.0;2.0;2.0;2.0;2.0;2.0;2.0;1.0;;;;;;;;17005
2018-01;1.0;;;;;;;;;;;;;;;;23006
2011-01;1.0;1.0;1.0;1.0;;;;;;;;;;;;;21004
2020-01;1.0;1.0;;;;;;;;;;;;;;;29002
2021-01;3.0;2.0;2.0;2.0;;;;;;;;;;;;;29002
2022-01;1.0;1.0;1.0;;;;;;;;;;;;;;29002
2023-01;1.0;1.0;;;;;;;;;;;;;;;29002
2024-01;2.0;;;;;;;;;;;;;;;;29002
2022-01;1.0;1.0;;;;;;;;;;;;;;;52013
2023-01;1.0;1.0;;;;;;;;;;;;;;;52013
2009-01;1.0;1.0;1.0;;;;;;;;;;;;;;43030
2010-01;2.0;2.0;1.0;1.0;1.0;1.0;1.0;1.0;1.0;1.0;1.0;1.0;1.0;1.0;;;43030
2016-01;1.0;1.0;1.0;1.0;1.0;1.0;1.0;1.0;;;;;;;;;43030
2021-01;1.0;1.0;;;;;;;;;;;;;;;43030
2009-01;1.0;1.0;1.0;;;;;;;;;;;;;;42015
2010-01;1.0;1.0;;;;;;;;;;;;;;;42015
2012-01;2.0;2.0;2.0;2.0;2.0;2.0;2.0;2.0;2.0;2.0;2.0;2.0;2.0;;;;42015
2015-01;1.0;1.0;1.0;1.0;1.0;1.0;1.0;1.0;1.0;1.0;;;;;;;42015
2018-01;3.0;2.0;2.0;1.0;1.0;1.0;1.0;;;;;;;;;;42015
2022-01;1.0;1.0;1.0;;;;;;;;;;;;;;42015
2023-01;1.0;1.0;;;;;;;;;;;;;;;42015
2024-01;1.0;;;;;;;;;;;;;;;;42015
2013-01;9.0;9.0;9.0;7.0;7.0;4.0;4.0;4.0;3.0;2.0;2.0;2.0;;;;;35153
2014-01;3.0;3.0;1.0;;;;;;;;1.0;;;;;;35153
2015-01;3.0;3.0;3.0;2.0;2.0;2.0;2.0;1.0;1.0;1.0;;;;;;;35153
2016-01;2.0;2.0;2.0;2.0;2.0;2.0;2.0;2.0;2.0;;;;;;;;35153
2017-01;1.0;1.0;1.0;;;;;;;;;;;;;;35153
2018-01;5.0;5.0;5.0;5.0;5.0;5.0;4.0;;;;;;;;;;35153
2020-01;3.0;1.0;;;;;;;;;;;;;;;35153
2021-01;3.0;2.0;1.0;1.0;;;;;;;;;;;;;35153
2022-01;4.0;3.0;3.0;;;;;;;;;;;;;;35153
2023-01;1.0;1.0;;;;;;;;;;;;;;;35153
2024-01;2.0;;;;;;;;;;;;;;;;35153
2012-01;1.0;1.0;1.0;;;;;;;;;;;;;;35154
2015-01;1.0;1.0;1.0;;;;;;;;;;;;;;35154
2018-01;1.0;1.0;1.0;1.0;1.0;1.0;1.0;;;;;;;;;;35154
2024-01;1.0;;;;;;;;;;;;;;;;29027
2017-01;1.0;1.0;1.0;;;;;;;;;;;;;;31073
2021-01;1.0;1.0;1.0;1.0;;;;;;;;;;;;;31073
2017-01;1.0;1.0;1.0;1.0;1.0;1.0;1.0;1.0;;;;;;;;;31030
2020-01;2.0;2.0;2.0;2.0;;;;;;;;;;;;;31030
2024-01;1.0;;;;;;;;;;;;;;;;31030
2012-01;1.0;1.0;1.0;1.0;1.0;1.0;1.0;1.0;1.0;1.0;1.0;1.0;1.0;;;;31034
2011-01;1.0;1.0;1.0;1.0;1.0;1.0;1.0;1.0;1.0;1.0;1.0;1.0;1.0;1.0;;;31079
2012-01;2.0;2.0;2.0;2.0;2.0;2.0;2.0;2.0;2.0;2.0;2.0;2.0;2.0;;;;31079
2013-01;1.0;1.0;1.0;1.0;1.0;1.0;1.0;1.0;1.0;1.0;1.0;1.0;;;;;31079
2023-01;1.0;1.0;;;;;;;;;;;;;;;31042
2012-01;1.0;1.0;1.0;1.0;;;;;;;;;;;;;31074
2013-01;1.0;1.0;1.0;1.0;1.0;;;;;;;;;;;;31074
2015-01;1.0;1.0;1.0;1.0;1.0;1.0;1.0;1.0;1.0;;;;;;;;31074
2016-01;1.0;1.0;;;;;;;;;;;;;;;31074
2017-01;1.0;1.0;1.0;1.0;1.0;1.0;1.0;1.0;;;;;;;;;31074
2021-01;2.0;2.0;2.0;1.0;;;;;;;;;;;;;31074
2023-01;2.0;;;;;;;;;;;;;;;;31074
2024-01;1.0;;;;;;;;;;;;;;;;31074
2010-01;1.0;1.0;1.0;1.0;1.0;1.0;1.0;1.0;1.0;1.0;1.0;1.0;1.0;1.0;1.0;;31061
2011-01;1.0;1.0;1.0;1.0;1.0;1.0;1.0;1.0;1.0;1.0;1.0;1.0;1.0;1.0;;;31061
2019-01;1.0;1.0;1.0;1.0;1.0;1.0;;;;;;;;;;;31061
2020-01;1.0;1.0;1.0;1.0;1.0;;;;;;;;;;;;31061
2023-01;1.0;1.0;;;;;;;;;;;;;;;31061
2023-01;1.0;1.0;;;;;;;;;;;;;;;51005
2009-01;1.0;1.0;;1.0;1.0;;;;;;;;;;;;50002
2015-01;4.0;4.0;4.0;1.0;;;;;;;;;;;;;50002
2018-01;2.0;2.0;2.0;2.0;2.0;2.0;2.0;;;;;;;;;;50002
2020-01;1.0;1.0;1.0;1.0;1.0;;;;;;;;;;;;50002
2021-01;1.0;1.0;1.0;1.0;;;;;;;;;;;;;50002
2023-01;1.0;1.0;;;;;;;;;;;;;;;50002
2009-01;1.0;1.0;1.0;1.0;1.0;1.0;1.0;1.0;1.0;1.0;;;;;;;29018
2012-01;1.0;1.0;1.0;1.0;1.0;1.0;;;;;;;;;;;29018
2019-01;1.0;1.0;1.0;1.0;;;;;;;;;;;;;29018
2020-01;1.0;1.0;;;;;;;;;;;;;;;29018
2024-01;1.0;;;;;;;;;;;;;;;;29018
2022-01;1.0;1.0;1.0;;;;;;;;;;;;;;41004
2024-01;1.0;;;;;;;;;;;;;;;;41004
2017-01;1.0;1.0;1.0;;;;;;;;;;;;;;12003
2023-01;1.0;;;;;;;;;;;;;;;;12003
2024-01;1.0;;;;;;;;;;;;;;;;12003
2011-01;1.0;1.0;1.0;1.0;;;;;;;;;;;;;43018
2021-01;1.0;1.0;1.0;1.0;;;;;;;;;;;;;43018
2010-01;2.0;2.0;2.0;2.0;;;;1.0;1.0;1.0;1.0;1.0;1.0;1.0;1.0;;52018
2020-01;1.0;;;;;;;;;;;;;;;;52014
2023-01;8.0;4.0;;;;;;;;;;;;;;;52014
2020-01;1.0;1.0;1.0;1.0;1.0;;;;;;;;;;;;29017
2021-01;3.0;2.0;1.0;2.0;;;;;;;;;;;;;29017
2024-01;3.0;;;;;;;;;;;;;;;;29017
2021-01;1.0;1.0;1.0;1.0;;;;;;;;;;;;;23012
2012-01;1.0;1.0;1.0;1.0;;;;;;;;;;;;;23015
2024-01;2.0;;;;;;;;;;;;;;;;23015
2023-01;1.0;1.0;;;;;;;;;;;;;;;11006
2023-01;1.0;1.0;;;;;;;;;;;;;;;43019
2019-01;1.0;1.0;1.0;1.0;1.0;1.0;;;;;;;;;;;35111
2024-01;1.0;;;;;;;;;;;;;;;;35111
2016-01;1.0;1.0;1.0;1.0;1.0;1.0;1.0;1.0;;;;;;;;;35052
2024-01;2.0;;;;;;;;;;;;;;;;35052
2021-01;1.0;1.0;1.0;;;;;;;;;;;;;;52003
2012-01;1.0;1.0;;;;;;;;;;;;;;;25010
2018-01;1.0;1.0;1.0;1.0;1.0;1.0;1.0;;;;;;;;;;25010
2022-01;1.0;1.0;1.0;;;;;;;;;;;;;;25010
2010-01;1.0;1.0;;;;1.0;1.0;;;;;;;;;;25013
2023-01;1.0;1.0;;;;;;;;;;;;;;;51008
2012-01;1.0;1.0;;;;;;;;;;;;;;;35115
2010-01;1.0;1.0;1.0;1.0;;;;;;;;;;;;;17002
2024-01;1.0;;;;;;;;;;;;;;;;51006
2023-01;1.0;1.0;;;;;;;;;;;;;;;51015
2024-01;1.0;;;;;;;;;;;;;;;;51015
2021-01;2.0;2.0;2.0;2.0;;;;;;;;;;;;;31098
