;ano;retention;regiao_saude
0;2014-01;1.0;12002
1;2015-01;0.5625;12002
2;2016-01;0.5625;12002
3;2017-01;0.5625;12002
4;2018-01;0.7083333333333334;12002
5;2019-01;0.5416666666666666;12002
6;2020-01;0.625;12002
7;2021-01;0.6875;12002
8;2022-01;0.8;12002
9;2023-01;0.7333333333333333;12002
10;2024-01;0.6666666666666666;12002
0;2014-01;0.8695652173913043;27007
1;2015-01;0.8260869565217391;27007
2;2016-01;0.8695652173913043;27007
3;2017-01;0.6884057971014492;27007
4;2018-01;0.7222222222222222;27007
5;2019-01;0.5666666666666667;27007
6;2020-01;0.5533333333333333;27007
7;2021-01;0.5583333333333333;27007
8;2022-01;0.44666666666666666;27007
9;2023-01;0.4809523809523809;27007
10;2024-01;0.5523809523809524;27007
0;2014-01;0.8402985074626865;27001
1;2015-01;0.8465450525152018;27001
2;2016-01;0.7745288707975275;27001
3;2017-01;0.819623096638022;27001
4;2018-01;0.7532323232323233;27001
5;2019-01;0.7650505050505051;27001
6;2020-01;0.6540909090909091;27001
7;2021-01;0.72;27001
8;2022-01;0.7472222222222222;27001
9;2023-01;0.6592063492063491;27001
10;2024-01;0.7632467532467533;27001
0;2014-01;0.8333333333333333;27008
1;2015-01;0.6666666666666666;27008
2;2016-01;0.6666666666666666;27008
3;2017-01;0.7777777777777778;27008
4;2018-01;0.7222222222222222;27008
5;2019-01;0.875;27008
6;2020-01;0.6666666666666666;27008
7;2021-01;0.6666666666666666;27008
8;2022-01;0.6666666666666666;27008
9;2023-01;0.6666666666666666;27008
10;2024-01;0.5416666666666666;27008
0;2014-01;0.75;27009
1;2015-01;0.8125;27009
2;2016-01;0.8125;27009
3;2017-01;0.8333333333333334;27009
4;2018-01;0.6875;27009
5;2019-01;0.6833333333333333;27009
6;2020-01;0.6833333333333333;27009
7;2021-01;0.6041666666666666;27009
8;2022-01;0.5833333333333333;27009
9;2023-01;0.5833333333333333;27009
10;2024-01;0.8333333333333333;27009
0;2014-01;1.0;13003
1;2015-01;1.0;13003
2;2016-01;1.0;13003
3;2017-01;1.0;13003
4;2018-01;1.0;13003
5;2019-01;0.75;13003
6;2020-01;1.0;13003
7;2021-01;1.0;13003
8;2022-01;1.0;13003
9;2023-01;1.0;13003
10;2024-01;1.0;13003
0;2014-01;0.8257575757575758;13001
1;2015-01;0.8838383838383838;13001
2;2016-01;0.8704545454545455;13001
3;2017-01;0.8581818181818182;13001
4;2018-01;0.8866666666666667;13001
5;2019-01;0.7866666666666667;13001
6;2020-01;0.831111111111111;13001
7;2021-01;0.8139682539682539;13001
8;2022-01;0.8606349206349206;13001
9;2023-01;0.793968253968254;13001
10;2024-01;0.6894444444444444;13001
0;2014-01;1.0;23004
1;2015-01;0.75;23004
2;2016-01;1.0;23004
3;2017-01;0.625;23004
4;2018-01;0.5;23004
5;2019-01;0.5833333333333333;23004
6;2020-01;0.611111111111111;23004
7;2021-01;0.6666666666666666;23004
8;2022-01;0.6666666666666666;23004
9;2023-01;0.7777777777777777;23004
10;2024-01;0.6666666666666666;23004
0;2014-01;0.4642857142857143;23002
1;2015-01;0.5535714285714285;23002
2;2016-01;0.6026785714285714;23002
3;2017-01;0.4732142857142857;23002
4;2018-01;0.3958333333333333;23002
5;2019-01;0.49583333333333335;23002
6;2020-01;0.525;23002
7;2021-01;0.6388888888888888;23002
8;2022-01;0.4576190476190476;23002
9;2023-01;0.559047619047619;23002
10;2024-01;0.5738095238095238;23002
0;2014-01;0.8479768786127169;23001
1;2015-01;0.877456647398844;23001
2;2016-01;0.7575505780346821;23001
3;2017-01;0.7212086179716237;23001
4;2018-01;0.7721212121212122;23001
5;2019-01;0.7772727272727272;23001
6;2020-01;0.7281385281385282;23001
7;2021-01;0.7584415584415585;23001
8;2022-01;0.7764069264069263;23001
9;2023-01;0.8264069264069264;23001
10;2024-01;0.8345238095238094;23001
0;2014-01;0.6666666666666666;23013
1;2015-01;0.8333333333333334;23013
2;2016-01;0.9166666666666667;23013
3;2017-01;0.8333333333333333;23013
4;2018-01;0.6666666666666666;23013
5;2019-01;0.8333333333333333;23013
6;2020-01;0.75;23013
7;2021-01;0.8333333333333334;23013
8;2022-01;1.0;23013
9;2023-01;1.0;23013
10;2024-01;0.8333333333333334;23013
0;2014-01;0.8888888888888888;23021
1;2015-01;0.8148148148148149;23021
2;2016-01;0.8333333333333333;23021
3;2017-01;0.6777777777777778;23021
4;2018-01;0.7666666666666667;23021
5;2019-01;0.7666666666666667;23021
6;2020-01;0.7333333333333333;23021
7;2021-01;0.6333333333333333;23021
8;2022-01;0.6599999999999999;23021
9;2023-01;0.8309523809523809;23021
10;2024-01;0.7247619047619047;23021
0;2014-01;0.375;23009
1;2015-01;0.5833333333333334;23009
2;2016-01;0.5833333333333334;23009
3;2017-01;0.5833333333333334;23009
4;2018-01;0.4166666666666667;23009
5;2019-01;0.5625;23009
6;2020-01;0.6666666666666666;23009
7;2021-01;0.5;23009
8;2022-01;0.6666666666666666;23009
9;2023-01;0.6666666666666666;23009
10;2024-01;0.75;23009
0;2014-01;0.5;23022
1;2015-01;0.4375;23022
2;2016-01;0.35416666666666663;23022
3;2017-01;0.34722222222222215;23022
4;2018-01;0.3333333333333333;23022
5;2019-01;0.27777777777777773;23022
6;2020-01;0.6666666666666666;23022
7;2021-01;0.3333333333333333;23022
8;2022-01;0.6666666666666666;23022
9;2023-01;0.7777777777777778;23022
10;2024-01;0.5333333333333333;23022
0;2014-01;0.9166666666666667;23011
1;2015-01;0.9259259259259259;23011
2;2016-01;0.7592592592592592;23011
3;2017-01;0.7698412698412698;23011
4;2018-01;0.7492063492063492;23011
5;2019-01;0.6785714285714286;23011
6;2020-01;0.7678571428571428;23011
7;2021-01;0.8928571428571428;23011
8;2022-01;0.875;23011
9;2023-01;0.8125;23011
10;2024-01;0.8099999999999999;23011
0;2014-01;0.8962516733601071;32002
1;2015-01;0.8421622999936252;32002
2;2016-01;0.8369430101357812;32002
3;2017-01;0.7956014534327787;32002
4;2018-01;0.7895238095238095;32002
5;2019-01;0.8217460317460317;32002
6;2020-01;0.7681045751633986;32002
7;2021-01;0.8038443256090314;32002
8;2022-01;0.7842707619178207;32002
9;2023-01;0.7821883998354586;32002
10;2024-01;0.7804789981260569;32002
0;2014-01;0.8666666666666667;32004
1;2015-01;0.8666666666666667;32004
2;2016-01;0.8777777777777778;32004
3;2017-01;0.8583333333333334;32004
4;2018-01;0.7866666666666667;32004
5;2019-01;0.8;32004
6;2020-01;0.8247619047619047;32004
7;2021-01;0.8083116883116883;32004
8;2022-01;0.5518614718614718;32004
9;2023-01;0.5717748917748918;32004
10;2024-01;0.5783549783549783;32004
0;2014-01;0.7564102564102564;32005
1;2015-01;0.8376068376068376;32005
2;2016-01;0.7256410256410257;32005
3;2017-01;0.6926007326007326;32005
4;2018-01;0.7535714285714286;32005
5;2019-01;0.7742857142857142;32005
6;2020-01;0.7123809523809523;32005
7;2021-01;0.7076190476190476;32005
8;2022-01;0.7783333333333333;32005
9;2023-01;0.765;32005
10;2024-01;0.7466666666666667;32005
0;2014-01;0.6666666666666666;21011
1;2015-01;0.6666666666666666;21011
2;2016-01;0.6666666666666666;21011
3;2017-01;0.3333333333333333;21011
4;2018-01;0.3333333333333333;21011
5;2019-01;0.5833333333333333;21011
6;2020-01;0.6666666666666666;21011
7;2021-01;0.611111111111111;21011
8;2022-01;0.5555555555555555;21011
9;2023-01;0.5;21011
10;2024-01;0.5416666666666666;21011
0;2014-01;0.6;21007
1;2015-01;0.6;21007
2;2016-01;0.7333333333333334;21007
3;2017-01;0.7333333333333334;21007
4;2018-01;0.7333333333333334;21007
5;2019-01;0.5666666666666667;21007
6;2020-01;0.6666666666666666;21007
7;2021-01;0.6666666666666666;21007
8;2022-01;0.625;21007
9;2023-01;0.625;21007
10;2024-01;0.6;21007
0;2014-01;0.9571428571428571;21016
1;2015-01;0.8690476190476191;21016
2;2016-01;0.9017857142857143;21016
3;2017-01;0.9214285714285714;21016
4;2018-01;0.8666666666666666;21016
5;2019-01;0.8484848484848484;21016
6;2020-01;0.8469696969696969;21016
7;2021-01;0.8037878787878787;21016
8;2022-01;0.8871212121212121;21016
9;2023-01;0.811883116883117;21016
10;2024-01;0.8084126984126984;21016
0;2014-01;0.9028104575163398;31016
1;2015-01;0.8412200435729847;31016
2;2016-01;0.7453267973856209;31016
3;2017-01;0.7317970743853097;31016
4;2018-01;0.6891277441209042;31016
5;2019-01;0.7196054754402966;31016
6;2020-01;0.6939411002871784;31016
7;2021-01;0.6391679336298965;31016
8;2022-01;0.6542741708429529;31016
9;2023-01;0.7126225797589613;31016
10;2024-01;0.7005832498794555;31016
0;2014-01;0.9285714285714286;31001
1;2015-01;0.9285714285714286;31001
2;2016-01;0.7619047619047619;31001
3;2017-01;0.7380952380952381;31001
4;2018-01;0.7380952380952381;31001
5;2019-01;0.7857142857142857;31001
6;2020-01;0.825;31001
7;2021-01;0.95;31001
8;2022-01;0.9333333333333332;31001
9;2023-01;0.8222222222222223;31001
10;2024-01;0.96;31001
0;2014-01;1.0;31094
1;2015-01;0.9;31094
2;2016-01;0.8;31094
3;2017-01;0.7999999999999999;31094
4;2018-01;0.7999999999999999;31094
5;2019-01;0.5666666666666667;31094
6;2020-01;0.75;31094
7;2021-01;0.75;31094
8;2022-01;0.75;31094
9;2023-01;0.75;31094
10;2024-01;0.75;31094
0;2014-01;0.75;31071
1;2015-01;0.75;31071
2;2016-01;0.8333333333333334;31071
3;2017-01;0.8333333333333334;31071
4;2018-01;0.875;31071
5;2019-01;0.8125;31071
6;2020-01;1.0;31071
7;2021-01;0.8333333333333334;31071
8;2022-01;0.75;31071
9;2023-01;0.75;31071
10;2024-01;0.8333333333333334;31071
0;2014-01;1.0;31037
1;2015-01;0.9722222222222222;31037
2;2016-01;0.9791666666666666;31037
3;2017-01;0.9166666666666666;31037
4;2018-01;0.8333333333333334;31037
5;2019-01;0.825;31037
6;2020-01;0.825;31037
7;2021-01;0.9166666666666666;31037
8;2022-01;0.95;31037
9;2023-01;0.9266666666666667;31037
10;2024-01;0.8916666666666666;31037
0;2014-01;0.9444444444444444;31031
1;2015-01;0.8888888888888888;31031
2;2016-01;0.9166666666666666;31031
3;2017-01;0.8888888888888888;31031
4;2018-01;0.6666666666666666;31031
5;2019-01;0.6666666666666666;31031
6;2020-01;0.6666666666666666;31031
7;2021-01;0.75;31031
8;2022-01;0.6666666666666666;31031
9;2023-01;0.6333333333333333;31031
10;2024-01;0.611111111111111;31031
0;2014-01;0.9444444444444444;31004
1;2015-01;0.7777777777777778;31004
2;2016-01;0.6851851851851851;31004
3;2017-01;0.6481481481481481;31004
4;2018-01;0.6481481481481481;31004
5;2019-01;0.7361111111111112;31004
6;2020-01;0.7361111111111112;31004
7;2021-01;0.788888888888889;31004
8;2022-01;0.788888888888889;31004
9;2023-01;0.888888888888889;31004
10;2024-01;0.7666666666666667;31004
0;2014-01;1.0;31059
1;2015-01;0.9285714285714286;31059
2;2016-01;0.9523809523809524;31059
3;2017-01;0.8035714285714286;31059
4;2018-01;0.8428571428571429;31059
5;2019-01;0.9;31059
6;2020-01;1.0;31059
7;2021-01;0.7916666666666666;31059
8;2022-01;0.7222222222222222;31059
9;2023-01;0.7222222222222222;31059
10;2024-01;0.875;31059
0;2014-01;0.6;31009
1;2015-01;0.7333333333333334;31009
2;2016-01;0.7333333333333334;31009
3;2017-01;0.85;31009
4;2018-01;1.0;31009
5;2019-01;1.0;31009
6;2020-01;0.9375;31009
7;2021-01;0.75;31009
8;2022-01;0.875;31009
9;2023-01;0.6916666666666667;31009
10;2024-01;0.6533333333333333;31009
0;2014-01;0.8333333333333333;31003
1;2015-01;0.8888888888888888;31003
2;2016-01;0.8541666666666666;31003
3;2017-01;0.8541666666666666;31003
4;2018-01;0.7916666666666666;31003
5;2019-01;0.8333333333333334;31003
6;2020-01;0.9;31003
7;2021-01;0.9;31003
8;2022-01;0.9;31003
9;2023-01;1.0;31003
10;2024-01;1.0;31003
0;2014-01;1.0;31057
1;2015-01;0.9444444444444445;31057
2;2016-01;0.875;31057
3;2017-01;0.9;31057
4;2018-01;0.6666666666666666;31057
5;2019-01;0.7333333333333333;31057
6;2020-01;0.6;31057
7;2021-01;0.7333333333333333;31057
8;2022-01;0.7666666666666667;31057
9;2023-01;0.7666666666666667;31057
10;2024-01;0.8666666666666666;31057
0;2014-01;0.9166666666666667;31006
1;2015-01;0.9444444444444445;31006
2;2016-01;0.8333333333333334;31006
3;2017-01;0.9166666666666666;31006
4;2018-01;0.9375;31006
5;2019-01;1.0;31006
6;2020-01;1.0;31006
7;2021-01;0.9166666666666666;31006
8;2022-01;0.7916666666666666;31006
9;2023-01;0.6666666666666666;31006
10;2024-01;0.7333333333333333;31006
0;2014-01;0.875;31092
1;2015-01;0.9166666666666666;31092
2;2016-01;0.875;31092
3;2017-01;0.7125;31092
4;2018-01;0.8083333333333332;31092
5;2019-01;0.8083333333333332;31092
6;2020-01;0.8;31092
7;2021-01;1.0;31092
8;2022-01;0.8055555555555555;31092
9;2023-01;0.8125;31092
10;2024-01;0.5833333333333333;31092
0;2014-01;0.7647058823529411;31024
1;2015-01;0.723529411764706;31024
2;2016-01;0.6686274509803921;31024
3;2017-01;0.711764705882353;31024
4;2018-01;0.8220588235294117;31024
5;2019-01;0.83125;31024
6;2020-01;0.6770833333333333;31024
7;2021-01;0.7083333333333333;31024
8;2022-01;0.7083333333333333;31024
9;2023-01;0.84375;31024
10;2024-01;0.7666666666666666;31024
0;2014-01;0.9444444444444444;31099
1;2015-01;0.9259259259259259;31099
2;2016-01;0.7777777777777778;31099
3;2017-01;0.7555555555555555;31099
4;2018-01;0.7;31099
5;2019-01;0.7083333333333334;31099
6;2020-01;0.8333333333333334;31099
7;2021-01;0.8;31099
8;2022-01;0.9;31099
9;2023-01;0.9;31099
10;2024-01;0.8;31099
0;2014-01;0.9743589743589743;31075
1;2015-01;0.8247863247863249;31075
2;2016-01;0.8934294871794872;31075
3;2017-01;0.8378205128205127;31075
4;2018-01;0.7583333333333333;31075
5;2019-01;0.7666666666666666;31075
6;2020-01;0.7861111111111111;31075
7;2021-01;0.846969696969697;31075
8;2022-01;0.7987878787878787;31075
9;2023-01;0.7218831168831169;31075
10;2024-01;0.7795454545454545;31075
0;2014-01;1.0;31064
1;2015-01;1.0;31064
2;2016-01;0.8333333333333333;31064
3;2017-01;0.8333333333333333;31064
4;2018-01;0.6666666666666666;31064
5;2019-01;0.7777777777777778;31064
6;2020-01;0.8333333333333334;31064
7;2021-01;1.0;31064
8;2022-01;0.8333333333333334;31064
9;2023-01;0.8333333333333334;31064
10;2024-01;0.75;31064
0;2014-01;0.75;31055
1;2015-01;0.75;31055
2;2016-01;0.875;31055
3;2017-01;0.75;31055
4;2018-01;0.75;31055
5;2019-01;0.9166666666666666;31055
6;2020-01;0.8333333333333334;31055
7;2021-01;0.875;31055
8;2022-01;0.8333333333333334;31055
9;2023-01;0.875;31055
10;2024-01;0.875;31055
0;2014-01;0.7697368421052632;31086
1;2015-01;0.7988721804511277;31086
2;2016-01;0.787124060150376;31086
3;2017-01;0.8296992481203007;31086
4;2018-01;0.8303571428571428;31086
5;2019-01;0.8214285714285714;31086
6;2020-01;1.0;31086
7;2021-01;1.0;31086
8;2022-01;0.9;31086
9;2023-01;0.8;31086
10;2024-01;0.8;31086
0;2014-01;0.8;31002
1;2015-01;0.6;31002
2;2016-01;0.6;31002
3;2017-01;0.6;31002
4;2018-01;0.6;31002
5;2019-01;0.8;31002
6;2020-01;0.8;31002
7;2021-01;0.8;31002
8;2022-01;0.8666666666666667;31002
9;2023-01;0.8666666666666667;31002
10;2024-01;0.9;31002
0;2014-01;0.8666666666666667;31022
1;2015-01;0.7999999999999999;31022
2;2016-01;0.75;31022
3;2017-01;0.8;31022
4;2018-01;0.8666666666666666;31022
5;2019-01;0.7916666666666666;31022
6;2020-01;0.7708333333333333;31022
7;2021-01;0.7083333333333333;31022
8;2022-01;0.6666666666666666;31022
9;2023-01;0.6458333333333333;31022
10;2024-01;0.5833333333333333;31022
0;2014-01;1.0;31096
1;2015-01;1.0;31096
2;2016-01;1.0;31096
3;2017-01;1.0;31096
4;2018-01;1.0;31096
5;2019-01;1.0;31096
6;2020-01;1.0;31096
7;2021-01;1.0;31096
8;2022-01;1.0;31096
9;2023-01;1.0;31096
10;2024-01;1.0;31096
0;2014-01;0.96875;31007
1;2015-01;0.8958333333333334;31007
2;2016-01;0.921875;31007
3;2017-01;0.9;31007
4;2018-01;0.8;31007
5;2019-01;0.7666666666666666;31007
6;2020-01;0.7916666666666666;31007
7;2021-01;0.7916666666666666;31007
8;2022-01;0.7166666666666666;31007
9;2023-01;0.6380952380952382;31007
10;2024-01;0.6595238095238095;31007
0;2014-01;0.6666666666666666;31052
1;2015-01;0.8333333333333333;31052
2;2016-01;0.7777777777777778;31052
3;2017-01;0.8333333333333334;31052
4;2018-01;0.6666666666666666;31052
5;2019-01;0.7777777777777778;31052
6;2020-01;0.8333333333333334;31052
7;2021-01;0.75;31052
8;2022-01;0.5833333333333334;31052
9;2023-01;0.6875;31052
10;2024-01;0.75;31052
0;2014-01;0.8;31023
1;2015-01;0.8;31023
2;2016-01;0.8;31023
3;2017-01;0.7;31023
4;2018-01;0.7;31023
5;2019-01;0.7;31023
6;2020-01;0.6333333333333333;31023
7;2021-01;0.725;31023
8;2022-01;0.725;31023
9;2023-01;0.725;31023
10;2024-01;0.85;31023
0;2014-01;0.8600746268656716;31097
1;2015-01;0.7985074626865671;31097
2;2016-01;0.7327425373134329;31097
3;2017-01;0.6915422885572139;31097
4;2018-01;0.6833333333333333;31097
5;2019-01;0.7333333333333333;31097
6;2020-01;0.6433333333333333;31097
7;2021-01;0.6783333333333333;31097
8;2022-01;0.6666666666666667;31097
9;2023-01;0.7416666666666667;31097
10;2024-01;0.5428571428571429;31097
0;2014-01;0.9210526315789473;31025
1;2015-01;0.912280701754386;31025
2;2016-01;0.7828947368421053;31025
3;2017-01;0.8596491228070176;31025
4;2018-01;0.7651629072681704;31025
5;2019-01;0.8523809523809524;31025
6;2020-01;0.7;31025
7;2021-01;0.7535714285714286;31025
8;2022-01;0.7;31025
9;2023-01;0.6476190476190476;31025
10;2024-01;0.65;31025
0;2014-01;0.75;31044
1;2015-01;0.6875;31044
2;2016-01;0.75;31044
3;2017-01;0.75;31044
4;2018-01;0.8125;31044
5;2019-01;0.75;31044
6;2020-01;0.875;31044
7;2021-01;1.0;31044
8;2022-01;1.0;31044
9;2023-01;1.0;31044
10;2024-01;1.0;31044
0;2014-01;0.7719298245614035;31017
1;2015-01;0.7391812865497075;31017
2;2016-01;0.5649122807017544;31017
3;2017-01;0.5125358851674642;31017
4;2018-01;0.5472727272727272;31017
5;2019-01;0.33965367965367965;31017
6;2020-01;0.4286147186147186;31017
7;2021-01;0.5197186147186147;31017
8;2022-01;0.5401322751322751;31017
9;2023-01;0.604547704386414;31017
10;2024-01;0.6855099380905832;31017
0;2014-01;1.0;31084
1;2015-01;0.9166666666666666;31084
2;2016-01;0.9375;31084
3;2017-01;0.8375;31084
4;2018-01;0.8166666666666668;31084
5;2019-01;0.7166666666666667;31084
6;2020-01;0.7;31084
7;2021-01;0.8333333333333334;31084
8;2022-01;0.8333333333333334;31084
9;2023-01;0.8444444444444444;31084
10;2024-01;0.8822222222222222;31084
0;2014-01;;31046
1;2015-01;;31046
2;2016-01;;31046
3;2017-01;1.0;31046
4;2018-01;;31046
5;2019-01;;31046
6;2020-01;;31046
7;2021-01;;31046
8;2022-01;1.0;31046
9;2023-01;1.0;31046
10;2024-01;1.0;31046
0;2014-01;0.96875;31072
1;2015-01;0.96875;31072
2;2016-01;0.96875;31072
3;2017-01;0.8541666666666666;31072
4;2018-01;0.8833333333333332;31072
5;2019-01;0.9;31072
6;2020-01;0.8428571428571429;31072
7;2021-01;0.8428571428571429;31072
8;2022-01;0.6476190476190476;31072
9;2023-01;0.5976190476190476;31072
10;2024-01;0.6409523809523809;31072
0;2014-01;0.9661016949152542;50001
1;2015-01;0.8988700564971751;50001
2;2016-01;0.8586629001883239;50001
3;2017-01;0.7848210922787194;50001
4;2018-01;0.8511111111111112;50001
5;2019-01;0.7388888888888889;50001
6;2020-01;0.861111111111111;50001
7;2021-01;0.796969696969697;50001
8;2022-01;0.7906204906204907;50001
9;2023-01;0.8706204906204906;50001
10;2024-01;0.7482251082251082;50001
0;2014-01;0.9615384615384616;50003
1;2015-01;0.9743589743589745;50003
2;2016-01;0.8557692307692308;50003
3;2017-01;0.8557692307692308;50003
4;2018-01;0.8557692307692308;50003
5;2019-01;0.8846153846153847;50003
6;2020-01;0.8083333333333332;50003
7;2021-01;0.7833333333333333;50003
8;2022-01;0.7416666666666666;50003
9;2023-01;0.775;50003
10;2024-01;0.7333333333333333;50003
0;2014-01;1.0;50004
1;2015-01;1.0;50004
2;2016-01;0.9666666666666667;50004
3;2017-01;0.8222222222222223;50004
4;2018-01;0.8666666666666667;50004
5;2019-01;0.8733333333333333;50004
6;2020-01;0.72;50004
7;2021-01;0.8;50004
8;2022-01;0.7333333333333333;50004
9;2023-01;0.7;50004
10;2024-01;0.7333333333333333;50004
0;2014-01;0.7989130434782609;15006
1;2015-01;0.8612836438923396;15006
2;2016-01;0.8117236024844721;15006
3;2017-01;0.7751552795031056;15006
4;2018-01;0.8142857142857143;15006
5;2019-01;0.7992857142857143;15006
6;2020-01;0.6766666666666666;15006
7;2021-01;0.6197619047619047;15006
8;2022-01;0.6078571428571429;15006
9;2023-01;0.8178571428571428;15006
10;2024-01;0.6895238095238095;15006
0;2014-01;0.6666666666666666;15003
1;2015-01;1.0;15003
2;2016-01;0.7222222222222222;15003
3;2017-01;0.611111111111111;15003
4;2018-01;0.6666666666666666;15003
5;2019-01;0.6333333333333333;15003
6;2020-01;0.6666666666666666;15003
7;2021-01;0.7916666666666666;15003
8;2022-01;0.8333333333333334;15003
9;2023-01;0.7666666666666667;15003
10;2024-01;0.9;15003
0;2014-01;1.0;15002
1;2015-01;0.75;15002
2;2016-01;0.75;15002
3;2017-01;0.75;15002
4;2018-01;0.75;15002
5;2019-01;0.6666666666666666;15002
6;2020-01;0.5833333333333334;15002
7;2021-01;0.6875;15002
8;2022-01;0.5625;15002
9;2023-01;0.625;15002
10;2024-01;0.75;15002
0;2014-01;0.8333333333333333;25002
1;2015-01;0.6296296296296297;25002
2;2016-01;0.6944444444444444;25002
3;2017-01;0.5666666666666667;25002
4;2018-01;0.6388888888888888;25002
5;2019-01;0.75;25002
6;2020-01;0.611111111111111;25002
7;2021-01;0.7916666666666666;25002
8;2022-01;0.75;25002
9;2023-01;0.7098214285714286;25002
10;2024-01;0.6761904761904762;25002
0;2014-01;0.9365079365079365;25001
1;2015-01;0.9100529100529101;25001
2;2016-01;0.6773809523809524;25001
3;2017-01;0.6298412698412699;25001
4;2018-01;0.5352380952380952;25001
5;2019-01;0.5678991596638655;25001
6;2020-01;0.6161344537815125;25001
7;2021-01;0.6119327731092437;25001
8;2022-01;0.6388235294117648;25001
9;2023-01;0.7152941176470589;25001
10;2024-01;0.7387394957983193;25001
0;2014-01;0.75;25005
1;2015-01;0.625;25005
2;2016-01;0.6666666666666666;25005
3;2017-01;0.625;25005
4;2018-01;0.625;25005
5;2019-01;0.5833333333333334;25005
6;2020-01;0.75;25005
7;2021-01;1.0;25005
8;2022-01;0.5;25005
9;2023-01;0.611111111111111;25005
10;2024-01;0.8333333333333334;25005
0;2014-01;0.7314814814814815;26003
1;2015-01;0.717283950617284;26003
2;2016-01;0.6754629629629629;26003
3;2017-01;0.5688888888888889;26003
4;2018-01;0.48;26003
5;2019-01;0.6466666666666667;26003
6;2020-01;0.675;26003
7;2021-01;0.6622222222222222;26003
8;2022-01;0.5911111111111111;26003
9;2023-01;0.5711111111111111;26003
10;2024-01;0.6622222222222222;26003
0;2014-01;0.9150943396226415;26010
1;2015-01;0.8338993710691823;26010
2;2016-01;0.7893238993710692;26010
3;2017-01;0.8084025157232704;26010
4;2018-01;0.7042875816993464;26010
5;2019-01;0.7446535947712418;26010
6;2020-01;0.6826797385620915;26010
7;2021-01;0.7604575163398692;26010
8;2022-01;0.752853192559075;26010
9;2023-01;0.759238310708899;26010
10;2024-01;0.7715989159891599;26010
0;2014-01;0.75;22011
1;2015-01;0.8333333333333334;22011
2;2016-01;0.875;22011
3;2017-01;0.8333333333333334;22011
4;2018-01;0.75;22011
5;2019-01;0.8333333333333334;22011
6;2020-01;1.0;22011
7;2021-01;1.0;22011
8;2022-01;1.0;22011
9;2023-01;0.95;22011
10;2024-01;0.8125;22011
0;2014-01;0.875;22003
1;2015-01;0.8333333333333334;22003
2;2016-01;0.6875;22003
3;2017-01;0.4375;22003
4;2018-01;0.5625;22003
5;2019-01;0.7;22003
6;2020-01;0.3;22003
7;2021-01;0.4666666666666666;22003
8;2022-01;0.4666666666666666;22003
9;2023-01;0.3625;22003
10;2024-01;0.38888888888888884;22003
0;2014-01;0.8547698872295032;41002
1;2015-01;0.8592037851409994;41002
2;2016-01;0.7728901289934511;41002
3;2017-01;0.7825306518692681;41002
4;2018-01;0.756844070961718;41002
5;2019-01;0.7309212573918457;41002
6;2020-01;0.7703921568627451;41002
7;2021-01;0.7410951697752272;41002
8;2022-01;0.7764595203935233;41002
9;2023-01;0.7243123590899775;41002
10;2024-01;0.6711358885017422;41002
0;2014-01;0.9705882352941176;41010
1;2015-01;0.9803921568627452;41010
2;2016-01;0.9166666666666666;41010
3;2017-01;0.9333333333333332;41010
4;2018-01;0.9333333333333332;41010
5;2019-01;0.8833333333333332;41010
6;2020-01;0.7766666666666666;41010
7;2021-01;0.7266666666666667;41010
8;2022-01;0.7916666666666666;41010
9;2023-01;0.7916666666666666;41010
10;2024-01;0.8666666666666667;41010
0;2014-01;0.9722222222222222;41015
1;2015-01;0.9629629629629629;41015
2;2016-01;0.8784722222222222;41015
3;2017-01;0.8972222222222221;41015
4;2018-01;0.9;41015
5;2019-01;0.8194444444444444;41015
6;2020-01;0.6944444444444444;41015
7;2021-01;0.8194444444444444;41015
8;2022-01;0.8099999999999999;41015
9;2023-01;0.8233333333333333;41015
10;2024-01;0.8280952380952382;41015
0;2014-01;0.9166666666666667;41008
1;2015-01;0.9166666666666666;41008
2;2016-01;0.8888888888888888;41008
3;2017-01;0.8888888888888888;41008
4;2018-01;0.8611111111111112;41008
5;2019-01;0.8611111111111112;41008
6;2020-01;0.8958333333333334;41008
7;2021-01;1.0;41008
8;2022-01;1.0;41008
9;2023-01;0.8333333333333334;41008
10;2024-01;0.8333333333333334;41008
0;2014-01;0.8809523809523809;41017
1;2015-01;0.7904761904761904;41017
2;2016-01;0.825;41017
3;2017-01;0.8438095238095238;41017
4;2018-01;0.7616666666666666;41017
5;2019-01;0.7167948717948718;41017
6;2020-01;0.716025641025641;41017
7;2021-01;0.6574592074592075;41017
8;2022-01;0.6427622377622377;41017
9;2023-01;0.6427622377622377;41017
10;2024-01;0.697121212121212;41017
0;2014-01;0.7142857142857143;41014
1;2015-01;0.6071428571428572;41014
2;2016-01;0.7380952380952381;41014
3;2017-01;0.8392857142857143;41014
4;2018-01;0.8428571428571429;41014
5;2019-01;0.9;41014
6;2020-01;0.8;41014
7;2021-01;0.8;41014
8;2022-01;0.8;41014
9;2023-01;0.5666666666666667;41014
10;2024-01;0.5333333333333333;41014
0;2014-01;0.9166666666666667;41018
1;2015-01;0.8888888888888888;41018
2;2016-01;0.8888888888888888;41018
3;2017-01;0.8888888888888888;41018
4;2018-01;0.875;41018
5;2019-01;0.875;41018
6;2020-01;0.9;41018
7;2021-01;0.9;41018
8;2022-01;0.875;41018
9;2023-01;0.75;41018
10;2024-01;0.5625;41018
0;2014-01;0.8333333333333333;41005
1;2015-01;0.8888888888888888;41005
2;2016-01;0.8888888888888888;41005
3;2017-01;0.9166666666666666;41005
4;2018-01;0.7777777777777778;41005
5;2019-01;0.8888888888888888;41005
6;2020-01;1.0;41005
7;2021-01;1.0;41005
8;2022-01;1.0;41005
9;2023-01;0.8888888888888888;41005
10;2024-01;0.7916666666666666;41005
0;2014-01;0.8571428571428571;41007
1;2015-01;0.6071428571428572;41007
2;2016-01;0.7380952380952381;41007
3;2017-01;0.7380952380952381;41007
4;2018-01;0.41666666666666663;41007
5;2019-01;0.611111111111111;41007
6;2020-01;0.611111111111111;41007
7;2021-01;0.6666666666666666;41007
8;2022-01;0.75;41007
9;2023-01;0.7708333333333334;41007
10;2024-01;0.7;41007
0;2014-01;0.5;41001
1;2015-01;0.75;41001
2;2016-01;0.5;41001
3;2017-01;0.75;41001
4;2018-01;0.75;41001
5;2019-01;0.8333333333333334;41001
6;2020-01;0.6875;41001
7;2021-01;0.75;41001
8;2022-01;0.875;41001
9;2023-01;1.0;41001
10;2024-01;0.75;41001
0;2014-01;0.9117647058823529;41003
1;2015-01;0.9411764705882352;41003
2;2016-01;0.9411764705882353;41003
3;2017-01;0.8029411764705883;41003
4;2018-01;0.75;41003
5;2019-01;0.5625;41003
6;2020-01;0.6;41003
7;2021-01;0.65;41003
8;2022-01;0.625;41003
9;2023-01;0.625;41003
10;2024-01;0.725;41003
0;2014-01;0.8333333333333333;41011
1;2015-01;0.8888888888888888;41011
2;2016-01;0.9166666666666666;41011
3;2017-01;0.9166666666666666;41011
4;2018-01;1.0;41011
5;2019-01;1.0;41011
6;2020-01;1.0;41011
7;2021-01;1.0;41011
8;2022-01;1.0;41011
9;2023-01;0.95;41011
10;2024-01;0.96;41011
0;2014-01;0.9230769230769231;41020
1;2015-01;0.9743589743589745;41020
2;2016-01;0.8076923076923078;41020
3;2017-01;0.782051282051282;41020
4;2018-01;0.782051282051282;41020
5;2019-01;0.8333333333333334;41020
6;2020-01;0.8333333333333334;41020
7;2021-01;0.8333333333333334;41020
8;2022-01;0.8333333333333334;41020
9;2023-01;0.75;41020
10;2024-01;0.75;41020
0;2014-01;0.8333333333333334;41006
1;2015-01;0.9166666666666667;41006
2;2016-01;0.9166666666666667;41006
3;2017-01;0.9166666666666667;41006
4;2018-01;0.75;41006
5;2019-01;0.8333333333333334;41006
6;2020-01;0.875;41006
7;2021-01;1.0;41006
8;2022-01;1.0;41006
9;2023-01;1.0;41006
10;2024-01;1.0;41006
0;2014-01;1.0;14001
1;2015-01;1.0;14001
2;2016-01;1.0;14001
3;2017-01;0.875;14001
4;2018-01;0.8;14001
5;2019-01;0.9;14001
6;2020-01;0.8333333333333333;14001
7;2021-01;0.8333333333333333;14001
8;2022-01;0.7;14001
9;2023-01;0.7;14001
10;2024-01;0.7333333333333333;14001
0;2014-01;1.0;14002
1;2015-01;1.0;14002
2;2016-01;1.0;14002
3;2017-01;1.0;14002
4;2018-01;1.0;14002
5;2019-01;1.0;14002
6;2020-01;1.0;14002
7;2021-01;1.0;14002
8;2022-01;1.0;14002
9;2023-01;;14002
10;2024-01;;14002
0;2014-01;0.8333333333333334;43014
1;2015-01;0.8333333333333333;43014
2;2016-01;0.8333333333333333;43014
3;2017-01;0.8333333333333333;43014
4;2018-01;0.8888888888888888;43014
5;2019-01;0.8958333333333334;43014
6;2020-01;0.875;43014
7;2021-01;0.875;43014
8;2022-01;1.0;43014
9;2023-01;1.0;43014
10;2024-01;0.875;43014
0;2014-01;0.8571428571428572;43027
1;2015-01;0.9047619047619048;43027
2;2016-01;0.9047619047619048;43027
3;2017-01;0.8571428571428571;43027
4;2018-01;0.7857142857142857;43027
5;2019-01;0.7857142857142857;43027
6;2020-01;0.746031746031746;43027
7;2021-01;0.746031746031746;43027
8;2022-01;0.8333333333333333;43027
9;2023-01;0.6666666666666666;43027
10;2024-01;0.5833333333333333;43027
0;2014-01;0.5833333333333333;43004
1;2015-01;0.5416666666666666;43004
2;2016-01;0.6944444444444445;43004
3;2017-01;0.7777777777777778;43004
4;2018-01;1.0;43004
5;2019-01;0.825;43004
6;2020-01;0.8800000000000001;43004
7;2021-01;0.9199999999999999;43004
8;2022-01;0.9099999999999999;43004
9;2023-01;0.9099999999999999;43004
10;2024-01;0.75;43004
0;2014-01;0.6529680365296804;43023
1;2015-01;0.7686453576864536;43023
2;2016-01;0.7574200913242009;43023
3;2017-01;0.8059360730593607;43023
4;2018-01;0.7166666666666667;43023
5;2019-01;0.7833333333333333;43023
6;2020-01;0.7533333333333333;43023
7;2021-01;0.7366666666666667;43023
8;2022-01;0.8080952380952381;43023
9;2023-01;0.6885714285714286;43023
10;2024-01;0.6615873015873015;43023
0;2014-01;0.8333333333333334;43001
1;2015-01;0.8271604938271605;43001
2;2016-01;0.7731481481481481;43001
3;2017-01;0.7084656084656085;43001
4;2018-01;0.6825396825396826;43001
5;2019-01;0.6284126984126984;43001
6;2020-01;0.6376190476190475;43001
7;2021-01;0.8242857142857144;43001
8;2022-01;0.43571428571428567;43001
9;2023-01;0.6057142857142856;43001
10;2024-01;0.6293506493506494;43001
0;2014-01;0.8847638510445051;43010
1;2015-01;0.8660923224875781;43010
2;2016-01;0.7309200192338516;43010
3;2017-01;0.7498960497748766;43010
4;2018-01;0.7463529411764707;43010
5;2019-01;0.7058610855000307;43010
6;2020-01;0.7455106422212718;43010
7;2021-01;0.7079735299298546;43010
8;2022-01;0.7343790370146591;43010
9;2023-01;0.7132113550426096;43010
10;2024-01;0.760803102131422;43010
0;2014-01;0.6515151515151515;43008
1;2015-01;0.730976430976431;43008
2;2016-01;0.5875180375180376;43008
3;2017-01;0.6130735930735931;43008
4;2018-01;0.6495238095238095;43008
5;2019-01;0.5922128851540617;43008
6;2020-01;0.5851820728291317;43008
7;2021-01;0.576218487394958;43008
8;2022-01;0.4688687782805429;43008
9;2023-01;0.3484701572936867;43008
10;2024-01;0.3984927469747205;43008
0;2014-01;0.9027777777777778;43017
1;2015-01;0.9259259259259259;43017
2;2016-01;0.9305555555555556;43017
3;2017-01;0.9;43017
4;2018-01;0.9666666666666666;43017
5;2019-01;1.0;43017
6;2020-01;1.0;43017
7;2021-01;1.0;43017
8;2022-01;1.0;43017
9;2023-01;0.9333333333333332;43017
10;2024-01;0.9095238095238095;43017
0;2014-01;0.9347826086956521;43028
1;2015-01;0.8164251207729469;43028
2;2016-01;0.9456521739130435;43028
3;2017-01;0.8565217391304347;43028
4;2018-01;1.0;43028
5;2019-01;0.9666666666666668;43028
6;2020-01;0.7083333333333334;43028
7;2021-01;0.7083333333333334;43028
8;2022-01;0.625;43028
9;2023-01;0.6666666666666666;43028
10;2024-01;0.7222222222222222;43028
0;2014-01;0.6985294117647058;43007
1;2015-01;0.5918300653594771;43007
2;2016-01;0.503968253968254;43007
3;2017-01;0.48014939309056953;43007
4;2018-01;0.4606349206349206;43007
5;2019-01;0.4650793650793651;43007
6;2020-01;0.5143589743589744;43007
7;2021-01;0.6068589743589744;43007
8;2022-01;0.5606410256410257;43007
9;2023-01;0.5237362637362637;43007
10;2024-01;0.5006843156843157;43007
0;2014-01;0.763157894736842;43005
1;2015-01;0.6087719298245614;43005
2;2016-01;0.6065789473684211;43005
3;2017-01;0.4575438596491228;43005
4;2018-01;0.47916666666666663;43005
5;2019-01;0.4611111111111111;43005
6;2020-01;0.5458333333333334;43005
7;2021-01;0.5166666666666666;43005
8;2022-01;0.6833333333333333;43005
9;2023-01;0.45833333333333337;43005
10;2024-01;0.4833333333333333;43005
0;2014-01;0.8571428571428572;43016
1;2015-01;0.9047619047619048;43016
2;2016-01;0.8035714285714286;43016
3;2017-01;0.8428571428571429;43016
4;2018-01;0.9;43016
5;2019-01;1.0;43016
6;2020-01;1.0;43016
7;2021-01;0.875;43016
8;2022-01;0.8333333333333333;43016
9;2023-01;0.9333333333333332;43016
10;2024-01;0.9333333333333332;43016
0;2014-01;0.4375;43026
1;2015-01;0.5555555555555556;43026
2;2016-01;0.41666666666666663;43026
3;2017-01;0.4416666666666666;43026
4;2018-01;0.425;43026
5;2019-01;0.625;43026
6;2020-01;0.8;43026
7;2021-01;0.6583333333333333;43026
8;2022-01;0.95;43026
9;2023-01;0.6;43026
10;2024-01;0.7;43026
0;2014-01;0.9;43029
1;2015-01;0.8000000000000002;43029
2;2016-01;0.7666666666666666;43029
3;2017-01;0.65;43029
4;2018-01;0.775;43029
5;2019-01;0.7466666666666667;43029
6;2020-01;0.8266666666666665;43029
7;2021-01;0.755;43029
8;2022-01;0.7014285714285714;43029
9;2023-01;0.6395238095238096;43029
10;2024-01;0.7130952380952381;43029
0;2014-01;0.9558823529411764;43021
1;2015-01;0.9509803921568628;43021
2;2016-01;0.9007352941176471;43021
3;2017-01;0.8872549019607844;43021
4;2018-01;0.8547619047619047;43021
5;2019-01;0.8136363636363637;43021
6;2020-01;0.6287878787878788;43021
7;2021-01;0.6502164502164502;43021
8;2022-01;0.754978354978355;43021
9;2023-01;0.7384632034632035;43021
10;2024-01;0.604047619047619;43021
0;2014-01;1.0;43002
1;2015-01;1.0;43002
2;2016-01;0.75;43002
3;2017-01;0.75;43002
4;2018-01;0.875;43002
5;2019-01;0.875;43002
6;2020-01;0.75;43002
7;2021-01;0.75;43002
8;2022-01;0.875;43002
9;2023-01;0.875;43002
10;2024-01;0.9166666666666666;43002
0;2014-01;1.0;43011
1;2015-01;0.9666666666666667;43011
2;2016-01;0.975;43011
3;2017-01;0.975;43011
4;2018-01;0.975;43011
5;2019-01;0.975;43011
6;2020-01;0.975;43011
7;2021-01;0.975;43011
8;2022-01;0.9800000000000001;43011
9;2023-01;0.9800000000000001;43011
10;2024-01;0.9133333333333333;43011
0;2014-01;0.925;43006
1;2015-01;0.8962962962962964;43006
2;2016-01;0.7518518518518519;43006
3;2017-01;0.6763888888888889;43006
4;2018-01;0.6736111111111112;43006
5;2019-01;0.5173611111111112;43006
6;2020-01;0.5833333333333334;43006
7;2021-01;0.5729166666666666;43006
8;2022-01;0.6666666666666666;43006
9;2023-01;0.6041666666666666;43006
10;2024-01;0.5833333333333333;43006
0;2014-01;0.65;42013
1;2015-01;0.7666666666666666;42013
2;2016-01;0.7416666666666667;42013
3;2017-01;0.7533333333333333;42013
4;2018-01;0.8533333333333333;42013
5;2019-01;0.8333333333333333;42013
6;2020-01;0.7708333333333333;42013
7;2021-01;0.9166666666666666;42013
8;2022-01;0.875;42013
9;2023-01;0.9166666666666666;42013
10;2024-01;0.9375;42013
0;2014-01;0.8125;42002
1;2015-01;0.90625;42002
2;2016-01;0.875;42002
3;2017-01;0.90625;42002
4;2018-01;0.6875;42002
5;2019-01;0.65;42002
6;2020-01;0.6055555555555555;42002
7;2021-01;0.6833333333333333;42002
8;2022-01;0.5833333333333333;42002
9;2023-01;0.586111111111111;42002
10;2024-01;0.611111111111111;42002
0;2014-01;0.75;42008
1;2015-01;0.75;42008
2;2016-01;0.8125;42008
3;2017-01;0.875;42008
4;2018-01;0.8333333333333334;42008
5;2019-01;0.7916666666666666;42008
6;2020-01;0.875;42008
7;2021-01;0.8888888888888888;42008
8;2022-01;0.9166666666666666;42008
9;2023-01;0.7916666666666666;42008
10;2024-01;0.8333333333333333;42008
0;2014-01;0.953125;42011
1;2015-01;0.96875;42011
2;2016-01;0.953125;42011
3;2017-01;0.95625;42011
4;2018-01;0.95;42011
5;2019-01;0.9166666666666667;42011
6;2020-01;0.95;42011
7;2021-01;0.9666666666666666;42011
8;2022-01;0.775;42011
9;2023-01;0.645;42011
10;2024-01;0.6283333333333333;42011
0;2014-01;0.9285714285714286;42012
1;2015-01;0.8571428571428572;42012
2;2016-01;0.8214285714285714;42012
3;2017-01;0.8809523809523809;42012
4;2018-01;1.0;42012
5;2019-01;0.8333333333333334;42012
6;2020-01;0.7916666666666666;42012
7;2021-01;0.9166666666666666;42012
8;2022-01;0.9333333333333332;42012
9;2023-01;0.8333333333333333;42012
10;2024-01;0.7833333333333333;42012
0;2014-01;0.9285714285714286;42004
1;2015-01;0.9523809523809524;42004
2;2016-01;0.9285714285714286;42004
3;2017-01;0.9142857142857143;42004
4;2018-01;1.0;42004
5;2019-01;1.0;42004
6;2020-01;1.0;42004
7;2021-01;1.0;42004
8;2022-01;1.0;42004
9;2023-01;1.0;42004
10;2024-01;1.0;42004
0;2014-01;0.8009259259259259;42005
1;2015-01;0.7962962962962963;42005
2;2016-01;0.6296296296296297;42005
3;2017-01;0.6494708994708994;42005
4;2018-01;0.6676434676434677;42005
5;2019-01;0.6367032967032967;42005
6;2020-01;0.7431013431013431;42005
7;2021-01;0.7318742368742368;42005
8;2022-01;0.764017094017094;42005
9;2023-01;0.6633333333333333;42005
10;2024-01;0.5725252525252525;42005
0;2014-01;0.8833333333333333;42006
1;2015-01;0.6777777777777777;42006
2;2016-01;0.7166666666666667;42006
3;2017-01;0.6799999999999999;42006
4;2018-01;0.6708333333333333;42006
5;2019-01;0.625;42006
6;2020-01;0.5583333333333333;42006
7;2021-01;0.6466666666666667;42006
8;2022-01;0.73;42006
9;2023-01;0.63;42006
10;2024-01;0.73;42006
0;2014-01;0.8716216216216217;42007
1;2015-01;0.8597972972972974;42007
2;2016-01;0.8606960325710326;42007
3;2017-01;0.796029106029106;42007
4;2018-01;0.7852350427350427;42007
5;2019-01;0.8177350427350427;42007
6;2020-01;0.7448313090418354;42007
7;2021-01;0.7024673864147548;42007
8;2022-01;0.7686601968722712;42007
9;2023-01;0.7851006191950465;42007
10;2024-01;0.7262649115590293;42007
0;2014-01;0.5416666666666666;42001
1;2015-01;0.5416666666666666;42001
2;2016-01;0.6944444444444443;42001
3;2017-01;0.7708333333333333;42001
4;2018-01;0.8166666666666667;42001
5;2019-01;0.8333333333333334;42001
6;2020-01;0.8333333333333334;42001
7;2021-01;0.8333333333333334;42001
8;2022-01;1.0;42001
9;2023-01;0.875;42001
10;2024-01;0.75;42001
0;2014-01;0.8333333333333333;42017
1;2015-01;0.8333333333333333;42017
2;2016-01;0.8888888888888888;42017
3;2017-01;0.9166666666666666;42017
4;2018-01;0.8666666666666666;42017
5;2019-01;0.8333333333333334;42017
6;2020-01;1.0;42017
7;2021-01;1.0;42017
8;2022-01;0.6666666666666666;42017
9;2023-01;0.75;42017
10;2024-01;0.8333333333333333;42017
0;2014-01;0.875;42016
1;2015-01;0.9166666666666666;42016
2;2016-01;0.921875;42016
3;2017-01;0.95;42016
4;2018-01;0.8666666666666666;42016
5;2019-01;0.8666666666666666;42016
6;2020-01;0.8166666666666667;42016
7;2021-01;0.67;42016
8;2022-01;0.7366666666666666;42016
9;2023-01;0.7366666666666667;42016
10;2024-01;0.7366666666666667;42016
0;2014-01;0.5277777777777778;42003
1;2015-01;0.6851851851851851;42003
2;2016-01;0.5833333333333334;42003
3;2017-01;0.5833333333333334;42003
4;2018-01;0.6666666666666666;42003
5;2019-01;0.7416666666666667;42003
6;2020-01;0.825;42003
7;2021-01;0.775;42003
8;2022-01;0.9;42003
9;2023-01;0.775;42003
10;2024-01;1.0;42003
0;2014-01;0.8486842105263157;28001
1;2015-01;0.8991228070175438;28001
2;2016-01;0.8267543859649122;28001
3;2017-01;0.8614035087719298;28001
4;2018-01;0.6633333333333333;28001
5;2019-01;0.6561904761904762;28001
6;2020-01;0.5928571428571429;28001
7;2021-01;0.6178571428571429;28001
8;2022-01;0.6026190476190476;28001
9;2023-01;0.6862554112554113;28001
10;2024-01;0.6435007974481659;28001
0;2014-01;0.48484848484848486;28006
1;2015-01;0.5429292929292929;28006
2;2016-01;0.4772727272727273;28006
3;2017-01;0.5404040404040403;28006
4;2018-01;0.5208333333333333;28006
5;2019-01;0.4166666666666667;28006
6;2020-01;0.6666666666666666;28006
7;2021-01;0.47916666666666663;28006
8;2022-01;0.3833333333333333;28006
9;2023-01;0.4388888888888889;28006
10;2024-01;0.6111111111111112;28006
0;2014-01;0.5;28003
1;2015-01;0.625;28003
2;2016-01;0.5;28003
3;2017-01;0.625;28003
4;2018-01;0.5416666666666666;28003
5;2019-01;0.4666666666666666;28003
6;2020-01;0.41666666666666663;28003
7;2021-01;0.5;28003
8;2022-01;0.7000000000000001;28003
9;2023-01;0.55;28003
10;2024-01;0.6166666666666667;28003
0;2014-01;0.8333333333333334;28004
1;2015-01;0.75;28004
2;2016-01;0.5833333333333334;28004
3;2017-01;0.9166666666666667;28004
4;2018-01;0.6666666666666666;28004
5;2019-01;0.5;28004
6;2020-01;0.8333333333333333;28004
7;2021-01;0.7777777777777778;28004
8;2022-01;0.875;28004
9;2023-01;0.8333333333333334;28004
10;2024-01;0.75;28004
0;2014-01;0.5035714285714286;35074
1;2015-01;0.41190476190476194;35074
2;2016-01;0.4517857142857143;35074
3;2017-01;0.4447619047619048;35074
4;2018-01;0.38523809523809527;35074
5;2019-01;0.6309523809523809;35074
6;2020-01;0.5476190476190476;35074
7;2021-01;0.6666666666666666;35074
8;2022-01;0.8333333333333334;35074
9;2023-01;0.875;35074
10;2024-01;0.825;35074
0;2014-01;0.9473684210526315;35172
1;2015-01;0.7280701754385965;35172
2;2016-01;0.7076023391812866;35172
3;2017-01;0.7938596491228069;35172
4;2018-01;0.8912280701754385;35172
5;2019-01;0.9333333333333333;35172
6;2020-01;0.8541666666666666;35172
7;2021-01;0.9375;35172
8;2022-01;0.8300000000000001;35172
9;2023-01;0.74;35172
10;2024-01;0.6314285714285715;35172
0;2014-01;1.0;35021
1;2015-01;0.9722222222222222;35021
2;2016-01;0.9791666666666666;35021
3;2017-01;0.9833333333333334;35021
4;2018-01;0.9333333333333332;35021
5;2019-01;0.8333333333333333;35021
6;2020-01;0.8333333333333333;35021
7;2021-01;0.7;35021
8;2022-01;0.775;35021
9;2023-01;0.5888888888888889;35021
10;2024-01;0.5066666666666666;35021
0;2014-01;0.7619047619047619;35051
1;2015-01;0.7084656084656085;35051
2;2016-01;0.7674603174603175;35051
3;2017-01;0.7128571428571429;35051
4;2018-01;0.8128571428571428;35051
5;2019-01;0.7133333333333333;35051
6;2020-01;0.7166666666666666;35051
7;2021-01;0.8666666666666666;35051
8;2022-01;0.8333333333333333;35051
9;2023-01;0.7083333333333334;35051
10;2024-01;0.75;35051
0;2014-01;0.6617647058823529;35031
1;2015-01;0.7352941176470589;35031
2;2016-01;0.5931372549019608;35031
3;2017-01;0.6745098039215687;35031
4;2018-01;0.5666666666666667;35031
5;2019-01;0.4083333333333333;35031
6;2020-01;0.4583333333333333;35031
7;2021-01;0.4583333333333333;35031
8;2022-01;0.5583333333333333;35031
9;2023-01;0.5916666666666666;35031
10;2024-01;0.7095238095238094;35031
0;2014-01;0.823076923076923;35071
1;2015-01;0.882051282051282;35071
2;2016-01;0.6897435897435897;35071
3;2017-01;0.6307692307692307;35071
4;2018-01;0.5266666666666666;35071
5;2019-01;0.5733333333333334;35071
6;2020-01;0.42333333333333334;35071
7;2021-01;0.55;35071
8;2022-01;0.6916666666666667;35071
9;2023-01;0.7166666666666667;35071
10;2024-01;0.5516666666666666;35071
0;2014-01;0.641025641025641;35133
1;2015-01;0.5162393162393163;35133
2;2016-01;0.4669871794871795;35133
3;2017-01;0.3852564102564103;35133
4;2018-01;0.36041666666666666;35133
5;2019-01;0.4125;35133
6;2020-01;0.3645833333333333;35133
7;2021-01;0.4444444444444444;35133
8;2022-01;0.5;35133
9;2023-01;0.5208333333333334;35133
10;2024-01;0.6666666666666666;35133
0;2014-01;0.8007858837485172;35072
1;2015-01;0.8005535784895216;35072
2;2016-01;0.7114842823250296;35072
3;2017-01;0.7330071174377224;35072
4;2018-01;0.6916666666666667;35072
5;2019-01;0.7343333333333334;35072
6;2020-01;0.6833870967741935;35072
7;2021-01;0.7024256799493991;35072
8;2022-01;0.7402087286527514;35072
9;2023-01;0.7559930423782417;35072
10;2024-01;0.7214152007795271;35072
0;2014-01;0.9444444444444444;35161
1;2015-01;0.9722222222222222;35161
2;2016-01;0.8796296296296297;35161
3;2017-01;0.7972222222222223;35161
4;2018-01;0.7766666666666666;35161
5;2019-01;0.73;35161
6;2020-01;0.6633333333333333;35161
7;2021-01;0.5566666666666666;35161
8;2022-01;0.75;35161
9;2023-01;0.75;35161
10;2024-01;0.8166666666666667;35161
0;2014-01;0.9375;35151
1;2015-01;0.9583333333333334;35151
2;2016-01;0.96875;35151
3;2017-01;0.8166666666666668;35151
4;2018-01;0.8166666666666667;35151
5;2019-01;0.8958333333333334;35151
6;2020-01;0.9583333333333334;35151
7;2021-01;0.875;35151
8;2022-01;0.7708333333333333;35151
9;2023-01;0.5208333333333333;35151
10;2024-01;0.5266666666666666;35151
0;2014-01;0.6914212548015365;35013
1;2015-01;0.7032437046521554;35013
2;2016-01;0.6784200417817912;35013
3;2017-01;0.6500508794393153;35013
4;2018-01;0.5064114832535885;35013
5;2019-01;0.6211842105263158;35013
6;2020-01;0.6957995951417004;35013
7;2021-01;0.6447649572649572;35013
8;2022-01;0.6166666666666666;35013
9;2023-01;0.5405074997466303;35013
10;2024-01;0.43001826249908087;35013
0;2014-01;0.8383838383838385;35041
1;2015-01;0.8754208754208754;35041
2;2016-01;0.7782828282828282;35041
3;2017-01;0.823030303030303;35041
4;2018-01;0.7292063492063492;35041
5;2019-01;0.6614285714285714;35041
6;2020-01;0.8158730158730159;35041
7;2021-01;0.781024531024531;35041
8;2022-01;0.8113131313131312;35041
9;2023-01;0.7097113997113997;35041
10;2024-01;0.7126771474139895;35041
0;2014-01;0.9181818181818182;35141
1;2015-01;0.8303030303030304;35141
2;2016-01;0.6992424242424242;35141
3;2017-01;0.581038961038961;35141
4;2018-01;0.6255844155844156;35141
5;2019-01;0.598917748917749;35141
6;2020-01;0.6095238095238095;35141
7;2021-01;0.5023809523809524;35141
8;2022-01;0.46230769230769225;35141
9;2023-01;0.4725641025641026;35141
10;2024-01;0.3117948717948718;35141
0;2014-01;0.6823140495867768;35011
1;2015-01;0.6763400236127509;35011
2;2016-01;0.5734709460499974;35011
3;2017-01;0.5441321458515135;35011
4;2018-01;0.5525672877846791;35011
5;2019-01;0.5782263630089717;35011
6;2020-01;0.47399930986887506;35011
7;2021-01;0.4315427797135114;35011
8;2022-01;0.4441990617385166;35011
9;2023-01;0.3997836532987179;35011
10;2024-01;0.4784221756244712;35011
0;2014-01;0.9234234234234234;35163
1;2015-01;0.817999817999818;35163
2;2016-01;0.7010629050102735;35163
3;2017-01;0.6724703076282024;35163
4;2018-01;0.6615582137161085;35163
5;2019-01;0.5291722488038277;35163
6;2020-01;0.5982631578947368;35163
7;2021-01;0.6485000000000001;35163
8;2022-01;0.7148809523809524;35163
9;2023-01;0.7738095238095238;35163
10;2024-01;0.7310989010989011;35163
0;2014-01;0.8161764705882353;35171
1;2015-01;0.8341503267973857;35171
2;2016-01;0.7412544563279857;35171
3;2017-01;0.7782976827094474;35171
4;2018-01;0.7076767676767677;35171
5;2019-01;0.6617118553960659;35171
6;2020-01;0.652760806445017;35171
7;2021-01;0.6226052310262837;35171
8;2022-01;0.6284403315982263;35171
9;2023-01;0.6546430178009125;35171
10;2024-01;0.6613392455497719;35171
0;2014-01;0.75;35064
1;2015-01;0.8333333333333334;35064
2;2016-01;0.8333333333333334;35064
3;2017-01;0.8030303030303031;35064
4;2018-01;0.7272727272727273;35064
5;2019-01;0.625;35064
6;2020-01;0.5555555555555555;35064
7;2021-01;0.6388888888888888;35064
8;2022-01;0.6458333333333333;35064
9;2023-01;0.7;35064
10;2024-01;0.8;35064
0;2014-01;0.8125;35022
1;2015-01;0.8125;35022
2;2016-01;0.8125;35022
3;2017-01;0.875;35022
4;2018-01;0.75;35022
5;2019-01;0.825;35022
6;2020-01;0.85;35022
7;2021-01;0.625;35022
8;2022-01;0.75;35022
9;2023-01;0.75;35022
10;2024-01;0.75;35022
0;2014-01;0.8397932816537468;35014
1;2015-01;0.7104220499569337;35014
2;2016-01;0.642312661498708;35014
3;2017-01;0.5374307862679956;35014
4;2018-01;0.5747619047619048;35014
5;2019-01;0.5609523809523809;35014
6;2020-01;0.4764835164835165;35014
7;2021-01;0.5151572565365669;35014
8;2022-01;0.5154793482379689;35014
9;2023-01;0.5115725653656689;35014
10;2024-01;0.4454641909814324;35014
0;2014-01;0.8571428571428572;35121
1;2015-01;0.9523809523809524;35121
2;2016-01;0.7857142857142857;35121
3;2017-01;0.9285714285714286;35121
4;2018-01;0.5;35121
5;2019-01;0.8333333333333334;35121
6;2020-01;1.0;35121
7;2021-01;1.0;35121
8;2022-01;0.8333333333333333;35121
9;2023-01;0.5208333333333333;35121
10;2024-01;0.6041666666666666;35121
0;2014-01;0.875;35103
1;2015-01;0.8333333333333334;35103
2;2016-01;0.7420634920634921;35103
3;2017-01;0.7976190476190477;35103
4;2018-01;0.8333333333333334;35103
5;2019-01;0.75;35103
6;2020-01;0.5866666666666667;35103
7;2021-01;0.5366666666666667;35103
8;2022-01;0.5133333333333333;35103
9;2023-01;0.5733333333333334;35103
10;2024-01;0.5566666666666666;35103
0;2014-01;0.9456521739130435;35112
1;2015-01;0.8804347826086957;35112
2;2016-01;0.8161231884057971;35112
3;2017-01;0.7985507246376812;35112
4;2018-01;0.8333333333333333;35112
5;2019-01;0.8047619047619048;35112
6;2020-01;0.8047619047619048;35112
7;2021-01;0.8547619047619047;35112
8;2022-01;0.8164285714285715;35112
9;2023-01;0.7442857142857143;35112
10;2024-01;0.7192857142857143;35112
0;2014-01;0.9162857142857144;35132
1;2015-01;0.907047619047619;35132
2;2016-01;0.8113073593073593;35132
3;2017-01;0.825661272061272;35132
4;2018-01;0.6903721278721279;35132
5;2019-01;0.7026340326340327;35132
6;2020-01;0.6747494172494173;35132
7;2021-01;0.7040755735492578;35132
8;2022-01;0.713421052631579;35132
9;2023-01;0.6673684210526316;35132
10;2024-01;0.5996491228070175;35132
0;2014-01;0.7427685950413223;35015
1;2015-01;0.6675275482093664;35015
2;2016-01;0.5924449402145243;35015
3;2017-01;0.5654573315622639;35015
4;2018-01;0.5508984022015937;35015
5;2019-01;0.5462873778033353;35015
6;2020-01;0.5426696453292198;35015
7;2021-01;0.47882382382382377;35015
8;2022-01;0.4613077801827802;35015
9;2023-01;0.38660521885521887;35015
10;2024-01;0.46350481559783885;35015
0;2014-01;0.9347826086956521;35142
1;2015-01;0.8309178743961353;35142
2;2016-01;0.8164251207729469;35142
3;2017-01;0.8514492753623188;35142
4;2018-01;0.9166666666666666;35142
5;2019-01;0.8541666666666666;35142
6;2020-01;0.875;35142
7;2021-01;0.6875;35142
8;2022-01;0.6625;35142
9;2023-01;0.6233333333333333;35142
10;2024-01;0.7033333333333334;35142
0;2014-01;0.9326923076923077;35155
1;2015-01;0.8025641025641025;35155
2;2016-01;0.8516608391608391;35155
3;2017-01;0.8497902097902099;35155
4;2018-01;0.8404545454545455;35155
5;2019-01;0.7604545454545455;35155
6;2020-01;0.7472727272727273;35155
7;2021-01;0.755;35155
8;2022-01;0.7905555555555555;35155
9;2023-01;0.7711111111111111;35155
10;2024-01;0.6662626262626262;35155
0;2014-01;0.8743943848606568;35016
1;2015-01;0.8305234985221733;35016
2;2016-01;0.7347279171888886;35016
3;2017-01;0.7181873648656758;35016
4;2018-01;0.7269473119492215;35016
5;2019-01;0.6983728412932815;35016
6;2020-01;0.6591521237966435;35016
7;2021-01;0.6661981245789281;35016
8;2022-01;0.655409415379055;35016
9;2023-01;0.6568703131098511;35016
10;2024-01;0.6522907461780802;35016
0;2014-01;1.0;27010
1;2015-01;1.0;27010
2;2016-01;1.0;27010
3;2017-01;1.0;27010
4;2018-01;1.0;27010
5;2019-01;1.0;27010
6;2020-01;1.0;27010
7;2021-01;1.0;27010
8;2022-01;1.0;27010
9;2023-01;0.9;27010
10;2024-01;0.9;27010
0;2014-01;1.0;16003
1;2015-01;1.0;16003
2;2016-01;1.0;16003
3;2017-01;1.0;16003
4;2018-01;1.0;16003
5;2019-01;1.0;16003
6;2020-01;0.75;16003
7;2021-01;0.8333333333333334;16003
8;2022-01;0.75;16003
9;2023-01;0.8333333333333334;16003
10;2024-01;0.6666666666666666;16003
0;2014-01;0.8100490196078431;29006
1;2015-01;0.7514005602240896;29006
2;2016-01;0.7010679271708683;29006
3;2017-01;0.5852801120448179;29006
4;2018-01;0.5521428571428572;29006
5;2019-01;0.574047619047619;29006
6;2020-01;0.4666666666666667;29006
7;2021-01;0.42666666666666664;29006
8;2022-01;0.5366666666666667;29006
9;2023-01;0.5176190476190475;29006
10;2024-01;0.5728571428571428;29006
0;2014-01;1.0;29007
1;2015-01;0.875;29007
2;2016-01;0.875;29007
3;2017-01;0.9166666666666666;29007
4;2018-01;0.8125;29007
5;2019-01;0.875;29007
6;2020-01;0.8125;29007
7;2021-01;0.85;29007
8;2022-01;0.85;29007
9;2023-01;1.0;29007
10;2024-01;0.9333333333333332;29007
0;2014-01;0.9285714285714286;29012
1;2015-01;0.7857142857142857;29012
2;2016-01;0.8392857142857143;29012
3;2017-01;0.8714285714285713;29012
4;2018-01;0.7571428571428571;29012
5;2019-01;0.8;29012
6;2020-01;0.7333333333333333;29012
7;2021-01;0.625;29012
8;2022-01;0.6666666666666667;29012
9;2023-01;0.75;29012
10;2024-01;0.625;29012
0;2014-01;0.9444444444444444;29016
1;2015-01;0.9259259259259259;29016
2;2016-01;0.9166666666666666;29016
3;2017-01;0.9166666666666666;29016
4;2018-01;0.6888888888888889;29016
5;2019-01;0.6799999999999999;29016
6;2020-01;0.6799999999999999;29016
7;2021-01;0.74;29016
8;2022-01;0.74;29016
9;2023-01;0.6;29016
10;2024-01;0.8666666666666667;29016
0;2014-01;0.922016806722689;29020
1;2015-01;0.7979707438530967;29020
2;2016-01;0.8248039215686275;29020
3;2017-01;0.7910338845215505;29020
4;2018-01;0.7366603415559773;29020
5;2019-01;0.7034139784946236;29020
6;2020-01;0.7255715902659875;29020
7;2021-01;0.7098259762308998;29020
8;2022-01;0.6575657894736843;29020
9;2023-01;0.6351783625730995;29020
10;2024-01;0.6823450292397661;29020
0;2014-01;0.7867647058823529;29028
1;2015-01;0.8382352941176471;29028
2;2016-01;0.8014705882352942;29028
3;2017-01;0.6764705882352942;29028
4;2018-01;0.6941176470588235;29028
5;2019-01;0.85;29028
6;2020-01;1.0;29028
7;2021-01;0.6900000000000001;29028
8;2022-01;0.6566666666666666;29028
9;2023-01;0.5666666666666667;29028
10;2024-01;0.6599999999999999;29028
0;2014-01;0.8461538461538461;29001
1;2015-01;0.8974358974358975;29001
2;2016-01;0.7307692307692308;29001
3;2017-01;0.5576923076923077;29001
4;2018-01;0.7307692307692308;29001
5;2019-01;0.55;29001
6;2020-01;0.6333333333333333;29001
7;2021-01;0.75;29001
8;2022-01;0.72;29001
9;2023-01;0.6666666666666667;29001
10;2024-01;0.7444444444444445;29001
0;2014-01;0.8333333333333333;29003
1;2015-01;0.8333333333333333;29003
2;2016-01;0.8333333333333334;29003
3;2017-01;0.7777777777777778;29003
4;2018-01;0.8333333333333334;29003
5;2019-01;1.0;29003
6;2020-01;1.0;29003
7;2021-01;1.0;29003
8;2022-01;1.0;29003
9;2023-01;0.8;29003
10;2024-01;0.8666666666666667;29003
0;2014-01;0.5;29014
1;2015-01;0.8125;29014
2;2016-01;0.7125;29014
3;2017-01;0.5125;29014
4;2018-01;0.5638888888888889;29014
5;2019-01;0.6729166666666666;29014
6;2020-01;0.6383333333333333;29014
7;2021-01;0.7133333333333333;29014
8;2022-01;0.7666666666666666;29014
9;2023-01;0.7266666666666667;29014
10;2024-01;0.6583333333333333;29014
0;2014-01;0.8;29026
1;2015-01;0.9;29026
2;2016-01;0.9;29026
3;2017-01;0.9;29026
4;2018-01;0.9333333333333332;29026
5;2019-01;0.8666666666666667;29026
6;2020-01;0.8666666666666667;29026
7;2021-01;0.9333333333333332;29026
8;2022-01;0.8375;29026
9;2023-01;0.9375;29026
10;2024-01;0.95;29026
0;2014-01;0.875;29025
1;2015-01;0.6666666666666666;29025
2;2016-01;0.7666666666666666;29025
3;2017-01;0.7729166666666667;29025
4;2018-01;0.6866666666666668;29025
5;2019-01;0.6916666666666667;29025
6;2020-01;0.7133333333333333;29025
7;2021-01;0.7333333333333333;29025
8;2022-01;0.6833333333333333;29025
9;2023-01;0.5583333333333333;29025
10;2024-01;0.6333333333333333;29025
0;2014-01;0.6666666666666666;29019
1;2015-01;0.7083333333333333;29019
2;2016-01;0.5833333333333334;29019
3;2017-01;0.5277777777777778;29019
4;2018-01;0.6458333333333334;29019
5;2019-01;0.6666666666666666;29019
6;2020-01;0.5625;29019
7;2021-01;0.625;29019
8;2022-01;0.6333333333333333;29019
9;2023-01;0.6333333333333333;29019
10;2024-01;0.6333333333333333;29019
0;2014-01;0.8571428571428572;52005
1;2015-01;0.9047619047619048;52005
2;2016-01;0.6825396825396824;52005
3;2017-01;0.7619047619047619;52005
4;2018-01;0.625;52005
5;2019-01;0.5;52005
6;2020-01;0.7222222222222222;52005
7;2021-01;0.7222222222222222;52005
8;2022-01;0.6666666666666666;52005
9;2023-01;0.875;52005
10;2024-01;0.8392857142857143;52005
0;2014-01;0.8505578391074574;52001
1;2015-01;0.8195547588878244;52001
2;2016-01;0.7636832833699045;52001
3;2017-01;0.7448041713208446;52001
4;2018-01;0.6250883619304671;52001
5;2019-01;0.6846475162264636;52001
6;2020-01;0.674969474969475;52001
7;2021-01;0.6743589743589744;52001
8;2022-01;0.6943589743589744;52001
9;2023-01;0.6855555555555555;52001
10;2024-01;0.6891503267973855;52001
0;2014-01;0.5;52004
1;2015-01;0.4571428571428572;52004
2;2016-01;0.6380952380952382;52004
3;2017-01;0.6821428571428572;52004
4;2018-01;0.5819047619047619;52004
5;2019-01;0.6552380952380952;52004
6;2020-01;0.76;52004
7;2021-01;0.6866666666666668;52004
8;2022-01;0.5916666666666667;52004
9;2023-01;0.6416666666666666;52004
10;2024-01;0.775;52004
0;2014-01;1.0;52015
1;2015-01;1.0;52015
2;2016-01;1.0;52015
3;2017-01;1.0;52015
4;2018-01;0.9166666666666666;52015
5;2019-01;0.8666666666666667;52015
6;2020-01;0.8666666666666667;52015
7;2021-01;0.8666666666666667;52015
8;2022-01;0.7866666666666666;52015
9;2023-01;0.7866666666666667;52015
10;2024-01;0.7066666666666667;52015
0;2014-01;0.8;52016
1;2015-01;0.8;52016
2;2016-01;0.8;52016
3;2017-01;0.8666666666666667;52016
4;2018-01;0.8166666666666667;52016
5;2019-01;0.6916666666666667;52016
6;2020-01;0.8533333333333333;52016
7;2021-01;0.9333333333333332;52016
8;2022-01;1.0;52016
9;2023-01;1.0;52016
10;2024-01;1.0;52016
0;2014-01;1.0;21013
1;2015-01;1.0;21013
2;2016-01;1.0;21013
3;2017-01;1.0;21013
4;2018-01;1.0;21013
5;2019-01;0.8333333333333333;21013
6;2020-01;0.7083333333333333;21013
7;2021-01;0.41666666666666663;21013
8;2022-01;0.4444444444444444;21013
9;2023-01;0.5;21013
10;2024-01;0.6458333333333333;21013
0;2014-01;0.75;21015
1;2015-01;0.8333333333333334;21015
2;2016-01;0.875;21015
3;2017-01;0.8333333333333334;21015
4;2018-01;1.0;21015
5;2019-01;0.8333333333333334;21015
6;2020-01;0.875;21015
7;2021-01;1.0;21015
8;2022-01;0.875;21015
9;2023-01;0.6666666666666666;21015
10;2024-01;0.75;21015
0;2014-01;1.0;31068
1;2015-01;1.0;31068
2;2016-01;1.0;31068
3;2017-01;1.0;31068
4;2018-01;1.0;31068
5;2019-01;0.8333333333333334;31068
6;2020-01;1.0;31068
7;2021-01;1.0;31068
8;2022-01;0.5;31068
9;2023-01;0.5;31068
10;2024-01;0.75;31068
0;2014-01;0.95;31013
1;2015-01;0.9555555555555556;31013
2;2016-01;0.8416666666666667;31013
3;2017-01;0.8233333333333335;31013
4;2018-01;0.5833333333333333;31013
5;2019-01;0.47619047619047616;31013
6;2020-01;0.49523809523809526;31013
7;2021-01;0.5952380952380952;31013
8;2022-01;0.6285714285714286;31013
9;2023-01;0.5714285714285714;31013
10;2024-01;0.5809523809523809;31013
0;2014-01;0.7;31078
1;2015-01;0.625;31078
2;2016-01;0.6388888888888888;31078
3;2017-01;0.5583333333333333;31078
4;2018-01;0.5875;31078
5;2019-01;0.4125;31078
6;2020-01;0.5583333333333333;31078
7;2021-01;0.6466666666666667;31078
8;2022-01;0.58;31078
9;2023-01;0.5533333333333333;31078
10;2024-01;0.44000000000000006;31078
0;2014-01;1.0;31036
1;2015-01;1.0;31036
2;2016-01;1.0;31036
3;2017-01;0.9;31036
4;2018-01;0.7333333333333333;31036
5;2019-01;0.9;31036
6;2020-01;0.7166666666666666;31036
7;2021-01;0.7766666666666666;31036
8;2022-01;0.7833333333333333;31036
9;2023-01;0.85;31036
10;2024-01;0.67;31036
0;2014-01;0.875;31021
1;2015-01;0.8055555555555555;31021
2;2016-01;0.5972222222222222;31021
3;2017-01;0.6979166666666666;31021
4;2018-01;0.5972222222222222;31021
5;2019-01;0.7222222222222222;31021
6;2020-01;0.7083333333333333;31021
7;2021-01;0.7916666666666666;31021
8;2022-01;0.8333333333333334;31021
9;2023-01;0.9333333333333333;31021
10;2024-01;1.0;31021
0;2014-01;1.0;31015
1;2015-01;0.7222222222222222;31015
2;2016-01;0.6666666666666666;31015
3;2017-01;0.5185185185185185;31015
4;2018-01;0.7222222222222222;31015
5;2019-01;0.7777777777777778;31015
6;2020-01;0.6083333333333333;31015
7;2021-01;0.5583333333333333;31015
8;2022-01;0.6416666666666666;31015
9;2023-01;0.5916666666666667;31015
10;2024-01;0.6733333333333333;31015
0;2014-01;0.682983682983683;31018
1;2015-01;0.6545676545676545;31018
2;2016-01;0.624042624042624;31018
3;2017-01;0.6004062604062603;31018
4;2018-01;0.505974025974026;31018
5;2019-01;0.5095238095238095;31018
6;2020-01;0.5414285714285715;31018
7;2021-01;0.4239285714285714;31018
8;2022-01;0.4083333333333333;31018
9;2023-01;0.48452380952380947;31018
10;2024-01;0.40714285714285714;31018
0;2014-01;;31085
1;2015-01;1.0;31085
2;2016-01;1.0;31085
3;2017-01;1.0;31085
4;2018-01;1.0;31085
5;2019-01;1.0;31085
6;2020-01;1.0;31085
7;2021-01;1.0;31085
8;2022-01;1.0;31085
9;2023-01;1.0;31085
10;2024-01;1.0;31085
0;2014-01;1.0;31049
1;2015-01;1.0;31049
2;2016-01;0.875;31049
3;2017-01;0.5;31049
4;2018-01;0.5;31049
5;2019-01;0.8333333333333334;31049
6;2020-01;0.8333333333333334;31049
7;2021-01;0.875;31049
8;2022-01;0.8;31049
9;2023-01;0.8333333333333334;31049
10;2024-01;0.5833333333333333;31049
0;2014-01;1.0;15010
1;2015-01;1.0;15010
2;2016-01;1.0;15010
3;2017-01;1.0;15010
4;2018-01;1.0;15010
5;2019-01;1.0;15010
6;2020-01;0.75;15010
7;2021-01;1.0;15010
8;2022-01;1.0;15010
9;2023-01;1.0;15010
10;2024-01;1.0;15010
0;2014-01;0.75;15004
1;2015-01;0.8333333333333334;15004
2;2016-01;0.8333333333333334;15004
3;2017-01;0.8333333333333334;15004
4;2018-01;0.75;15004
5;2019-01;1.0;15004
6;2020-01;;15004
7;2021-01;1.0;15004
8;2022-01;1.0;15004
9;2023-01;1.0;15004
10;2024-01;1.0;15004
0;2014-01;0.7692307692307693;15008
1;2015-01;0.7692307692307692;15008
2;2016-01;0.5256410256410257;15008
3;2017-01;0.48931623931623935;15008
4;2018-01;0.4919871794871795;15008
5;2019-01;0.6458333333333334;15008
6;2020-01;0.75;15008
7;2021-01;0.6875;15008
8;2022-01;0.75;15008
9;2023-01;0.625;15008
10;2024-01;0.6875;15008
0;2014-01;0.6666666666666666;15011
1;2015-01;0.6666666666666666;15011
2;2016-01;0.6666666666666666;15011
3;2017-01;0.7777777777777777;15011
4;2018-01;0.7777777777777777;15011
5;2019-01;0.5833333333333333;15011
6;2020-01;0.6666666666666666;15011
7;2021-01;0.7777777777777777;15011
8;2022-01;0.8333333333333333;15011
9;2023-01;0.7777777777777778;15011
10;2024-01;1.0;15011
0;2014-01;0.7;25007
1;2015-01;0.6666666666666666;25007
2;2016-01;0.6;25007
3;2017-01;0.525;25007
4;2018-01;0.6333333333333333;25007
5;2019-01;0.49166666666666664;25007
6;2020-01;0.475;25007
7;2021-01;0.5166666666666666;25007
8;2022-01;0.5;25007
9;2023-01;0.475;25007
10;2024-01;0.5791666666666666;25007
0;2014-01;0.8333333333333334;25006
1;2015-01;0.75;25006
2;2016-01;0.5;25006
3;2017-01;0.611111111111111;25006
4;2018-01;0.611111111111111;25006
5;2019-01;0.7333333333333333;25006
6;2020-01;0.5416666666666666;25006
7;2021-01;0.8333333333333334;25006
8;2022-01;0.775;25006
9;2023-01;0.6375;25006
10;2024-01;0.65;25006
0;2014-01;0.75;25009
1;2015-01;0.75;25009
2;2016-01;0.8333333333333334;25009
3;2017-01;0.9166666666666666;25009
4;2018-01;0.9166666666666666;25009
5;2019-01;1.0;25009
6;2020-01;1.0;25009
7;2021-01;1.0;25009
8;2022-01;1.0;25009
9;2023-01;0.8333333333333333;25009
10;2024-01;0.8888888888888888;25009
0;2014-01;0.9375;25016
1;2015-01;0.7291666666666666;25016
2;2016-01;0.8958333333333334;25016
3;2017-01;0.74375;25016
4;2018-01;0.6375;25016
5;2019-01;0.5113636363636364;25016
6;2020-01;0.5809090909090908;25016
7;2021-01;0.5809090909090908;25016
8;2022-01;0.6845454545454546;25016
9;2023-01;0.7323376623376623;25016
10;2024-01;0.6188311688311688;25016
0;2014-01;0.5;25011
1;2015-01;0.5;25011
2;2016-01;0.75;25011
3;2017-01;0.75;25011
4;2018-01;1.0;25011
5;2019-01;0.8333333333333333;25011
6;2020-01;0.6666666666666666;25011
7;2021-01;0.611111111111111;25011
8;2022-01;0.611111111111111;25011
9;2023-01;0.8333333333333334;25011
10;2024-01;0.611111111111111;25011
0;2014-01;0.9444444444444444;26006
1;2015-01;0.8472222222222222;26006
2;2016-01;0.7685185185185185;26006
3;2017-01;0.6701388888888888;26006
4;2018-01;0.7083333333333334;26006
5;2019-01;0.59375;26006
6;2020-01;0.6041666666666666;26006
7;2021-01;0.6011904761904762;26006
8;2022-01;0.5238095238095238;26006
9;2023-01;0.6329365079365079;26006
10;2024-01;0.6283068783068783;26006
0;2014-01;0.6666666666666667;26008
1;2015-01;0.5833333333333334;26008
2;2016-01;0.6875;26008
3;2017-01;0.7333333333333333;26008
4;2018-01;0.75;26008
5;2019-01;0.8;26008
6;2020-01;0.8125;26008
7;2021-01;0.6041666666666666;26008
8;2022-01;0.5833333333333333;26008
9;2023-01;0.6458333333333334;26008
10;2024-01;0.9444444444444445;26008
0;2014-01;0.7142857142857143;26009
1;2015-01;0.8571428571428572;26009
2;2016-01;0.7857142857142857;26009
3;2017-01;0.6904761904761904;26009
4;2018-01;0.7857142857142857;26009
5;2019-01;0.7904761904761904;26009
6;2020-01;0.7595238095238095;26009
7;2021-01;0.8666666666666667;26009
8;2022-01;0.8666666666666667;26009
9;2023-01;0.8933333333333333;26009
10;2024-01;0.8933333333333333;26009
0;2014-01;0.9;26012
1;2015-01;0.9333333333333332;26012
2;2016-01;0.95;26012
3;2017-01;0.95;26012
4;2018-01;1.0;26012
5;2019-01;1.0;26012
6;2020-01;1.0;26012
7;2021-01;1.0;26012
8;2022-01;0.8125;26012
9;2023-01;0.875;26012
10;2024-01;0.95;26012
0;2014-01;0.8206521739130435;22004
1;2015-01;0.8242753623188405;22004
2;2016-01;0.7635869565217391;22004
3;2017-01;0.7445652173913043;22004
4;2018-01;0.76;22004
5;2019-01;0.7164285714285714;22004
6;2020-01;0.7695238095238095;22004
7;2021-01;0.8123809523809523;22004
8;2022-01;0.7052380952380952;22004
9;2023-01;0.6785714285714286;22004
10;2024-01;0.8311904761904761;22004
0;2014-01;0.8333333333333333;22005
1;2015-01;0.8888888888888888;22005
2;2016-01;0.9166666666666666;22005
3;2017-01;0.7222222222222222;22005
4;2018-01;0.7916666666666666;22005
5;2019-01;0.7916666666666666;22005
6;2020-01;1.0;22005
7;2021-01;1.0;22005
8;2022-01;1.0;22005
9;2023-01;0.8333333333333334;22005
10;2024-01;1.0;22005
0;2014-01;1.0;22006
1;2015-01;;22006
2;2016-01;1.0;22006
3;2017-01;1.0;22006
4;2018-01;1.0;22006
5;2019-01;1.0;22006
6;2020-01;1.0;22006
7;2021-01;1.0;22006
8;2022-01;1.0;22006
9;2023-01;1.0;22006
10;2024-01;1.0;22006
0;2014-01;0.6666666666666666;41019
1;2015-01;0.8333333333333333;41019
2;2016-01;0.8333333333333333;41019
3;2017-01;0.8333333333333333;41019
4;2018-01;0.7222222222222222;41019
5;2019-01;0.7916666666666666;41019
6;2020-01;1.0;41019
7;2021-01;0.8333333333333334;41019
8;2022-01;0.8333333333333334;41019
9;2023-01;1.0;41019
10;2024-01;0.875;41019
0;2014-01;0.75;24004
1;2015-01;0.6666666666666666;24004
2;2016-01;0.6666666666666666;24004
3;2017-01;0.6666666666666667;24004
4;2018-01;0.6666666666666666;24004
5;2019-01;0.5416666666666666;24004
6;2020-01;0.5833333333333333;24004
7;2021-01;0.65;24004
8;2022-01;0.5625;24004
9;2023-01;0.33730158730158727;24004
10;2024-01;0.5396825396825397;24004
0;2014-01;0.9558823529411764;24007
1;2015-01;0.8545751633986928;24007
2;2016-01;0.8546918767507002;24007
3;2017-01;0.8064425770308123;24007
4;2018-01;0.7976190476190477;24007
5;2019-01;0.7654761904761905;24007
6;2020-01;0.7261904761904762;24007
7;2021-01;0.7380952380952381;24007
8;2022-01;0.8214285714285714;24007
9;2023-01;0.8130952380952381;24007
10;2024-01;0.8305555555555555;24007
0;2014-01;1.0;24006
1;2015-01;0.6666666666666666;24006
2;2016-01;0.8333333333333333;24006
3;2017-01;0.5833333333333333;24006
4;2018-01;0.5833333333333333;24006
5;2019-01;0.7222222222222222;24006
6;2020-01;0.8333333333333333;24006
7;2021-01;1.0;24006
8;2022-01;0.75;24006
9;2023-01;0.875;24006
10;2024-01;0.875;24006
0;2014-01;1.0;11002
1;2015-01;0.8333333333333333;11002
2;2016-01;0.8888888888888888;11002
3;2017-01;0.7222222222222222;11002
4;2018-01;0.7222222222222222;11002
5;2019-01;0.7222222222222222;11002
6;2020-01;0.7083333333333334;11002
7;2021-01;0.8333333333333334;11002
8;2022-01;1.0;11002
9;2023-01;0.8888888888888888;11002
10;2024-01;0.8888888888888888;11002
0;2014-01;0.9666666666666667;11004
1;2015-01;0.9;11004
2;2016-01;0.7777777777777777;11004
3;2017-01;0.75;11004
4;2018-01;0.6666666666666666;11004
5;2019-01;0.6533333333333333;11004
6;2020-01;0.7333333333333333;11004
7;2021-01;0.7333333333333333;11004
8;2022-01;0.8333333333333334;11004
9;2023-01;0.8333333333333333;11004
10;2024-01;0.9166666666666666;11004
0;2014-01;1.0;43012
1;2015-01;0.9166666666666667;43012
2;2016-01;0.9166666666666667;43012
3;2017-01;0.9444444444444445;43012
4;2018-01;0.888888888888889;43012
5;2019-01;0.7222222222222223;43012
6;2020-01;0.7916666666666667;43012
7;2021-01;0.875;43012
8;2022-01;0.9;43012
9;2023-01;0.8;43012
10;2024-01;0.7916666666666666;43012
0;2014-01;0.7903225806451613;43013
1;2015-01;0.8279569892473119;43013
2;2016-01;0.8172043010752689;43013
3;2017-01;0.7923387096774194;43013
4;2018-01;0.8274193548387097;43013
5;2019-01;0.95;43013
6;2020-01;0.85;43013
7;2021-01;0.9;43013
8;2022-01;0.875;43013
9;2023-01;0.8666666666666667;43013
10;2024-01;0.8933333333333333;43013
0;2014-01;0.875;42010
1;2015-01;0.75;42010
2;2016-01;0.8125;42010
3;2017-01;0.78125;42010
4;2018-01;0.75;42010
5;2019-01;0.8333333333333334;42010
6;2020-01;0.8888888888888888;42010
7;2021-01;0.8888888888888888;42010
8;2022-01;0.7777777777777778;42010
9;2023-01;0.8333333333333334;42010
10;2024-01;0.5833333333333334;42010
0;2014-01;0.75;42009
1;2015-01;0.8125;42009
2;2016-01;0.8125;42009
3;2017-01;0.875;42009
4;2018-01;0.90625;42009
5;2019-01;0.925;42009
6;2020-01;1.0;42009
7;2021-01;1.0;42009
8;2022-01;1.0;42009
9;2023-01;1.0;42009
10;2024-01;1.0;42009
0;2014-01;0.95;35091
1;2015-01;0.9333333333333332;35091
2;2016-01;0.9333333333333332;35091
3;2017-01;0.9;35091
4;2018-01;0.9;35091
5;2019-01;0.7000000000000001;35091
6;2020-01;0.6875;35091
7;2021-01;0.6875;35091
8;2022-01;0.75;35091
9;2023-01;0.5833333333333334;35091
10;2024-01;0.6666666666666666;35091
0;2014-01;0.5961538461538461;35023
1;2015-01;0.7051282051282052;35023
2;2016-01;0.6971153846153846;35023
3;2017-01;0.7423076923076923;35023
4;2018-01;0.6875;35023
5;2019-01;0.8125;35023
6;2020-01;0.875;35023
7;2021-01;0.875;35023
8;2022-01;1.0;35023
9;2023-01;0.9166666666666666;35023
10;2024-01;0.7866666666666667;35023
0;2014-01;0.8452380952380952;35081
1;2015-01;0.6547619047619048;35081
2;2016-01;0.6984126984126983;35081
3;2017-01;0.5343915343915344;35081
4;2018-01;0.6195436507936508;35081
5;2019-01;0.6909722222222222;35081
6;2020-01;0.6583333333333333;35081
7;2021-01;0.7916666666666667;35081
8;2022-01;0.8;35081
9;2023-01;0.6888888888888889;35081
10;2024-01;0.5611111111111111;35081
0;2014-01;0.7571428571428571;35012
1;2015-01;0.8314285714285714;35012
2;2016-01;0.6479761904761905;35012
3;2017-01;0.6631428571428571;35012
4;2018-01;0.6652380952380953;35012
5;2019-01;0.6184848484848484;35012
6;2020-01;0.5164646464646465;35012
7;2021-01;0.39515151515151514;35012
8;2022-01;0.5309343434343434;35012
9;2023-01;0.45505050505050504;35012
10;2024-01;0.41565656565656567;35012
0;2014-01;1.0;35032
1;2015-01;1.0;35032
2;2016-01;0.75;35032
3;2017-01;0.75;35032
4;2018-01;0.75;35032
5;2019-01;0.5;35032
6;2020-01;1.0;35032
7;2021-01;0.875;35032
8;2022-01;0.875;35032
9;2023-01;0.875;35032
10;2024-01;0.875;35032
0;2014-01;0.875;35061
1;2015-01;1.0;35061
2;2016-01;1.0;35061
3;2017-01;1.0;35061
4;2018-01;1.0;35061
5;2019-01;1.0;35061
6;2020-01;1.0;35061
7;2021-01;0.8666666666666667;35061
8;2022-01;0.8666666666666667;35061
9;2023-01;0.8166666666666667;35061
10;2024-01;0.5777777777777778;35061
0;2014-01;0.596551724137931;35131
1;2015-01;0.5858237547892721;35131
2;2016-01;0.4816502463054187;35131
3;2017-01;0.5042692939244663;35131
4;2018-01;0.5093073593073593;35131
5;2019-01;0.6873737373737373;35131
6;2020-01;0.42321789321789327;35131
7;2021-01;0.4309037745879851;35131
8;2022-01;0.4894471026049973;35131
9;2023-01;0.5308688387635756;35131
10;2024-01;0.3255737382672367;35131
0;2014-01;0.6666666666666666;35156
1;2015-01;0.611111111111111;35156
2;2016-01;0.6833333333333333;35156
3;2017-01;0.6266666666666667;35156
4;2018-01;0.65;35156
5;2019-01;0.775;35156
6;2020-01;0.7133333333333333;35156
7;2021-01;0.9166666666666666;35156
8;2022-01;0.8333333333333333;35156
9;2023-01;0.8666666666666666;35156
10;2024-01;0.6666666666666666;35156
0;2014-01;0.7476190476190476;35073
1;2015-01;0.790079365079365;35073
2;2016-01;0.6060515873015873;35073
3;2017-01;0.6265079365079365;35073
4;2018-01;0.55;35073
5;2019-01;0.5611111111111111;35073
6;2020-01;0.5456349206349206;35073
7;2021-01;0.46230158730158727;35073
8;2022-01;0.4963924963924964;35073
9;2023-01;0.5214646464646464;35073
10;2024-01;0.6116161616161616;35073
0;2014-01;0.9772727272727273;35062
1;2015-01;0.903030303030303;35062
2;2016-01;0.8886363636363637;35062
3;2017-01;0.9509090909090909;35062
4;2018-01;0.885;35062
5;2019-01;0.6849999999999999;35062
6;2020-01;0.775;35062
7;2021-01;0.775;35062
8;2022-01;0.75;35062
9;2023-01;0.8145833333333333;35062
10;2024-01;0.73125;35062
0;2014-01;0.8365384615384616;35092
1;2015-01;0.8653846153846154;35092
2;2016-01;0.8798076923076923;35092
3;2017-01;0.8371794871794872;35092
4;2018-01;0.6458333333333333;35092
5;2019-01;0.7083333333333333;35092
6;2020-01;0.611111111111111;35092
7;2021-01;0.7222222222222222;35092
8;2022-01;0.6083333333333334;35092
9;2023-01;0.65;35092
10;2024-01;0.39166666666666666;35092
0;2014-01;0.9661016949152542;35093
1;2015-01;0.9661016949152543;35093
2;2016-01;0.9159604519774012;35093
3;2017-01;0.7293785310734464;35093
4;2018-01;0.8333333333333334;35093
5;2019-01;0.8333333333333334;35093
6;2020-01;0.8533333333333333;35093
7;2021-01;0.7033333333333334;35093
8;2022-01;0.5305555555555556;35093
9;2023-01;0.518888888888889;35093
10;2024-01;0.5994444444444444;35093
0;2014-01;0.8888888888888888;35101
1;2015-01;0.7407407407407408;35101
2;2016-01;0.8194444444444444;35101
3;2017-01;0.7888888888888889;35101
4;2018-01;0.6666666666666666;35101
5;2019-01;0.9166666666666666;35101
6;2020-01;0.7777777777777778;35101
7;2021-01;0.9;35101
8;2022-01;0.9333333333333332;35101
9;2023-01;0.7933333333333333;35101
10;2024-01;0.7133333333333333;35101
0;2014-01;0.6071428571428572;35114
1;2015-01;0.5357142857142857;35114
2;2016-01;0.6904761904761904;35114
3;2017-01;0.6904761904761904;35114
4;2018-01;0.5952380952380952;35114
5;2019-01;0.5952380952380952;35114
6;2020-01;0.6964285714285714;35114
7;2021-01;0.6964285714285714;35114
8;2022-01;0.7619047619047619;35114
9;2023-01;1.0;35114
10;2024-01;1.0;35114
0;2014-01;0.9642857142857143;35034
1;2015-01;0.9761904761904763;35034
2;2016-01;0.9642857142857143;35034
3;2017-01;0.9714285714285713;35034
4;2018-01;1.0;35034
5;2019-01;1.0;35034
6;2020-01;0.9375;35034
7;2021-01;0.6642857142857143;35034
8;2022-01;0.7314285714285714;35034
9;2023-01;0.71;35034
10;2024-01;0.7033333333333334;35034
0;2014-01;0.6666666666666667;35157
1;2015-01;0.6111111111111112;35157
2;2016-01;0.5833333333333334;35157
3;2017-01;0.6875;35157
4;2018-01;0.75;35157
5;2019-01;0.8;35157
6;2020-01;0.76;35157
7;2021-01;0.7;35157
8;2022-01;0.72;35157
9;2023-01;0.72;35157
10;2024-01;0.77;35157
0;2021-01;1.0;13006
1;2022-01;;13006
2;2023-01;1.0;13006
3;2024-01;1.0;13006
0;2014-01;0.9230769230769231;29004
1;2015-01;0.8119658119658121;29004
2;2016-01;0.6752136752136751;29004
3;2017-01;0.6314102564102564;29004
4;2018-01;0.6666666666666666;29004
5;2019-01;0.8333333333333334;29004
6;2020-01;0.75;29004
7;2021-01;0.7142857142857143;29004
8;2022-01;0.75;29004
9;2023-01;1.0;29004
10;2024-01;0.8184523809523809;29004
0;2014-01;0.8571428571428571;29009
1;2015-01;0.9285714285714286;29009
2;2016-01;0.9047619047619048;29009
3;2017-01;0.7380952380952381;29009
4;2018-01;0.6071428571428571;29009
5;2019-01;0.75;29009
6;2020-01;0.875;29009
7;2021-01;0.875;29009
8;2022-01;1.0;29009
9;2023-01;1.0;29009
10;2024-01;1.0;29009
0;2014-01;1.0;29015
1;2015-01;0.8888888888888888;29015
2;2016-01;0.9259259259259259;29015
3;2017-01;0.8194444444444444;29015
4;2018-01;0.6388888888888888;29015
5;2019-01;0.75;29015
6;2020-01;0.875;29015
7;2021-01;0.8333333333333334;29015
8;2022-01;1.0;29015
9;2023-01;0.875;29015
10;2024-01;0.75;29015
0;2014-01;1.0;29010
1;2015-01;0.9166666666666666;29010
2;2016-01;0.8055555555555555;29010
3;2017-01;0.8055555555555555;29010
4;2018-01;0.7916666666666666;29010
5;2019-01;0.8333333333333334;29010
6;2020-01;0.8666666666666666;29010
7;2021-01;0.8666666666666666;29010
8;2022-01;1.0;29010
9;2023-01;0.8888888888888888;29010
10;2024-01;0.9166666666666666;29010
0;2014-01;0.8;23017
1;2015-01;0.6;23017
2;2016-01;0.6;23017
3;2017-01;0.6;23017
4;2018-01;0.8;23017
5;2019-01;0.7;23017
6;2020-01;0.7999999999999999;23017
7;2021-01;0.4;23017
8;2022-01;0.8;23017
9;2023-01;0.6;23017
10;2024-01;1.0;23017
0;2014-01;0.75;23010
1;2015-01;0.75;23010
2;2016-01;0.5;23010
3;2017-01;0.5;23010
4;2018-01;0.6666666666666666;23010
5;2019-01;0.5;23010
6;2020-01;0.6666666666666666;23010
7;2021-01;0.8333333333333334;23010
8;2022-01;0.6666666666666666;23010
9;2023-01;0.875;23010
10;2024-01;1.0;23010
0;2014-01;0.5;23003
1;2015-01;0.45833333333333337;23003
2;2016-01;0.5166666666666667;23003
3;2017-01;0.5041666666666667;23003
4;2018-01;0.5583333333333333;23003
5;2019-01;0.58;23003
6;2020-01;0.5333333333333333;23003
7;2021-01;0.4533333333333333;23003
8;2022-01;0.44166666666666665;23003
9;2023-01;0.39444444444444443;23003
10;2024-01;0.4744047619047619;23003
0;2014-01;0.75;23018
1;2015-01;0.75;23018
2;2016-01;0.8333333333333334;23018
3;2017-01;0.9375;23018
4;2018-01;0.6666666666666666;23018
5;2019-01;1.0;23018
6;2020-01;1.0;23018
7;2021-01;0.7555555555555555;23018
8;2022-01;0.7333333333333334;23018
9;2023-01;0.6966666666666667;23018
10;2024-01;0.7666666666666667;23018
0;2014-01;0.8131868131868132;52011
1;2015-01;0.8498168498168498;52011
2;2016-01;0.7683150183150182;52011
3;2017-01;0.697985347985348;52011
4;2018-01;0.7059523809523809;52011
5;2019-01;0.8;52011
6;2020-01;0.775;52011
7;2021-01;0.655;52011
8;2022-01;0.6699999999999999;52011
9;2023-01;0.4066666666666666;52011
10;2024-01;0.46974358974358976;52011
0;2014-01;1.0;52012
1;2015-01;1.0;52012
2;2016-01;1.0;52012
3;2017-01;1.0;52012
4;2018-01;1.0;52012
5;2019-01;0.6666666666666666;52012
6;2020-01;0.611111111111111;52012
7;2021-01;0.75;52012
8;2022-01;0.5;52012
9;2023-01;0.8333333333333334;52012
10;2024-01;0.6875;52012
0;2014-01;1.0;15012
1;2015-01;1.0;15012
2;2016-01;1.0;15012
3;2017-01;1.0;15012
4;2018-01;;15012
5;2019-01;0.6666666666666666;15012
6;2020-01;0.7777777777777777;15012
7;2021-01;1.0;15012
8;2022-01;1.0;15012
9;2023-01;0.8333333333333334;15012
10;2024-01;0.875;15012
0;2014-01;0.7142857142857143;15009
1;2015-01;0.7619047619047619;15009
2;2016-01;0.7857142857142857;15009
3;2017-01;1.0;15009
4;2018-01;1.0;15009
5;2019-01;0.8055555555555555;15009
6;2020-01;0.8055555555555555;15009
7;2021-01;0.8541666666666666;15009
8;2022-01;0.7222222222222222;15009
9;2023-01;0.875;15009
10;2024-01;0.5555555555555555;15009
0;2014-01;0.75;26011
1;2015-01;0.75;26011
2;2016-01;0.625;26011
3;2017-01;0.5;26011
4;2018-01;0.25;26011
5;2019-01;0.5;26011
6;2020-01;0.6666666666666666;26011
7;2021-01;0.6666666666666666;26011
8;2022-01;0.6666666666666666;26011
9;2023-01;0.8333333333333334;26011
10;2024-01;0.7222222222222222;26011
0;2014-01;1.0;22009
1;2015-01;1.0;22009
2;2016-01;0.8333333333333333;22009
3;2017-01;0.8333333333333333;22009
4;2018-01;0.6666666666666666;22009
5;2019-01;1.0;22009
6;2020-01;0.7777777777777777;22009
7;2021-01;0.6666666666666666;22009
8;2022-01;0.5;22009
9;2023-01;0.625;22009
10;2024-01;0.6666666666666666;22009
0;2015-01;1.0;11007
1;2016-01;;11007
2;2017-01;;11007
3;2018-01;;11007
4;2019-01;;11007
5;2020-01;;11007
6;2021-01;;11007
7;2022-01;;11007
8;2023-01;;11007
9;2024-01;;11007
0;2014-01;1.0;43022
1;2015-01;1.0;43022
2;2016-01;0.8333333333333334;43022
3;2017-01;0.9166666666666667;43022
4;2018-01;0.9444444444444445;43022
5;2019-01;1.0;43022
6;2020-01;1.0;43022
7;2021-01;1.0;43022
8;2022-01;0.9166666666666666;43022
9;2023-01;0.9166666666666666;43022
10;2024-01;0.75;43022
0;2014-01;0.9423076923076923;43025
1;2015-01;0.7008547008547009;43025
2;2016-01;0.6047008547008547;43025
3;2017-01;0.6298076923076923;43025
4;2018-01;0.5871794871794872;43025
5;2019-01;0.4133333333333334;43025
6;2020-01;0.5466666666666666;43025
7;2021-01;0.5633333333333334;43025
8;2022-01;0.55;43025
9;2023-01;0.575;43025
10;2024-01;0.67;43025
0;2014-01;0.8035714285714286;43009
1;2015-01;0.7976190476190476;43009
2;2016-01;0.6170634920634921;43009
3;2017-01;0.6041666666666666;43009
4;2018-01;0.7455357142857143;43009
5;2019-01;0.4392857142857142;43009
6;2020-01;0.6011904761904762;43009
7;2021-01;0.6;43009
8;2022-01;0.5423280423280423;43009
9;2023-01;0.5629960317460317;43009
10;2024-01;0.3715079365079365;43009
0;2014-01;1.0;43020
1;2015-01;0.9;43020
2;2016-01;0.8666666666666667;43020
3;2017-01;0.8666666666666667;43020
4;2018-01;0.8666666666666667;43020
5;2019-01;0.9;43020
6;2020-01;0.9;43020
7;2021-01;0.9199999999999999;43020
8;2022-01;0.9199999999999999;43020
9;2023-01;0.875;43020
10;2024-01;0.7916666666666666;43020
0;2014-01;0.6944444444444444;43003
1;2015-01;0.6851851851851851;43003
2;2016-01;0.7638888888888888;43003
3;2017-01;0.8111111111111111;43003
4;2018-01;0.7666666666666667;43003
5;2019-01;0.8666666666666666;43003
6;2020-01;0.9375;43003
7;2021-01;0.7291666666666666;43003
8;2022-01;0.7291666666666666;43003
9;2023-01;0.6666666666666666;43003
10;2024-01;0.6666666666666666;43003
0;2014-01;1.0;43015
1;2015-01;1.0;43015
2;2016-01;1.0;43015
3;2017-01;0.8888888888888888;43015
4;2018-01;0.9166666666666666;43015
5;2019-01;0.8888888888888888;43015
6;2020-01;0.8888888888888888;43015
7;2021-01;1.0;43015
8;2022-01;1.0;43015
9;2023-01;0.875;43015
10;2024-01;0.9;43015
0;2014-01;0.5;43024
1;2015-01;0.5;43024
2;2016-01;;43024
3;2017-01;;43024
4;2018-01;;43024
5;2019-01;1.0;43024
6;2020-01;1.0;43024
7;2021-01;0.75;43024
8;2022-01;0.75;43024
9;2023-01;0.75;43024
10;2024-01;0.8333333333333334;43024
0;2014-01;1.0;28005
1;2015-01;1.0;28005
2;2016-01;1.0;28005
3;2017-01;0.7222222222222222;28005
4;2018-01;0.7222222222222222;28005
5;2019-01;0.611111111111111;28005
6;2020-01;0.611111111111111;28005
7;2021-01;0.5416666666666666;28005
8;2022-01;0.6666666666666666;28005
9;2023-01;0.6666666666666666;28005
10;2024-01;0.8333333333333334;28005
0;2014-01;1.0;17006
1;2015-01;0.9444444444444444;17006
2;2016-01;0.8472222222222222;17006
3;2017-01;0.8194444444444444;17006
4;2018-01;0.8472222222222222;17006
5;2019-01;1.0;17006
6;2020-01;0.9333333333333332;17006
7;2021-01;0.9166666666666666;17006
8;2022-01;0.8333333333333333;17006
9;2023-01;0.8666666666666666;17006
10;2024-01;0.7266666666666667;17006
0;2014-01;0.8571428571428571;27004
1;2015-01;0.6190476190476191;27004
2;2016-01;0.5892857142857143;27004
3;2017-01;0.6428571428571429;27004
4;2018-01;0.4732142857142857;27004
5;2019-01;0.6388888888888888;27004
6;2020-01;0.5625;27004
7;2021-01;0.75;27004
8;2022-01;0.5833333333333333;27004
9;2023-01;0.47222222222222215;27004
10;2024-01;0.611111111111111;27004
0;2014-01;0.85;27003
1;2015-01;0.6888888888888888;27003
2;2016-01;0.6416666666666666;27003
3;2017-01;0.5333333333333333;27003
4;2018-01;0.5833333333333333;27003
5;2019-01;0.5;27003
6;2020-01;0.5;27003
7;2021-01;0.4625;27003
8;2022-01;0.5222222222222223;27003
9;2023-01;0.49444444444444446;27003
10;2024-01;0.6055555555555555;27003
0;2014-01;;13002
1;2015-01;1.0;13002
2;2016-01;1.0;13002
3;2017-01;1.0;13002
4;2018-01;;13002
5;2019-01;0.5833333333333333;13002
6;2020-01;0.5833333333333333;13002
7;2021-01;0.7222222222222222;13002
8;2022-01;0.611111111111111;13002
9;2023-01;0.611111111111111;13002
10;2024-01;0.611111111111111;13002
0;2014-01;0.7;52002
1;2015-01;0.7777777777777777;52002
2;2016-01;0.6;52002
3;2017-01;0.6199999999999999;52002
4;2018-01;0.653968253968254;52002
5;2019-01;0.6031746031746031;52002
6;2020-01;0.6452380952380953;52002
7;2021-01;0.6578947368421053;52002
8;2022-01;0.5801754385964912;52002
9;2023-01;0.5053793574846206;52002
10;2024-01;0.48376395534290273;52002
0;2014-01;0.7142857142857143;52017
1;2015-01;0.7857142857142857;52017
2;2016-01;0.7857142857142857;52017
3;2017-01;0.7857142857142857;52017
4;2018-01;0.8571428571428571;52017
5;2019-01;0.6428571428571428;52017
6;2020-01;0.6857142857142857;52017
7;2021-01;0.6464285714285715;52017
8;2022-01;0.65;52017
9;2023-01;0.6916666666666667;52017
10;2024-01;0.7133333333333333;52017
0;2014-01;1.0;52009
1;2015-01;0.75;52009
2;2016-01;0.75;52009
3;2017-01;0.75;52009
4;2018-01;0.75;52009
5;2019-01;1.0;52009
6;2020-01;;52009
7;2021-01;1.0;52009
8;2022-01;1.0;52009
9;2023-01;1.0;52009
10;2024-01;1.0;52009
0;2014-01;1.0;21003
1;2015-01;;21003
2;2016-01;1.0;21003
3;2017-01;1.0;21003
4;2018-01;0.5;21003
5;2019-01;0.75;21003
6;2020-01;0.75;21003
7;2021-01;0.625;21003
8;2022-01;0.6666666666666666;21003
9;2023-01;0.6666666666666666;21003
10;2024-01;0.625;21003
0;2014-01;1.0;31089
1;2015-01;0.6666666666666666;31089
2;2016-01;0.8333333333333333;31089
3;2017-01;0.6666666666666666;31089
4;2018-01;0.8333333333333333;31089
5;2019-01;1.0;31089
6;2020-01;1.0;31089
7;2021-01;1.0;31089
8;2022-01;1.0;31089
9;2023-01;1.0;31089
10;2024-01;0.7222222222222222;31089
0;2014-01;1.0;31053
1;2015-01;1.0;31053
2;2016-01;1.0;31053
3;2017-01;1.0;31053
4;2018-01;1.0;31053
5;2019-01;1.0;31053
6;2020-01;1.0;31053
7;2021-01;1.0;31053
8;2022-01;1.0;31053
9;2023-01;1.0;31053
10;2024-01;1.0;31053
0;2014-01;0.6;31060
1;2015-01;0.8;31060
2;2016-01;0.6;31060
3;2017-01;0.8;31060
4;2018-01;1.0;31060
5;2019-01;1.0;31060
6;2020-01;1.0;31060
7;2021-01;1.0;31060
8;2022-01;1.0;31060
9;2023-01;0.875;31060
10;2024-01;0.875;31060
0;2014-01;0.6;31048
1;2015-01;0.8;31048
2;2016-01;0.9;31048
3;2017-01;0.8166666666666668;31048
4;2018-01;0.5095238095238095;31048
5;2019-01;0.6321428571428571;31048
6;2020-01;0.5107142857142857;31048
7;2021-01;0.5107142857142857;31048
8;2022-01;0.6485714285714286;31048
9;2023-01;0.77;31048
10;2024-01;0.82;31048
0;2014-01;0.9423076923076923;51002
1;2015-01;0.9615384615384616;51002
2;2016-01;0.6602564102564102;51002
3;2017-01;0.7884615384615384;51002
4;2018-01;0.75;51002
5;2019-01;0.6939102564102564;51002
6;2020-01;0.8189102564102564;51002
7;2021-01;0.8743589743589745;51002
8;2022-01;0.7728205128205128;51002
9;2023-01;0.7482051282051282;51002
10;2024-01;0.7176923076923077;51002
0;2014-01;1.0;51013
1;2015-01;0.8888888888888888;51013
2;2016-01;0.8333333333333334;51013
3;2017-01;0.875;51013
4;2018-01;0.7;51013
5;2019-01;0.7333333333333333;51013
6;2020-01;0.6666666666666666;51013
7;2021-01;0.6666666666666666;51013
8;2022-01;0.7083333333333334;51013
9;2023-01;0.7666666666666667;51013
10;2024-01;0.85;51013
0;2014-01;1.0;15014
1;2015-01;1.0;15014
2;2016-01;1.0;15014
3;2017-01;1.0;15014
4;2018-01;1.0;15014
5;2019-01;1.0;15014
6;2020-01;1.0;15014
7;2021-01;1.0;15014
8;2022-01;;15014
9;2023-01;1.0;15014
10;2024-01;1.0;15014
0;2014-01;0.7142857142857143;25003
1;2015-01;0.7857142857142857;25003
2;2016-01;0.6904761904761904;25003
3;2017-01;0.6071428571428571;25003
4;2018-01;0.42857142857142855;25003
5;2019-01;0.5833333333333334;25003
6;2020-01;0.4375;25003
7;2021-01;0.625;25003
8;2022-01;0.5;25003
9;2023-01;0.6388888888888888;25003
10;2024-01;0.3333333333333333;25003
0;2014-01;0.8333333333333333;25012
1;2015-01;0.75;25012
2;2016-01;0.638888888888889;25012
3;2017-01;0.5416666666666666;25012
4;2018-01;0.38888888888888884;25012
5;2019-01;0.625;25012
6;2020-01;0.38888888888888884;25012
7;2021-01;0.625;25012
8;2022-01;0.41666666666666663;25012
9;2023-01;0.375;25012
10;2024-01;0.5277777777777778;25012
0;2014-01;0.8235294117647058;26004
1;2015-01;0.8235294117647058;26004
2;2016-01;0.9411764705882353;26004
3;2017-01;0.9019607843137255;26004
4;2018-01;0.5779411764705882;26004
5;2019-01;0.6388235294117647;26004
6;2020-01;0.725;26004
7;2021-01;0.725;26004
8;2022-01;0.7133333333333333;26004
9;2023-01;0.7266666666666667;26004
10;2024-01;0.6599999999999999;26004
0;2014-01;0.5277777777777778;26005
1;2015-01;0.5555555555555556;26005
2;2016-01;0.5740740740740741;26005
3;2017-01;0.6527777777777778;26005
4;2018-01;0.5416666666666666;26005
5;2019-01;0.6333333333333333;26005
6;2020-01;0.5;26005
7;2021-01;0.6;26005
8;2022-01;0.7;26005
9;2023-01;0.6;26005
10;2024-01;0.6875;26005
0;2015-01;1.0;22002
1;2016-01;1.0;22002
2;2017-01;0.75;22002
3;2018-01;1.0;22002
4;2019-01;1.0;22002
5;2020-01;1.0;22002
6;2021-01;0.75;22002
7;2022-01;0.75;22002
8;2023-01;1.0;22002
9;2024-01;0.75;22002
0;2014-01;0.9230769230769231;41016
1;2015-01;0.9423076923076923;41016
2;2016-01;0.9615384615384616;41016
3;2017-01;0.8044871794871795;41016
4;2018-01;1.0;41016
5;2019-01;1.0;41016
6;2020-01;0.7000000000000001;41016
7;2021-01;0.6916666666666667;41016
8;2022-01;0.6;41016
9;2023-01;0.5133333333333333;41016
10;2024-01;0.37777777777777777;41016
0;2014-01;0.611111111111111;41009
1;2015-01;0.8518518518518517;41009
2;2016-01;0.8148148148148149;41009
3;2017-01;0.8611111111111112;41009
4;2018-01;0.888888888888889;41009
5;2019-01;0.8333333333333334;41009
6;2020-01;0.85;41009
7;2021-01;0.85;41009
8;2022-01;0.7833333333333333;41009
9;2023-01;0.8333333333333333;41009
10;2024-01;1.0;41009
0;2014-01;1.0;41022
1;2015-01;1.0;41022
2;2016-01;1.0;41022
3;2017-01;1.0;41022
4;2018-01;1.0;41022
5;2019-01;1.0;41022
6;2020-01;1.0;41022
7;2021-01;1.0;41022
8;2022-01;1.0;41022
9;2023-01;1.0;41022
10;2024-01;0.7777777777777777;41022
0;2014-01;0.4;41021
1;2015-01;0.2;41021
2;2016-01;0.2;41021
3;2017-01;0.2;41021
4;2018-01;0.2;41021
5;2019-01;0.6;41021
6;2020-01;0.6;41021
7;2021-01;0.7333333333333334;41021
8;2022-01;1.0;41021
9;2023-01;1.0;41021
10;2024-01;1.0;41021
0;2014-01;0.8392857142857143;33002
1;2015-01;0.8142857142857144;33002
2;2016-01;0.8517857142857144;33002
3;2017-01;0.6799999999999999;33002
4;2018-01;0.49714285714285716;33002
5;2019-01;0.6;33002
6;2020-01;0.6414285714285715;33002
7;2021-01;0.7714285714285715;33002
8;2022-01;0.6895238095238095;33002
9;2023-01;0.6313419913419913;33002
10;2024-01;0.6086147186147186;33002
0;2014-01;0.6989795918367347;33008
1;2015-01;0.9489795918367347;33008
2;2016-01;0.7647392290249432;33008
3;2017-01;0.7351190476190476;33008
4;2018-01;0.6666666666666666;33008
5;2019-01;0.7666666666666666;33008
6;2020-01;0.6666666666666667;33008
7;2021-01;0.7714285714285715;33008
8;2022-01;0.75;33008
9;2023-01;0.7214285714285714;33008
10;2024-01;0.8192307692307693;33008
0;2014-01;0.8680142147516958;33005
1;2015-01;0.7415838706207358;33005
2;2016-01;0.6313330864077962;33005
3;2017-01;0.6401676316350957;33005
4;2018-01;0.6083752336610451;33005
5;2019-01;0.5236632071171072;33005
6;2020-01;0.4743022159208238;33005
7;2021-01;0.5291070322329303;33005
8;2022-01;0.5764257156829609;33005
9;2023-01;0.6082040562550355;33005
10;2024-01;0.5929685754333593;33005
0;2014-01;0.7698924731182795;33006
1;2015-01;0.6750896057347671;33006
2;2016-01;0.6453725038402458;33006
3;2017-01;0.4734869431643626;33006
4;2018-01;0.44793650793650797;33006
5;2019-01;0.5095238095238095;33006
6;2020-01;0.5333333333333333;33006
7;2021-01;0.49490392648287385;33006
8;2022-01;0.539515455304929;33006
9;2023-01;0.45521994641776853;33006
10;2024-01;0.473126782473425;33006
0;2014-01;0.7939189189189189;33003
1;2015-01;0.7342342342342342;33003
2;2016-01;0.7668918918918919;33003
3;2017-01;0.8081081081081081;33003
4;2018-01;0.8333333333333333;33003
5;2019-01;0.6599999999999999;33003
6;2020-01;0.7533333333333333;33003
7;2021-01;0.6916666666666667;33003
8;2022-01;0.8166666666666667;33003
9;2023-01;0.5583333333333333;33003
10;2024-01;0.43333333333333335;33003
0;2014-01;0.9487179487179487;33004
1;2015-01;0.9572649572649573;33004
2;2016-01;0.8846153846153846;33004
3;2017-01;0.8054700854700855;33004
4;2018-01;0.7747619047619048;33004
5;2019-01;0.7161038961038961;33004
6;2020-01;0.7264935064935065;33004
7;2021-01;0.6621212121212121;33004
8;2022-01;0.5872727272727273;33004
9;2023-01;0.6333766233766234;33004
10;2024-01;0.6476190476190476;33004
0;2014-01;0.9;33007
1;2015-01;0.9;33007
2;2016-01;0.8416666666666666;33007
3;2017-01;0.8833333333333332;33007
4;2018-01;0.9166666666666666;33007
5;2019-01;0.8333333333333333;33007
6;2020-01;0.7666666666666666;33007
7;2021-01;0.6833333333333333;33007
8;2022-01;0.6833333333333333;33007
9;2023-01;0.5166666666666666;33007
10;2024-01;0.6199999999999999;33007
0;2014-01;0.8181818181818182;33001
1;2015-01;0.7386363636363636;33001
2;2016-01;0.6931818181818181;33001
3;2017-01;0.7954545454545454;33001
4;2018-01;0.7954545454545454;33001
5;2019-01;0.7348484848484849;33001
6;2020-01;0.75;33001
7;2021-01;0.8333333333333334;33001
8;2022-01;0.875;33001
9;2023-01;0.875;33001
10;2024-01;0.9;33001
0;2014-01;0.7192307692307692;33009
1;2015-01;0.7104700854700855;33009
2;2016-01;0.7405448717948717;33009
3;2017-01;0.5853846153846154;33009
4;2018-01;0.575;33009
5;2019-01;0.5520833333333333;33009
6;2020-01;0.5625;33009
7;2021-01;0.5;33009
8;2022-01;0.6297619047619047;33009
9;2023-01;0.6202380952380953;33009
10;2024-01;0.5785714285714285;33009
0;2014-01;0.625;29005
1;2015-01;0.6875;29005
2;2016-01;0.75;29005
3;2017-01;0.75;29005
4;2018-01;0.5625;29005
5;2019-01;0.5583333333333333;29005
6;2020-01;0.6375;29005
7;2021-01;0.5041666666666667;29005
8;2022-01;0.4916666666666667;29005
9;2023-01;0.425;29005
10;2024-01;0.6166666666666667;29005
0;2014-01;0.8333333333333334;29022
1;2015-01;0.75;29022
2;2016-01;0.6666666666666666;29022
3;2017-01;0.6666666666666666;29022
4;2018-01;0.5625;29022
5;2019-01;0.6458333333333334;29022
6;2020-01;0.5833333333333334;29022
7;2021-01;0.6875;29022
8;2022-01;0.7291666666666666;29022
9;2023-01;0.7666666666666666;29022
10;2024-01;0.6333333333333333;29022
0;2014-01;;23007
1;2015-01;1.0;23007
2;2016-01;0.75;23007
3;2017-01;1.0;23007
4;2018-01;1.0;23007
5;2019-01;1.0;23007
6;2020-01;1.0;23007
7;2021-01;1.0;23007
8;2022-01;0.75;23007
9;2023-01;0.75;23007
10;2024-01;0.8333333333333334;23007
0;2014-01;0.875;23020
1;2015-01;0.9375;23020
2;2016-01;0.7916666666666666;23020
3;2017-01;0.6666666666666666;23020
4;2018-01;0.625;23020
5;2019-01;0.59375;23020
6;2020-01;0.5;23020
7;2021-01;0.4166666666666667;23020
8;2022-01;0.5625;23020
9;2023-01;0.6875;23020
10;2024-01;0.7;23020
0;2014-01;0.8241106719367588;53001
1;2015-01;0.7928853754940711;53001
2;2016-01;0.7714317083882302;53001
3;2017-01;0.7939745278875714;53001
4;2018-01;0.7591919191919192;53001
5;2019-01;0.6706432748538012;53001
6;2020-01;0.622046783625731;53001
7;2021-01;0.713765664160401;53001
8;2022-01;0.7825900900900902;53001
9;2023-01;0.7835329878750932;53001
10;2024-01;0.7530075888696579;53001
0;2014-01;0.9166666666666667;21005
1;2015-01;0.9444444444444445;21005
2;2016-01;0.7222222222222222;21005
3;2017-01;0.7916666666666666;21005
4;2018-01;0.5833333333333333;21005
5;2019-01;0.6666666666666666;21005
6;2020-01;0.6666666666666666;21005
7;2021-01;0.7222222222222222;21005
8;2022-01;0.7222222222222222;21005
9;2023-01;0.7083333333333334;21005
10;2024-01;0.7666666666666666;21005
0;2014-01;0.8333333333333333;21008
1;2015-01;0.6666666666666666;21008
2;2016-01;0.8333333333333333;21008
3;2017-01;0.8666666666666666;21008
4;2018-01;0.7777777777777778;21008
5;2019-01;0.8333333333333334;21008
6;2020-01;1.0;21008
7;2021-01;0.875;21008
8;2022-01;0.75;21008
9;2023-01;0.8125;21008
10;2024-01;0.6875;21008
0;2014-01;0.875;21009
1;2015-01;0.75;21009
2;2016-01;0.6666666666666666;21009
3;2017-01;0.25;21009
4;2018-01;1.0;21009
5;2019-01;1.0;21009
6;2020-01;0.9166666666666666;21009
7;2021-01;0.7083333333333333;21009
8;2022-01;0.7083333333333333;21009
9;2023-01;0.8333333333333333;21009
10;2024-01;0.75;21009
0;2014-01;0.75;31047
1;2015-01;0.75;31047
2;2016-01;1.0;31047
3;2017-01;1.0;31047
4;2018-01;1.0;31047
5;2019-01;1.0;31047
6;2020-01;1.0;31047
7;2021-01;1.0;31047
8;2022-01;1.0;31047
9;2023-01;1.0;31047
10;2024-01;0.8888888888888888;31047
0;2014-01;0.775;31019
1;2015-01;0.85;31019
2;2016-01;0.7166666666666667;31019
3;2017-01;0.6625;31019
4;2018-01;0.6;31019
5;2019-01;0.58;31019
6;2020-01;0.7;31019
7;2021-01;0.8;31019
8;2022-01;0.9;31019
9;2023-01;0.95;31019
10;2024-01;0.95;31019
0;2014-01;1.0;31051
1;2015-01;1.0;31051
2;2016-01;1.0;31051
3;2017-01;1.0;31051
4;2018-01;1.0;31051
5;2019-01;1.0;31051
6;2020-01;1.0;31051
7;2021-01;0.75;31051
8;2022-01;0.75;31051
9;2023-01;0.8333333333333334;31051
10;2024-01;1.0;31051
0;2014-01;0.75;31032
1;2015-01;0.5;31032
2;2016-01;0.6666666666666666;31032
3;2017-01;0.75;31032
4;2018-01;0.7916666666666666;31032
5;2019-01;0.7916666666666666;31032
6;2020-01;0.7916666666666666;31032
7;2021-01;0.8333333333333334;31032
8;2022-01;0.875;31032
9;2023-01;0.8;31032
10;2024-01;0.7;31032
0;2014-01;1.0;31093
1;2015-01;1.0;31093
2;2016-01;1.0;31093
3;2017-01;0.7083333333333333;31093
4;2018-01;0.5833333333333333;31093
5;2019-01;0.8055555555555555;31093
6;2020-01;0.7291666666666666;31093
7;2021-01;0.7916666666666666;31093
8;2022-01;0.7916666666666666;31093
9;2023-01;1.0;31093
10;2024-01;0.9166666666666666;31093
0;2014-01;1.0;31095
1;2015-01;0.5;31095
2;2016-01;0.75;31095
3;2017-01;0.8333333333333334;31095
4;2018-01;0.8333333333333334;31095
5;2019-01;0.75;31095
6;2020-01;1.0;31095
7;2021-01;1.0;31095
8;2022-01;0.75;31095
9;2023-01;0.8333333333333334;31095
10;2024-01;0.875;31095
0;2014-01;0.5714285714285714;31058
1;2015-01;0.7142857142857143;31058
2;2016-01;0.7619047619047619;31058
3;2017-01;0.39285714285714285;31058
4;2018-01;0.3214285714285714;31058
5;2019-01;0.5476190476190476;31058
6;2020-01;0.5714285714285714;31058
7;2021-01;0.7142857142857143;31058
8;2022-01;1.0;31058
9;2023-01;1.0;31058
10;2024-01;1.0;31058
0;2014-01;1.0;51011
1;2015-01;1.0;51011
2;2016-01;1.0;51011
3;2017-01;1.0;51011
4;2018-01;1.0;51011
5;2019-01;1.0;51011
6;2020-01;1.0;51011
7;2021-01;1.0;51011
8;2022-01;1.0;51011
9;2023-01;1.0;51011
10;2024-01;1.0;51011
0;2014-01;1.0;51010
1;2015-01;1.0;51010
2;2016-01;1.0;51010
3;2017-01;1.0;51010
4;2018-01;1.0;51010
5;2019-01;1.0;51010
6;2020-01;1.0;51010
7;2021-01;1.0;51010
8;2022-01;1.0;51010
9;2023-01;1.0;51010
10;2024-01;1.0;51010
0;2014-01;1.0;51004
1;2015-01;1.0;51004
2;2016-01;;51004
3;2017-01;;51004
4;2018-01;1.0;51004
5;2019-01;1.0;51004
6;2020-01;1.0;51004
7;2021-01;1.0;51004
8;2022-01;1.0;51004
9;2023-01;1.0;51004
10;2024-01;1.0;51004
0;2014-01;1.0;51007
1;2015-01;1.0;51007
2;2016-01;1.0;51007
3;2017-01;1.0;51007
4;2018-01;1.0;51007
5;2019-01;1.0;51007
6;2020-01;1.0;51007
7;2021-01;0.875;51007
8;2022-01;1.0;51007
9;2023-01;1.0;51007
10;2024-01;1.0;51007
0;2014-01;1.0;15001
1;2015-01;1.0;15001
2;2016-01;1.0;15001
3;2017-01;1.0;15001
4;2018-01;0.5;15001
5;2019-01;0.75;15001
6;2020-01;0.75;15001
7;2021-01;0.5555555555555555;15001
8;2022-01;0.5555555555555555;15001
9;2023-01;0.7222222222222222;15001
10;2024-01;0.7916666666666666;15001
0;2014-01;0.5;25015
1;2015-01;0.625;25015
2;2016-01;0.5;25015
3;2017-01;0.75;25015
4;2018-01;0.4166666666666667;25015
5;2019-01;0.4444444444444444;25015
6;2020-01;0.6666666666666666;25015
7;2021-01;0.5833333333333333;25015
8;2022-01;0.6666666666666666;25015
9;2023-01;0.6666666666666666;25015
10;2024-01;1.0;25015
0;2018-01;0.5;22008
1;2019-01;0.75;22008
2;2020-01;0.75;22008
3;2021-01;0.5;22008
4;2022-01;0.6666666666666666;22008
5;2023-01;0.6666666666666666;22008
6;2024-01;0.8333333333333334;22008
0;2014-01;1.0;41012
1;2015-01;1.0;41012
2;2016-01;0.75;41012
3;2017-01;0.75;41012
4;2018-01;0.75;41012
5;2019-01;0.8333333333333334;41012
6;2020-01;0.875;41012
7;2021-01;0.9;41012
8;2022-01;0.9;41012
9;2023-01;0.9;41012
10;2024-01;1.0;41012
0;2014-01;1.0;11001
1;2015-01;1.0;11001
2;2016-01;0.5;11001
3;2017-01;0.5;11001
4;2018-01;0.5;11001
5;2019-01;0.5;11001
6;2020-01;0.6666666666666666;11001
7;2021-01;0.75;11001
8;2022-01;0.875;11001
9;2023-01;0.875;11001
10;2024-01;0.75;11001
0;2014-01;0.8333333333333334;35162
1;2015-01;0.9166666666666667;35162
2;2016-01;0.7222222222222222;35162
3;2017-01;0.7916666666666666;35162
4;2018-01;0.625;35162
5;2019-01;0.7333333333333333;35162
6;2020-01;0.7;35162
7;2021-01;0.75;35162
8;2022-01;0.875;35162
9;2023-01;0.875;35162
10;2024-01;0.6875;35162
0;2014-01;0.6785714285714286;35094
1;2015-01;0.7380952380952381;35094
2;2016-01;0.8035714285714286;35094
3;2017-01;0.7678571428571428;35094
4;2018-01;0.8333333333333334;35094
5;2019-01;1.0;35094
6;2020-01;0.9333333333333332;35094
7;2021-01;0.7000000000000001;35094
8;2022-01;0.5875;35094
9;2023-01;0.63;35094
10;2024-01;0.51;35094
0;2014-01;0.835;35063
1;2015-01;0.8633333333333333;35063
2;2016-01;0.8633333333333333;35063
3;2017-01;0.8058333333333334;35063
4;2018-01;0.6916666666666667;35063
5;2019-01;0.5583333333333333;35063
6;2020-01;0.6466666666666667;35063
7;2021-01;0.530952380952381;35063
8;2022-01;0.43714285714285717;35063
9;2023-01;0.48;35063
10;2024-01;0.58;35063
0;2014-01;0.9117647058823529;35143
1;2015-01;0.9411764705882353;35143
2;2016-01;0.8823529411764706;35143
3;2017-01;0.9117647058823529;35143
4;2018-01;0.6862745098039216;35143
5;2019-01;0.8300653594771242;35143
6;2020-01;0.8725490196078431;35143
7;2021-01;0.8333333333333334;35143
8;2022-01;0.8333333333333334;35143
9;2023-01;0.7222222222222222;35143
10;2024-01;0.5277777777777778;35143
0;2014-01;0.9;35065
1;2015-01;0.8;35065
2;2016-01;0.8666666666666667;35065
3;2017-01;0.5666666666666667;35065
4;2018-01;0.675;35065
5;2019-01;0.6333333333333333;35065
6;2020-01;0.55;35065
7;2021-01;0.5;35065
8;2022-01;0.7000000000000001;35065
9;2023-01;0.5888888888888889;35065
10;2024-01;0.7222222222222222;35065
0;2014-01;0.875;35082
1;2015-01;0.7638888888888888;35082
2;2016-01;0.7638888888888888;35082
3;2017-01;0.8541666666666666;35082
4;2018-01;0.625;35082
5;2019-01;0.7777777777777777;35082
6;2020-01;0.7777777777777777;35082
7;2021-01;0.8333333333333333;35082
8;2022-01;0.6666666666666666;35082
9;2023-01;0.9166666666666666;35082
10;2024-01;0.75;35082
0;2014-01;0.9615384615384616;35102
1;2015-01;0.9743589743589745;35102
2;2016-01;0.7756410256410257;35102
3;2017-01;0.8205128205128205;35102
4;2018-01;0.7333333333333333;35102
5;2019-01;0.8333333333333333;35102
6;2020-01;0.7916666666666667;35102
7;2021-01;0.8333333333333334;35102
8;2022-01;0.7666666666666667;35102
9;2023-01;0.9;35102
10;2024-01;0.8833333333333333;35102
0;2014-01;0.7130434782608696;35104
1;2015-01;0.7942028985507247;35104
2;2016-01;0.7942028985507247;35104
3;2017-01;0.7597826086956522;35104
4;2018-01;0.3833333333333333;35104
5;2019-01;0.5;35104
6;2020-01;0.65;35104
7;2021-01;0.5333333333333333;35104
8;2022-01;0.5499999999999999;35104
9;2023-01;0.6125;35104
10;2024-01;0.5733333333333334;35104
0;2014-01;1.0;35033
1;2015-01;0.8571428571428572;35033
2;2016-01;0.9047619047619048;35033
3;2017-01;0.9047619047619048;35033
4;2018-01;0.6428571428571428;35033
5;2019-01;0.5178571428571428;35033
6;2020-01;0.5178571428571428;35033
7;2021-01;0.5190476190476191;35033
8;2022-01;0.5333333333333333;35033
9;2023-01;0.6333333333333333;35033
10;2024-01;0.6666666666666666;35033
0;2014-01;0.7708333333333333;35174
1;2015-01;0.9083333333333333;35174
2;2016-01;0.73125;35174
3;2017-01;0.74;35174
4;2018-01;0.85;35174
5;2019-01;0.7083333333333333;35174
6;2020-01;0.6916666666666667;35174
7;2021-01;0.7833333333333333;35174
8;2022-01;0.775;35174
9;2023-01;0.8194444444444444;35174
10;2024-01;0.7861111111111111;35174
0;2014-01;1.0;35095
1;2015-01;1.0;35095
2;2016-01;0.5555555555555556;35095
3;2017-01;0.5555555555555556;35095
4;2018-01;0.7222222222222222;35095
5;2019-01;0.8148148148148149;35095
6;2020-01;0.6666666666666666;35095
7;2021-01;0.7777777777777778;35095
8;2022-01;0.7777777777777778;35095
9;2023-01;1.0;35095
10;2024-01;1.0;35095
0;2014-01;0.875;35173
1;2015-01;0.8333333333333333;35173
2;2016-01;0.4444444444444444;35173
3;2017-01;0.47222222222222227;35173
4;2018-01;0.5416666666666666;35173
5;2019-01;0.6333333333333333;35173
6;2020-01;0.7666666666666667;35173
7;2021-01;0.9375;35173
8;2022-01;0.85;35173
9;2023-01;0.63;35173
10;2024-01;0.53;35173
0;2014-01;1.0;35083
1;2015-01;0.6222222222222222;35083
2;2016-01;0.7166666666666667;35083
3;2017-01;0.6733333333333333;35083
4;2018-01;0.64;35083
5;2019-01;0.5;35083
6;2020-01;0.52;35083
7;2021-01;0.65;35083
8;2022-01;0.775;35083
9;2023-01;0.6;35083
10;2024-01;0.6166666666666667;35083
0;2014-01;0.5714285714285714;16001
1;2015-01;0.7142857142857143;16001
2;2016-01;0.8095238095238094;16001
3;2017-01;0.7321428571428571;16001
4;2018-01;0.7857142857142857;16001
5;2019-01;0.8571428571428571;16001
6;2020-01;0.875;16001
7;2021-01;0.875;16001
8;2022-01;0.8333333333333334;16001
9;2023-01;0.5;16001
10;2024-01;0.5;16001
0;2014-01;0.41666666666666663;29024
1;2015-01;0.611111111111111;29024
2;2016-01;0.611111111111111;29024
3;2017-01;0.611111111111111;29024
4;2018-01;0.5833333333333334;29024
5;2019-01;0.5833333333333334;29024
6;2020-01;0.6666666666666666;29024
7;2021-01;0.6666666666666666;29024
8;2022-01;0.5833333333333334;29024
9;2023-01;0.75;29024
10;2024-01;0.75;29024
0;2014-01;0.8;23019
1;2015-01;0.9333333333333332;23019
2;2016-01;0.5333333333333333;23019
3;2017-01;0.45555555555555555;23019
4;2018-01;0.41666666666666663;23019
5;2019-01;0.5;23019
6;2020-01;0.5333333333333333;23019
7;2021-01;0.5;23019
8;2022-01;0.7222222222222222;23019
9;2023-01;0.7083333333333333;23019
10;2024-01;0.5166666666666667;23019
0;2014-01;0.75;31010
1;2015-01;1.0;31010
2;2016-01;0.5833333333333333;31010
3;2017-01;0.5555555555555555;31010
4;2018-01;0.5833333333333333;31010
5;2019-01;0.611111111111111;31010
6;2020-01;0.7222222222222222;31010
7;2021-01;0.7222222222222222;31010
8;2022-01;0.5555555555555555;31010
9;2023-01;0.5555555555555555;31010
10;2024-01;0.6666666666666666;31010
0;2014-01;0.8;31087
1;2015-01;0.65;31087
2;2016-01;0.6333333333333333;31087
3;2017-01;0.7000000000000001;31087
4;2018-01;0.45;31087
5;2019-01;0.6333333333333333;31087
6;2020-01;0.8333333333333334;31087
7;2021-01;0.8333333333333334;31087
8;2022-01;0.8333333333333334;31087
9;2023-01;1.0;31087
10;2024-01;1.0;31087
0;2015-01;1.0;31076
1;2016-01;1.0;31076
2;2017-01;1.0;31076
3;2018-01;;31076
4;2019-01;1.0;31076
5;2020-01;1.0;31076
6;2021-01;1.0;31076
7;2022-01;;31076
8;2023-01;1.0;31076
9;2024-01;1.0;31076
0;2014-01;0.7142857142857143;31045
1;2015-01;0.8571428571428571;31045
2;2016-01;0.8571428571428572;31045
3;2017-01;0.9047619047619048;31045
4;2018-01;0.626984126984127;31045
5;2019-01;0.5535714285714286;31045
6;2020-01;0.47023809523809523;31045
7;2021-01;0.5416666666666666;31045
8;2022-01;0.6;31045
9;2023-01;0.7333333333333333;31045
10;2024-01;0.8333333333333334;31045
0;2014-01;0.75;31012
1;2015-01;0.8333333333333334;31012
2;2016-01;0.8333333333333334;31012
3;2017-01;0.8333333333333334;31012
4;2018-01;0.8333333333333334;31012
5;2019-01;0.875;31012
6;2020-01;0.875;31012
7;2021-01;1.0;31012
8;2022-01;1.0;31012
9;2023-01;1.0;31012
10;2024-01;0.85;31012
0;2014-01;0.9285714285714286;31008
1;2015-01;0.9285714285714286;31008
2;2016-01;0.9285714285714285;31008
3;2017-01;0.9107142857142857;31008
4;2018-01;0.9107142857142857;31008
5;2019-01;0.9142857142857143;31008
6;2020-01;0.85;31008
7;2021-01;0.85;31008
8;2022-01;0.8125;31008
9;2023-01;0.8125;31008
10;2024-01;0.8;31008
0;2014-01;1.0;31026
1;2015-01;1.0;31026
2;2016-01;1.0;31026
3;2017-01;0.625;31026
4;2018-01;0.5833333333333334;31026
5;2019-01;0.6666666666666666;31026
6;2020-01;1.0;31026
7;2021-01;1.0;31026
8;2022-01;1.0;31026
9;2023-01;1.0;31026
10;2024-01;1.0;31026
0;2014-01;0.75;31070
1;2015-01;0.625;31070
2;2016-01;0.5;31070
3;2017-01;0.5;31070
4;2018-01;0.6833333333333332;31070
5;2019-01;0.6;31070
6;2020-01;0.5166666666666667;31070
7;2021-01;0.7666666666666666;31070
8;2022-01;0.7666666666666666;31070
9;2023-01;0.9333333333333332;31070
10;2024-01;0.9;31070
0;2014-01;0.8571428571428572;31035
1;2015-01;0.8571428571428572;31035
2;2016-01;0.8571428571428572;31035
3;2017-01;0.9523809523809524;31035
4;2018-01;0.9523809523809524;31035
5;2019-01;0.8571428571428572;31035
6;2020-01;0.9047619047619048;31035
7;2021-01;0.9166666666666666;31035
8;2022-01;0.9166666666666666;31035
9;2023-01;0.9375;31035
10;2024-01;0.9;31035
0;2018-01;1.0;51003
1;2019-01;;51003
2;2020-01;;51003
3;2021-01;;51003
4;2022-01;;51003
5;2023-01;1.0;51003
6;2024-01;1.0;51003
0;2014-01;0.8;26007
1;2015-01;0.8;26007
2;2016-01;0.8;26007
3;2017-01;0.9;26007
4;2018-01;0.9333333333333332;26007
5;2019-01;0.825;26007
6;2020-01;0.825;26007
7;2021-01;0.86;26007
8;2022-01;0.86;26007
9;2023-01;0.75;26007
10;2024-01;0.611111111111111;26007
0;2014-01;0.65;26002
1;2015-01;0.6;26002
2;2016-01;0.4666666666666666;26002
3;2017-01;0.6;26002
4;2018-01;0.7000000000000001;26002
5;2019-01;0.8333333333333334;26002
6;2020-01;0.8333333333333334;26002
7;2021-01;0.9166666666666666;26002
8;2022-01;0.7291666666666666;26002
9;2023-01;0.47916666666666663;26002
10;2024-01;0.3958333333333333;26002
0;2014-01;0.8;41013
1;2015-01;0.8;41013
2;2016-01;0.8;41013
3;2017-01;0.9;41013
4;2018-01;0.9;41013
5;2019-01;0.9;41013
6;2020-01;0.9333333333333332;41013
7;2021-01;0.9333333333333332;41013
8;2022-01;0.9333333333333332;41013
9;2023-01;0.8666666666666667;41013
10;2024-01;0.7083333333333333;41013
0;2014-01;0.8333333333333334;24002
1;2015-01;0.9166666666666667;24002
2;2016-01;0.9444444444444445;24002
3;2017-01;0.9444444444444445;24002
4;2018-01;0.9583333333333334;24002
5;2019-01;0.875;24002
6;2020-01;0.7666666666666666;24002
7;2021-01;0.7083333333333333;24002
8;2022-01;0.6458333333333334;24002
9;2023-01;0.7266666666666667;24002
10;2024-01;0.7466666666666667;24002
0;2014-01;0.75;17001
1;2015-01;0.8125;17001
2;2016-01;0.8125;17001
3;2017-01;0.875;17001
4;2018-01;0.78125;17001
5;2019-01;0.78125;17001
6;2020-01;0.875;17001
7;2021-01;0.875;17001
8;2022-01;0.875;17001
9;2023-01;0.9;17001
10;2024-01;1.0;17001
0;2014-01;0.5833333333333333;27006
1;2015-01;0.6555555555555556;27006
2;2016-01;0.5888888888888889;27006
3;2017-01;0.5222222222222223;27006
4;2018-01;0.5916666666666667;27006
5;2019-01;0.64;27006
6;2020-01;0.7777777777777777;27006
7;2021-01;0.8333333333333333;27006
8;2022-01;0.6666666666666666;27006
9;2023-01;0.7111111111111111;27006
10;2024-01;0.7111111111111111;27006
0;2014-01;0.5;27005
1;2015-01;0.7777777777777778;27005
2;2016-01;0.46296296296296297;27005
3;2017-01;0.46296296296296297;27005
4;2018-01;0.5;27005
5;2019-01;0.6666666666666666;27005
6;2020-01;0.6222222222222222;27005
7;2021-01;0.4793650793650794;27005
8;2022-01;0.5113095238095238;27005
9;2023-01;0.5119047619047619;27005
10;2024-01;0.3794642857142857;27005
0;2014-01;1.0;21002
1;2015-01;1.0;21002
2;2016-01;1.0;21002
3;2017-01;1.0;21002
4;2018-01;1.0;21002
5;2019-01;0.8333333333333334;21002
6;2020-01;0.875;21002
7;2021-01;0.875;21002
8;2022-01;0.8;21002
9;2023-01;0.9;21002
10;2024-01;0.75;21002
0;2014-01;0.6666666666666666;21017
1;2015-01;0.5222222222222221;21017
2;2016-01;0.25555555555555554;21017
3;2017-01;0.3259259259259259;21017
4;2018-01;0.6177777777777778;21017
5;2019-01;0.5083333333333333;21017
6;2020-01;0.7083333333333334;21017
7;2021-01;0.7777777777777778;21017
8;2022-01;0.7777777777777778;21017
9;2023-01;0.75;21017
10;2024-01;0.8333333333333334;21017
0;2014-01;0.65;31088
1;2015-01;0.6;31088
2;2016-01;0.5333333333333333;31088
3;2017-01;0.5333333333333333;31088
4;2018-01;0.5333333333333333;31088
5;2019-01;0.6888888888888888;31088
6;2020-01;0.5777777777777778;31088
7;2021-01;0.7666666666666666;31088
8;2022-01;0.6833333333333333;31088
9;2023-01;0.8333333333333334;31088
10;2024-01;0.8333333333333334;31088
0;2017-01;1.0;51001
1;2018-01;1.0;51001
2;2019-01;1.0;51001
3;2020-01;1.0;51001
4;2021-01;1.0;51001
5;2022-01;1.0;51001
6;2023-01;1.0;51001
7;2024-01;1.0;51001
0;2014-01;0.8;51014
1;2015-01;0.9;51014
2;2016-01;0.8666666666666667;51014
3;2017-01;0.8166666666666667;51014
4;2018-01;0.9199999999999999;51014
5;2019-01;0.8541666666666666;51014
6;2020-01;0.8;51014
7;2021-01;0.62;51014
8;2022-01;0.62;51014
9;2023-01;0.7033333333333334;51014
10;2024-01;0.8033333333333333;51014
0;2014-01;0.5833333333333334;24005
1;2015-01;0.5;24005
2;2016-01;0.38888888888888884;24005
3;2017-01;0.5666666666666667;24005
4;2018-01;0.41666666666666663;24005
5;2019-01;0.5416666666666666;24005
6;2020-01;0.5416666666666666;24005
7;2021-01;0.5;24005
8;2022-01;0.625;24005
9;2023-01;0.6666666666666666;24005
10;2024-01;0.75;24005
0;2014-01;1.0;11003
1;2015-01;1.0;11003
2;2016-01;1.0;11003
3;2017-01;1.0;11003
4;2018-01;0.875;11003
5;2019-01;0.7916666666666666;11003
6;2020-01;0.7222222222222222;11003
7;2021-01;0.7916666666666666;11003
8;2022-01;0.7222222222222222;11003
9;2023-01;0.7222222222222222;11003
10;2024-01;0.7222222222222222;11003
0;2014-01;1.0;42014
1;2015-01;1.0;42014
2;2016-01;1.0;42014
3;2017-01;1.0;42014
4;2018-01;1.0;42014
5;2019-01;1.0;42014
6;2020-01;0.8333333333333333;42014
7;2021-01;0.7083333333333333;42014
8;2022-01;0.6666666666666666;42014
9;2023-01;0.6666666666666666;42014
10;2024-01;0.8333333333333333;42014
0;2014-01;0.7;35113
1;2015-01;0.7;35113
2;2016-01;0.6;35113
3;2017-01;0.6;35113
4;2018-01;0.7333333333333334;35113
5;2019-01;0.5666666666666667;35113
6;2020-01;0.5666666666666667;35113
7;2021-01;0.675;35113
8;2022-01;0.5666666666666667;35113
9;2023-01;0.6666666666666666;35113
10;2024-01;0.6666666666666666;35113
0;2014-01;1.0;17003
1;2015-01;1.0;17003
2;2016-01;0.5;17003
3;2017-01;1.0;17003
4;2018-01;1.0;17003
5;2019-01;1.0;17003
6;2020-01;0.5;17003
7;2021-01;1.0;17003
8;2022-01;0.5;17003
9;2023-01;0.75;17003
10;2024-01;1.0;17003
0;2014-01;1.0;17005
1;2015-01;1.0;17005
2;2016-01;1.0;17005
3;2017-01;1.0;17005
4;2018-01;1.0;17005
5;2019-01;1.0;17005
6;2020-01;1.0;17005
7;2021-01;1.0;17005
8;2022-01;1.0;17005
9;2023-01;1.0;17005
10;2024-01;1.0;17005
0;2014-01;1.0;17004
1;2015-01;1.0;17004
2;2016-01;1.0;17004
3;2017-01;1.0;17004
4;2018-01;1.0;17004
5;2019-01;1.0;17004
6;2020-01;1.0;17004
7;2021-01;1.0;17004
8;2022-01;1.0;17004
9;2023-01;1.0;17004
10;2024-01;1.0;17004
0;2014-01;0.8;29013
1;2015-01;0.55;29013
2;2016-01;0.55;29013
3;2017-01;0.55;29013
4;2018-01;0.7000000000000001;29013
5;2019-01;0.7000000000000001;29013
6;2020-01;0.7000000000000001;29013
7;2021-01;0.7000000000000001;29013
8;2022-01;0.775;29013
9;2023-01;0.875;29013
10;2024-01;1.0;29013
0;2014-01;1.0;23006
1;2015-01;0.41666666666666663;23006
2;2016-01;1.0;23006
3;2017-01;1.0;23006
4;2018-01;0.8333333333333334;23006
5;2019-01;1.0;23006
6;2020-01;0.875;23006
7;2021-01;0.875;23006
8;2022-01;0.875;23006
9;2023-01;0.9;23006
10;2024-01;0.9;23006
0;2014-01;0.7142857142857143;23008
1;2015-01;0.8095238095238094;23008
2;2016-01;0.8095238095238094;23008
3;2017-01;0.8095238095238094;23008
4;2018-01;0.8095238095238094;23008
5;2019-01;0.8095238095238094;23008
6;2020-01;1.0;23008
7;2021-01;;23008
8;2022-01;0.6666666666666666;23008
9;2023-01;0.8333333333333333;23008
10;2024-01;0.7777777777777778;23008
0;2014-01;1.0;21001
1;2015-01;1.0;21001
2;2016-01;1.0;21001
3;2017-01;1.0;21001
4;2018-01;1.0;21001
5;2019-01;1.0;21001
6;2020-01;1.0;21001
7;2021-01;1.0;21001
8;2022-01;1.0;21001
9;2023-01;0.8333333333333334;21001
10;2024-01;0.6666666666666666;21001
0;2014-01;1.0;21004
1;2015-01;1.0;21004
2;2016-01;0.5;21004
3;2017-01;0.5;21004
4;2018-01;0.75;21004
5;2019-01;0.6666666666666666;21004
6;2020-01;0.5;21004
7;2021-01;0.6666666666666666;21004
8;2022-01;0.6666666666666666;21004
9;2023-01;0.8333333333333334;21004
10;2024-01;0.8333333333333334;21004
0;2014-01;0.6666666666666666;21010
1;2015-01;0.8333333333333333;21010
2;2016-01;0.8333333333333333;21010
3;2017-01;0.7222222222222222;21010
4;2018-01;0.7222222222222222;21010
5;2019-01;0.8333333333333334;21010
6;2020-01;0.8333333333333334;21010
7;2021-01;0.6666666666666666;21010
8;2022-01;0.6666666666666666;21010
9;2023-01;0.75;21010
10;2024-01;0.5;21010
0;2014-01;0.75;28002
1;2015-01;0.611111111111111;28002
2;2016-01;0.5555555555555555;28002
3;2017-01;0.38888888888888884;28002
4;2018-01;0.4444444444444444;28002
5;2019-01;0.38888888888888884;28002
6;2020-01;0.41666666666666663;28002
7;2021-01;0.5;28002
8;2022-01;0.5833333333333334;28002
9;2023-01;0.5833333333333333;28002
10;2024-01;0.6041666666666666;28002
0;2018-01;;13009
1;2019-01;1.0;13009
2;2020-01;1.0;13009
3;2021-01;1.0;13009
4;2022-01;1.0;13009
5;2023-01;;13009
6;2024-01;1.0;13009
0;2014-01;0.75;29021
1;2015-01;0.75;29021
2;2016-01;0.8333333333333334;29021
3;2017-01;0.875;29021
4;2018-01;0.9;29021
5;2019-01;1.0;29021
6;2020-01;1.0;29021
7;2021-01;0.875;29021
8;2022-01;0.875;29021
9;2023-01;0.9;29021
10;2024-01;0.9;29021
0;2014-01;0.75;29008
1;2015-01;0.75;29008
2;2016-01;0.75;29008
3;2017-01;0.5;29008
4;2018-01;0.5;29008
5;2019-01;0.5;29008
6;2020-01;0.75;29008
7;2021-01;0.75;29008
8;2022-01;0.5;29008
9;2023-01;0.6666666666666666;29008
10;2024-01;0.8333333333333333;29008
0;2014-01;0.8333333333333333;29002
1;2015-01;0.8888888888888888;29002
2;2016-01;0.8333333333333333;29002
3;2017-01;0.8333333333333333;29002
4;2018-01;0.7083333333333333;29002
5;2019-01;0.8055555555555555;29002
6;2020-01;0.8333333333333334;29002
7;2021-01;0.8125;29002
8;2022-01;0.85;29002
9;2023-01;0.95;29002
10;2024-01;0.85;29002
0;2014-01;1.0;52013
1;2015-01;1.0;52013
2;2016-01;1.0;52013
3;2017-01;0.75;52013
4;2018-01;0.75;52013
5;2019-01;0.8333333333333334;52013
6;2020-01;0.6666666666666666;52013
7;2021-01;0.875;52013
8;2022-01;0.75;52013
9;2023-01;0.8333333333333334;52013
10;2024-01;0.875;52013
0;2014-01;0.8333333333333333;43030
1;2015-01;0.5185185185185185;43030
2;2016-01;0.5277777777777778;43030
3;2017-01;0.4097222222222222;43030
4;2018-01;0.611111111111111;43030
5;2019-01;0.6666666666666666;43030
6;2020-01;0.6666666666666666;43030
7;2021-01;0.7416666666666667;43030
8;2022-01;0.7555555555555555;43030
9;2023-01;0.5388888888888889;43030
10;2024-01;0.6944444444444445;43030
0;2014-01;0.6799999999999999;42015
1;2015-01;0.5666666666666667;42015
2;2016-01;0.8333333333333334;42015
3;2017-01;0.732;42015
4;2018-01;0.6392857142857142;42015
5;2019-01;0.8035714285714286;42015
6;2020-01;0.8035714285714286;42015
7;2021-01;0.875;42015
8;2022-01;0.875;42015
9;2023-01;0.9;42015
10;2024-01;0.7933333333333333;42015
0;2014-01;0.8;35153
1;2015-01;0.8666666666666667;35153
2;2016-01;0.9;35153
3;2017-01;0.82;35153
4;2018-01;0.9;35153
5;2019-01;0.9;35153
6;2020-01;0.9;35153
7;2021-01;0.9;35153
8;2022-01;0.9;35153
9;2023-01;1.0;35153
10;2024-01;1.0;35153
0;2014-01;1.0;35154
1;2015-01;1.0;35154
2;2016-01;0.75;35154
3;2017-01;0.8333333333333334;35154
4;2018-01;1.0;35154
5;2019-01;0.7875;35154
6;2020-01;0.7125;35154
7;2021-01;0.77;35154
8;2022-01;0.77;35154
9;2023-01;0.8533333333333333;35154
10;2024-01;1.0;35154
0;2014-01;1.0;29027
1;2015-01;0.8571428571428572;29027
2;2016-01;0.5357142857142857;29027
3;2017-01;0.49603174603174605;29027
4;2018-01;0.48412698412698413;29027
5;2019-01;0.4255952380952381;29027
6;2020-01;0.6404761904761905;29027
7;2021-01;0.4404761904761905;29027
8;2022-01;0.4880952380952381;29027
9;2023-01;0.6666666666666666;29027
10;2024-01;0.7916666666666666;29027
0;2014-01;0.875;31073
1;2015-01;0.9375;31073
2;2016-01;0.9583333333333334;31073
3;2017-01;0.9375;31073
4;2018-01;0.9375;31073
5;2019-01;0.78125;31073
6;2020-01;0.9166666666666666;31073
7;2021-01;0.8333333333333334;31073
8;2022-01;0.875;31073
9;2023-01;1.0;31073
10;2024-01;1.0;31073
0;2014-01;1.0;31020
1;2015-01;1.0;31020
2;2016-01;0.8333333333333333;31020
3;2017-01;0.8333333333333333;31020
4;2018-01;1.0;31020
5;2019-01;1.0;31020
6;2020-01;1.0;31020
7;2021-01;1.0;31020
8;2022-01;1.0;31020
9;2023-01;0.8888888888888888;31020
10;2024-01;0.9166666666666666;31020
0;2014-01;1.0;31030
1;2015-01;1.0;31030
2;2016-01;1.0;31030
3;2017-01;1.0;31030
4;2018-01;1.0;31030
5;2019-01;0.7222222222222222;31030
6;2020-01;0.611111111111111;31030
7;2021-01;0.611111111111111;31030
8;2022-01;0.8333333333333333;31030
9;2023-01;0.9166666666666666;31030
10;2024-01;0.611111111111111;31030
0;2014-01;0.75;31034
1;2015-01;0.75;31034
2;2016-01;0.7777777777777778;31034
3;2017-01;0.8333333333333334;31034
4;2018-01;0.8333333333333334;31034
5;2019-01;0.8333333333333334;31034
6;2020-01;0.8333333333333334;31034
7;2021-01;0.7666666666666667;31034
8;2022-01;0.8333333333333334;31034
9;2023-01;0.875;31034
10;2024-01;0.875;31034
0;2014-01;0.875;31079
1;2015-01;0.7222222222222222;31079
2;2016-01;0.8333333333333333;31079
3;2017-01;0.6388888888888888;31079
4;2018-01;0.625;31079
5;2019-01;0.8888888888888888;31079
6;2020-01;0.5416666666666666;31079
7;2021-01;0.5833333333333333;31079
8;2022-01;0.4833333333333333;31079
9;2023-01;0.6;31079
10;2024-01;0.5333333333333333;31079
0;2014-01;0.75;31042
1;2015-01;0.75;31042
2;2016-01;0.6666666666666666;31042
3;2017-01;0.75;31042
4;2018-01;0.75;31042
5;2019-01;0.75;31042
6;2020-01;0.6666666666666666;31042
7;2021-01;0.6666666666666666;31042
8;2022-01;0.5555555555555555;31042
9;2023-01;0.5833333333333333;31042
10;2024-01;0.6666666666666667;31042
0;2014-01;1.0;31074
1;2015-01;0.9166666666666666;31074
2;2016-01;0.875;31074
3;2017-01;0.65625;31074
4;2018-01;0.875;31074
5;2019-01;0.6666666666666666;31074
6;2020-01;0.7083333333333333;31074
7;2021-01;0.6354166666666666;31074
8;2022-01;0.6805555555555555;31074
9;2023-01;0.7222222222222222;31074
10;2024-01;0.7083333333333334;31074
0;2019-01;1.0;31081
1;2020-01;;31081
2;2021-01;1.0;31081
3;2022-01;0.5;31081
4;2023-01;0.75;31081
5;2024-01;0.75;31081
0;2014-01;1.0;31011
1;2015-01;1.0;31011
2;2016-01;1.0;31011
3;2017-01;1.0;31011
4;2018-01;1.0;31011
5;2019-01;1.0;31011
6;2020-01;0.8333333333333333;31011
7;2021-01;0.8888888888888888;31011
8;2022-01;0.8333333333333334;31011
9;2023-01;0.8333333333333334;31011
10;2024-01;0.875;31011
0;2014-01;1.0;31061
1;2015-01;1.0;31061
2;2016-01;0.9333333333333332;31061
3;2017-01;0.9333333333333332;31061
4;2018-01;0.95;31061
5;2019-01;0.875;31061
6;2020-01;0.875;31061
7;2021-01;1.0;31061
8;2022-01;0.9;31061
9;2023-01;0.95;31061
10;2024-01;0.775;31061
0;2014-01;1.0;51005
1;2015-01;0.75;51005
2;2016-01;0.75;51005
3;2017-01;0.75;51005
4;2018-01;0.875;51005
5;2019-01;0.875;51005
6;2020-01;0.75;51005
7;2021-01;0.75;51005
8;2022-01;0.5;51005
9;2023-01;0.75;51005
10;2024-01;0.8333333333333334;51005
0;2018-01;1.0;51016
1;2019-01;;51016
2;2020-01;;51016
3;2021-01;;51016
4;2022-01;;51016
5;2023-01;;51016
6;2024-01;1.0;51016
0;2021-01;1.0;51012
1;2022-01;1.0;51012
2;2023-01;1.0;51012
3;2024-01;1.0;51012
0;2014-01;1.0;21006
1;2015-01;1.0;21006
2;2016-01;1.0;21006
3;2017-01;1.0;21006
4;2018-01;0.5;21006
5;2019-01;0.6666666666666666;21006
6;2020-01;0.5833333333333333;21006
7;2021-01;0.6666666666666666;21006
8;2022-01;0.75;21006
9;2023-01;0.7222222222222222;21006
10;2024-01;0.7777777777777777;21006
0;2014-01;1.0;31028
1;2015-01;1.0;31028
2;2016-01;0.8333333333333333;31028
3;2017-01;0.8888888888888888;31028
4;2018-01;0.7916666666666666;31028
5;2019-01;0.7083333333333334;31028
6;2020-01;0.7666666666666667;31028
7;2021-01;0.5833333333333334;31028
8;2022-01;0.75;31028
9;2023-01;0.875;31028
10;2024-01;1.0;31028
0;2014-01;0.75;50002
1;2015-01;0.75;50002
2;2016-01;1.0;50002
3;2017-01;1.0;50002
4;2018-01;1.0;50002
5;2019-01;1.0;50002
6;2020-01;1.0;50002
7;2021-01;1.0;50002
8;2022-01;1.0;50002
9;2023-01;1.0;50002
10;2024-01;1.0;50002
0;2014-01;0.45238095238095233;29018
1;2015-01;0.5873015873015873;29018
2;2016-01;0.6904761904761905;29018
3;2017-01;0.7113095238095238;29018
4;2018-01;0.6755952380952381;29018
5;2019-01;0.7916666666666666;29018
6;2020-01;0.7916666666666666;29018
7;2021-01;0.9166666666666666;29018
8;2022-01;1.0;29018
9;2023-01;0.8666666666666666;29018
10;2024-01;0.8666666666666666;29018
0;2014-01;0.3333333333333333;21012
1;2015-01;0.6666666666666666;21012
2;2016-01;0.6666666666666666;21012
3;2017-01;0.7777777777777778;21012
4;2018-01;1.0;21012
5;2019-01;1.0;21012
6;2020-01;1.0;21012
7;2021-01;0.7777777777777777;21012
8;2022-01;0.8333333333333333;21012
9;2023-01;0.8333333333333334;21012
10;2024-01;0.8333333333333334;21012
0;2014-01;1.0;41004
1;2015-01;1.0;41004
2;2016-01;1.0;41004
3;2017-01;1.0;41004
4;2018-01;1.0;41004
5;2019-01;0.75;41004
6;2020-01;0.75;41004
7;2021-01;0.75;41004
8;2022-01;0.75;41004
9;2023-01;0.75;41004
10;2024-01;0.75;41004
0;2014-01;0.7;24001
1;2015-01;0.7111111111111111;24001
2;2016-01;0.65;24001
3;2017-01;0.5933333333333333;24001
4;2018-01;0.7407407407407408;24001
5;2019-01;0.49682539682539684;24001
6;2020-01;0.6238095238095238;24001
7;2021-01;0.6190476190476191;24001
8;2022-01;0.43968253968253973;24001
9;2023-01;0.5902777777777778;24001
10;2024-01;0.6333333333333334;24001
0;2014-01;0.5;12003
1;2015-01;0.5;12003
2;2016-01;0.75;12003
3;2017-01;0.75;12003
4;2018-01;0.75;12003
5;2019-01;0.5;12003
6;2020-01;0.5;12003
7;2021-01;0.5;12003
8;2022-01;0.5;12003
9;2023-01;0.5;12003
10;2024-01;1.0;12003
0;2014-01;0.5;23005
1;2015-01;0.75;23005
2;2016-01;0.75;23005
3;2017-01;0.75;23005
4;2018-01;0.7222222222222222;23005
5;2019-01;0.7083333333333334;23005
6;2020-01;0.7083333333333334;23005
7;2021-01;1.0;23005
8;2022-01;0.75;23005
9;2023-01;0.75;23005
10;2024-01;0.5833333333333333;23005
0;2014-01;0.5;15007
1;2015-01;0.41666666666666663;15007
2;2016-01;0.611111111111111;15007
3;2017-01;0.611111111111111;15007
4;2018-01;0.4444444444444444;15007
5;2019-01;0.6666666666666666;15007
6;2020-01;0.41666666666666663;15007
7;2021-01;0.41666666666666663;15007
8;2022-01;0.5277777777777778;15007
9;2023-01;0.5;15007
10;2024-01;0.75;15007
0;2014-01;1.0;43018
1;2015-01;1.0;43018
2;2016-01;1.0;43018
3;2017-01;1.0;43018
4;2018-01;1.0;43018
5;2019-01;1.0;43018
6;2020-01;1.0;43018
7;2021-01;1.0;43018
8;2022-01;0.9333333333333332;43018
9;2023-01;0.9333333333333332;43018
10;2024-01;0.7666666666666666;43018
0;2014-01;1.0;13005
1;2015-01;1.0;13005
2;2016-01;1.0;13005
3;2017-01;;13005
4;2018-01;1.0;13005
5;2019-01;1.0;13005
6;2020-01;1.0;13005
7;2021-01;1.0;13005
8;2022-01;1.0;13005
9;2023-01;1.0;13005
10;2024-01;1.0;13005
0;2014-01;0.8333333333333333;52018
1;2015-01;0.8888888888888888;52018
2;2016-01;0.8888888888888888;52018
3;2017-01;0.8888888888888888;52018
4;2018-01;0.7916666666666666;52018
5;2019-01;0.8333333333333334;52018
6;2020-01;0.875;52018
7;2021-01;0.75;52018
8;2022-01;0.7;52018
9;2023-01;0.6666666666666666;52018
10;2024-01;0.75;52018
0;2018-01;;52014
1;2019-01;1.0;52014
2;2020-01;1.0;52014
3;2021-01;1.0;52014
4;2022-01;1.0;52014
5;2023-01;1.0;52014
6;2024-01;1.0;52014
0;2014-01;;52008
1;2015-01;;52008
2;2016-01;;52008
3;2017-01;;52008
4;2018-01;;52008
5;2019-01;;52008
6;2020-01;1.0;52008
7;2021-01;;52008
8;2022-01;;52008
9;2023-01;1.0;52008
10;2024-01;1.0;52008
0;2014-01;0.75;25004
1;2015-01;0.75;25004
2;2016-01;0.625;25004
3;2017-01;1.0;25004
4;2018-01;0.6875;25004
5;2019-01;0.75;25004
6;2020-01;0.75;25004
7;2021-01;0.8333333333333334;25004
8;2022-01;0.8333333333333334;25004
9;2023-01;1.0;25004
10;2024-01;1.0;25004
0;2014-01;1.0;29017
1;2015-01;1.0;29017
2;2016-01;1.0;29017
3;2017-01;1.0;29017
4;2018-01;1.0;29017
5;2019-01;1.0;29017
6;2020-01;1.0;29017
7;2021-01;1.0;29017
8;2022-01;1.0;29017
9;2023-01;1.0;29017
10;2024-01;1.0;29017
0;2014-01;0.6;23012
1;2015-01;0.8;23012
2;2016-01;0.8666666666666667;23012
3;2017-01;0.7;23012
4;2018-01;0.6333333333333333;23012
5;2019-01;0.7999999999999999;23012
6;2020-01;1.0;23012
7;2021-01;1.0;23012
8;2022-01;1.0;23012
9;2023-01;0.8333333333333334;23012
10;2024-01;1.0;23012
0;2014-01;0.4;23015
1;2015-01;0.7;23015
2;2016-01;0.6380952380952382;23015
3;2017-01;0.44761904761904764;23015
4;2018-01;0.5714285714285714;23015
5;2019-01;0.6666666666666666;23015
6;2020-01;0.7777777777777777;23015
7;2021-01;0.7083333333333333;23015
8;2022-01;0.8333333333333333;23015
9;2023-01;0.6666666666666666;23015
10;2024-01;0.7777777777777777;23015
0;2014-01;1.0;31083
1;2015-01;1.0;31083
2;2016-01;1.0;31083
3;2017-01;0.75;31083
4;2018-01;0.5;31083
5;2019-01;1.0;31083
6;2020-01;1.0;31083
7;2021-01;1.0;31083
8;2022-01;1.0;31083
9;2023-01;1.0;31083
10;2024-01;1.0;31083
0;2014-01;0.6666666666666666;25008
1;2015-01;0.6666666666666666;25008
2;2016-01;0.3333333333333333;25008
3;2017-01;0.6666666666666666;25008
4;2018-01;0.41666666666666663;25008
5;2019-01;0.38888888888888884;25008
6;2020-01;0.38888888888888884;25008
7;2021-01;0.5416666666666666;25008
8;2022-01;0.6333333333333333;25008
9;2023-01;0.7666666666666667;25008
10;2024-01;0.7777777777777778;25008
0;2014-01;1.0;11006
1;2015-01;1.0;11006
2;2016-01;1.0;11006
3;2017-01;1.0;11006
4;2018-01;1.0;11006
5;2019-01;1.0;11006
6;2020-01;1.0;11006
7;2021-01;1.0;11006
8;2022-01;1.0;11006
9;2023-01;1.0;11006
10;2024-01;0.875;11006
0;2014-01;0.75;28007
1;2015-01;0.75;28007
2;2016-01;0.41666666666666663;28007
3;2017-01;0.5555555555555555;28007
4;2018-01;0.6666666666666666;28007
5;2019-01;0.8333333333333333;28007
6;2020-01;0.7083333333333333;28007
7;2021-01;0.7222222222222222;28007
8;2022-01;0.8333333333333334;28007
9;2023-01;0.5833333333333334;28007
10;2024-01;0.75;28007
0;2014-01;0.75;21014
1;2015-01;0.5;21014
2;2016-01;0.6666666666666666;21014
3;2017-01;0.611111111111111;21014
4;2018-01;0.5;21014
5;2019-01;0.6666666666666666;21014
6;2020-01;0.5833333333333334;21014
7;2021-01;0.5833333333333334;21014
8;2022-01;0.7916666666666666;21014
9;2023-01;0.7222222222222222;21014
10;2024-01;0.7777777777777777;21014
0;2014-01;1.0;25014
1;2015-01;0.75;25014
2;2016-01;0.7222222222222222;25014
3;2017-01;0.611111111111111;25014
4;2018-01;0.4444444444444444;25014
5;2019-01;0.3833333333333333;25014
6;2020-01;0.48;25014
7;2021-01;0.5133333333333333;25014
8;2022-01;0.5466666666666666;25014
9;2023-01;0.725;25014
10;2024-01;0.7222222222222222;25014
0;2014-01;1.0;26001
1;2015-01;1.0;26001
2;2016-01;0.7222222222222222;26001
3;2017-01;0.611111111111111;26001
4;2018-01;0.4444444444444444;26001
5;2019-01;0.4444444444444444;26001
6;2020-01;0.5;26001
7;2021-01;0.6666666666666666;26001
8;2022-01;0.7222222222222222;26001
9;2023-01;0.7222222222222222;26001
10;2024-01;0.7083333333333333;26001
0;2014-01;1.0;22001
1;2015-01;1.0;22001
2;2016-01;0.75;22001
3;2017-01;0.8333333333333334;22001
4;2018-01;0.8333333333333334;22001
5;2019-01;0.8333333333333334;22001
6;2020-01;0.8333333333333334;22001
7;2021-01;1.0;22001
8;2022-01;0.6666666666666666;22001
9;2023-01;0.5555555555555555;22001
10;2024-01;0.5416666666666666;22001
0;2014-01;1.0;29023
1;2015-01;0.8333333333333334;29023
2;2016-01;0.875;29023
3;2017-01;0.6833333333333333;29023
4;2018-01;0.7916666666666666;29023
5;2019-01;0.8333333333333334;29023
6;2020-01;0.75;29023
7;2021-01;0.75;29023
8;2022-01;0.75;29023
9;2023-01;0.6666666666666666;29023
10;2024-01;0.75;29023
0;2014-01;1.0;21019
1;2015-01;0.8333333333333333;21019
2;2016-01;0.6666666666666666;21019
3;2017-01;0.7777777777777778;21019
4;2018-01;1.0;21019
5;2019-01;0.75;21019
6;2020-01;0.75;21019
7;2021-01;0.8333333333333334;21019
8;2022-01;0.75;21019
9;2023-01;0.875;21019
10;2024-01;0.875;21019
0;2014-01;0.8;43019
1;2015-01;0.8;43019
2;2016-01;0.6;43019
3;2017-01;0.6;43019
4;2018-01;0.8;43019
5;2019-01;0.8;43019
6;2020-01;0.8;43019
7;2021-01;0.7999999999999999;43019
8;2022-01;0.85;43019
9;2023-01;0.7166666666666667;43019
10;2024-01;0.8333333333333334;43019
0;2014-01;0.8888888888888888;35111
1;2015-01;0.9259259259259259;35111
2;2016-01;0.8888888888888888;35111
3;2017-01;0.7777777777777778;35111
4;2018-01;0.8518518518518517;35111
5;2019-01;0.8611111111111112;35111
6;2020-01;1.0;35111
7;2021-01;1.0;35111
8;2022-01;0.8333333333333334;35111
9;2023-01;0.8333333333333334;35111
10;2024-01;0.8333333333333334;35111
0;2014-01;;13008
1;2015-01;1.0;13008
2;2016-01;1.0;13008
3;2017-01;1.0;13008
4;2018-01;;13008
5;2019-01;1.0;13008
6;2020-01;;13008
7;2021-01;1.0;13008
8;2022-01;;13008
9;2023-01;1.0;13008
10;2024-01;1.0;13008
0;2014-01;;31077
1;2015-01;1.0;31077
2;2016-01;1.0;31077
3;2017-01;1.0;31077
4;2018-01;1.0;31077
5;2019-01;1.0;31077
6;2020-01;1.0;31077
7;2021-01;1.0;31077
8;2022-01;1.0;31077
9;2023-01;1.0;31077
10;2024-01;1.0;31077
0;2014-01;1.0;31082
1;2015-01;0.5;31082
2;2016-01;1.0;31082
3;2017-01;0.8333333333333333;31082
4;2018-01;0.8888888888888888;31082
5;2019-01;0.7222222222222222;31082
6;2020-01;0.8333333333333334;31082
7;2021-01;0.8333333333333334;31082
8;2022-01;0.75;31082
9;2023-01;0.8333333333333333;31082
10;2024-01;0.8333333333333333;31082
0;2014-01;1.0;31041
1;2015-01;1.0;31041
2;2016-01;1.0;31041
3;2017-01;1.0;31041
4;2018-01;1.0;31041
5;2019-01;1.0;31041
6;2020-01;0.875;31041
7;2021-01;0.875;31041
8;2022-01;0.5;31041
9;2023-01;0.75;31041
10;2024-01;0.8333333333333334;31041
0;2014-01;0.8333333333333334;31090
1;2015-01;0.8333333333333333;31090
2;2016-01;0.75;31090
3;2017-01;0.75;31090
4;2018-01;0.75;31090
5;2019-01;0.7222222222222222;31090
6;2020-01;1.0;31090
7;2021-01;0.6666666666666666;31090
8;2022-01;0.7333333333333333;31090
9;2023-01;0.6533333333333333;31090
10;2024-01;0.5533333333333333;31090
0;2014-01;1.0;31091
1;2015-01;1.0;31091
2;2016-01;1.0;31091
3;2017-01;0.8333333333333333;31091
4;2018-01;0.8888888888888888;31091
5;2019-01;0.8333333333333334;31091
6;2020-01;0.8333333333333334;31091
7;2021-01;1.0;31091
8;2022-01;1.0;31091
9;2023-01;0.75;31091
10;2024-01;0.875;31091
0;2014-01;0.5760869565217391;35052
1;2015-01;0.4026915113871636;35052
2;2016-01;0.3592132505175984;35052
3;2017-01;0.3447204968944099;35052
4;2018-01;0.3157349896480331;35052
5;2019-01;0.4047619047619047;35052
6;2020-01;0.38095238095238093;35052
7;2021-01;0.5238095238095238;35052
8;2022-01;0.31746031746031744;35052
9;2023-01;0.40476190476190477;35052
10;2024-01;0.6726190476190476;35052
0;2014-01;0.5;29011
1;2015-01;0.4444444444444444;29011
2;2016-01;0.5;29011
3;2017-01;0.5666666666666667;29011
4;2018-01;0.41666666666666663;29011
5;2019-01;0.7222222222222222;29011
6;2020-01;0.5833333333333333;29011
7;2021-01;0.6666666666666666;29011
8;2022-01;0.6666666666666666;29011
9;2023-01;0.7777777777777778;29011
10;2024-01;0.75;29011
0;2014-01;0.8;52003
1;2015-01;0.8;52003
2;2016-01;0.8;52003
3;2017-01;0.8666666666666667;52003
4;2018-01;0.9;52003
5;2019-01;1.0;52003
6;2020-01;1.0;52003
7;2021-01;1.0;52003
8;2022-01;1.0;52003
9;2023-01;1.0;52003
10;2024-01;1.0;52003
0;2014-01;0.5;31050
1;2015-01;0.5;31050
2;2016-01;0.5;31050
3;2017-01;0.5;31050
4;2018-01;;31050
5;2019-01;1.0;31050
6;2020-01;1.0;31050
7;2021-01;1.0;31050
8;2022-01;1.0;31050
9;2023-01;1.0;31050
10;2024-01;1.0;31050
0;2014-01;0.3333333333333333;25010
1;2015-01;0.6666666666666666;25010
2;2016-01;0.8333333333333333;25010
3;2017-01;0.8333333333333333;25010
4;2018-01;0.8333333333333333;25010
5;2019-01;0.8333333333333333;25010
6;2020-01;0.8333333333333333;25010
7;2021-01;1.0;25010
8;2022-01;0.5555555555555555;25010
9;2023-01;0.6666666666666666;25010
10;2024-01;0.6666666666666666;25010
0;2014-01;0.3333333333333333;27002
1;2015-01;0.6666666666666666;27002
2;2016-01;0.6666666666666666;27002
3;2017-01;0.7083333333333334;27002
4;2018-01;0.7083333333333334;27002
5;2019-01;0.875;27002
6;2020-01;0.8888888888888888;27002
7;2021-01;0.7777777777777777;27002
8;2022-01;0.5;27002
9;2023-01;0.5;27002
10;2024-01;0.5833333333333334;27002
0;2014-01;1.0;23016
1;2015-01;0.5;23016
2;2016-01;0.75;23016
3;2017-01;1.0;23016
4;2018-01;1.0;23016
5;2019-01;0.75;23016
6;2020-01;0.8333333333333334;23016
7;2021-01;0.75;23016
8;2022-01;0.75;23016
9;2023-01;0.8333333333333334;23016
10;2024-01;0.875;23016
0;2014-01;0.5;21018
1;2015-01;0.5555555555555555;21018
2;2016-01;0.5555555555555555;21018
3;2017-01;0.5555555555555555;21018
4;2018-01;0.5555555555555555;21018
5;2019-01;0.611111111111111;21018
6;2020-01;0.41666666666666663;21018
7;2021-01;0.41666666666666663;21018
8;2022-01;0.41666666666666663;21018
9;2023-01;0.611111111111111;21018
10;2024-01;0.611111111111111;21018
0;2014-01;;11005
1;2015-01;;11005
2;2016-01;;11005
3;2017-01;;11005
4;2018-01;1.0;11005
5;2019-01;1.0;11005
6;2020-01;1.0;11005
7;2021-01;0.75;11005
8;2022-01;0.8333333333333334;11005
9;2023-01;0.8333333333333334;11005
10;2024-01;0.8333333333333334;11005
0;2014-01;0.5;17007
1;2015-01;0.75;17007
2;2016-01;0.75;17007
3;2017-01;0.75;17007
4;2018-01;1.0;17007
5;2019-01;0.5;17007
6;2020-01;0.75;17007
7;2021-01;1.0;17007
8;2022-01;1.0;17007
9;2023-01;1.0;17007
10;2024-01;1.0;17007
0;2014-01;1.0;31067
1;2015-01;1.0;31067
2;2016-01;1.0;31067
3;2017-01;1.0;31067
4;2018-01;1.0;31067
5;2019-01;1.0;31067
6;2020-01;1.0;31067
7;2021-01;1.0;31067
8;2022-01;1.0;31067
9;2023-01;1.0;31067
10;2024-01;1.0;31067
0;2014-01;;22010
1;2015-01;1.0;22010
2;2016-01;0.75;22010
3;2017-01;1.0;22010
4;2018-01;1.0;22010
5;2019-01;1.0;22010
6;2020-01;1.0;22010
7;2021-01;1.0;22010
8;2022-01;0.875;22010
9;2023-01;0.75;22010
10;2024-01;0.4444444444444444;22010
0;2014-01;;23014
1;2015-01;1.0;23014
2;2016-01;1.0;23014
3;2017-01;1.0;23014
4;2018-01;1.0;23014
5;2019-01;1.0;23014
6;2020-01;1.0;23014
7;2021-01;1.0;23014
8;2022-01;1.0;23014
9;2023-01;1.0;23014
10;2024-01;0.8333333333333334;23014
0;2014-01;0.8888888888888888;24003
1;2015-01;0.8518518518518517;24003
2;2016-01;0.7222222222222222;24003
3;2017-01;0.8148148148148149;24003
4;2018-01;0.875;24003
5;2019-01;0.875;24003
6;2020-01;0.5595238095238095;24003
7;2021-01;0.5571428571428572;24003
8;2022-01;0.40476190476190477;24003
9;2023-01;0.4738095238095238;24003
10;2024-01;0.5452380952380953;24003
0;2014-01;0.6666666666666666;24008
1;2015-01;0.8333333333333333;24008
2;2016-01;0.5833333333333333;24008
3;2017-01;0.41666666666666663;24008
4;2018-01;0.5833333333333333;24008
5;2019-01;0.41666666666666663;24008
6;2020-01;0.5;24008
7;2021-01;0.75;24008
8;2022-01;1.0;24008
9;2023-01;0.8888888888888888;24008
10;2024-01;0.6458333333333333;24008
0;2014-01;1.0;31062
1;2015-01;;31062
2;2016-01;;31062
3;2017-01;;31062
4;2018-01;;31062
5;2019-01;1.0;31062
6;2020-01;1.0;31062
7;2021-01;1.0;31062
8;2022-01;1.0;31062
9;2023-01;1.0;31062
10;2024-01;1.0;31062
0;2014-01;1.0;35152
1;2015-01;0.8333333333333333;35152
2;2016-01;0.8333333333333333;35152
3;2017-01;1.0;35152
4;2018-01;1.0;35152
5;2019-01;0.8888888888888888;35152
6;2020-01;0.8333333333333333;35152
7;2021-01;0.7916666666666666;35152
8;2022-01;0.7916666666666666;35152
9;2023-01;0.9166666666666666;35152
10;2024-01;0.9166666666666666;35152
0;2014-01;0.5;31066
1;2015-01;0.75;31066
2;2016-01;0.5;31066
3;2017-01;0.5;31066
4;2018-01;0.75;31066
5;2019-01;0.5;31066
6;2020-01;0.5;31066
7;2021-01;0.5;31066
8;2022-01;0.5;31066
9;2023-01;0.5;31066
10;2024-01;0.75;31066
0;2014-01;;31027
1;2015-01;1.0;31027
2;2016-01;1.0;31027
3;2017-01;1.0;31027
4;2018-01;1.0;31027
5;2019-01;1.0;31027
6;2020-01;1.0;31027
7;2021-01;1.0;31027
8;2022-01;1.0;31027
9;2023-01;1.0;31027
10;2024-01;1.0;31027
0;2014-01;;25013
1;2015-01;1.0;25013
2;2016-01;0.75;25013
3;2017-01;1.0;25013
4;2018-01;0.75;25013
5;2019-01;0.75;25013
6;2020-01;1.0;25013
7;2021-01;1.0;25013
8;2022-01;1.0;25013
9;2023-01;1.0;25013
10;2024-01;0.8333333333333334;25013
0;2014-01;;51008
1;2015-01;1.0;51008
2;2016-01;1.0;51008
3;2017-01;1.0;51008
4;2018-01;1.0;51008
5;2019-01;1.0;51008
6;2020-01;1.0;51008
7;2021-01;1.0;51008
8;2022-01;1.0;51008
9;2023-01;1.0;51008
10;2024-01;1.0;51008
0;2014-01;0.5;31038
1;2015-01;0.5;31038
2;2016-01;0.75;31038
3;2017-01;0.75;31038
4;2018-01;1.0;31038
5;2019-01;0.75;31038
6;2020-01;0.75;31038
7;2021-01;0.8333333333333334;31038
8;2022-01;0.875;31038
9;2023-01;0.8333333333333333;31038
10;2024-01;0.8333333333333333;31038
0;2014-01;1.0;31065
1;2015-01;1.0;31065
2;2016-01;1.0;31065
3;2017-01;0.5;31065
4;2018-01;0.5;31065
5;2019-01;0.6666666666666666;31065
6;2020-01;0.5;31065
7;2021-01;0.6666666666666666;31065
8;2022-01;0.8333333333333334;31065
9;2023-01;1.0;31065
10;2024-01;0.6666666666666666;31065
0;2014-01;0.75;31040
1;2015-01;0.75;31040
2;2016-01;0.75;31040
3;2017-01;0.75;31040
4;2018-01;0.8333333333333334;31040
5;2019-01;0.8333333333333334;31040
6;2020-01;0.8333333333333334;31040
7;2021-01;1.0;31040
8;2022-01;1.0;31040
9;2023-01;0.9166666666666666;31040
10;2024-01;1.0;31040
0;2014-01;1.0;35115
1;2015-01;1.0;35115
2;2016-01;1.0;35115
3;2017-01;0.875;35115
4;2018-01;0.5;35115
5;2019-01;0.5;35115
6;2020-01;0.6666666666666666;35115
7;2021-01;0.6666666666666666;35115
8;2022-01;0.75;35115
9;2023-01;0.75;35115
10;2024-01;0.8333333333333334;35115
0;2014-01;;13004
1;2015-01;1.0;13004
2;2016-01;;13004
3;2017-01;;13004
4;2018-01;1.0;13004
5;2019-01;1.0;13004
6;2020-01;1.0;13004
7;2021-01;1.0;13004
8;2022-01;;13004
9;2023-01;1.0;13004
10;2024-01;1.0;13004
0;2019-01;1.0;52007
1;2020-01;;52007
2;2021-01;;52007
3;2022-01;;52007
4;2023-01;1.0;52007
5;2024-01;0.75;52007
0;2014-01;0.3333333333333333;52010
1;2015-01;0.3333333333333333;52010
2;2016-01;0.3333333333333333;52010
3;2017-01;0.6666666666666666;52010
4;2018-01;0.6666666666666666;52010
5;2019-01;0.6666666666666666;52010
6;2020-01;0.3333333333333333;52010
7;2021-01;1.0;52010
8;2022-01;1.0;52010
9;2023-01;0.6666666666666666;52010
10;2024-01;0.611111111111111;52010
0;2014-01;1.0;31080
1;2015-01;1.0;31080
2;2016-01;1.0;31080
3;2017-01;1.0;31080
4;2018-01;1.0;31080
5;2019-01;1.0;31080
6;2020-01;1.0;31080
7;2021-01;1.0;31080
8;2022-01;1.0;31080
9;2023-01;1.0;31080
10;2024-01;1.0;31080
0;2014-01;1.0;17002
1;2015-01;1.0;17002
2;2016-01;1.0;17002
3;2017-01;1.0;17002
4;2018-01;0.8333333333333334;17002
5;2019-01;0.5;17002
6;2020-01;0.75;17002
7;2021-01;0.75;17002
8;2022-01;0.8333333333333334;17002
9;2023-01;0.875;17002
10;2024-01;1.0;17002
0;2019-01;1.0;51006
1;2020-01;;51006
2;2021-01;;51006
3;2022-01;;51006
4;2023-01;1.0;51006
5;2024-01;;51006
0;2020-01;1.0;51015
1;2021-01;1.0;51015
2;2022-01;1.0;51015
3;2023-01;1.0;51015
4;2024-01;1.0;51015
0;2014-01;1.0;13007
1;2015-01;1.0;13007
2;2016-01;1.0;13007
3;2017-01;1.0;13007
4;2018-01;1.0;13007
5;2019-01;1.0;13007
6;2020-01;1.0;13007
7;2021-01;1.0;13007
8;2022-01;1.0;13007
9;2023-01;1.0;13007
10;2024-01;1.0;13007
0;2014-01;0.3333333333333333;17008
1;2015-01;0.6666666666666666;17008
2;2016-01;0.41666666666666663;17008
3;2017-01;0.41666666666666663;17008
4;2018-01;0.6666666666666666;17008
5;2019-01;0.6666666666666666;17008
6;2020-01;0.3333333333333333;17008
7;2021-01;0.6666666666666666;17008
8;2022-01;1.0;17008
9;2023-01;1.0;17008
10;2024-01;1.0;17008
0;2014-01;1.0;31098
1;2015-01;1.0;31098
2;2016-01;1.0;31098
3;2017-01;1.0;31098
4;2018-01;1.0;31098
5;2019-01;1.0;31098
6;2020-01;1.0;31098
7;2021-01;1.0;31098
8;2022-01;1.0;31098
9;2023-01;1.0;31098
10;2024-01;1.0;31098
0;2019-01;1.0;16002
1;2020-01;;16002
2;2021-01;;16002
3;2022-01;;16002
4;2023-01;;16002
5;2024-01;;16002
0;2015-01;1.0;22007
1;2016-01;1.0;22007
2;2017-01;1.0;22007
3;2018-01;1.0;22007
4;2019-01;1.0;22007
5;2020-01;1.0;22007
6;2021-01;1.0;22007
7;2022-01;1.0;22007
8;2023-01;1.0;22007
9;2024-01;1.0;22007
