;ano;retention;regiao_saude
0;2014-01;0.923076923076923;13001
1;2015-01;0.7548076923076923;13001
2;2016-01;0.8;13001
3;2017-01;0.72;13001
4;2018-01;0.775;13001
5;2019-01;0.77;13001
6;2020-01;0.9199999999999999;13001
7;2021-01;0.95;13001
8;2022-01;0.9;13001
9;2023-01;0.8300000000000001;13001
10;2024-01;0.74;13001
0;2016-01;;13002
1;2017-01;;13002
2;2018-01;;13002
3;2019-01;;13002
4;2020-01;;13002
5;2021-01;;13002
6;2022-01;;13002
7;2023-01;;13002
8;2024-01;;13002
0;2014-01;;13003
1;2015-01;;13003
2;2016-01;;13003
3;2017-01;;13003
4;2018-01;;13003
5;2019-01;;13003
6;2020-01;;13003
7;2021-01;;13003
8;2022-01;;13003
9;2023-01;;13003
10;2024-01;;13003
0;2023-01;1.0;13004
1;2024-01;1.0;13004
0;2023-01;1.0;13006
1;2024-01;1.0;13006
0;2014-01;;13005
1;2015-01;;13005
2;2016-01;;13005
3;2017-01;;13005
4;2018-01;;13005
5;2019-01;;13005
6;2020-01;;13005
7;2021-01;;13005
8;2022-01;;13005
9;2023-01;;13005
10;2024-01;1.0;13005
0;2022-01;;16002
1;2023-01;;16002
2;2024-01;;16002
0;2014-01;0.875;16003
1;2015-01;0.8125;16003
2;2016-01;0.625;16003
3;2017-01;0.625;16003
4;2018-01;0.625;16003
5;2019-01;0.75;16003
6;2020-01;0.8125;16003
7;2021-01;1.0;16003
8;2022-01;1.0;16003
9;2023-01;1.0;16003
10;2024-01;0.9375;16003
0;2014-01;0.6988095238095238;16001
1;2015-01;0.7019047619047619;16001
2;2016-01;0.7023809523809523;16001
3;2017-01;0.7619047619047619;16001
4;2018-01;0.7619047619047619;16001
5;2019-01;0.6746031746031745;16001
6;2020-01;0.8055555555555556;16001
7;2021-01;0.8055555555555556;16001
8;2022-01;0.861111111111111;16001
9;2023-01;0.8111111111111111;16001
10;2024-01;0.8777777777777779;16001
0;2014-01;0.3333333333333333;29003
1;2015-01;0.6666666666666666;29003
2;2016-01;0.6666666666666666;29003
3;2017-01;0.6666666666666666;29003
4;2018-01;0.6666666666666666;29003
5;2019-01;1.0;29003
6;2020-01;1.0;29003
7;2021-01;1.0;29003
8;2022-01;;29003
9;2023-01;;29003
10;2024-01;;29003
0;2014-01;0.9;29001
1;2015-01;0.8666666666666667;29001
2;2016-01;0.8;29001
3;2017-01;0.8666666666666667;29001
4;2018-01;0.9199999999999999;29001
5;2019-01;1.0;29001
6;2020-01;1.0;29001
7;2021-01;0.9;29001
8;2022-01;0.9;29001
9;2023-01;1.0;29001
10;2024-01;1.0;29001
0;2014-01;0.8571428571428572;29026
1;2015-01;0.7142857142857143;29026
2;2016-01;0.9285714285714286;29026
3;2017-01;0.7380952380952381;29026
4;2018-01;0.7857142857142857;29026
5;2019-01;0.7142857142857143;29026
6;2020-01;1.0;29026
7;2021-01;0.75;29026
8;2022-01;0.75;29026
9;2023-01;0.6666666666666666;29026
10;2024-01;0.75;29026
0;2014-01;0.75;29022
1;2015-01;0.8333333333333334;29022
2;2016-01;1.0;29022
3;2017-01;0.75;29022
4;2018-01;0.75;29022
5;2019-01;0.75;29022
6;2020-01;1.0;29022
7;2021-01;1.0;29022
8;2022-01;1.0;29022
9;2023-01;1.0;29022
10;2024-01;1.0;29022
0;2014-01;0.7666666666666666;29006
1;2015-01;0.77;29006
2;2016-01;0.8125;29006
3;2017-01;0.6041666666666666;29006
4;2018-01;0.611111111111111;29006
5;2019-01;0.38888888888888884;29006
6;2020-01;0.5277777777777778;29006
7;2021-01;0.5416666666666666;29006
8;2022-01;0.6944444444444445;29006
9;2023-01;0.75;29006
10;2024-01;0.8333333333333334;29006
0;2014-01;1.0;29010
1;2015-01;;29010
2;2016-01;1.0;29010
3;2017-01;1.0;29010
4;2018-01;1.0;29010
5;2019-01;1.0;29010
6;2020-01;1.0;29010
7;2021-01;1.0;29010
8;2022-01;1.0;29010
9;2023-01;0.75;29010
10;2024-01;0.75;29010
0;2014-01;;29024
1;2015-01;1.0;29024
2;2016-01;1.0;29024
3;2017-01;1.0;29024
4;2018-01;1.0;29024
5;2019-01;1.0;29024
6;2020-01;1.0;29024
7;2021-01;1.0;29024
8;2022-01;1.0;29024
9;2023-01;1.0;29024
10;2024-01;1.0;29024
0;2014-01;0.5707070707070706;29025
1;2015-01;0.44696969696969696;29025
2;2016-01;0.75;29025
3;2017-01;0.75;29025
4;2018-01;0.6666666666666666;29025
5;2019-01;0.6666666666666666;29025
6;2020-01;0.75;29025
7;2021-01;0.75;29025
8;2022-01;0.6666666666666666;29025
9;2023-01;0.75;29025
10;2024-01;0.75;29025
0;2014-01;0.5;29008
1;2015-01;0.5;29008
2;2016-01;0.5;29008
3;2017-01;0.5;29008
4;2018-01;0.5;29008
5;2019-01;0.5;29008
6;2020-01;0.5;29008
7;2021-01;0.5;29008
8;2022-01;0.5;29008
9;2023-01;0.5;29008
10;2024-01;0.5;29008
0;2014-01;0.9333333333333332;29028
1;2015-01;0.7000000000000001;29028
2;2016-01;0.775;29028
3;2017-01;0.8333333333333334;29028
4;2018-01;0.8333333333333334;29028
5;2019-01;0.6666666666666666;29028
6;2020-01;0.75;29028
7;2021-01;0.8;29028
8;2022-01;0.875;29028
9;2023-01;0.875;29028
10;2024-01;0.875;29028
0;2014-01;1.0;29002
1;2015-01;1.0;29002
2;2016-01;1.0;29002
3;2017-01;1.0;29002
4;2018-01;0.875;29002
5;2019-01;0.9166666666666666;29002
6;2020-01;0.75;29002
7;2021-01;0.875;29002
8;2022-01;0.875;29002
9;2023-01;0.875;29002
10;2024-01;0.75;29002
0;2014-01;0.7142857142857143;29015
1;2015-01;0.8571428571428572;29015
2;2016-01;0.8571428571428572;29015
3;2017-01;0.7857142857142857;29015
4;2018-01;0.7857142857142857;29015
5;2019-01;0.7857142857142857;29015
6;2020-01;0.7857142857142857;29015
7;2021-01;0.7857142857142857;29015
8;2022-01;0.8571428571428571;29015
9;2023-01;0.8571428571428571;29015
10;2024-01;0.9142857142857143;29015
0;2014-01;0.5;29021
1;2015-01;0.5;29021
2;2016-01;;29021
3;2017-01;;29021
4;2018-01;;29021
5;2019-01;;29021
6;2020-01;0.75;29021
7;2021-01;0.75;29021
8;2022-01;0.75;29021
9;2023-01;0.75;29021
10;2024-01;0.5;29021
0;2014-01;0.5;29013
1;2015-01;0.5;29013
2;2016-01;0.75;29013
3;2017-01;0.75;29013
4;2018-01;0.75;29013
5;2019-01;0.8333333333333334;29013
6;2020-01;1.0;29013
7;2021-01;1.0;29013
8;2022-01;0.8333333333333334;29013
9;2023-01;1.0;29013
10;2024-01;1.0;29013
0;2014-01;0.75;29005
1;2015-01;0.6666666666666666;29005
2;2016-01;0.5;29005
3;2017-01;0.41666666666666663;29005
4;2018-01;0.3333333333333333;29005
5;2019-01;0.3333333333333333;29005
6;2020-01;0.3333333333333333;29005
7;2021-01;0.3333333333333333;29005
8;2022-01;0.3333333333333333;29005
9;2023-01;0.5;29005
10;2024-01;0.3333333333333333;29005
0;2014-01;1.0;29007
1;2015-01;1.0;29007
2;2016-01;1.0;29007
3;2017-01;1.0;29007
4;2018-01;1.0;29007
5;2019-01;1.0;29007
6;2020-01;1.0;29007
7;2021-01;1.0;29007
8;2022-01;1.0;29007
9;2023-01;1.0;29007
10;2024-01;1.0;29007
0;2014-01;0.5833333333333333;29012
1;2015-01;0.7222222222222222;29012
2;2016-01;0.5740740740740741;29012
3;2017-01;0.6111111111111112;29012
4;2018-01;0.4444444444444444;29012
5;2019-01;0.7222222222222222;29012
6;2020-01;0.7222222222222222;29012
7;2021-01;0.7777777777777778;29012
8;2022-01;0.7777777777777778;29012
9;2023-01;1.0;29012
10;2024-01;1.0;29012
0;2014-01;0.6282051282051282;29004
1;2015-01;0.6576923076923077;29004
2;2016-01;0.6384615384615384;29004
3;2017-01;0.85;29004
4;2018-01;0.95;29004
5;2019-01;0.8099999999999999;29004
6;2020-01;0.8099999999999999;29004
7;2021-01;0.6833333333333333;29004
8;2022-01;0.5666666666666667;29004
9;2023-01;0.41666666666666663;29004
10;2024-01;0.5;29004
0;2014-01;0.6632926119837115;29020
1;2015-01;0.7154624781849913;29020
2;2016-01;0.7248745519713261;29020
3;2017-01;0.7719713261648746;29020
4;2018-01;0.8206972955360052;29020
5;2019-01;0.8564679048550016;29020
6;2020-01;0.835204991087344;29020
7;2021-01;0.7801069518716577;29020
8;2022-01;0.7588948306595366;29020
9;2023-01;0.6766844919786097;29020
10;2024-01;0.6572905525846702;29020
0;2014-01;0.75;29016
1;2015-01;0.8333333333333334;29016
2;2016-01;0.8333333333333334;29016
3;2017-01;0.8333333333333334;29016
4;2018-01;0.7777777777777778;29016
5;2019-01;0.7777777777777778;29016
6;2020-01;0.7222222222222222;29016
7;2021-01;1.0;29016
8;2022-01;0.8888888888888888;29016
9;2023-01;0.8333333333333333;29016
10;2024-01;0.6666666666666666;29016
0;2014-01;0.3333333333333333;29017
1;2015-01;0.3333333333333333;29017
2;2016-01;0.3333333333333333;29017
3;2017-01;0.3333333333333333;29017
4;2018-01;0.6666666666666666;29017
5;2019-01;0.6666666666666666;29017
6;2020-01;0.8333333333333333;29017
7;2021-01;0.8333333333333333;29017
8;2022-01;0.8333333333333333;29017
9;2023-01;0.8333333333333333;29017
10;2024-01;0.8333333333333333;29017
0;2014-01;0.75;29019
1;2015-01;0.75;29019
2;2016-01;1.0;29019
3;2017-01;1.0;29019
4;2018-01;1.0;29019
5;2019-01;1.0;29019
6;2020-01;1.0;29019
7;2021-01;1.0;29019
8;2022-01;0.8333333333333334;29019
9;2023-01;0.8333333333333334;29019
10;2024-01;0.6666666666666666;29019
0;2014-01;1.0;29018
1;2015-01;0.6666666666666666;29018
2;2016-01;1.0;29018
3;2017-01;0.6666666666666666;29018
4;2018-01;0.8888888888888888;29018
5;2019-01;0.8888888888888888;29018
6;2020-01;0.8888888888888888;29018
7;2021-01;0.9166666666666666;29018
8;2022-01;0.9166666666666666;29018
9;2023-01;1.0;29018
10;2024-01;1.0;29018
0;2014-01;1.0;29027
1;2015-01;1.0;29027
2;2016-01;1.0;29027
3;2017-01;1.0;29027
4;2018-01;0.6666666666666666;29027
5;2019-01;0.8333333333333333;29027
6;2020-01;0.8333333333333333;29027
7;2021-01;0.8888888888888888;29027
8;2022-01;0.8888888888888888;29027
9;2023-01;0.7222222222222222;29027
10;2024-01;0.7222222222222222;29027
0;2014-01;0.14285714285714285;29011
1;2015-01;0.3333333333333333;29011
2;2016-01;0.6666666666666666;29011
3;2017-01;0.6666666666666666;29011
4;2018-01;0.3333333333333333;29011
5;2019-01;;29011
6;2020-01;;29011
7;2021-01;;29011
8;2022-01;;29011
9;2023-01;;29011
10;2024-01;;29011
0;2014-01;0.6666666666666666;29009
1;2015-01;0.6458333333333334;29009
2;2016-01;0.8333333333333334;29009
3;2017-01;0.7777777777777778;29009
4;2018-01;1.0;29009
5;2019-01;1.0;29009
6;2020-01;1.0;29009
7;2021-01;1.0;29009
8;2022-01;1.0;29009
9;2023-01;0.875;29009
10;2024-01;0.9;29009
0;2014-01;;29023
1;2015-01;;29023
2;2016-01;;29023
3;2017-01;;29023
4;2018-01;;29023
5;2019-01;;29023
6;2020-01;;29023
7;2021-01;;29023
8;2022-01;;29023
9;2023-01;;29023
10;2024-01;1.0;29023
0;2014-01;0.55;29014
1;2015-01;0.7000000000000001;29014
2;2016-01;0.55;29014
3;2017-01;0.39999999999999997;29014
4;2018-01;0.35;29014
5;2019-01;0.35;29014
6;2020-01;0.2;29014
7;2021-01;;29014
8;2022-01;1.0;29014
9;2023-01;1.0;29014
10;2024-01;1.0;29014
0;2014-01;0.7333333333333334;23012
1;2015-01;0.725;23012
2;2016-01;0.6;23012
3;2017-01;0.45;23012
4;2018-01;1.0;23012
5;2019-01;0.3333333333333333;23012
6;2020-01;0.6666666666666666;23012
7;2021-01;0.3333333333333333;23012
8;2022-01;0.6666666666666666;23012
9;2023-01;1.0;23012
10;2024-01;0.7777777777777777;23012
0;2014-01;1.0;23014
1;2015-01;0.8333333333333334;23014
2;2016-01;0.8333333333333334;23014
3;2017-01;0.875;23014
4;2018-01;0.8333333333333334;23014
5;2019-01;0.8333333333333334;23014
6;2020-01;0.5;23014
7;2021-01;1.0;23014
8;2022-01;1.0;23014
9;2023-01;1.0;23014
10;2024-01;1.0;23014
0;2014-01;0.825;23006
1;2015-01;0.7866666666666666;23006
2;2016-01;0.7333333333333333;23006
3;2017-01;0.7999999999999999;23006
4;2018-01;0.8666666666666667;23006
5;2019-01;0.8666666666666667;23006
6;2020-01;0.8666666666666667;23006
7;2021-01;0.7714285714285715;23006
8;2022-01;0.7238095238095238;23006
9;2023-01;0.557142857142857;23006
10;2024-01;0.6178571428571429;23006
0;2014-01;0.7211499078435388;23001
1;2015-01;0.6872699575379494;23001
2;2016-01;0.7584193040741388;23001
3;2017-01;0.7362266130442385;23001
4;2018-01;0.7368985971189154;23001
5;2019-01;0.699391771019678;23001
6;2020-01;0.7273303167420815;23001
7;2021-01;0.7044871794871794;23001
8;2022-01;0.7204836185486341;23001
9;2023-01;0.6540026536930561;23001
10;2024-01;0.5968671679197994;23001
0;2014-01;0.8333333333333333;23007
1;2015-01;0.8333333333333333;23007
2;2016-01;0.8888888888888888;23007
3;2017-01;0.8888888888888888;23007
4;2018-01;0.8333333333333333;23007
5;2019-01;0.8333333333333333;23007
6;2020-01;0.8888888888888888;23007
7;2021-01;0.8333333333333333;23007
8;2022-01;0.8333333333333333;23007
9;2023-01;0.8333333333333333;23007
10;2024-01;0.6666666666666666;23007
0;2014-01;0.6666666666666666;23019
1;2015-01;0.6666666666666666;23019
2;2016-01;0.6666666666666666;23019
3;2017-01;0.6666666666666666;23019
4;2018-01;0.6666666666666666;23019
5;2019-01;0.7777777777777778;23019
6;2020-01;0.7777777777777778;23019
7;2021-01;0.6666666666666666;23019
8;2022-01;0.7777777777777778;23019
9;2023-01;0.6666666666666666;23019
10;2024-01;0.6666666666666666;23019
0;2014-01;0.6555555555555556;23021
1;2015-01;0.7777777777777778;23021
2;2016-01;0.75;23021
3;2017-01;0.9166666666666666;23021
4;2018-01;0.7083333333333333;23021
5;2019-01;0.625;23021
6;2020-01;0.8333333333333333;23021
7;2021-01;0.75;23021
8;2022-01;0.75;23021
9;2023-01;0.6166666666666666;23021
10;2024-01;0.6666666666666666;23021
0;2014-01;1.0;23004
1;2015-01;1.0;23004
2;2016-01;0.75;23004
3;2017-01;0.6666666666666666;23004
4;2018-01;0.6666666666666666;23004
5;2019-01;0.6666666666666666;23004
6;2020-01;0.5;23004
7;2021-01;0.75;23004
8;2022-01;0.75;23004
9;2023-01;0.625;23004
10;2024-01;0.25;23004
0;2014-01;0.875;23005
1;2015-01;0.6666666666666666;23005
2;2016-01;0.6666666666666666;23005
3;2017-01;0.75;23005
4;2018-01;0.875;23005
5;2019-01;0.75;23005
6;2020-01;0.6666666666666666;23005
7;2021-01;1.0;23005
8;2022-01;1.0;23005
9;2023-01;1.0;23005
10;2024-01;0.6666666666666666;23005
0;2014-01;0.8;23016
1;2015-01;0.4;23016
2;2016-01;0.7;23016
3;2017-01;0.6;23016
4;2018-01;0.6;23016
5;2019-01;0.6;23016
6;2020-01;0.7999999999999999;23016
7;2021-01;0.4;23016
8;2022-01;0.7;23016
9;2023-01;0.7;23016
10;2024-01;1.0;23016
0;2014-01;0.6261904761904762;23011
1;2015-01;0.650952380952381;23011
2;2016-01;0.7509523809523809;23011
3;2017-01;0.6883333333333332;23011
4;2018-01;0.6383333333333333;23011
5;2019-01;0.4770833333333333;23011
6;2020-01;0.3645833333333333;23011
7;2021-01;0.4375;23011
8;2022-01;0.4375;23011
9;2023-01;0.3125;23011
10;2024-01;0.625;23011
0;2014-01;0.8484848484848485;23022
1;2015-01;0.8863636363636364;23022
2;2016-01;0.96875;23022
3;2017-01;0.90625;23022
4;2018-01;0.7;23022
5;2019-01;0.675;23022
6;2020-01;0.7416666666666667;23022
7;2021-01;0.6133333333333333;23022
8;2022-01;0.6416666666666666;23022
9;2023-01;0.6416666666666666;23022
10;2024-01;0.7666666666666666;23022
0;2014-01;0.6351388888888889;23002
1;2015-01;0.5810000000000001;23002
2;2016-01;0.6011904761904762;23002
3;2017-01;0.6095238095238095;23002
4;2018-01;0.5698412698412698;23002
5;2019-01;0.6309523809523809;23002
6;2020-01;0.6309523809523809;23002
7;2021-01;0.4809523809523809;23002
8;2022-01;0.41904761904761906;23002
9;2023-01;0.4833333333333333;23002
10;2024-01;0.6666666666666666;23002
0;2014-01;0.9375;23015
1;2015-01;0.9166666666666666;23015
2;2016-01;0.8125;23015
3;2017-01;0.8854166666666666;23015
4;2018-01;0.8333333333333333;23015
5;2019-01;0.8666666666666666;23015
6;2020-01;1.0;23015
7;2021-01;1.0;23015
8;2022-01;1.0;23015
9;2023-01;1.0;23015
10;2024-01;1.0;23015
0;2014-01;0.5555555555555556;23020
1;2015-01;0.6222222222222222;23020
2;2016-01;0.5481481481481482;23020
3;2017-01;0.5708333333333333;23020
4;2018-01;0.5708333333333333;23020
5;2019-01;0.4458333333333333;23020
6;2020-01;1.0;23020
7;2021-01;1.0;23020
8;2022-01;0.625;23020
9;2023-01;0.625;23020
10;2024-01;0.45;23020
0;2014-01;0.5740740740740741;23010
1;2015-01;0.5138888888888888;23010
2;2016-01;0.625;23010
3;2017-01;0.5;23010
4;2018-01;0.5;23010
5;2019-01;0.5;23010
6;2020-01;0.5;23010
7;2021-01;0.5;23010
8;2022-01;0.5;23010
9;2023-01;0.7222222222222222;23010
10;2024-01;0.7222222222222222;23010
0;2014-01;0.7789473684210526;23003
1;2015-01;0.8231578947368421;23003
2;2016-01;0.6799999999999999;23003
3;2017-01;0.67;23003
4;2018-01;0.5875;23003
5;2019-01;0.775;23003
6;2020-01;0.75;23003
7;2021-01;0.76;23003
8;2022-01;0.6466666666666667;23003
9;2023-01;0.475;23003
10;2024-01;0.55;23003
0;2014-01;0.6481481481481481;23013
1;2015-01;0.7361111111111112;23013
2;2016-01;0.625;23013
3;2017-01;0.7222222222222222;23013
4;2018-01;0.7222222222222222;23013
5;2019-01;0.7083333333333333;23013
6;2020-01;0.7083333333333333;23013
7;2021-01;0.7083333333333333;23013
8;2022-01;0.7083333333333333;23013
9;2023-01;0.8333333333333333;23013
10;2024-01;0.8333333333333333;23013
0;2014-01;0.25;23017
1;2015-01;0.625;23017
2;2016-01;0.625;23017
3;2017-01;0.625;23017
4;2018-01;0.625;23017
5;2019-01;0.625;23017
6;2020-01;0.25;23017
7;2021-01;0.25;23017
8;2022-01;0.25;23017
9;2023-01;0.25;23017
10;2024-01;0.375;23017
0;2014-01;0.5;23018
1;2015-01;0.7222222222222222;23018
2;2016-01;0.7777777777777777;23018
3;2017-01;0.8333333333333333;23018
4;2018-01;0.8333333333333333;23018
5;2019-01;0.8333333333333333;23018
6;2020-01;0.8333333333333333;23018
7;2021-01;0.8333333333333333;23018
8;2022-01;0.8333333333333333;23018
9;2023-01;0.8333333333333333;23018
10;2024-01;0.8888888888888888;23018
0;2014-01;0.5666666666666667;23009
1;2015-01;0.5866666666666667;23009
2;2016-01;0.611111111111111;23009
3;2017-01;0.611111111111111;23009
4;2018-01;0.6666666666666666;23009
5;2019-01;1.0;23009
6;2020-01;1.0;23009
7;2021-01;0.75;23009
8;2022-01;0.75;23009
9;2023-01;0.75;23009
10;2024-01;1.0;23009
0;2014-01;0.45238095238095233;23008
1;2015-01;0.45238095238095233;23008
2;2016-01;0.45238095238095233;23008
3;2017-01;0.5833333333333333;23008
4;2018-01;0.5833333333333333;23008
5;2019-01;0.5833333333333333;23008
6;2020-01;0.8095238095238094;23008
7;2021-01;0.875;23008
8;2022-01;0.6984126984126985;23008
9;2023-01;0.8392857142857143;23008
10;2024-01;0.9166666666666666;23008
0;2014-01;0.6766227180527383;53001
1;2015-01;0.701947261663286;53001
2;2016-01;0.7431372549019608;53001
3;2017-01;0.75;53001
4;2018-01;0.8733333333333333;53001
5;2019-01;0.8156565656565657;53001
6;2020-01;0.7825959595959595;53001
7;2021-01;0.7255757575757575;53001
8;2022-01;0.805050505050505;53001
9;2023-01;0.6695555555555556;53001
10;2024-01;0.6584444444444444;53001
0;2014-01;0.8670634920634921;32002
1;2015-01;0.8857142857142858;32002
2;2016-01;0.7845238095238095;32002
3;2017-01;0.7433333333333334;32002
4;2018-01;0.8147619047619047;32002
5;2019-01;0.8171428571428571;32002
6;2020-01;0.7332142857142857;32002
7;2021-01;0.8303296703296704;32002
8;2022-01;0.7848901098901099;32002
9;2023-01;0.7066898014266435;32002
10;2024-01;0.7181086199662051;32002
0;2014-01;0.5833333333333334;32005
1;2015-01;0.4166666666666667;32005
2;2016-01;0.5833333333333334;32005
3;2017-01;0.6666666666666666;32005
4;2018-01;0.25;32005
5;2019-01;0.425;32005
6;2020-01;0.325;32005
7;2021-01;0.4388888888888889;32005
8;2022-01;0.7;32005
9;2023-01;0.5555555555555555;32005
10;2024-01;0.5916666666666667;32005
0;2014-01;0.8055555555555555;32004
1;2015-01;0.8333333333333334;32004
2;2016-01;0.875;32004
3;2017-01;0.75;32004
4;2018-01;0.75;32004
5;2019-01;0.6;32004
6;2020-01;0.4666666666666666;32004
7;2021-01;0.6;32004
8;2022-01;0.55;32004
9;2023-01;0.7333333333333334;32004
10;2024-01;0.5916666666666667;32004
0;2014-01;0.5;52004
1;2015-01;0.5;52004
2;2016-01;0.5;52004
3;2017-01;0.5;52004
4;2018-01;0.6666666666666666;52004
5;2019-01;0.5;52004
6;2020-01;0.5;52004
7;2021-01;0.75;52004
8;2022-01;;52004
9;2023-01;0.75;52004
10;2024-01;0.75;52004
0;2014-01;0.75;52011
1;2015-01;0.7166666666666667;52011
2;2016-01;0.8333333333333334;52011
3;2017-01;0.6666666666666666;52011
4;2018-01;0.6333333333333333;52011
5;2019-01;0.62;52011
6;2020-01;0.58;52011
7;2021-01;0.6199999999999999;52011
8;2022-01;0.6199999999999999;52011
9;2023-01;0.6083333333333334;52011
10;2024-01;0.5166666666666666;52011
0;2014-01;0.7721755368814193;52001
1;2015-01;0.7462745098039216;52001
2;2016-01;0.7401206636500754;52001
3;2017-01;0.6628557063851181;52001
4;2018-01;0.6734841628959276;52001
5;2019-01;0.592942612942613;52001
6;2020-01;0.6211233211233211;52001
7;2021-01;0.6698412698412699;52001
8;2022-01;0.7679609279609279;52001
9;2023-01;0.7008547008547008;52001
10;2024-01;0.5512820512820513;52001
0;2014-01;0.6302083333333333;52002
1;2015-01;0.6303030303030303;52002
2;2016-01;0.6272727272727272;52002
3;2017-01;0.6590909090909091;52002
4;2018-01;0.3893939393939394;52002
5;2019-01;0.5209090909090909;52002
6;2020-01;0.7000000000000001;52002
7;2021-01;0.7999999999999999;52002
8;2022-01;0.825;52002
9;2023-01;0.6333333333333333;52002
10;2024-01;0.5166666666666666;52002
0;2014-01;0.5;52012
1;2015-01;0.75;52012
2;2016-01;1.0;52012
3;2017-01;1.0;52012
4;2018-01;0.75;52012
5;2019-01;0.75;52012
6;2020-01;1.0;52012
7;2021-01;0.75;52012
8;2022-01;1.0;52012
9;2023-01;1.0;52012
10;2024-01;1.0;52012
0;2018-01;1.0;52007
1;2019-01;1.0;52007
2;2020-01;;52007
3;2021-01;;52007
4;2022-01;;52007
5;2023-01;;52007
6;2024-01;;52007
0;2014-01;0.8333333333333334;52017
1;2015-01;0.7666666666666666;52017
2;2016-01;0.6266666666666667;52017
3;2017-01;0.7;52017
4;2018-01;0.7000000000000001;52017
5;2019-01;0.8333333333333334;52017
6;2020-01;0.8333333333333334;52017
7;2021-01;1.0;52017
8;2022-01;0.41666666666666663;52017
9;2023-01;0.611111111111111;52017
10;2024-01;0.611111111111111;52017
0;2014-01;0.6083333333333334;52005
1;2015-01;0.6083333333333334;52005
2;2016-01;0.6916666666666667;52005
3;2017-01;0.7133333333333333;52005
4;2018-01;0.6333333333333333;52005
5;2019-01;0.7999999999999999;52005
6;2020-01;0.775;52005
7;2021-01;0.7000000000000001;52005
8;2022-01;0.775;52005
9;2023-01;0.775;52005
10;2024-01;0.775;52005
0;2014-01;1.0;52006
1;2015-01;1.0;52006
2;2016-01;1.0;52006
3;2017-01;1.0;52006
4;2018-01;1.0;52006
5;2019-01;1.0;52006
6;2020-01;1.0;52006
7;2021-01;1.0;52006
8;2022-01;1.0;52006
9;2023-01;1.0;52006
10;2024-01;1.0;52006
0;2014-01;1.0;52013
1;2015-01;1.0;52013
2;2016-01;1.0;52013
3;2017-01;1.0;52013
4;2018-01;1.0;52013
5;2019-01;1.0;52013
6;2020-01;1.0;52013
7;2021-01;1.0;52013
8;2022-01;1.0;52013
9;2023-01;1.0;52013
10;2024-01;1.0;52013
0;2014-01;0.5;52008
1;2015-01;0.5;52008
2;2016-01;0.5;52008
3;2017-01;0.5;52008
4;2018-01;0.5;52008
5;2019-01;0.5;52008
6;2020-01;0.5;52008
7;2021-01;0.5;52008
8;2022-01;0.5;52008
9;2023-01;0.5;52008
10;2024-01;0.75;52008
0;2014-01;;52003
1;2015-01;;52003
2;2016-01;;52003
3;2017-01;;52003
4;2018-01;;52003
5;2019-01;;52003
6;2020-01;1.0;52003
7;2021-01;1.0;52003
8;2022-01;;52003
9;2023-01;;52003
10;2024-01;1.0;52003
0;2014-01;0.3333333333333333;52009
1;2015-01;0.3333333333333333;52009
2;2016-01;0.3333333333333333;52009
3;2017-01;;52009
4;2018-01;;52009
5;2019-01;;52009
6;2020-01;;52009
7;2021-01;;52009
8;2022-01;;52009
9;2023-01;;52009
10;2024-01;;52009
0;2014-01;;52018
1;2015-01;;52018
2;2016-01;;52018
3;2017-01;1.0;52018
4;2018-01;;52018
5;2019-01;1.0;52018
6;2020-01;1.0;52018
7;2021-01;1.0;52018
8;2022-01;1.0;52018
9;2023-01;1.0;52018
10;2024-01;0.3333333333333333;52018
0;2014-01;0.8666666666666667;52016
1;2015-01;0.7999999999999999;52016
2;2016-01;0.7999999999999999;52016
3;2017-01;0.9;52016
4;2018-01;0.7999999999999999;52016
5;2019-01;0.7999999999999999;52016
6;2020-01;0.7999999999999999;52016
7;2021-01;0.7999999999999999;52016
8;2022-01;0.7999999999999999;52016
9;2023-01;0.7999999999999999;52016
10;2024-01;0.7333333333333334;52016
0;2014-01;1.0;52014
1;2015-01;1.0;52014
2;2016-01;1.0;52014
3;2017-01;1.0;52014
4;2018-01;1.0;52014
5;2019-01;0.875;52014
6;2020-01;0.8333333333333334;52014
7;2021-01;0.8333333333333334;52014
8;2022-01;1.0;52014
9;2023-01;1.0;52014
10;2024-01;1.0;52014
0;2014-01;1.0;52010
1;2015-01;1.0;52010
2;2016-01;1.0;52010
3;2017-01;0.875;52010
4;2018-01;0.9;52010
5;2019-01;0.9;52010
6;2020-01;1.0;52010
7;2021-01;1.0;52010
8;2022-01;1.0;52010
9;2023-01;1.0;52010
10;2024-01;1.0;52010
0;2014-01;0.8888888888888888;52015
1;2015-01;0.9166666666666666;52015
2;2016-01;0.8333333333333334;52015
3;2017-01;0.8333333333333334;52015
4;2018-01;1.0;52015
5;2019-01;0.8888888888888888;52015
6;2020-01;0.7777777777777777;52015
7;2021-01;0.7708333333333333;52015
8;2022-01;0.7083333333333333;52015
9;2023-01;0.611111111111111;52015
10;2024-01;0.6458333333333334;52015
0;2014-01;0.7916666666666666;15011
1;2015-01;0.7083333333333333;15011
2;2016-01;0.5555555555555555;15011
3;2017-01;0.7777777777777778;15011
4;2018-01;0.5416666666666666;15011
5;2019-01;0.6666666666666667;15011
6;2020-01;0.8333333333333333;15011
7;2021-01;0.7291666666666666;15011
8;2022-01;0.6934523809523809;15011
9;2023-01;0.7095238095238094;15011
10;2024-01;0.7142857142857142;15011
0;2014-01;0.8;15007
1;2015-01;0.6333333333333333;15007
2;2016-01;0.725;15007
3;2017-01;0.7000000000000001;15007
4;2018-01;0.6444444444444445;15007
5;2019-01;0.8333333333333334;15007
6;2020-01;0.9333333333333332;15007
7;2021-01;0.8666666666666667;15007
8;2022-01;0.725;15007
9;2023-01;0.6333333333333333;15007
10;2024-01;0.6125;15007
0;2014-01;0.5777777777777778;15001
1;2015-01;0.6833333333333333;15001
2;2016-01;0.6416666666666666;15001
3;2017-01;0.41111111111111115;15001
4;2018-01;0.7083333333333333;15001
5;2019-01;0.7083333333333333;15001
6;2020-01;0.7083333333333334;15001
7;2021-01;0.7083333333333334;15001
8;2022-01;0.7666666666666667;15001
9;2023-01;0.6666666666666666;15001
10;2024-01;0.8333333333333334;15001
0;2014-01;0.75;15002
1;2015-01;0.8333333333333334;15002
2;2016-01;0.8333333333333334;15002
3;2017-01;0.8333333333333334;15002
4;2018-01;0.75;15002
5;2019-01;0.9;15002
6;2020-01;1.0;15002
7;2021-01;0.95;15002
8;2022-01;0.75;15002
9;2023-01;0.625;15002
10;2024-01;0.41666666666666663;15002
0;2014-01;0.7333333333333334;15012
1;2015-01;0.7999999999999999;15012
2;2016-01;1.0;15012
3;2017-01;1.0;15012
4;2018-01;1.0;15012
5;2019-01;1.0;15012
6;2020-01;1.0;15012
7;2021-01;1.0;15012
8;2022-01;1.0;15012
9;2023-01;1.0;15012
10;2024-01;;15012
0;2014-01;0.7954302587176603;15006
1;2015-01;0.7619329820614529;15006
2;2016-01;0.7120802005012531;15006
3;2017-01;0.7644611528822055;15006
4;2018-01;0.719172932330827;15006
5;2019-01;0.8031119465329992;15006
6;2020-01;0.7617692605497484;15006
7;2021-01;0.7841756390536878;15006
8;2022-01;0.7366264769883968;15006
9;2023-01;0.8071545733229447;15006
10;2024-01;0.8059827527962854;15006
0;2014-01;0.5111111111111111;15009
1;2015-01;0.6666666666666666;15009
2;2016-01;0.6666666666666666;15009
3;2017-01;0.5416666666666666;15009
4;2018-01;0.75;15009
5;2019-01;0.4166666666666667;15009
6;2020-01;0.4375;15009
7;2021-01;0.6666666666666666;15009
8;2022-01;0.8888888888888888;15009
9;2023-01;0.8333333333333334;15009
10;2024-01;0.875;15009
0;2014-01;0.96875;15003
1;2015-01;0.8833333333333334;15003
2;2016-01;0.8333333333333334;15003
3;2017-01;0.8333333333333333;15003
4;2018-01;0.611111111111111;15003
5;2019-01;0.6666666666666666;15003
6;2020-01;0.75;15003
7;2021-01;0.47222222222222215;15003
8;2022-01;0.7291666666666666;15003
9;2023-01;0.8541666666666666;15003
10;2024-01;0.85;15003
0;2014-01;0.8888888888888888;15004
1;2015-01;0.9166666666666666;15004
2;2016-01;1.0;15004
3;2017-01;0.875;15004
4;2018-01;0.8333333333333334;15004
5;2019-01;1.0;15004
6;2020-01;0.875;15004
7;2021-01;0.75;15004
8;2022-01;0.75;15004
9;2023-01;0.8333333333333334;15004
10;2024-01;0.8333333333333334;15004
0;2014-01;1.0;15014
1;2015-01;1.0;15014
2;2016-01;1.0;15014
3;2017-01;1.0;15014
4;2018-01;1.0;15014
5;2019-01;1.0;15014
6;2020-01;1.0;15014
7;2021-01;1.0;15014
8;2022-01;1.0;15014
9;2023-01;1.0;15014
10;2024-01;0.875;15014
0;2014-01;0.41428571428571426;15008
1;2015-01;0.4161904761904762;15008
2;2016-01;0.4309523809523809;15008
3;2017-01;0.5190476190476191;15008
4;2018-01;0.5071428571428571;15008
5;2019-01;0.5833333333333333;15008
6;2020-01;0.638888888888889;15008
7;2021-01;0.638888888888889;15008
8;2022-01;0.5208333333333333;15008
9;2023-01;0.47916666666666663;15008
10;2024-01;0.47916666666666663;15008
0;2016-01;1.0;15010
1;2017-01;1.0;15010
2;2018-01;1.0;15010
3;2019-01;1.0;15010
4;2020-01;1.0;15010
5;2021-01;1.0;15010
6;2022-01;1.0;15010
7;2023-01;1.0;15010
8;2024-01;1.0;15010
0;2014-01;0.75;26001
1;2015-01;0.75;26001
2;2016-01;1.0;26001
3;2017-01;1.0;26001
4;2018-01;1.0;26001
5;2019-01;1.0;26001
6;2020-01;1.0;26001
7;2021-01;0.875;26001
8;2022-01;0.625;26001
9;2023-01;0.75;26001
10;2024-01;0.25;26001
0;2014-01;0.65;26009
1;2015-01;0.8;26009
2;2016-01;0.7666666666666666;26009
3;2017-01;0.7416666666666667;26009
4;2018-01;0.95;26009
5;2019-01;0.9166666666666666;26009
6;2020-01;0.9166666666666666;26009
7;2021-01;0.9333333333333332;26009
8;2022-01;0.7666666666666666;26009
9;2023-01;0.8333333333333333;26009
10;2024-01;0.65;26009
0;2014-01;0.7555555555555555;26003
1;2015-01;0.7333333333333334;26003
2;2016-01;0.6866666666666668;26003
3;2017-01;0.8333333333333334;26003
4;2018-01;1.0;26003
5;2019-01;0.8111111111111111;26003
6;2020-01;0.7911111111111111;26003
7;2021-01;0.7244444444444444;26003
8;2022-01;0.5409722222222222;26003
9;2023-01;0.6894444444444444;26003
10;2024-01;0.7033333333333334;26003
0;2014-01;0.7666666666666666;26008
1;2015-01;0.6916666666666667;26008
2;2016-01;0.7533333333333333;26008
3;2017-01;0.5199999999999999;26008
4;2018-01;0.6;26008
5;2019-01;0.7083333333333334;26008
6;2020-01;0.7333333333333333;26008
7;2021-01;0.75;26008
8;2022-01;0.8333333333333333;26008
9;2023-01;0.6875;26008
10;2024-01;0.6875;26008
0;2014-01;0.4166666666666667;26005
1;2015-01;0.55;26005
2;2016-01;0.75;26005
3;2017-01;0.875;26005
4;2018-01;0.75;26005
5;2019-01;0.825;26005
6;2020-01;0.825;26005
7;2021-01;0.95;26005
8;2022-01;0.95;26005
9;2023-01;0.725;26005
10;2024-01;0.675;26005
0;2014-01;0.83482865048957;26010
1;2015-01;0.8124384236453203;26010
2;2016-01;0.7589281153074257;26010
3;2017-01;0.744343185550082;26010
4;2018-01;0.7987345612907832;26010
5;2019-01;0.7249858836815358;26010
6;2020-01;0.5791036300031802;26010
7;2021-01;0.6720438482057672;26010
8;2022-01;0.7017180803537626;26010
9;2023-01;0.6807122456087973;26010
10;2024-01;0.6231302681992338;26010
0;2014-01;0.85;26002
1;2015-01;0.85;26002
2;2016-01;0.85;26002
3;2017-01;0.9166666666666666;26002
4;2018-01;1.0;26002
5;2019-01;0.75;26002
6;2020-01;0.8333333333333334;26002
7;2021-01;0.875;26002
8;2022-01;0.8333333333333334;26002
9;2023-01;0.8333333333333333;26002
10;2024-01;0.8333333333333333;26002
0;2014-01;0.8333333333333333;26007
1;2015-01;0.8888888888888888;26007
2;2016-01;0.8888888888888888;26007
3;2017-01;0.6666666666666666;26007
4;2018-01;0.7777777777777778;26007
5;2019-01;1.0;26007
6;2020-01;1.0;26007
7;2021-01;1.0;26007
8;2022-01;1.0;26007
9;2023-01;1.0;26007
10;2024-01;1.0;26007
0;2014-01;0.8888888888888888;26004
1;2015-01;0.9166666666666666;26004
2;2016-01;0.8;26004
3;2017-01;0.75;26004
4;2018-01;0.7291666666666666;26004
5;2019-01;0.7291666666666666;26004
6;2020-01;0.9444444444444445;26004
7;2021-01;0.9166666666666666;26004
8;2022-01;0.9166666666666666;26004
9;2023-01;0.875;26004
10;2024-01;0.9166666666666666;26004
0;2014-01;1.0;26012
1;2015-01;1.0;26012
2;2016-01;1.0;26012
3;2017-01;1.0;26012
4;2018-01;0.5;26012
5;2019-01;0.5;26012
6;2020-01;0.5;26012
7;2021-01;0.6666666666666666;26012
8;2022-01;0.75;26012
9;2023-01;1.0;26012
10;2024-01;1.0;26012
0;2014-01;0.6041666666666666;26006
1;2015-01;0.41666666666666663;26006
2;2016-01;0.51;26006
3;2017-01;0.5933333333333334;26006
4;2018-01;0.625;26006
5;2019-01;0.58;26006
6;2020-01;0.7133333333333334;26006
7;2021-01;0.4666666666666667;26006
8;2022-01;0.4458333333333333;26006
9;2023-01;0.49000000000000005;26006
10;2024-01;0.6900000000000001;26006
0;2014-01;0.875;26011
1;2015-01;0.9166666666666666;26011
2;2016-01;0.9166666666666666;26011
3;2017-01;0.5;26011
4;2018-01;0.75;26011
5;2019-01;0.8;26011
6;2020-01;0.9;26011
7;2021-01;1.0;26011
8;2022-01;0.875;26011
9;2023-01;1.0;26011
10;2024-01;1.0;26011
0;2014-01;1.0;22011
1;2015-01;1.0;22011
2;2016-01;1.0;22011
3;2017-01;1.0;22011
4;2018-01;1.0;22011
5;2019-01;1.0;22011
6;2020-01;1.0;22011
7;2021-01;1.0;22011
8;2022-01;1.0;22011
9;2023-01;1.0;22011
10;2024-01;1.0;22011
0;2014-01;0.5;22003
1;2015-01;0.6666666666666666;22003
2;2016-01;0.6666666666666666;22003
3;2017-01;0.5;22003
4;2018-01;0.4166666666666667;22003
5;2019-01;0.4166666666666667;22003
6;2020-01;0.5555555555555555;22003
7;2021-01;0.7222222222222222;22003
8;2022-01;0.38888888888888884;22003
9;2023-01;0.5;22003
10;2024-01;0.4166666666666667;22003
0;2014-01;;22002
1;2015-01;;22002
2;2016-01;;22002
3;2017-01;;22002
4;2018-01;;22002
5;2019-01;;22002
6;2020-01;;22002
7;2021-01;;22002
8;2022-01;;22002
9;2023-01;;22002
10;2024-01;;22002
0;2014-01;0.9166666666666667;22005
1;2015-01;0.9166666666666667;22005
2;2016-01;0.6666666666666666;22005
3;2017-01;0.7777777777777777;22005
4;2018-01;0.8333333333333333;22005
5;2019-01;0.9166666666666666;22005
6;2020-01;0.9166666666666666;22005
7;2021-01;1.0;22005
8;2022-01;1.0;22005
9;2023-01;1.0;22005
10;2024-01;0.9166666666666666;22005
0;2014-01;0.41111111111111115;22009
1;2015-01;0.43333333333333335;22009
2;2016-01;0.6;22009
3;2017-01;0.5466666666666666;22009
4;2018-01;0.4583333333333333;22009
5;2019-01;0.41666666666666663;22009
6;2020-01;0.65;22009
7;2021-01;0.675;22009
8;2022-01;0.7999999999999999;22009
9;2023-01;;22009
10;2024-01;0.625;22009
0;2014-01;;22001
1;2015-01;;22001
2;2016-01;;22001
3;2017-01;;22001
4;2018-01;;22001
5;2019-01;;22001
6;2020-01;0.5;22001
7;2021-01;0.5;22001
8;2022-01;1.0;22001
9;2023-01;0.5;22001
10;2024-01;0.5;22001
0;2018-01;;22010
1;2019-01;1.0;22010
2;2020-01;1.0;22010
3;2021-01;1.0;22010
4;2022-01;1.0;22010
5;2023-01;1.0;22010
6;2024-01;1.0;22010
0;2015-01;1.0;22008
1;2016-01;1.0;22008
2;2017-01;;22008
3;2018-01;1.0;22008
4;2019-01;1.0;22008
5;2020-01;0.5;22008
6;2021-01;0.75;22008
7;2022-01;0.5;22008
8;2023-01;0.6666666666666666;22008
9;2024-01;0.75;22008
0;2014-01;0.7710526315789474;22004
1;2015-01;0.7835087719298246;22004
2;2016-01;0.7566666666666666;22004
3;2017-01;0.8233333333333333;22004
4;2018-01;0.8833333333333332;22004
5;2019-01;0.8833333333333334;22004
6;2020-01;0.55;22004
7;2021-01;0.8333333333333334;22004
8;2022-01;0.7666666666666666;22004
9;2023-01;0.7;22004
10;2024-01;0.8083333333333333;22004
0;2021-01;1.0;22006
1;2022-01;1.0;22006
2;2023-01;1.0;22006
3;2024-01;1.0;22006
0;2014-01;0.5764499883141458;41002
1;2015-01;0.587224456866378;41002
2;2016-01;0.5377549335993271;41002
3;2017-01;0.5817295924687229;41002
4;2018-01;0.5777762385147296;41002
5;2019-01;0.632297117843793;41002
6;2020-01;0.6996123680241327;41002
7;2021-01;0.7143148797980731;41002
8;2022-01;0.7371650198540955;41002
9;2023-01;0.7123565058777854;41002
10;2024-01;0.691804761606876;41002
0;2014-01;0.8333333333333334;41012
1;2015-01;0.875;41012
2;2016-01;0.875;41012
3;2017-01;0.875;41012
4;2018-01;0.75;41012
5;2019-01;0.6666666666666666;41012
6;2020-01;1.0;41012
7;2021-01;1.0;41012
8;2022-01;0.75;41012
9;2023-01;0.75;41012
10;2024-01;0.8333333333333334;41012
0;2014-01;0.7222222222222222;41014
1;2015-01;0.6805555555555555;41014
2;2016-01;0.6666666666666666;41014
3;2017-01;0.3333333333333333;41014
4;2018-01;0.5;41014
5;2019-01;0.5;41014
6;2020-01;0.625;41014
7;2021-01;0.625;41014
8;2022-01;0.8333333333333333;41014
9;2023-01;1.0;41014
10;2024-01;0.3214285714285714;41014
0;2014-01;0.8189189189189189;41017
1;2015-01;0.8443243243243244;41017
2;2016-01;0.96;41017
3;2017-01;0.96;41017
4;2018-01;0.9;41017
5;2019-01;0.82;41017
6;2020-01;0.78;41017
7;2021-01;0.85;41017
8;2022-01;0.8300000000000001;41017
9;2023-01;0.8300000000000001;41017
10;2024-01;0.8;41017
0;2014-01;0.7596153846153846;41018
1;2015-01;0.6346153846153846;41018
2;2016-01;0.6666666666666666;41018
3;2017-01;1.0;41018
4;2018-01;0.6666666666666666;41018
5;2019-01;0.8333333333333333;41018
6;2020-01;0.8888888888888888;41018
7;2021-01;0.9166666666666666;41018
8;2022-01;0.9166666666666666;41018
9;2023-01;0.8333333333333333;41018
10;2024-01;0.8333333333333333;41018
0;2014-01;0.6515151515151515;41016
1;2015-01;0.6325757575757576;41016
2;2016-01;0.7083333333333334;41016
3;2017-01;0.6875;41016
4;2018-01;0.6166666666666666;41016
5;2019-01;0.6458333333333333;41016
6;2020-01;0.475;41016
7;2021-01;0.6416666666666666;41016
8;2022-01;0.5222222222222223;41016
9;2023-01;0.5777777777777778;41016
10;2024-01;0.6;41016
0;2014-01;0.8;41011
1;2015-01;0.8666666666666667;41011
2;2016-01;0.5888888888888889;41011
3;2017-01;0.5888888888888889;41011
4;2018-01;0.6916666666666667;41011
5;2019-01;0.5888888888888889;41011
6;2020-01;0.611111111111111;41011
7;2021-01;0.7222222222222222;41011
8;2022-01;0.7777777777777778;41011
9;2023-01;0.9166666666666666;41011
10;2024-01;0.7;41011
0;2014-01;0.4166666666666667;41020
1;2015-01;0.5625;41020
2;2016-01;0.5555555555555555;41020
3;2017-01;0.6666666666666666;41020
4;2018-01;0.7777777777777778;41020
5;2019-01;0.6666666666666666;41020
6;2020-01;0.625;41020
7;2021-01;0.8;41020
8;2022-01;0.8;41020
9;2023-01;0.6;41020
10;2024-01;0.625;41020
0;2014-01;0.7092105263157895;41015
1;2015-01;0.7960526315789473;41015
2;2016-01;0.73;41015
3;2017-01;0.73;41015
4;2018-01;0.7083333333333333;41015
5;2019-01;0.5880952380952381;41015
6;2020-01;0.6214285714285714;41015
7;2021-01;0.7714285714285715;41015
8;2022-01;0.8547619047619047;41015
9;2023-01;0.6880952380952381;41015
10;2024-01;0.6333333333333333;41015
0;2014-01;0.7202380952380952;41008
1;2015-01;0.7095238095238094;41008
2;2016-01;0.5333333333333333;41008
3;2017-01;0.5833333333333333;41008
4;2018-01;0.7083333333333334;41008
5;2019-01;0.611111111111111;41008
6;2020-01;0.6388888888888888;41008
7;2021-01;0.4166666666666667;41008
8;2022-01;0.41269841269841273;41008
9;2023-01;0.503968253968254;41008
10;2024-01;0.6130952380952381;41008
0;2014-01;0.5983333333333334;41010
1;2015-01;0.6047023809523809;41010
2;2016-01;0.5863095238095238;41010
3;2017-01;0.6285714285714286;41010
4;2018-01;0.6095238095238095;41010
5;2019-01;0.5571428571428572;41010
6;2020-01;0.38095238095238093;41010
7;2021-01;0.4904761904761905;41010
8;2022-01;0.6;41010
9;2023-01;0.65;41010
10;2024-01;0.7266666666666667;41010
0;2014-01;0.6666666666666666;41005
1;2015-01;0.75;41005
2;2016-01;0.7083333333333334;41005
3;2017-01;0.875;41005
4;2018-01;0.875;41005
5;2019-01;0.9;41005
6;2020-01;0.45;41005
7;2021-01;0.7999999999999999;41005
8;2022-01;0.6222222222222222;41005
9;2023-01;0.7166666666666667;41005
10;2024-01;0.6733333333333333;41005
0;2014-01;0.5952380952380952;41003
1;2015-01;0.43666666666666665;41003
2;2016-01;0.775;41003
3;2017-01;0.6914285714285715;41003
4;2018-01;0.700952380952381;41003
5;2019-01;0.6057142857142856;41003
6;2020-01;0.6476190476190476;41003
7;2021-01;0.6;41003
8;2022-01;0.8;41003
9;2023-01;0.7333333333333333;41003
10;2024-01;0.8333333333333334;41003
0;2014-01;0.6702380952380953;41019
1;2015-01;0.6561904761904762;41019
2;2016-01;0.6733333333333333;41019
3;2017-01;0.6916666666666667;41019
4;2018-01;0.6733333333333333;41019
5;2019-01;0.5733333333333334;41019
6;2020-01;0.6433333333333333;41019
7;2021-01;0.6933333333333334;41019
8;2022-01;0.67;41019
9;2023-01;0.6966666666666667;41019
10;2024-01;0.54;41019
0;2014-01;0.7777777777777778;41013
1;2015-01;0.6666666666666666;41013
2;2016-01;0.6666666666666666;41013
3;2017-01;0.6666666666666666;41013
4;2018-01;0.7777777777777778;41013
5;2019-01;0.7777777777777778;41013
6;2020-01;0.6666666666666666;41013
7;2021-01;1.0;41013
8;2022-01;1.0;41013
9;2023-01;0.7777777777777777;41013
10;2024-01;0.9166666666666666;41013
0;2014-01;0.5666666666666667;41007
1;2015-01;0.675;41007
2;2016-01;0.6125;41007
3;2017-01;0.6900000000000001;41007
4;2018-01;0.5111111111111111;41007
5;2019-01;0.7333333333333334;41007
6;2020-01;0.675;41007
7;2021-01;0.8333333333333334;41007
8;2022-01;0.6875;41007
9;2023-01;0.8125;41007
10;2024-01;0.9375;41007
0;2014-01;0.75;41021
1;2015-01;0.75;41021
2;2016-01;0.7222222222222222;41021
3;2017-01;0.611111111111111;41021
4;2018-01;0.625;41021
5;2019-01;0.8333333333333334;41021
6;2020-01;1.0;41021
7;2021-01;1.0;41021
8;2022-01;1.0;41021
9;2023-01;1.0;41021
10;2024-01;1.0;41021
0;2014-01;0.6444444444444445;41009
1;2015-01;0.6333333333333333;41009
2;2016-01;0.611111111111111;41009
3;2017-01;0.8333333333333334;41009
4;2018-01;0.875;41009
5;2019-01;0.7916666666666666;41009
6;2020-01;0.7533333333333333;41009
7;2021-01;0.7533333333333333;41009
8;2022-01;0.7666666666666666;41009
9;2023-01;0.7666666666666667;41009
10;2024-01;0.875;41009
0;2014-01;0.7430555555555555;41001
1;2015-01;0.5763888888888888;41001
2;2016-01;0.765625;41001
3;2017-01;0.6875;41001
4;2018-01;0.8;41001
5;2019-01;1.0;41001
6;2020-01;0.8;41001
7;2021-01;0.9;41001
8;2022-01;0.6666666666666666;41001
9;2023-01;0.6666666666666667;41001
10;2024-01;0.6166666666666667;41001
0;2014-01;1.0;41004
1;2015-01;1.0;41004
2;2016-01;1.0;41004
3;2017-01;1.0;41004
4;2018-01;1.0;41004
5;2019-01;1.0;41004
6;2020-01;0.9;41004
7;2021-01;0.7999999999999999;41004
8;2022-01;0.85;41004
9;2023-01;0.85;41004
10;2024-01;0.8800000000000001;41004
0;2014-01;0.8;41022
1;2015-01;0.8;41022
2;2016-01;0.7;41022
3;2017-01;0.6;41022
4;2018-01;0.35;41022
5;2019-01;0.75;41022
6;2020-01;0.5;41022
7;2021-01;0.75;41022
8;2022-01;0.75;41022
9;2023-01;0.8333333333333334;41022
10;2024-01;1.0;41022
0;2014-01;0.7777777777777778;41006
1;2015-01;0.7777777777777778;41006
2;2016-01;0.6666666666666666;41006
3;2017-01;0.6666666666666666;41006
4;2018-01;0.41666666666666663;41006
5;2019-01;0.5;41006
6;2020-01;0.75;41006
7;2021-01;0.75;41006
8;2022-01;0.75;41006
9;2023-01;0.6666666666666666;41006
10;2024-01;0.75;41006
0;2014-01;0.8095238095238094;33001
1;2015-01;0.8571428571428571;33001
2;2016-01;0.7857142857142857;33001
3;2017-01;0.7857142857142857;33001
4;2018-01;0.7857142857142857;33001
5;2019-01;0.6607142857142857;33001
6;2020-01;0.6607142857142857;33001
7;2021-01;0.6607142857142857;33001
8;2022-01;0.6607142857142857;33001
9;2023-01;0.75;33001
10;2024-01;0.8333333333333334;33001
0;2014-01;0.6666666666666666;33007
1;2015-01;0.75;33007
2;2016-01;0.7777777777777777;33007
3;2017-01;0.8888888888888888;33007
4;2018-01;0.9166666666666666;33007
5;2019-01;1.0;33007
6;2020-01;0.9333333333333333;33007
7;2021-01;1.0;33007
8;2022-01;0.8333333333333334;33007
9;2023-01;0.7916666666666666;33007
10;2024-01;0.7916666666666666;33007
0;2014-01;0.9411764705882353;33002
1;2015-01;0.9558823529411764;33002
2;2016-01;0.95;33002
3;2017-01;0.8611111111111112;33002
4;2018-01;0.6666666666666666;33002
5;2019-01;0.5833333333333333;33002
6;2020-01;0.4833333333333333;33002
7;2021-01;0.6833333333333333;33002
8;2022-01;0.693939393939394;33002
9;2023-01;0.6401515151515151;33002
10;2024-01;0.7073863636363636;33002
0;2014-01;0.5961538461538461;33004
1;2015-01;0.6269230769230769;33004
2;2016-01;0.5599999999999999;33004
3;2017-01;0.71;33004
4;2018-01;0.6766666666666666;33004
5;2019-01;0.7933333333333333;33004
6;2020-01;0.9;33004
7;2021-01;0.8777777777777779;33004
8;2022-01;0.8111111111111111;33004
9;2023-01;0.8888888888888888;33004
10;2024-01;0.8888888888888888;33004
0;2014-01;0.7263478818998717;33005
1;2015-01;0.6687073694689686;33005
2;2016-01;0.6445871822413176;33005
3;2017-01;0.6606938775510204;33005
4;2018-01;0.6392922783148347;33005
5;2019-01;0.6283356009070296;33005
6;2020-01;0.5578049886621315;33005
7;2021-01;0.5861689606074989;33005
8;2022-01;0.6419287304819402;33005
9;2023-01;0.6003187391050661;33005
10;2024-01;0.5576379685779862;33005
0;2014-01;0.8045977011494252;33009
1;2015-01;0.7126436781609196;33009
2;2016-01;0.8666666666666666;33009
3;2017-01;0.9166666666666666;33009
4;2018-01;0.9166666666666666;33009
5;2019-01;0.9166666666666666;33009
6;2020-01;0.9133333333333333;33009
7;2021-01;0.9800000000000001;33009
8;2022-01;0.8666666666666667;33009
9;2023-01;0.8333333333333334;33009
10;2024-01;0.6666666666666666;33009
0;2014-01;0.8217427733556766;33008
1;2015-01;0.8223711772098868;33008
2;2016-01;0.8857142857142858;33008
3;2017-01;0.8151515151515151;33008
4;2018-01;0.8151515151515151;33008
5;2019-01;0.8333333333333333;33008
6;2020-01;0.8333333333333334;33008
7;2021-01;0.7;33008
8;2022-01;0.6;33008
9;2023-01;0.6333333333333333;33008
10;2024-01;0.6333333333333334;33008
0;2014-01;0.8076923076923077;33003
1;2015-01;0.8538461538461538;33003
2;2016-01;0.7339743589743589;33003
3;2017-01;0.8888888888888888;33003
4;2018-01;0.7777777777777777;33003
5;2019-01;0.7083333333333333;33003
6;2020-01;0.7777777777777778;33003
7;2021-01;1.0;33003
8;2022-01;0.8333333333333334;33003
9;2023-01;1.0;33003
10;2024-01;0.8333333333333334;33003
0;2014-01;0.660372340425532;33006
1;2015-01;0.610709219858156;33006
2;2016-01;0.7016666666666667;33006
3;2017-01;0.665;33006
4;2018-01;0.7783333333333333;33006
5;2019-01;0.8151515151515152;33006
6;2020-01;0.633939393939394;33006
7;2021-01;0.6343434343434343;33006
8;2022-01;0.5661616161616162;33006
9;2023-01;0.44646464646464645;33006
10;2024-01;0.4311111111111111;33006
0;2014-01;0.8333333333333334;24004
1;2015-01;0.8;24004
2;2016-01;0.9333333333333332;24004
3;2017-01;0.7777777777777777;24004
4;2018-01;0.5;24004
5;2019-01;0.7083333333333333;24004
6;2020-01;0.7083333333333333;24004
7;2021-01;0.5;24004
8;2022-01;0.5;24004
9;2023-01;0.5;24004
10;2024-01;0.6666666666666666;24004
0;2014-01;1.0;24008
1;2015-01;1.0;24008
2;2016-01;1.0;24008
3;2017-01;0.8333333333333333;24008
4;2018-01;0.6666666666666666;24008
5;2019-01;1.0;24008
6;2020-01;1.0;24008
7;2021-01;1.0;24008
8;2022-01;1.0;24008
9;2023-01;1.0;24008
10;2024-01;0.6666666666666666;24008
0;2014-01;0.7666666666666666;24003
1;2015-01;0.8666666666666667;24003
2;2016-01;0.725;24003
3;2017-01;0.7;24003
4;2018-01;0.775;24003
5;2019-01;0.7999999999999999;24003
6;2020-01;1.0;24003
7;2021-01;1.0;24003
8;2022-01;1.0;24003
9;2023-01;1.0;24003
10;2024-01;1.0;24003
0;2014-01;1.0;24006
1;2015-01;0.875;24006
2;2016-01;0.75;24006
3;2017-01;0.75;24006
4;2018-01;0.5;24006
5;2019-01;1.0;24006
6;2020-01;1.0;24006
7;2021-01;0.8333333333333334;24006
8;2022-01;0.8333333333333334;24006
9;2023-01;0.8333333333333334;24006
10;2024-01;0.75;24006
0;2014-01;0.6944444444444444;24002
1;2015-01;0.8194444444444444;24002
2;2016-01;0.7555555555555555;24002
3;2017-01;0.711111111111111;24002
4;2018-01;0.8;24002
5;2019-01;0.8;24002
6;2020-01;0.9;24002
7;2021-01;0.7833333333333333;24002
8;2022-01;0.9333333333333332;24002
9;2023-01;0.8666666666666666;24002
10;2024-01;0.8666666666666666;24002
0;2014-01;0.5833333333333334;24001
1;2015-01;0.7222222222222222;24001
2;2016-01;0.7666666666666666;24001
3;2017-01;0.5222222222222223;24001
4;2018-01;0.5916666666666667;24001
5;2019-01;0.5416666666666666;24001
6;2020-01;0.6666666666666666;24001
7;2021-01;0.5;24001
8;2022-01;0.5;24001
9;2023-01;0.75;24001
10;2024-01;0.75;24001
0;2014-01;0.8406779661016949;24007
1;2015-01;0.8657627118644069;24007
2;2016-01;0.8800000000000001;24007
3;2017-01;0.8433333333333334;24007
4;2018-01;0.8111111111111111;24007
5;2019-01;0.836111111111111;24007
6;2020-01;0.6844017094017094;24007
7;2021-01;0.7642307692307693;24007
8;2022-01;0.8682517482517482;24007
9;2023-01;0.9418181818181818;24007
10;2024-01;0.9236363636363636;24007
0;2014-01;0.611111111111111;24005
1;2015-01;0.7083333333333334;24005
2;2016-01;0.625;24005
3;2017-01;0.8333333333333334;24005
4;2018-01;0.8888888888888888;24005
5;2019-01;1.0;24005
6;2020-01;1.0;24005
7;2021-01;0.8333333333333334;24005
8;2022-01;;24005
9;2023-01;;24005
10;2024-01;1.0;24005
0;2014-01;1.0;11001
1;2015-01;1.0;11001
2;2016-01;1.0;11001
3;2017-01;1.0;11001
4;2018-01;1.0;11001
5;2019-01;1.0;11001
6;2020-01;1.0;11001
7;2021-01;1.0;11001
8;2022-01;0.8333333333333334;11001
9;2023-01;0.8333333333333334;11001
10;2024-01;0.875;11001
0;2014-01;;11002
1;2015-01;;11002
2;2016-01;;11002
3;2017-01;;11002
4;2018-01;;11002
5;2019-01;1.0;11002
6;2020-01;1.0;11002
7;2021-01;1.0;11002
8;2022-01;1.0;11002
9;2023-01;1.0;11002
10;2024-01;1.0;11002
0;2014-01;;11006
1;2015-01;;11006
2;2016-01;1.0;11006
3;2017-01;1.0;11006
4;2018-01;1.0;11006
5;2019-01;1.0;11006
6;2020-01;1.0;11006
7;2021-01;1.0;11006
8;2022-01;0.875;11006
9;2023-01;0.875;11006
10;2024-01;0.6666666666666666;11006
0;2014-01;1.0;11003
1;2015-01;1.0;11003
2;2016-01;1.0;11003
3;2017-01;1.0;11003
4;2018-01;1.0;11003
5;2019-01;1.0;11003
6;2020-01;1.0;11003
7;2021-01;1.0;11003
8;2022-01;1.0;11003
9;2023-01;0.8888888888888888;11003
10;2024-01;0.7777777777777777;11003
0;2014-01;0.5;11005
1;2015-01;0.5;11005
2;2016-01;0.5;11005
3;2017-01;0.5;11005
4;2018-01;0.5;11005
5;2019-01;0.5;11005
6;2020-01;0.75;11005
7;2021-01;0.8333333333333334;11005
8;2022-01;0.75;11005
9;2023-01;0.75;11005
10;2024-01;0.8333333333333334;11005
0;2014-01;1.0;11004
1;2015-01;1.0;11004
2;2016-01;0.9;11004
3;2017-01;0.875;11004
4;2018-01;0.9583333333333334;11004
5;2019-01;0.9583333333333334;11004
6;2020-01;0.9583333333333334;11004
7;2021-01;0.8958333333333334;11004
8;2022-01;0.8277777777777778;11004
9;2023-01;0.9269841269841269;11004
10;2024-01;0.8984126984126984;11004
0;2014-01;0.5555555555555556;14001
1;2015-01;0.6666666666666666;14001
2;2016-01;0.7333333333333333;14001
3;2017-01;0.9;14001
4;2018-01;0.9;14001
5;2019-01;0.9;14001
6;2020-01;0.95;14001
7;2021-01;0.9666666666666666;14001
8;2022-01;0.8666666666666666;14001
9;2023-01;0.9;14001
10;2024-01;0.875;14001
0;2014-01;0.8888888888888888;43001
1;2015-01;0.7407407407407408;43001
2;2016-01;0.9285714285714285;43001
3;2017-01;0.8928571428571428;43001
4;2018-01;0.7857142857142857;43001
5;2019-01;0.7462121212121212;43001
6;2020-01;0.6699134199134199;43001
7;2021-01;0.7193181818181819;43001
8;2022-01;0.6424242424242423;43001
9;2023-01;0.5522727272727272;43001
10;2024-01;0.6;43001
0;2014-01;0.7916666666666666;43003
1;2015-01;0.7222222222222222;43003
2;2016-01;0.9166666666666666;43003
3;2017-01;0.9375;43003
4;2018-01;0.75;43003
5;2019-01;0.8333333333333334;43003
6;2020-01;0.7916666666666666;43003
7;2021-01;0.8333333333333333;43003
8;2022-01;0.6666666666666666;43003
9;2023-01;0.6666666666666667;43003
10;2024-01;0.65;43003
0;2014-01;0.625;43015
1;2015-01;0.75;43015
2;2016-01;0.5;43015
3;2017-01;0.6666666666666666;43015
4;2018-01;0.5555555555555555;43015
5;2019-01;0.5555555555555555;43015
6;2020-01;0.6666666666666666;43015
7;2021-01;0.5333333333333333;43015
8;2022-01;0.7083333333333333;43015
9;2023-01;0.8333333333333334;43015
10;2024-01;0.7222222222222222;43015
0;2014-01;0.8382189239332096;43010
1;2015-01;0.8101896516182231;43010
2;2016-01;0.7214141414141414;43010
3;2017-01;0.7423931623931624;43010
4;2018-01;0.7102408702408702;43010
5;2019-01;0.6387956487956489;43010
6;2020-01;0.6258041958041958;43010
7;2021-01;0.6182817182817183;43010
8;2022-01;0.6722510822510823;43010
9;2023-01;0.6805990783410139;43010
10;2024-01;0.7092797405700632;43010
0;2014-01;0.5873015873015873;43026
1;2015-01;0.7619047619047619;43026
2;2016-01;0.7619047619047619;43026
3;2017-01;;43026
4;2018-01;0.5;43026
5;2019-01;0.75;43026
6;2020-01;0.8333333333333334;43026
7;2021-01;0.875;43026
8;2022-01;0.9;43026
9;2023-01;0.7083333333333333;43026
10;2024-01;0.5833333333333333;43026
0;2014-01;1.0;43029
1;2015-01;1.0;43029
2;2016-01;1.0;43029
3;2017-01;1.0;43029
4;2018-01;0.875;43029
5;2019-01;0.8333333333333334;43029
6;2020-01;0.875;43029
7;2021-01;0.9;43029
8;2022-01;0.9;43029
9;2023-01;0.8125;43029
10;2024-01;0.7625;43029
0;2014-01;1.0;43027
1;2015-01;1.0;43027
2;2016-01;0.75;43027
3;2017-01;0.8333333333333334;43027
4;2018-01;0.8333333333333334;43027
5;2019-01;0.875;43027
6;2020-01;0.875;43027
7;2021-01;0.875;43027
8;2022-01;0.875;43027
9;2023-01;0.9;43027
10;2024-01;0.8333333333333334;43027
0;2014-01;0.7;43021
1;2015-01;0.6933333333333332;43021
2;2016-01;0.7866666666666666;43021
3;2017-01;0.8;43021
4;2018-01;0.8042328042328042;43021
5;2019-01;0.7830687830687831;43021
6;2020-01;0.7761904761904762;43021
7;2021-01;0.720952380952381;43021
8;2022-01;0.7;43021
9;2023-01;0.7351515151515151;43021
10;2024-01;0.6336363636363637;43021
0;2014-01;0.75;43013
1;2015-01;0.7916666666666666;43013
2;2016-01;0.5833333333333334;43013
3;2017-01;0.53125;43013
4;2018-01;0.75;43013
5;2019-01;0.875;43013
6;2020-01;0.875;43013
7;2021-01;0.9166666666666666;43013
8;2022-01;1.0;43013
9;2023-01;1.0;43013
10;2024-01;0.7833333333333333;43013
0;2014-01;1.0;43022
1;2015-01;0.75;43022
2;2016-01;0.8333333333333334;43022
3;2017-01;0.75;43022
4;2018-01;0.75;43022
5;2019-01;0.7222222222222222;43022
6;2020-01;0.8888888888888888;43022
7;2021-01;0.8888888888888888;43022
8;2022-01;0.7777777777777777;43022
9;2023-01;1.0;43022
10;2024-01;0.5;43022
0;2014-01;0.7555555555555555;43008
1;2015-01;0.62;43008
2;2016-01;0.6183333333333334;43008
3;2017-01;0.62;43008
4;2018-01;0.545;43008
5;2019-01;0.47291666666666665;43008
6;2020-01;0.5205357142857143;43008
7;2021-01;0.3923809523809524;43008
8;2022-01;0.49642857142857144;43008
9;2023-01;0.5342857142857143;43008
10;2024-01;0.5857142857142856;43008
0;2014-01;0.25;43016
1;2015-01;0.25;43016
2;2016-01;0.6666666666666666;43016
3;2017-01;0.41666666666666663;43016
4;2018-01;0.5;43016
5;2019-01;0.6666666666666666;43016
6;2020-01;0.6666666666666666;43016
7;2021-01;0.7777777777777778;43016
8;2022-01;0.7777777777777778;43016
9;2023-01;0.7777777777777778;43016
10;2024-01;1.0;43016
0;2014-01;0.75;43019
1;2015-01;0.75;43019
2;2016-01;1.0;43019
3;2017-01;1.0;43019
4;2018-01;1.0;43019
5;2019-01;1.0;43019
6;2020-01;;43019
7;2021-01;1.0;43019
8;2022-01;;43019
9;2023-01;1.0;43019
10;2024-01;1.0;43019
0;2014-01;0.8571428571428572;43025
1;2015-01;0.7142857142857143;43025
2;2016-01;0.42857142857142855;43025
3;2017-01;0.42857142857142855;43025
4;2018-01;0.42857142857142855;43025
5;2019-01;0.7142857142857143;43025
6;2020-01;0.5476190476190476;43025
7;2021-01;0.5476190476190476;43025
8;2022-01;0.6666666666666666;43025
9;2023-01;0.7777777777777777;43025
10;2024-01;0.8333333333333333;43025
0;2014-01;1.0;43030
1;2015-01;1.0;43030
2;2016-01;0.5833333333333333;43030
3;2017-01;0.7222222222222222;43030
4;2018-01;0.7222222222222222;43030
5;2019-01;0.7083333333333334;43030
6;2020-01;0.875;43030
7;2021-01;0.875;43030
8;2022-01;1.0;43030
9;2023-01;1.0;43030
10;2024-01;1.0;43030
0;2014-01;;43020
1;2015-01;0.6666666666666666;43020
2;2016-01;0.41666666666666663;43020
3;2017-01;0.611111111111111;43020
4;2018-01;0.611111111111111;43020
5;2019-01;0.75;43020
6;2020-01;0.8333333333333334;43020
7;2021-01;0.7777777777777778;43020
8;2022-01;0.7777777777777778;43020
9;2023-01;0.7777777777777778;43020
10;2024-01;1.0;43020
0;2014-01;0.8571428571428572;43009
1;2015-01;0.8571428571428572;43009
2;2016-01;0.8571428571428572;43009
3;2017-01;0.7142857142857143;43009
4;2018-01;0.9285714285714286;43009
5;2019-01;0.7301587301587301;43009
6;2020-01;0.5238095238095238;43009
7;2021-01;0.6666666666666666;43009
8;2022-01;0.3333333333333333;43009
9;2023-01;0.5833333333333334;43009
10;2024-01;1.0;43009
0;2014-01;0.6011904761904762;43007
1;2015-01;0.6642857142857143;43007
2;2016-01;0.7476190476190476;43007
3;2017-01;0.75;43007
4;2018-01;0.6666666666666666;43007
5;2019-01;0.6666666666666666;43007
6;2020-01;0.5958333333333333;43007
7;2021-01;0.6766666666666666;43007
8;2022-01;0.7266666666666667;43007
9;2023-01;0.6533333333333333;43007
10;2024-01;0.5833333333333334;43007
0;2014-01;0.8518518518518517;43014
1;2015-01;0.7986111111111112;43014
2;2016-01;0.875;43014
3;2017-01;0.8125;43014
4;2018-01;0.75;43014
5;2019-01;1.0;43014
6;2020-01;1.0;43014
7;2021-01;0.8125;43014
8;2022-01;0.7083333333333333;43014
9;2023-01;0.7708333333333333;43014
10;2024-01;0.5;43014
0;2014-01;0.8888888888888888;43023
1;2015-01;0.8888888888888888;43023
2;2016-01;0.9259259259259259;43023
3;2017-01;0.9259259259259259;43023
4;2018-01;0.9444444444444444;43023
5;2019-01;0.95;43023
6;2020-01;0.85;43023
7;2021-01;0.8800000000000001;43023
8;2022-01;0.74;43023
9;2023-01;0.74;43023
10;2024-01;0.85;43023
0;2014-01;0.5833333333333334;43004
1;2015-01;0.6666666666666667;43004
2;2016-01;0.5833333333333333;43004
3;2017-01;0.5;43004
4;2018-01;0.3333333333333333;43004
5;2019-01;0.5555555555555555;43004
6;2020-01;0.5555555555555555;43004
7;2021-01;0.5555555555555555;43004
8;2022-01;0.38888888888888884;43004
9;2023-01;0.38888888888888884;43004
10;2024-01;0.611111111111111;43004
0;2014-01;0.5;43017
1;2015-01;0.6666666666666666;43017
2;2016-01;0.8888888888888888;43017
3;2017-01;0.7916666666666666;43017
4;2018-01;0.8333333333333334;43017
5;2019-01;0.8333333333333333;43017
6;2020-01;0.6666666666666666;43017
7;2021-01;0.7;43017
8;2022-01;0.6916666666666667;43017
9;2023-01;0.5777777777777778;43017
10;2024-01;0.5708333333333333;43017
0;2014-01;0.5;43011
1;2015-01;0.5;43011
2;2016-01;0.8333333333333333;43011
3;2017-01;0.8333333333333333;43011
4;2018-01;0.8888888888888888;43011
5;2019-01;0.9166666666666666;43011
6;2020-01;1.0;43011
7;2021-01;0.8333333333333334;43011
8;2022-01;0.7083333333333333;43011
9;2023-01;0.6458333333333333;43011
10;2024-01;0.75;43011
0;2014-01;0.875;43005
1;2015-01;0.8333333333333334;43005
2;2016-01;0.6875;43005
3;2017-01;0.8125;43005
4;2018-01;0.8333333333333334;43005
5;2019-01;0.75;43005
6;2020-01;1.0;43005
7;2021-01;0.875;43005
8;2022-01;0.5625;43005
9;2023-01;0.5208333333333333;43005
10;2024-01;0.7166666666666666;43005
0;2014-01;0.6666666666666666;43012
1;2015-01;0.6666666666666666;43012
2;2016-01;0.7777777777777778;43012
3;2017-01;0.7777777777777778;43012
4;2018-01;0.7777777777777778;43012
5;2019-01;0.6666666666666666;43012
6;2020-01;1.0;43012
7;2021-01;1.0;43012
8;2022-01;1.0;43012
9;2023-01;1.0;43012
10;2024-01;0.6388888888888888;43012
0;2014-01;1.0;43018
1;2015-01;1.0;43018
2;2016-01;1.0;43018
3;2017-01;1.0;43018
4;2018-01;;43018
5;2019-01;;43018
6;2020-01;1.0;43018
7;2021-01;1.0;43018
8;2022-01;;43018
9;2023-01;;43018
10;2024-01;0.5;43018
0;2014-01;0.7555555555555555;43006
1;2015-01;0.7555555555555555;43006
2;2016-01;0.7555555555555555;43006
3;2017-01;0.7555555555555555;43006
4;2018-01;0.5777777777777778;43006
5;2019-01;0.41111111111111115;43006
6;2020-01;0.5583333333333333;43006
7;2021-01;0.611111111111111;43006
8;2022-01;0.875;43006
9;2023-01;1.0;43006
10;2024-01;;43006
0;2014-01;0.75;43028
1;2015-01;0.8333333333333334;43028
2;2016-01;0.875;43028
3;2017-01;0.8333333333333333;43028
4;2018-01;0.8333333333333333;43028
5;2019-01;0.8888888888888888;43028
6;2020-01;0.6666666666666666;43028
7;2021-01;0.6666666666666666;43028
8;2022-01;0.5;43028
9;2023-01;0.6666666666666666;43028
10;2024-01;0.75;43028
0;2014-01;;43002
1;2015-01;1.0;43002
2;2016-01;1.0;43002
3;2017-01;1.0;43002
4;2018-01;0.75;43002
5;2019-01;1.0;43002
6;2020-01;1.0;43002
7;2021-01;0.6666666666666666;43002
8;2022-01;1.0;43002
9;2023-01;0.8333333333333334;43002
10;2024-01;0.7222222222222222;43002
0;2014-01;0.8888888888888888;43024
1;2015-01;0.8333333333333333;43024
2;2016-01;0.8333333333333333;43024
3;2017-01;0.8333333333333333;43024
4;2018-01;0.8333333333333333;43024
5;2019-01;0.8333333333333333;43024
6;2020-01;0.8333333333333333;43024
7;2021-01;0.8333333333333333;43024
8;2022-01;0.8333333333333333;43024
9;2023-01;0.8333333333333333;43024
10;2024-01;0.7777777777777778;43024
0;2014-01;0.8333333333333334;42008
1;2015-01;0.6805555555555555;42008
2;2016-01;0.5555555555555555;42008
3;2017-01;0.611111111111111;42008
4;2018-01;1.0;42008
5;2019-01;0.8333333333333333;42008
6;2020-01;0.8888888888888888;42008
7;2021-01;0.9166666666666666;42008
8;2022-01;0.5625;42008
9;2023-01;0.6333333333333333;42008
10;2024-01;0.4666666666666667;42008
0;2014-01;0.675;42003
1;2015-01;0.5333333333333333;42003
2;2016-01;0.47222222222222215;42003
3;2017-01;0.5208333333333333;42003
4;2018-01;0.6666666666666666;42003
5;2019-01;0.8333333333333334;42003
6;2020-01;1.0;42003
7;2021-01;0.8333333333333334;42003
8;2022-01;0.8333333333333334;42003
9;2023-01;0.7666666666666666;42003
10;2024-01;0.725;42003
0;2014-01;0.5946969696969697;42002
1;2015-01;0.47575757575757577;42002
2;2016-01;0.5166666666666667;42002
3;2017-01;0.55;42002
4;2018-01;0.7083333333333334;42002
5;2019-01;0.7083333333333334;42002
6;2020-01;0.7291666666666666;42002
7;2021-01;0.7083333333333333;42002
8;2022-01;0.7083333333333333;42002
9;2023-01;0.8333333333333333;42002
10;2024-01;0.8;42002
0;2014-01;0.6813146997929607;42007
1;2015-01;0.5725465838509317;42007
2;2016-01;0.6192857142857143;42007
3;2017-01;0.5371428571428571;42007
4;2018-01;0.48666666666666664;42007
5;2019-01;0.58;42007
6;2020-01;0.615;42007
7;2021-01;0.76;42007
8;2022-01;0.7342857142857143;42007
9;2023-01;0.7397402597402597;42007
10;2024-01;0.7046353646353646;42007
0;2014-01;0.4714285714285714;42001
1;2015-01;0.4063492063492063;42001
2;2016-01;0.4922619047619048;42001
3;2017-01;0.49583333333333335;42001
4;2018-01;0.6125;42001
5;2019-01;0.9166666666666666;42001
6;2020-01;0.8333333333333334;42001
7;2021-01;0.875;42001
8;2022-01;0.875;42001
9;2023-01;0.875;42001
10;2024-01;0.6666666666666666;42001
0;2014-01;0.8944444444444445;42013
1;2015-01;0.8644444444444443;42013
2;2016-01;0.8800000000000001;42013
3;2017-01;0.75;42013
4;2018-01;0.65;42013
5;2019-01;0.75;42013
6;2020-01;0.6966666666666667;42013
7;2021-01;0.6799999999999999;42013
8;2022-01;1.0;42013
9;2023-01;0.8666666666666666;42013
10;2024-01;0.8333333333333334;42013
0;2014-01;1.0;42010
1;2015-01;1.0;42010
2;2016-01;0.75;42010
3;2017-01;0.8333333333333334;42010
4;2018-01;0.875;42010
5;2019-01;0.875;42010
6;2020-01;0.8333333333333333;42010
7;2021-01;0.7916666666666666;42010
8;2022-01;0.7083333333333333;42010
9;2023-01;0.8333333333333333;42010
10;2024-01;0.8333333333333333;42010
0;2014-01;0.7682780182780182;42011
1;2015-01;0.766070226070226;42011
2;2016-01;0.7288311688311688;42011
3;2017-01;0.7478787878787878;42011
4;2018-01;0.7143939393939395;42011
5;2019-01;0.7293939393939394;42011
6;2020-01;0.7250641025641025;42011
7;2021-01;0.7051282051282051;42011
8;2022-01;0.8369463869463869;42011
9;2023-01;0.6695415695415695;42011
10;2024-01;0.6118686868686869;42011
0;2014-01;0.875;42014
1;2015-01;0.75;42014
2;2016-01;0.8125;42014
3;2017-01;0.75;42014
4;2018-01;0.8333333333333334;42014
5;2019-01;1.0;42014
6;2020-01;1.0;42014
7;2021-01;1.0;42014
8;2022-01;1.0;42014
9;2023-01;0.8333333333333334;42014
10;2024-01;0.8333333333333334;42014
0;2014-01;0.7222222222222222;42016
1;2015-01;0.8518518518518517;42016
2;2016-01;0.6481481481481481;42016
3;2017-01;0.8333333333333334;42016
4;2018-01;0.8333333333333334;42016
5;2019-01;0.8333333333333334;42016
6;2020-01;1.0;42016
7;2021-01;1.0;42016
8;2022-01;0.8333333333333334;42016
9;2023-01;0.875;42016
10;2024-01;0.7777777777777777;42016
0;2014-01;0.7307692307692308;42009
1;2015-01;0.7115384615384616;42009
2;2016-01;0.75;42009
3;2017-01;0.6666666666666666;42009
4;2018-01;0.6666666666666666;42009
5;2019-01;0.5166666666666666;42009
6;2020-01;0.6041666666666666;42009
7;2021-01;0.7291666666666666;42009
8;2022-01;0.8055555555555555;42009
9;2023-01;0.8888888888888888;42009
10;2024-01;0.75;42009
0;2014-01;0.7291666666666666;42005
1;2015-01;0.8311111111111111;42005
2;2016-01;0.7080952380952381;42005
3;2017-01;0.7880952380952382;42005
4;2018-01;0.8726190476190476;42005
5;2019-01;0.6942857142857143;42005
6;2020-01;0.6757142857142857;42005
7;2021-01;0.805;42005
8;2022-01;0.86;42005
9;2023-01;0.8034210526315789;42005
10;2024-01;0.8198684210526317;42005
0;2014-01;0.8;42017
1;2015-01;0.8400000000000001;42017
2;2016-01;0.8452380952380952;42017
3;2017-01;0.8095238095238095;42017
4;2018-01;0.7461904761904762;42017
5;2019-01;0.7176190476190476;42017
6;2020-01;0.550952380952381;42017
7;2021-01;0.6533333333333333;42017
8;2022-01;0.7333333333333333;42017
9;2023-01;0.75;42017
10;2024-01;0.7020833333333333;42017
0;2014-01;0.55;42006
1;2015-01;0.6625;42006
2;2016-01;0.72;42006
3;2017-01;0.7933333333333333;42006
4;2018-01;0.7933333333333333;42006
5;2019-01;0.7083333333333334;42006
6;2020-01;0.5848214285714286;42006
7;2021-01;0.6830357142857143;42006
8;2022-01;0.6892857142857143;42006
9;2023-01;0.6311688311688312;42006
10;2024-01;0.5114718614718614;42006
0;2014-01;0.703125;42012
1;2015-01;0.6166666666666666;42012
2;2016-01;0.75;42012
3;2017-01;0.8;42012
4;2018-01;0.7916666666666666;42012
5;2019-01;0.7916666666666666;42012
6;2020-01;0.6333333333333333;42012
7;2021-01;0.75;42012
8;2022-01;0.875;42012
9;2023-01;0.7333333333333333;42012
10;2024-01;0.7333333333333333;42012
0;2014-01;0.5700757575757576;42015
1;2015-01;0.5727272727272728;42015
2;2016-01;0.6212121212121212;42015
3;2017-01;0.8333333333333333;42015
4;2018-01;0.8333333333333334;42015
5;2019-01;1.0;42015
6;2020-01;0.75;42015
7;2021-01;0.8055555555555555;42015
8;2022-01;0.9166666666666666;42015
9;2023-01;0.8333333333333333;42015
10;2024-01;0.8333333333333333;42015
0;2014-01;0.9166666666666666;42004
1;2015-01;0.8333333333333334;42004
2;2016-01;0.7916666666666666;42004
3;2017-01;0.7916666666666666;42004
4;2018-01;0.7916666666666666;42004
5;2019-01;0.8666666666666667;42004
6;2020-01;0.8166666666666667;42004
7;2021-01;0.9333333333333332;42004
8;2022-01;0.9;42004
9;2023-01;0.8;42004
10;2024-01;0.8666666666666667;42004
0;2014-01;0.6666666666666666;28007
1;2015-01;1.0;28007
2;2016-01;1.0;28007
3;2017-01;1.0;28007
4;2018-01;;28007
5;2019-01;1.0;28007
6;2020-01;1.0;28007
7;2021-01;1.0;28007
8;2022-01;1.0;28007
9;2023-01;0.75;28007
10;2024-01;0.75;28007
0;2014-01;0.6893939393939394;28001
1;2015-01;0.7556818181818181;28001
2;2016-01;0.8465909090909091;28001
3;2017-01;0.875;28001
4;2018-01;0.86;28001
5;2019-01;0.6125;28001
6;2020-01;0.7055555555555556;28001
7;2021-01;0.7222222222222222;28001
8;2022-01;0.6833333333333333;28001
9;2023-01;0.7833333333333333;28001
10;2024-01;0.37724358974358974;28001
0;2014-01;0.25;28006
1;2015-01;0.25;28006
2;2016-01;0.25;28006
3;2017-01;0.4583333333333333;28006
4;2018-01;0.29166666666666663;28006
5;2019-01;0.29166666666666663;28006
6;2020-01;0.625;28006
7;2021-01;0.625;28006
8;2022-01;0.625;28006
9;2023-01;0.8333333333333333;28006
10;2024-01;0.16666666666666666;28006
0;2014-01;1.0;28002
1;2015-01;1.0;28002
2;2016-01;1.0;28002
3;2017-01;1.0;28002
4;2018-01;0.75;28002
5;2019-01;0.5;28002
6;2020-01;0.5833333333333333;28002
7;2021-01;0.5555555555555555;28002
8;2022-01;0.6388888888888888;28002
9;2023-01;0.6458333333333334;28002
10;2024-01;0.8333333333333334;28002
0;2014-01;1.0;28005
1;2015-01;1.0;28005
2;2016-01;1.0;28005
3;2017-01;1.0;28005
4;2018-01;;28005
5;2019-01;;28005
6;2020-01;0.6666666666666666;28005
7;2021-01;0.8333333333333333;28005
8;2022-01;0.6666666666666666;28005
9;2023-01;0.6666666666666666;28005
10;2024-01;0.6666666666666666;28005
0;2014-01;;28003
1;2015-01;;28003
2;2016-01;;28003
3;2017-01;;28003
4;2018-01;;28003
5;2019-01;;28003
6;2020-01;0.9;28003
7;2021-01;0.7000000000000001;28003
8;2022-01;0.8666666666666667;28003
9;2023-01;0.875;28003
10;2024-01;0.7125;28003
0;2014-01;0.625;28004
1;2015-01;0.4583333333333333;28004
2;2016-01;0.4583333333333333;28004
3;2017-01;0.4583333333333333;28004
4;2018-01;0.47222222222222215;28004
5;2019-01;0.7222222222222222;28004
6;2020-01;0.8333333333333334;28004
7;2021-01;0.7222222222222222;28004
8;2022-01;0.5128205128205128;28004
9;2023-01;0.514957264957265;28004
10;2024-01;0.48664529914529914;28004
0;2014-01;0.6666666666666666;17002
1;2015-01;0.6666666666666666;17002
2;2016-01;0.6666666666666666;17002
3;2017-01;0.6666666666666666;17002
4;2018-01;0.6666666666666666;17002
5;2019-01;0.75;17002
6;2020-01;0.6666666666666666;17002
7;2021-01;0.6666666666666666;17002
8;2022-01;0.6666666666666666;17002
9;2023-01;0.6666666666666666;17002
10;2024-01;0.6666666666666666;17002
0;2014-01;1.0;17005
1;2015-01;1.0;17005
2;2016-01;1.0;17005
3;2017-01;1.0;17005
4;2018-01;1.0;17005
5;2019-01;1.0;17005
6;2020-01;0.8333333333333334;17005
7;2021-01;0.8333333333333334;17005
8;2022-01;0.8333333333333334;17005
9;2023-01;0.875;17005
10;2024-01;0.875;17005
0;2014-01;0.6666666666666666;17001
1;2015-01;0.6666666666666666;17001
2;2016-01;0.8333333333333333;17001
3;2017-01;0.8333333333333333;17001
4;2018-01;0.8333333333333333;17001
5;2019-01;0.8333333333333333;17001
6;2020-01;0.8888888888888888;17001
7;2021-01;0.8888888888888888;17001
8;2022-01;0.7666666666666666;17001
9;2023-01;0.75;17001
10;2024-01;0.58;17001
0;2014-01;1.0;17003
1;2015-01;1.0;17003
2;2016-01;1.0;17003
3;2017-01;1.0;17003
4;2018-01;;17003
5;2019-01;;17003
6;2020-01;;17003
7;2021-01;;17003
8;2022-01;;17003
9;2023-01;;17003
10;2024-01;1.0;17003
0;2014-01;0.6666666666666666;17004
1;2015-01;0.6666666666666666;17004
2;2016-01;0.6666666666666666;17004
3;2017-01;0.8333333333333333;17004
4;2018-01;0.8333333333333333;17004
5;2019-01;0.8333333333333333;17004
6;2020-01;1.0;17004
7;2021-01;1.0;17004
8;2022-01;0.75;17004
9;2023-01;0.75;17004
10;2024-01;;17004
0;2014-01;0.75;17007
1;2015-01;0.75;17007
2;2016-01;0.625;17007
3;2017-01;0.625;17007
4;2018-01;1.0;17007
5;2019-01;0.5;17007
6;2020-01;0.5;17007
7;2021-01;0.75;17007
8;2022-01;0.75;17007
9;2023-01;0.75;17007
10;2024-01;0.8333333333333334;17007
0;2014-01;0.90625;17006
1;2015-01;0.875;17006
2;2016-01;0.8333333333333333;17006
3;2017-01;0.7;17006
4;2018-01;0.9;17006
5;2019-01;0.8;17006
6;2020-01;0.7916666666666666;17006
7;2021-01;0.5416666666666666;17006
8;2022-01;0.625;17006
9;2023-01;0.5833333333333333;17006
10;2024-01;0.6833333333333333;17006
0;2014-01;0.7333333333333334;17008
1;2015-01;0.7166666666666667;17008
2;2016-01;0.8;17008
3;2017-01;1.0;17008
4;2018-01;0.7777777777777777;17008
5;2019-01;0.7777777777777777;17008
6;2020-01;0.8333333333333333;17008
7;2021-01;0.3333333333333333;17008
8;2022-01;0.611111111111111;17008
9;2023-01;0.611111111111111;17008
10;2024-01;0.6666666666666666;17008
0;2014-01;0.5892857142857143;27007
1;2015-01;0.5571428571428572;27007
2;2016-01;0.5523809523809524;27007
3;2017-01;0.569047619047619;27007
4;2018-01;0.5976190476190476;27007
5;2019-01;0.5009523809523809;27007
6;2020-01;0.5066666666666666;27007
7;2021-01;0.48;27007
8;2022-01;0.5133333333333334;27007
9;2023-01;0.5866666666666667;27007
10;2024-01;0.5733333333333334;27007
0;2014-01;0.7333333333333334;27004
1;2015-01;0.8;27004
2;2016-01;0.74;27004
3;2017-01;0.875;27004
4;2018-01;0.8333333333333334;27004
5;2019-01;0.8;27004
6;2020-01;0.75;27004
7;2021-01;0.6666666666666666;27004
8;2022-01;0.75;27004
9;2023-01;1.0;27004
10;2024-01;0.5;27004
0;2014-01;0.75;27005
1;2015-01;0.875;27005
2;2016-01;0.75;27005
3;2017-01;0.75;27005
4;2018-01;0.25;27005
5;2019-01;0.5;27005
6;2020-01;0.6944444444444445;27005
7;2021-01;0.6166666666666667;27005
8;2022-01;0.6166666666666667;27005
9;2023-01;0.4583333333333333;27005
10;2024-01;0.3933333333333333;27005
0;2014-01;0.6111111111111112;27003
1;2015-01;0.6296296296296297;27003
2;2016-01;0.5;27003
3;2017-01;0.6333333333333333;27003
4;2018-01;0.7222222222222222;27003
5;2019-01;0.6458333333333333;27003
6;2020-01;0.6666666666666666;27003
7;2021-01;0.7333333333333333;27003
8;2022-01;0.7333333333333333;27003
9;2023-01;0.6166666666666667;27003
10;2024-01;0.7;27003
0;2014-01;0.5;27008
1;2015-01;0.55;27008
2;2016-01;0.6333333333333333;27008
3;2017-01;0.725;27008
4;2018-01;0.7333333333333334;27008
5;2019-01;0.7333333333333334;27008
6;2020-01;0.5916666666666667;27008
7;2021-01;0.7916666666666666;27008
8;2022-01;0.4583333333333333;27008
9;2023-01;0.45999999999999996;27008
10;2024-01;0.3466666666666667;27008
0;2014-01;0.6666666666666666;27006
1;2015-01;0.75;27006
2;2016-01;0.75;27006
3;2017-01;0.6666666666666666;27006
4;2018-01;0.6666666666666666;27006
5;2019-01;0.6666666666666666;27006
6;2020-01;0.7333333333333333;27006
7;2021-01;0.7666666666666666;27006
8;2022-01;0.7466666666666667;27006
9;2023-01;0.8083333333333333;27006
10;2024-01;0.7388888888888889;27006
0;2014-01;0.5;27010
1;2015-01;0.75;27010
2;2016-01;0.75;27010
3;2017-01;0.8333333333333334;27010
4;2018-01;0.6666666666666666;27010
5;2019-01;0.5;27010
6;2020-01;0.625;27010
7;2021-01;0.6666666666666666;27010
8;2022-01;0.8333333333333334;27010
9;2023-01;0.8888888888888888;27010
10;2024-01;0.8888888888888888;27010
0;2014-01;0.7034892942109436;27001
1;2015-01;0.6554733781320867;27001
2;2016-01;0.6279447487497023;27001
3;2017-01;0.6493921171707548;27001
4;2018-01;0.7244659442724458;27001
5;2019-01;0.7178869969040248;27001
6;2020-01;0.7762602026456517;27001
7;2021-01;0.7213755980861244;27001
8;2022-01;0.6764712918660287;27001
9;2023-01;0.6149760765550238;27001
10;2024-01;0.4876834130781499;27001
0;2014-01;0.7;27002
1;2015-01;1.0;27002
2;2016-01;1.0;27002
3;2017-01;1.0;27002
4;2018-01;1.0;27002
5;2019-01;1.0;27002
6;2020-01;0.8333333333333334;27002
7;2021-01;0.7666666666666666;27002
8;2022-01;0.35;27002
9;2023-01;0.45555555555555555;27002
10;2024-01;0.2888888888888889;27002
0;2014-01;0.75;27009
1;2015-01;0.5;27009
2;2016-01;0.6666666666666666;27009
3;2017-01;0.75;27009
4;2018-01;0.5833333333333334;27009
5;2019-01;0.7222222222222222;27009
6;2020-01;0.5833333333333333;27009
7;2021-01;0.5;27009
8;2022-01;0.5555555555555555;27009
9;2023-01;1.0;27009
10;2024-01;1.0;27009
0;2014-01;0.6875;50003
1;2015-01;0.4375;50003
2;2016-01;0.625;50003
3;2017-01;0.625;50003
4;2018-01;0.75;50003
5;2019-01;0.8888888888888888;50003
6;2020-01;0.6666666666666666;50003
7;2021-01;0.6666666666666667;50003
8;2022-01;0.8;50003
9;2023-01;0.7;50003
10;2024-01;0.75;50003
0;2014-01;0.7936507936507937;50001
1;2015-01;0.8071428571428572;50001
2;2016-01;0.731031746031746;50001
3;2017-01;0.7124603174603175;50001
4;2018-01;0.6088888888888888;50001
5;2019-01;0.7007142857142857;50001
6;2020-01;0.7006349206349206;50001
7;2021-01;0.5882539682539683;50001
8;2022-01;0.6533333333333333;50001
9;2023-01;0.666031746031746;50001
10;2024-01;0.7056277056277056;50001
0;2014-01;0.8888888888888888;50002
1;2015-01;1.0;50002
2;2016-01;0.9333333333333333;50002
3;2017-01;1.0;50002
4;2018-01;1.0;50002
5;2019-01;1.0;50002
6;2020-01;1.0;50002
7;2021-01;1.0;50002
8;2022-01;1.0;50002
9;2023-01;1.0;50002
10;2024-01;1.0;50002
0;2014-01;0.7916666666666666;50004
1;2015-01;0.7333333333333333;50004
2;2016-01;0.6666666666666667;50004
3;2017-01;0.5666666666666667;50004
4;2018-01;0.5833333333333333;50004
5;2019-01;0.7083333333333334;50004
6;2020-01;0.7083333333333334;50004
7;2021-01;0.7708333333333334;50004
8;2022-01;0.7708333333333334;50004
9;2023-01;0.625;50004
10;2024-01;0.8541666666666666;50004
0;2014-01;0.7041666666666666;51002
1;2015-01;0.71;51002
2;2016-01;0.75;51002
3;2017-01;0.5833333333333333;51002
4;2018-01;0.4583333333333333;51002
5;2019-01;0.6458333333333334;51002
6;2020-01;0.6875;51002
7;2021-01;0.875;51002
8;2022-01;0.7333333333333333;51002
9;2023-01;0.7666666666666667;51002
10;2024-01;0.8047619047619048;51002
0;2014-01;1.0;51001
1;2015-01;1.0;51001
2;2016-01;1.0;51001
3;2017-01;1.0;51001
4;2018-01;;51001
5;2019-01;1.0;51001
6;2020-01;1.0;51001
7;2021-01;1.0;51001
8;2022-01;1.0;51001
9;2023-01;1.0;51001
10;2024-01;1.0;51001
0;2014-01;0.8333333333333334;51013
1;2015-01;0.875;51013
2;2016-01;0.8333333333333334;51013
3;2017-01;1.0;51013
4;2018-01;1.0;51013
5;2019-01;1.0;51013
6;2020-01;0.875;51013
7;2021-01;0.875;51013
8;2022-01;1.0;51013
9;2023-01;0.95;51013
10;2024-01;0.9;51013
0;2014-01;;51004
1;2015-01;;51004
2;2016-01;;51004
3;2017-01;;51004
4;2018-01;;51004
5;2019-01;;51004
6;2020-01;1.0;51004
7;2021-01;;51004
8;2022-01;;51004
9;2023-01;1.0;51004
10;2024-01;1.0;51004
0;2014-01;0.5;51008
1;2015-01;0.5;51008
2;2016-01;0.5;51008
3;2017-01;0.5;51008
4;2018-01;0.5;51008
5;2019-01;0.5;51008
6;2020-01;;51008
7;2021-01;;51008
8;2022-01;;51008
9;2023-01;;51008
10;2024-01;;51008
0;2014-01;0.8333333333333334;51007
1;2015-01;0.8333333333333334;51007
2;2016-01;0.75;51007
3;2017-01;0.75;51007
4;2018-01;0.75;51007
5;2019-01;0.75;51007
6;2020-01;0.8333333333333334;51007
7;2021-01;1.0;51007
8;2022-01;1.0;51007
9;2023-01;1.0;51007
10;2024-01;1.0;51007
0;2014-01;1.0;51011
1;2015-01;1.0;51011
2;2016-01;1.0;51011
3;2017-01;1.0;51011
4;2018-01;;51011
5;2019-01;1.0;51011
6;2020-01;0.6666666666666666;51011
7;2021-01;1.0;51011
8;2022-01;1.0;51011
9;2023-01;1.0;51011
10;2024-01;1.0;51011
0;2014-01;1.0;51010
1;2015-01;1.0;51010
2;2016-01;1.0;51010
3;2017-01;1.0;51010
4;2018-01;1.0;51010
5;2019-01;1.0;51010
6;2020-01;1.0;51010
7;2021-01;1.0;51010
8;2022-01;1.0;51010
9;2023-01;1.0;51010
10;2024-01;1.0;51010
0;2014-01;1.0;51003
1;2015-01;1.0;51003
2;2016-01;1.0;51003
3;2017-01;1.0;51003
4;2018-01;1.0;51003
5;2019-01;1.0;51003
6;2020-01;1.0;51003
7;2021-01;1.0;51003
8;2022-01;1.0;51003
9;2023-01;1.0;51003
10;2024-01;1.0;51003
0;2014-01;;51015
1;2015-01;;51015
2;2016-01;;51015
3;2017-01;;51015
4;2018-01;;51015
5;2019-01;;51015
6;2020-01;;51015
7;2021-01;;51015
8;2022-01;;51015
9;2023-01;1.0;51015
10;2024-01;1.0;51015
0;2014-01;1.0;51016
1;2015-01;1.0;51016
2;2016-01;1.0;51016
3;2017-01;1.0;51016
4;2018-01;1.0;51016
5;2019-01;1.0;51016
6;2020-01;1.0;51016
7;2021-01;1.0;51016
8;2022-01;;51016
9;2023-01;;51016
10;2024-01;;51016
0;2014-01;0.8333333333333334;51014
1;2015-01;1.0;51014
2;2016-01;0.5;51014
3;2017-01;0.3333333333333333;51014
4;2018-01;0.5;51014
5;2019-01;0.5;51014
6;2020-01;0.6666666666666666;51014
7;2021-01;0.7;51014
8;2022-01;0.825;51014
9;2023-01;0.825;51014
10;2024-01;0.7814285714285715;51014
0;2014-01;0.8888888888888888;51005
1;2015-01;0.8888888888888888;51005
2;2016-01;0.8888888888888888;51005
3;2017-01;0.7777777777777778;51005
4;2018-01;0.7777777777777778;51005
5;2019-01;0.6666666666666666;51005
6;2020-01;0.6666666666666666;51005
7;2021-01;0.7777777777777778;51005
8;2022-01;0.7777777777777778;51005
9;2023-01;0.7777777777777778;51005
10;2024-01;0.7777777777777778;51005
0;2017-01;1.0;51006
1;2018-01;1.0;51006
2;2019-01;1.0;51006
3;2020-01;1.0;51006
4;2021-01;1.0;51006
5;2022-01;1.0;51006
6;2023-01;1.0;51006
7;2024-01;1.0;51006
0;2024-01;1.0;51012
0;2014-01;1.0;25010
1;2015-01;1.0;25010
2;2016-01;1.0;25010
3;2017-01;1.0;25010
4;2018-01;1.0;25010
5;2019-01;1.0;25010
6;2020-01;1.0;25010
7;2021-01;1.0;25010
8;2022-01;0.75;25010
9;2023-01;0.75;25010
10;2024-01;1.0;25010
0;2014-01;0.6555555555555556;25001
1;2015-01;0.6224358974358974;25001
2;2016-01;0.6333333333333333;25001
3;2017-01;0.7066666666666667;25001
4;2018-01;0.6333333333333333;25001
5;2019-01;0.6;25001
6;2020-01;0.5436363636363637;25001
7;2021-01;0.5955080213903743;25001
8;2022-01;0.6502673796791444;25001
9;2023-01;0.5608288770053476;25001
10;2024-01;0.505102495543672;25001
0;2014-01;;25002
1;2015-01;;25002
2;2016-01;;25002
3;2017-01;;25002
4;2018-01;1.0;25002
5;2019-01;1.0;25002
6;2020-01;0.75;25002
7;2021-01;0.5;25002
8;2022-01;0.6875;25002
9;2023-01;0.875;25002
10;2024-01;0.875;25002
0;2014-01;0.5;25003
1;2015-01;0.5;25003
2;2016-01;0.5;25003
3;2017-01;0.5;25003
4;2018-01;0.5;25003
5;2019-01;0.5;25003
6;2020-01;1.0;25003
7;2021-01;1.0;25003
8;2022-01;0.75;25003
9;2023-01;0.5;25003
10;2024-01;0.5;25003
0;2014-01;;25009
1;2015-01;;25009
2;2016-01;;25009
3;2017-01;;25009
4;2018-01;;25009
5;2019-01;1.0;25009
6;2020-01;1.0;25009
7;2021-01;1.0;25009
8;2022-01;1.0;25009
9;2023-01;1.0;25009
10;2024-01;1.0;25009
0;2014-01;0.2;25016
1;2015-01;0.6;25016
2;2016-01;0.6;25016
3;2017-01;0.6;25016
4;2018-01;0.5111111111111111;25016
5;2019-01;0.7777777777777777;25016
6;2020-01;0.3611111111111111;25016
7;2021-01;0.4375;25016
8;2022-01;0.5208333333333333;25016
9;2023-01;0.4166666666666667;25016
10;2024-01;0.55;25016
0;2014-01;1.0;25008
1;2015-01;1.0;25008
2;2016-01;1.0;25008
3;2017-01;1.0;25008
4;2018-01;1.0;25008
5;2019-01;0.75;25008
6;2020-01;0.8333333333333334;25008
7;2021-01;0.8333333333333334;25008
8;2022-01;0.8333333333333334;25008
9;2023-01;0.75;25008
10;2024-01;0.75;25008
0;2016-01;1.0;25004
1;2017-01;1.0;25004
2;2018-01;1.0;25004
3;2019-01;1.0;25004
4;2020-01;1.0;25004
5;2021-01;1.0;25004
6;2022-01;1.0;25004
7;2023-01;1.0;25004
8;2024-01;;25004
0;2014-01;;25007
1;2015-01;;25007
2;2016-01;;25007
3;2017-01;1.0;25007
4;2018-01;;25007
5;2019-01;1.0;25007
6;2020-01;0.3333333333333333;25007
7;2021-01;0.3333333333333333;25007
8;2022-01;0.3333333333333333;25007
9;2023-01;0.3333333333333333;25007
10;2024-01;0.3333333333333333;25007
0;2016-01;1.0;25011
1;2017-01;;25011
2;2018-01;1.0;25011
3;2019-01;;25011
4;2020-01;1.0;25011
5;2021-01;1.0;25011
6;2022-01;1.0;25011
7;2023-01;;25011
8;2024-01;1.0;25011
0;2014-01;;25012
1;2015-01;;25012
2;2016-01;;25012
3;2017-01;;25012
4;2018-01;1.0;25012
5;2019-01;1.0;25012
6;2020-01;1.0;25012
7;2021-01;1.0;25012
8;2022-01;1.0;25012
9;2023-01;1.0;25012
10;2024-01;1.0;25012
0;2014-01;1.0;25014
1;2015-01;1.0;25014
2;2016-01;1.0;25014
3;2017-01;1.0;25014
4;2018-01;1.0;25014
5;2019-01;1.0;25014
6;2020-01;1.0;25014
7;2021-01;1.0;25014
8;2022-01;1.0;25014
9;2023-01;1.0;25014
10;2024-01;1.0;25014
0;2014-01;;25005
1;2015-01;;25005
2;2016-01;1.0;25005
3;2017-01;1.0;25005
4;2018-01;1.0;25005
5;2019-01;0.75;25005
6;2020-01;0.6666666666666666;25005
7;2021-01;0.75;25005
8;2022-01;0.25;25005
9;2023-01;0.25;25005
10;2024-01;0.25;25005
0;2019-01;0.5;25006
1;2020-01;0.75;25006
2;2021-01;0.5833333333333333;25006
3;2022-01;0.7222222222222222;25006
4;2023-01;1.0;25006
5;2024-01;0.8333333333333334;25006
0;2014-01;;25013
1;2015-01;;25013
2;2016-01;;25013
3;2017-01;;25013
4;2018-01;;25013
5;2019-01;;25013
6;2020-01;;25013
7;2021-01;;25013
8;2022-01;;25013
9;2023-01;;25013
10;2024-01;;25013
0;2014-01;0.5833333333333333;35091
1;2015-01;0.5833333333333333;35091
2;2016-01;0.7222222222222222;35091
3;2017-01;0.7222222222222222;35091
4;2018-01;0.7916666666666666;35091
5;2019-01;0.8888888888888888;35091
6;2020-01;0.75;35091
7;2021-01;0.8333333333333334;35091
8;2022-01;0.75;35091
9;2023-01;0.75;35091
10;2024-01;1.0;35091
0;2014-01;1.0;35156
1;2015-01;1.0;35156
2;2016-01;1.0;35156
3;2017-01;1.0;35156
4;2018-01;1.0;35156
5;2019-01;1.0;35156
6;2020-01;0.9;35156
7;2021-01;0.9;35156
8;2022-01;0.75;35156
9;2023-01;0.6666666666666666;35156
10;2024-01;0.8333333333333334;35156
0;2014-01;0.9196428571428572;35142
1;2015-01;0.9214285714285714;35142
2;2016-01;0.95;35142
3;2017-01;1.0;35142
4;2018-01;0.9;35142
5;2019-01;1.0;35142
6;2020-01;0.9;35142
7;2021-01;1.0;35142
8;2022-01;0.9166666666666666;35142
9;2023-01;0.7916666666666666;35142
10;2024-01;0.7916666666666666;35142
0;2014-01;0.7222222222222222;35074
1;2015-01;0.9166666666666666;35074
2;2016-01;0.7777777777777777;35074
3;2017-01;0.7777777777777778;35074
4;2018-01;0.6666666666666667;35074
5;2019-01;1.0;35074
6;2020-01;1.0;35074
7;2021-01;1.0;35074
8;2022-01;1.0;35074
9;2023-01;1.0;35074
10;2024-01;1.0;35074
0;2014-01;0.7428571428571429;35062
1;2015-01;0.757922077922078;35062
2;2016-01;0.7494227994227994;35062
3;2017-01;0.6652958152958153;35062
4;2018-01;0.6385281385281385;35062
5;2019-01;0.5354978354978355;35062
6;2020-01;0.5301587301587302;35062
7;2021-01;0.6365079365079366;35062
8;2022-01;0.5761904761904761;35062
9;2023-01;0.49559884559884554;35062
10;2024-01;0.3577089577089577;35062
0;2014-01;0.78125;35051
1;2015-01;0.8125;35051
2;2016-01;0.8;35051
3;2017-01;0.7833333333333333;35051
4;2018-01;0.6833333333333333;35051
5;2019-01;0.6833333333333333;35051
6;2020-01;0.7916666666666666;35051
7;2021-01;0.6833333333333333;35051
8;2022-01;0.5433333333333333;35051
9;2023-01;0.63;35051
10;2024-01;0.8074999999999999;35051
0;2014-01;0.6583333333333333;35133
1;2015-01;0.7;35133
2;2016-01;0.7666666666666667;35133
3;2017-01;0.6766666666666666;35133
4;2018-01;0.67;35133
5;2019-01;0.73;35133
6;2020-01;0.7875;35133
7;2021-01;0.79;35133
8;2022-01;0.7041666666666666;35133
9;2023-01;0.6833333333333333;35133
10;2024-01;0.8333333333333333;35133
0;2014-01;0.8888888888888888;35157
1;2015-01;0.8888888888888888;35157
2;2016-01;0.9166666666666666;35157
3;2017-01;0.875;35157
4;2018-01;0.9166666666666666;35157
5;2019-01;0.9333333333333332;35157
6;2020-01;0.9166666666666666;35157
7;2021-01;0.9333333333333332;35157
8;2022-01;0.9333333333333332;35157
9;2023-01;0.8333333333333333;35157
10;2024-01;0.9166666666666666;35157
0;2014-01;0.4708333333333333;35112
1;2015-01;0.49583333333333335;35112
2;2016-01;0.5166666666666666;35112
3;2017-01;0.6133333333333333;35112
4;2018-01;0.6833333333333333;35112
5;2019-01;0.8800000000000001;35112
6;2020-01;1.0;35112
7;2021-01;1.0;35112
8;2022-01;0.8666666666666666;35112
9;2023-01;0.7666666666666667;35112
10;2024-01;0.6;35112
0;2014-01;0.7652380952380953;35093
1;2015-01;0.6581587301587302;35093
2;2016-01;0.584920634920635;35093
3;2017-01;0.5626984126984127;35093
4;2018-01;0.6382539682539683;35093
5;2019-01;0.6966666666666667;35093
6;2020-01;0.6372222222222221;35093
7;2021-01;0.6344444444444445;35093
8;2022-01;0.651984126984127;35093
9;2023-01;0.6345238095238095;35093
10;2024-01;0.5571428571428572;35093
0;2014-01;0.6843938224107601;35072
1;2015-01;0.6873028650642896;35072
2;2016-01;0.6772324861838929;35072
3;2017-01;0.6889834802878282;35072
4;2018-01;0.7094111685416034;35072
5;2019-01;0.7209476031215162;35072
6;2020-01;0.6734615384615384;35072
7;2021-01;0.7014102564102564;35072
8;2022-01;0.7519191919191919;35072
9;2023-01;0.7026422764227642;35072
10;2024-01;0.6191646914901752;35072
0;2014-01;0.8455882352941176;35031
1;2015-01;0.79475935828877;35031
2;2016-01;0.7690909090909092;35031
3;2017-01;0.800909090909091;35031
4;2018-01;0.8041666666666667;35031
5;2019-01;0.95;35031
6;2020-01;0.75;35031
7;2021-01;0.6785714285714286;35031
8;2022-01;0.7047619047619047;35031
9;2023-01;0.518095238095238;35031
10;2024-01;0.6114285714285714;35031
0;2014-01;0.6349206349206349;35022
1;2015-01;0.5873015873015873;35022
2;2016-01;0.7857142857142857;35022
3;2017-01;0.7857142857142857;35022
4;2018-01;1.0;35022
5;2019-01;1.0;35022
6;2020-01;1.0;35022
7;2021-01;1.0;35022
8;2022-01;1.0;35022
9;2023-01;1.0;35022
10;2024-01;1.0;35022
0;2014-01;0.8888888888888888;35172
1;2015-01;0.9166666666666666;35172
2;2016-01;0.8888888888888888;35172
3;2017-01;0.9166666666666666;35172
4;2018-01;0.9166666666666666;35172
5;2019-01;0.9375;35172
6;2020-01;1.0;35172
7;2021-01;1.0;35172
8;2022-01;0.9333333333333332;35172
9;2023-01;0.8666666666666666;35172
10;2024-01;0.8;35172
0;2014-01;1.0;35153
1;2015-01;0.75;35153
2;2016-01;0.8;35153
3;2017-01;0.7;35153
4;2018-01;0.875;35153
5;2019-01;0.7666666666666666;35153
6;2020-01;0.7666666666666666;35153
7;2021-01;0.7666666666666666;35153
8;2022-01;0.8666666666666666;35153
9;2023-01;0.7666666666666666;35153
10;2024-01;0.875;35153
0;2014-01;0.6185185185185186;35162
1;2015-01;0.6148148148148148;35162
2;2016-01;0.7111111111111111;35162
3;2017-01;0.85;35162
4;2018-01;0.85;35162
5;2019-01;0.9;35162
6;2020-01;1.0;35162
7;2021-01;1.0;35162
8;2022-01;1.0;35162
9;2023-01;1.0;35162
10;2024-01;0.9375;35162
0;2014-01;0.7006743256743257;35163
1;2015-01;0.697908757908758;35163
2;2016-01;0.7070995670995671;35163
3;2017-01;0.7976623376623377;35163
4;2018-01;0.7463203463203463;35163
5;2019-01;0.7417965367965368;35163
6;2020-01;0.73492784992785;35163
7;2021-01;0.7933730158730159;35163
8;2022-01;0.6634795321637427;35163
9;2023-01;0.6152418926103136;35163
10;2024-01;0.6099756968178021;35163
0;2014-01;0.9642857142857143;35021
1;2015-01;0.8380952380952381;35021
2;2016-01;0.6166666666666667;35021
3;2017-01;0.7;35021
4;2018-01;0.8666666666666667;35021
5;2019-01;0.8266666666666668;35021
6;2020-01;0.8300000000000001;35021
7;2021-01;0.8699999999999999;35021
8;2022-01;0.82;35021
9;2023-01;0.7833333333333333;35021
10;2024-01;1.0;35021
0;2014-01;1.0;35083
1;2015-01;0.75;35083
2;2016-01;0.6666666666666666;35083
3;2017-01;0.875;35083
4;2018-01;0.9166666666666666;35083
5;2019-01;0.9333333333333332;35083
6;2020-01;0.9333333333333332;35083
7;2021-01;0.9333333333333333;35083
8;2022-01;0.9333333333333333;35083
9;2023-01;1.0;35083
10;2024-01;1.0;35083
0;2014-01;0.8125;35101
1;2015-01;0.8541666666666666;35101
2;2016-01;0.890625;35101
3;2017-01;0.9166666666666666;35101
4;2018-01;0.8761904761904763;35101
5;2019-01;0.9428571428571428;35101
6;2020-01;0.6742857142857143;35101
7;2021-01;0.6742857142857143;35101
8;2022-01;0.6857142857142857;35101
9;2023-01;0.525;35101
10;2024-01;0.4066666666666666;35101
0;2014-01;0.6010012466884838;35011
1;2015-01;0.5855276249385646;35011
2;2016-01;0.573853320592451;35011
3;2017-01;0.5658597441206137;35011
4;2018-01;0.5887889887889888;35011
5;2019-01;0.6388611388611388;35011
6;2020-01;0.624025974025974;35011
7;2021-01;0.625487012987013;35011
8;2022-01;0.6504870129870131;35011
9;2023-01;0.47834249084249086;35011
10;2024-01;0.51252035002035;35011
0;2014-01;0.9285714285714286;35092
1;2015-01;0.7857142857142857;35092
2;2016-01;0.7142857142857143;35092
3;2017-01;0.7142857142857143;35092
4;2018-01;0.6785714285714286;35092
5;2019-01;0.75;35092
6;2020-01;0.75;35092
7;2021-01;0.875;35092
8;2022-01;0.8;35092
9;2023-01;0.9;35092
10;2024-01;1.0;35092
0;2014-01;0.712121212121212;35071
1;2015-01;0.7613636363636364;35071
2;2016-01;0.9375;35071
3;2017-01;1.0;35071
4;2018-01;0.95;35071
5;2019-01;0.96;35071
6;2020-01;0.96;35071
7;2021-01;0.82;35071
8;2022-01;0.77;35071
9;2023-01;0.85;35071
10;2024-01;0.8541666666666666;35071
0;2014-01;0.6666666666666666;35061
1;2015-01;0.625;35061
2;2016-01;0.6599999999999999;35061
3;2017-01;0.64;35061
4;2018-01;0.8;35061
5;2019-01;0.9;35061
6;2020-01;0.8;35061
7;2021-01;0.875;35061
8;2022-01;0.8666666666666668;35061
9;2023-01;0.7916666666666666;35061
10;2024-01;0.8541666666666666;35061
0;2014-01;0.5895833333333333;35155
1;2015-01;0.593939393939394;35155
2;2016-01;0.582034632034632;35155
3;2017-01;0.5673881673881673;35155
4;2018-01;0.626984126984127;35155
5;2019-01;0.6845598845598845;35155
6;2020-01;0.7906204906204907;35155
7;2021-01;0.6952214452214452;35155
8;2022-01;0.7898368298368299;35155
9;2023-01;0.5717756753050871;35155
10;2024-01;0.5803208556149733;35155
0;2014-01;0.7407407407407408;35023
1;2015-01;0.8333333333333333;35023
2;2016-01;0.5416666666666666;35023
3;2017-01;0.5555555555555555;35023
4;2018-01;0.625;35023
5;2019-01;0.7;35023
6;2020-01;0.75;35023
7;2021-01;0.7916666666666666;35023
8;2022-01;0.7916666666666666;35023
9;2023-01;0.9166666666666666;35023
10;2024-01;0.7916666666666666;35023
0;2014-01;0.7741666666666667;35064
1;2015-01;0.7613333333333333;35064
2;2016-01;0.8333333333333334;35064
3;2017-01;0.9;35064
4;2018-01;0.875;35064
5;2019-01;1.0;35064
6;2020-01;0.8333333333333334;35064
7;2021-01;0.8333333333333334;35064
8;2022-01;0.8666666666666666;35064
9;2023-01;0.7833333333333333;35064
10;2024-01;0.7333333333333333;35064
0;2014-01;0.7;35121
1;2015-01;0.7999999999999999;35121
2;2016-01;0.5375;35121
3;2017-01;0.63;35121
4;2018-01;0.6625;35121
5;2019-01;0.8125;35121
6;2020-01;0.875;35121
7;2021-01;0.875;35121
8;2022-01;0.875;35121
9;2023-01;1.0;35121
10;2024-01;1.0;35121
0;2014-01;0.6507936507936508;35131
1;2015-01;0.7202380952380952;35131
2;2016-01;0.7777777777777777;35131
3;2017-01;0.7916666666666666;35131
4;2018-01;0.7666666666666667;35131
5;2019-01;0.8333333333333334;35131
6;2020-01;0.7933333333333333;35131
7;2021-01;0.8647619047619047;35131
8;2022-01;0.9028571428571428;35131
9;2023-01;0.8857142857142858;35131
10;2024-01;0.7821428571428571;35131
0;2014-01;0.7155303030303031;35014
1;2015-01;0.6613852813852814;35014
2;2016-01;0.643030303030303;35014
3;2017-01;0.7482251082251082;35014
4;2018-01;0.6736363636363636;35014
5;2019-01;0.6624242424242424;35014
6;2020-01;0.723030303030303;35014
7;2021-01;0.7163636363636364;35014
8;2022-01;0.6465800865800866;35014
9;2023-01;0.5459029859029859;35014
10;2024-01;0.5542246642246642;35014
0;2014-01;0.9166666666666666;35095
1;2015-01;0.9166666666666666;35095
2;2016-01;0.8125;35095
3;2017-01;0.8125;35095
4;2018-01;0.75;35095
5;2019-01;0.7916666666666666;35095
6;2020-01;0.7916666666666666;35095
7;2021-01;1.0;35095
8;2022-01;1.0;35095
9;2023-01;1.0;35095
10;2024-01;1.0;35095
0;2014-01;0.9583333333333334;35052
1;2015-01;0.9166666666666666;35052
2;2016-01;0.9166666666666666;35052
3;2017-01;0.9166666666666666;35052
4;2018-01;1.0;35052
5;2019-01;1.0;35052
6;2020-01;0.875;35052
7;2021-01;0.875;35052
8;2022-01;0.9;35052
9;2023-01;0.6333333333333333;35052
10;2024-01;0.6333333333333333;35052
0;2014-01;0.7462121212121212;35041
1;2015-01;0.7802164502164503;35041
2;2016-01;0.7574242424242424;35041
3;2017-01;0.8018181818181818;35041
4;2018-01;0.7173262032085561;35041
5;2019-01;0.6764705882352942;35041
6;2020-01;0.6531285707756296;35041
7;2021-01;0.5823287823287824;35041
8;2022-01;0.5531848268690374;35041
9;2023-01;0.5263054244378523;35041
10;2024-01;0.5703915778618665;35041
0;2014-01;0.8888888888888888;35032
1;2015-01;0.8888888888888888;35032
2;2016-01;0.9166666666666666;35032
3;2017-01;0.8541666666666666;35032
4;2018-01;0.8833333333333332;35032
5;2019-01;0.8333333333333333;35032
6;2020-01;0.7833333333333333;35032
7;2021-01;0.7833333333333333;35032
8;2022-01;0.7833333333333333;35032
9;2023-01;0.8333333333333334;35032
10;2024-01;0.9;35032
0;2014-01;0.7184873949579832;35063
1;2015-01;0.7525676937441643;35063
2;2016-01;0.7682539682539683;35063
3;2017-01;0.8333333333333334;35063
4;2018-01;0.7933333333333333;35063
5;2019-01;0.7433333333333334;35063
6;2020-01;0.8266666666666668;35063
7;2021-01;0.62;35063
8;2022-01;0.5555555555555555;35063
9;2023-01;0.5805555555555555;35063
10;2024-01;0.6766666666666666;35063
0;2014-01;0.8093512767425811;35073
1;2015-01;0.694824016563147;35073
2;2016-01;0.711111111111111;35073
3;2017-01;0.7428571428571429;35073
4;2018-01;0.741904761904762;35073
5;2019-01;0.7638095238095237;35073
6;2020-01;0.7533333333333333;35073
7;2021-01;0.5966666666666667;35073
8;2022-01;0.5923809523809525;35073
9;2023-01;0.579047619047619;35073
10;2024-01;0.5989915966386554;35073
0;2014-01;0.7670454545454546;35171
1;2015-01;0.7518181818181817;35171
2;2016-01;0.7618181818181818;35171
3;2017-01;0.6448951048951048;35171
4;2018-01;0.6898901098901099;35171
5;2019-01;0.7037362637362637;35171
6;2020-01;0.6608791208791208;35171
7;2021-01;0.653021978021978;35171
8;2022-01;0.7642857142857143;35171
9;2023-01;0.784453781512605;35171
10;2024-01;0.7752100840336135;35171
0;2014-01;0.923076923076923;35143
1;2015-01;0.8974358974358975;35143
2;2016-01;1.0;35143
3;2017-01;1.0;35143
4;2018-01;0.8333333333333334;35143
5;2019-01;0.875;35143
6;2020-01;0.6875;35143
7;2021-01;0.8333333333333334;35143
8;2022-01;0.41666666666666663;35143
9;2023-01;0.41666666666666663;35143
10;2024-01;0.41666666666666663;35143
0;2014-01;0.9351851851851851;35065
1;2015-01;0.9259259259259259;35065
2;2016-01;0.8555555555555555;35065
3;2017-01;0.8755555555555556;35065
4;2018-01;0.8755555555555556;35065
5;2019-01;0.9199999999999999;35065
6;2020-01;0.8533333333333333;35065
7;2021-01;0.7533333333333333;35065
8;2022-01;0.8533333333333333;35065
9;2023-01;0.9333333333333332;35065
10;2024-01;0.8333333333333334;35065
0;2014-01;0.571875;35012
1;2015-01;0.4133333333333333;35012
2;2016-01;0.38;35012
3;2017-01;0.3729166666666667;35012
4;2018-01;0.611111111111111;35012
5;2019-01;0.625;35012
6;2020-01;0.7222222222222222;35012
7;2021-01;0.6458333333333333;35012
8;2022-01;0.5933333333333334;35012
9;2023-01;0.5033333333333333;35012
10;2024-01;0.5861111111111111;35012
0;2014-01;0.7583333333333333;35174
1;2015-01;0.65;35174
2;2016-01;0.6785714285714286;35174
3;2017-01;0.7428571428571429;35174
4;2018-01;0.7714285714285715;35174
5;2019-01;0.8628571428571428;35174
6;2020-01;0.7257142857142858;35174
7;2021-01;0.8400000000000001;35174
8;2022-01;0.8066666666666666;35174
9;2023-01;0.47333333333333333;35174
10;2024-01;0.3833333333333333;35174
0;2014-01;0.8578947368421053;35161
1;2015-01;0.8757894736842106;35161
2;2016-01;0.9099999999999999;35161
3;2017-01;0.885;35161
4;2018-01;0.825;35161
5;2019-01;0.75;35161
6;2020-01;0.84375;35161
7;2021-01;0.86;35161
8;2022-01;0.8699999999999999;35161
9;2023-01;0.8;35161
10;2024-01;0.7714285714285715;35161
0;2014-01;0.8633333333333333;35103
1;2015-01;0.71;35103
2;2016-01;0.6666666666666666;35103
3;2017-01;0.6666666666666666;35103
4;2018-01;0.7333333333333333;35103
5;2019-01;0.6333333333333333;35103
6;2020-01;0.6933333333333334;35103
7;2021-01;0.7266666666666667;35103
8;2022-01;0.7133333333333334;35103
9;2023-01;0.8433333333333334;35103
10;2024-01;0.7887878787878788;35103
0;2014-01;0.953125;35173
1;2015-01;0.7833333333333333;35173
2;2016-01;0.6666666666666666;35173
3;2017-01;0.7777777777777778;35173
4;2018-01;0.7777777777777777;35173
5;2019-01;0.8888888888888888;35173
6;2020-01;1.0;35173
7;2021-01;0.9375;35173
8;2022-01;0.75;35173
9;2023-01;0.9;35173
10;2024-01;0.8428571428571429;35173
0;2014-01;1.0;35151
1;2015-01;1.0;35151
2;2016-01;0.9866666666666667;35151
3;2017-01;0.8;35151
4;2018-01;0.9;35151
5;2019-01;1.0;35151
6;2020-01;0.975;35151
7;2021-01;0.8833333333333332;35151
8;2022-01;0.725;35151
9;2023-01;0.6214285714285714;35151
10;2024-01;0.555952380952381;35151
0;2014-01;0.7678571428571428;35102
1;2015-01;0.7857142857142857;35102
2;2016-01;0.7761904761904762;35102
3;2017-01;0.6333333333333333;35102
4;2018-01;0.6666666666666666;35102
5;2019-01;0.5833333333333334;35102
6;2020-01;0.54;35102
7;2021-01;0.6366666666666666;35102
8;2022-01;0.6633333333333333;35102
9;2023-01;0.5766666666666667;35102
10;2024-01;0.675;35102
0;2014-01;0.5549568965517242;35013
1;2015-01;0.5468390804597701;35013
2;2016-01;0.6166666666666667;35013
3;2017-01;0.59375;35013
4;2018-01;0.6909722222222222;35013
5;2019-01;0.6865079365079365;35013
6;2020-01;0.7976190476190476;35013
7;2021-01;0.653968253968254;35013
8;2022-01;0.6261904761904762;35013
9;2023-01;0.6166666666666666;35013
10;2024-01;0.55;35013
0;2014-01;0.41964285714285715;35034
1;2015-01;0.40253968253968253;35034
2;2016-01;0.49444444444444446;35034
3;2017-01;0.5944444444444444;35034
4;2018-01;0.6822222222222222;35034
5;2019-01;0.7988888888888889;35034
6;2020-01;0.73;35034
7;2021-01;0.8133333333333332;35034
8;2022-01;0.6855555555555556;35034
9;2023-01;0.7488888888888889;35034
10;2024-01;0.7814285714285715;35034
0;2014-01;0.6788888888888889;35015
1;2015-01;0.6141196581196582;35015
2;2016-01;0.5272364672364672;35015
3;2017-01;0.5186568986568987;35015
4;2018-01;0.488994708994709;35015
5;2019-01;0.4625062656641604;35015
6;2020-01;0.4733637512584881;35015
7;2021-01;0.5126266647009681;35015
8;2022-01;0.5007012251594295;35015
9;2023-01;0.4799689268419919;35015
10;2024-01;0.49416074121956477;35015
0;2014-01;0.8333333333333334;35111
1;2015-01;0.75;35111
2;2016-01;0.6666666666666666;35111
3;2017-01;0.75;35111
4;2018-01;0.75;35111
5;2019-01;0.8333333333333334;35111
6;2020-01;0.75;35111
7;2021-01;0.75;35111
8;2022-01;1.0;35111
9;2023-01;1.0;35111
10;2024-01;0.9166666666666666;35111
0;2014-01;0.8125;35154
1;2015-01;0.85;35154
2;2016-01;0.6533333333333333;35154
3;2017-01;0.7933333333333333;35154
4;2018-01;0.82;35154
5;2019-01;0.8333333333333333;35154
6;2020-01;0.6333333333333333;35154
7;2021-01;0.7666666666666666;35154
8;2022-01;0.7;35154
9;2023-01;0.75;35154
10;2024-01;0.8166666666666667;35154
0;2014-01;0.6291666666666667;35081
1;2015-01;0.6633333333333333;35081
2;2016-01;0.63;35081
3;2017-01;0.6875;35081
4;2018-01;0.6875;35081
5;2019-01;0.75;35081
6;2020-01;1.0;35081
7;2021-01;0.9375;35081
8;2022-01;0.9166666666666666;35081
9;2023-01;0.72;35081
10;2024-01;0.5109523809523809;35081
0;2014-01;0.9642857142857143;35082
1;2015-01;0.9714285714285713;35082
2;2016-01;0.8333333333333334;35082
3;2017-01;0.9;35082
4;2018-01;0.95;35082
5;2019-01;0.8;35082
6;2020-01;0.7083333333333333;35082
7;2021-01;0.7;35082
8;2022-01;0.7;35082
9;2023-01;0.8;35082
10;2024-01;0.7666666666666667;35082
0;2014-01;0.7541666666666667;35141
1;2015-01;0.64;35141
2;2016-01;0.6083333333333333;35141
3;2017-01;0.5166666666666666;35141
4;2018-01;0.4416666666666666;35141
5;2019-01;0.5666666666666667;35141
6;2020-01;0.5766666666666667;35141
7;2021-01;0.6366666666666666;35141
8;2022-01;0.6291666666666667;35141
9;2023-01;0.5666666666666667;35141
10;2024-01;0.875;35141
0;2014-01;0.7514652014652015;35132
1;2015-01;0.6473748473748474;35132
2;2016-01;0.6365934065934066;35132
3;2017-01;0.6488095238095238;35132
4;2018-01;0.6503968253968254;35132
5;2019-01;0.6170634920634921;35132
6;2020-01;0.6329365079365079;35132
7;2021-01;0.5715728715728716;35132
8;2022-01;0.5705194805194804;35132
9;2023-01;0.5642424242424242;35132
10;2024-01;0.5416161616161617;35132
0;2014-01;0.9615384615384616;35033
1;2015-01;0.7564102564102564;35033
2;2016-01;0.8365384615384616;35033
3;2017-01;0.8538461538461538;35033
4;2018-01;0.9;35033
5;2019-01;1.0;35033
6;2020-01;1.0;35033
7;2021-01;1.0;35033
8;2022-01;0.9166666666666666;35033
9;2023-01;0.9166666666666666;35033
10;2024-01;1.0;35033
0;2014-01;0.5;35115
1;2015-01;0.75;35115
2;2016-01;0.75;35115
3;2017-01;0.75;35115
4;2018-01;0.8333333333333334;35115
5;2019-01;0.8333333333333334;35115
6;2020-01;0.75;35115
7;2021-01;0.75;35115
8;2022-01;0.75;35115
9;2023-01;0.75;35115
10;2024-01;0.5;35115
0;2014-01;0.8333333333333333;35152
1;2015-01;0.6666666666666666;35152
2;2016-01;0.6666666666666666;35152
3;2017-01;0.6666666666666666;35152
4;2018-01;0.7777777777777778;35152
5;2019-01;0.7777777777777778;35152
6;2020-01;0.8333333333333334;35152
7;2021-01;0.7777777777777778;35152
8;2022-01;0.611111111111111;35152
9;2023-01;0.8333333333333334;35152
10;2024-01;0.8333333333333334;35152
0;2014-01;0.6666666666666666;35094
1;2015-01;0.75;35094
2;2016-01;0.611111111111111;35094
3;2017-01;0.6666666666666667;35094
4;2018-01;0.65;35094
5;2019-01;0.8541666666666666;35094
6;2020-01;0.7933333333333333;35094
7;2021-01;0.6466666666666667;35094
8;2022-01;0.6799999999999999;35094
9;2023-01;0.6833333333333333;35094
10;2024-01;0.6208333333333333;35094
0;2014-01;0.5555555555555555;35113
1;2015-01;0.3333333333333333;35113
2;2016-01;0.3333333333333333;35113
3;2017-01;0.6666666666666666;35113
4;2018-01;0.7777777777777778;35113
5;2019-01;1.0;35113
6;2020-01;1.0;35113
7;2021-01;1.0;35113
8;2022-01;1.0;35113
9;2023-01;1.0;35113
10;2024-01;1.0;35113
0;2014-01;0.6625;35104
1;2015-01;0.77;35104
2;2016-01;0.85;35104
3;2017-01;0.8266666666666665;35104
4;2018-01;0.7066666666666667;35104
5;2019-01;0.7;35104
6;2020-01;0.8222222222222223;35104
7;2021-01;0.7416666666666667;35104
8;2022-01;0.7033333333333334;35104
9;2023-01;0.7633333333333333;35104
10;2024-01;0.6966666666666667;35104
0;2014-01;0.75;35114
1;2015-01;0.75;35114
2;2016-01;0.75;35114
3;2017-01;0.75;35114
4;2018-01;0.625;35114
5;2019-01;0.625;35114
6;2020-01;0.625;35114
7;2021-01;1.0;35114
8;2022-01;0.625;35114
9;2023-01;1.0;35114
10;2024-01;0.625;35114
0;2014-01;0.7436812854319961;35016
1;2015-01;0.7034378730618742;35016
2;2016-01;0.6620831956519453;35016
3;2017-01;0.6943353255122202;35016
4;2018-01;0.7018848263950008;35016
5;2019-01;0.7062164143298014;35016
6;2020-01;0.6650129745193099;35016
7;2021-01;0.6660388470870031;35016
8;2022-01;0.5937948085959748;35016
9;2023-01;0.5593823024212266;35016
10;2024-01;0.5639097393025285;35016
0;2015-01;1.0;12003
1;2016-01;1.0;12003
2;2017-01;1.0;12003
3;2018-01;1.0;12003
4;2019-01;1.0;12003
5;2020-01;1.0;12003
6;2021-01;1.0;12003
7;2022-01;1.0;12003
8;2023-01;1.0;12003
9;2024-01;1.0;12003
0;2014-01;0.8333333333333333;12002
1;2015-01;0.8888888888888888;12002
2;2016-01;0.8333333333333334;12002
3;2017-01;0.8333333333333334;12002
4;2018-01;0.8333333333333334;12002
5;2019-01;0.875;12002
6;2020-01;0.9166666666666666;12002
7;2021-01;0.8888888888888888;12002
8;2022-01;0.8888888888888888;12002
9;2023-01;0.9166666666666666;12002
10;2024-01;0.9333333333333332;12002
0;2014-01;0.4444444444444444;21001
1;2015-01;0.5833333333333333;21001
2;2016-01;0.5833333333333333;21001
3;2017-01;0.6666666666666666;21001
4;2018-01;0.75;21001
5;2019-01;0.75;21001
6;2020-01;0.75;21001
7;2021-01;0.75;21001
8;2022-01;0.5;21001
9;2023-01;0.5;21001
10;2024-01;0.7777777777777778;21001
0;2014-01;0.7638888888888888;21006
1;2015-01;0.5722222222222222;21006
2;2016-01;0.6666666666666666;21006
3;2017-01;0.6875;21006
4;2018-01;1.0;21006
5;2019-01;0.75;21006
6;2020-01;0.5833333333333334;21006
7;2021-01;0.6;21006
8;2022-01;0.65;21006
9;2023-01;0.5833333333333334;21006
10;2024-01;0.5833333333333334;21006
0;2014-01;0.867721688034188;21016
1;2015-01;0.8469105077928607;21016
2;2016-01;0.7961939775910365;21016
3;2017-01;0.7879621848739495;21016
4;2018-01;0.7877450980392157;21016
5;2019-01;0.763254129237902;21016
6;2020-01;0.7624302134646962;21016
7;2021-01;0.7733825944170771;21016
8;2022-01;0.7407881773399014;21016
9;2023-01;0.7105418719211822;21016
10;2024-01;0.7037362637362637;21016
0;2014-01;0.6875;21005
1;2015-01;0.75;21005
2;2016-01;0.8333333333333334;21005
3;2017-01;0.8333333333333334;21005
4;2018-01;0.875;21005
5;2019-01;0.75;21005
6;2020-01;0.7916666666666666;21005
7;2021-01;0.75;21005
8;2022-01;0.7083333333333334;21005
9;2023-01;0.5416666666666666;21005
10;2024-01;0.5729166666666666;21005
0;2014-01;0.7321428571428571;21007
1;2015-01;0.7857142857142857;21007
2;2016-01;0.875;21007
3;2017-01;0.875;21007
4;2018-01;0.75;21007
5;2019-01;0.8541666666666666;21007
6;2020-01;0.8541666666666666;21007
7;2021-01;0.6666666666666666;21007
8;2022-01;0.7916666666666666;21007
9;2023-01;0.7666666666666667;21007
10;2024-01;0.7666666666666667;21007
0;2014-01;0.7555555555555555;21014
1;2015-01;0.625;21014
2;2016-01;0.75;21014
3;2017-01;0.8333333333333334;21014
4;2018-01;1.0;21014
5;2019-01;0.9;21014
6;2020-01;0.9;21014
7;2021-01;0.55;21014
8;2022-01;0.5666666666666667;21014
9;2023-01;0.5222222222222223;21014
10;2024-01;0.5222222222222223;21014
0;2014-01;1.0;21003
1;2015-01;1.0;21003
2;2016-01;1.0;21003
3;2017-01;1.0;21003
4;2018-01;1.0;21003
5;2019-01;1.0;21003
6;2020-01;0.9333333333333332;21003
7;2021-01;0.8333333333333333;21003
8;2022-01;0.7666666666666666;21003
9;2023-01;0.7666666666666666;21003
10;2024-01;0.75;21003
0;2014-01;0.75;21008
1;2015-01;0.6666666666666666;21008
2;2016-01;0.6666666666666666;21008
3;2017-01;1.0;21008
4;2018-01;1.0;21008
5;2019-01;0.6666666666666666;21008
6;2020-01;0.625;21008
7;2021-01;0.6666666666666666;21008
8;2022-01;0.6666666666666666;21008
9;2023-01;0.625;21008
10;2024-01;0.75;21008
0;2014-01;0.5833333333333333;21009
1;2015-01;0.6523809523809524;21009
2;2016-01;0.65;21009
3;2017-01;0.6041666666666666;21009
4;2018-01;0.6041666666666666;21009
5;2019-01;0.6333333333333333;21009
6;2020-01;0.65;21009
7;2021-01;0.55;21009
8;2022-01;0.6666666666666666;21009
9;2023-01;0.6666666666666666;21009
10;2024-01;0.6666666666666666;21009
0;2014-01;0.8333333333333334;21004
1;2015-01;1.0;21004
2;2016-01;1.0;21004
3;2017-01;1.0;21004
4;2018-01;1.0;21004
5;2019-01;0.8888888888888888;21004
6;2020-01;0.7916666666666666;21004
7;2021-01;0.7916666666666666;21004
8;2022-01;0.7222222222222222;21004
9;2023-01;0.7916666666666666;21004
10;2024-01;0.7916666666666666;21004
0;2014-01;1.0;21002
1;2015-01;1.0;21002
2;2016-01;1.0;21002
3;2017-01;1.0;21002
4;2018-01;1.0;21002
5;2019-01;0.875;21002
6;2020-01;1.0;21002
7;2021-01;1.0;21002
8;2022-01;1.0;21002
9;2023-01;1.0;21002
10;2024-01;1.0;21002
0;2014-01;0.8333333333333333;21015
1;2015-01;0.8333333333333333;21015
2;2016-01;0.8333333333333333;21015
3;2017-01;0.7777777777777778;21015
4;2018-01;0.6666666666666666;21015
5;2019-01;0.8888888888888888;21015
6;2020-01;0.8888888888888888;21015
7;2021-01;0.7777777777777777;21015
8;2022-01;0.6666666666666666;21015
9;2023-01;0.6666666666666666;21015
10;2024-01;0.6666666666666666;21015
0;2014-01;0.5625;21013
1;2015-01;0.7083333333333334;21013
2;2016-01;0.75;21013
3;2017-01;0.5555555555555555;21013
4;2018-01;0.5416666666666666;21013
5;2019-01;0.5833333333333334;21013
6;2020-01;0.5833333333333334;21013
7;2021-01;0.75;21013
8;2022-01;1.0;21013
9;2023-01;0.8333333333333333;21013
10;2024-01;0.8888888888888888;21013
0;2014-01;0.5416666666666667;21011
1;2015-01;0.5833333333333334;21011
2;2016-01;0.5833333333333334;21011
3;2017-01;0.5833333333333333;21011
4;2018-01;0.47222222222222215;21011
5;2019-01;0.6041666666666666;21011
6;2020-01;0.6875;21011
7;2021-01;0.7222222222222222;21011
8;2022-01;0.7916666666666666;21011
9;2023-01;0.6666666666666666;21011
10;2024-01;0.7916666666666666;21011
0;2014-01;0.29545454545454547;21018
1;2015-01;0.4393939393939394;21018
2;2016-01;0.49166666666666664;21018
3;2017-01;0.55;21018
4;2018-01;0.5599999999999999;21018
5;2019-01;0.6333333333333333;21018
6;2020-01;0.6666666666666666;21018
7;2021-01;0.4583333333333333;21018
8;2022-01;0.5;21018
9;2023-01;0.625;21018
10;2024-01;0.5833333333333333;21018
0;2014-01;0.5952380952380952;21012
1;2015-01;0.6964285714285714;21012
2;2016-01;0.6964285714285714;21012
3;2017-01;0.6130952380952381;21012
4;2018-01;0.7777777777777778;21012
5;2019-01;0.5555555555555555;21012
6;2020-01;0.6666666666666666;21012
7;2021-01;0.3333333333333333;21012
8;2022-01;0.7777777777777778;21012
9;2023-01;0.7777777777777778;21012
10;2024-01;0.7777777777777778;21012
0;2014-01;0.5833333333333334;21019
1;2015-01;0.75;21019
2;2016-01;0.6875;21019
3;2017-01;0.75;21019
4;2018-01;0.6666666666666666;21019
5;2019-01;0.6875;21019
6;2020-01;0.6875;21019
7;2021-01;0.75;21019
8;2022-01;0.5;21019
9;2023-01;0.5;21019
10;2024-01;0.4375;21019
0;2014-01;0.8;21010
1;2015-01;0.8;21010
2;2016-01;0.8;21010
3;2017-01;0.6333333333333333;21010
4;2018-01;1.0;21010
5;2019-01;0.75;21010
6;2020-01;1.0;21010
7;2021-01;0.75;21010
8;2022-01;0.8333333333333334;21010
9;2023-01;1.0;21010
10;2024-01;1.0;21010
0;2014-01;0.6666666666666666;21017
1;2015-01;0.3333333333333333;21017
2;2016-01;0.5;21017
3;2017-01;0.75;21017
4;2018-01;0.8333333333333334;21017
5;2019-01;0.8055555555555555;21017
6;2020-01;0.8055555555555555;21017
7;2021-01;0.7222222222222222;21017
8;2022-01;0.75;21017
9;2023-01;0.75;21017
10;2024-01;0.625;21017
0;2014-01;0.7193919457735247;31016
1;2015-01;0.7200400243031823;31016
2;2016-01;0.6105241458624917;31016
3;2017-01;0.6454301337759984;31016
4;2018-01;0.7020495377638235;31016
5;2019-01;0.6447592090449233;31016
6;2020-01;0.6529085084485782;31016
7;2021-01;0.690205526181136;31016
8;2022-01;0.6533353959332405;31016
9;2023-01;0.5328134722150605;31016
10;2024-01;0.5506850647652713;31016
0;2014-01;1.0;31068
1;2015-01;1.0;31068
2;2016-01;1.0;31068
3;2017-01;;31068
4;2018-01;;31068
5;2019-01;;31068
6;2020-01;;31068
7;2021-01;;31068
8;2022-01;1.0;31068
9;2023-01;1.0;31068
10;2024-01;1.0;31068
0;2014-01;;31040
1;2015-01;;31040
2;2016-01;1.0;31040
3;2017-01;1.0;31040
4;2018-01;1.0;31040
5;2019-01;1.0;31040
6;2020-01;1.0;31040
7;2021-01;1.0;31040
8;2022-01;1.0;31040
9;2023-01;1.0;31040
10;2024-01;1.0;31040
0;2014-01;0.8333333333333334;31008
1;2015-01;0.875;31008
2;2016-01;0.875;31008
3;2017-01;0.875;31008
4;2018-01;0.85;31008
5;2019-01;0.8333333333333333;31008
6;2020-01;0.8333333333333333;31008
7;2021-01;0.8666666666666666;31008
8;2022-01;0.75;31008
9;2023-01;0.5555555555555555;31008
10;2024-01;0.5;31008
0;2014-01;1.0;31041
1;2015-01;1.0;31041
2;2016-01;1.0;31041
3;2017-01;1.0;31041
4;2018-01;1.0;31041
5;2019-01;1.0;31041
6;2020-01;0.8333333333333334;31041
7;2021-01;0.875;31041
8;2022-01;1.0;31041
9;2023-01;1.0;31041
10;2024-01;0.5;31041
0;2014-01;0.8;31001
1;2015-01;0.65;31001
2;2016-01;0.675;31001
3;2017-01;0.625;31001
4;2018-01;0.625;31001
5;2019-01;0.5666666666666667;31001
6;2020-01;0.6666666666666666;31001
7;2021-01;0.8888888888888888;31001
8;2022-01;0.6041666666666666;31001
9;2023-01;0.5416666666666666;31001
10;2024-01;0.6333333333333333;31001
0;2014-01;1.0;31094
1;2015-01;1.0;31094
2;2016-01;1.0;31094
3;2017-01;1.0;31094
4;2018-01;1.0;31094
5;2019-01;1.0;31094
6;2020-01;1.0;31094
7;2021-01;1.0;31094
8;2022-01;1.0;31094
9;2023-01;1.0;31094
10;2024-01;1.0;31094
0;2014-01;0.7757575757575758;31092
1;2015-01;0.8545454545454545;31092
2;2016-01;0.7545454545454546;31092
3;2017-01;0.7166666666666667;31092
4;2018-01;0.8666666666666667;31092
5;2019-01;0.8333333333333333;31092
6;2020-01;0.75;31092
7;2021-01;0.8;31092
8;2022-01;0.8888888888888888;31092
9;2023-01;0.8888888888888888;31092
10;2024-01;0.6666666666666666;31092
0;2014-01;0.9375;31013
1;2015-01;0.9583333333333334;31013
2;2016-01;0.975;31013
3;2017-01;0.975;31013
4;2018-01;0.975;31013
5;2019-01;0.85;31013
6;2020-01;0.8;31013
7;2021-01;0.75;31013
8;2022-01;0.875;31013
9;2023-01;0.75;31013
10;2024-01;1.0;31013
0;2014-01;0.6666666666666666;31060
1;2015-01;0.8333333333333333;31060
2;2016-01;0.8333333333333333;31060
3;2017-01;0.8333333333333333;31060
4;2018-01;0.8333333333333333;31060
5;2019-01;1.0;31060
6;2020-01;1.0;31060
7;2021-01;1.0;31060
8;2022-01;1.0;31060
9;2023-01;1.0;31060
10;2024-01;1.0;31060
0;2014-01;1.0;31095
1;2015-01;1.0;31095
2;2016-01;1.0;31095
3;2017-01;1.0;31095
4;2018-01;1.0;31095
5;2019-01;1.0;31095
6;2020-01;1.0;31095
7;2021-01;1.0;31095
8;2022-01;1.0;31095
9;2023-01;1.0;31095
10;2024-01;1.0;31095
0;2014-01;0.923076923076923;31006
1;2015-01;0.9423076923076923;31006
2;2016-01;0.9423076923076923;31006
3;2017-01;1.0;31006
4;2018-01;1.0;31006
5;2019-01;1.0;31006
6;2020-01;0.875;31006
7;2021-01;0.9;31006
8;2022-01;0.9375;31006
9;2023-01;0.85;31006
10;2024-01;0.85;31006
0;2014-01;1.0;31090
1;2015-01;;31090
2;2016-01;0.5;31090
3;2017-01;0.5;31090
4;2018-01;0.5;31090
5;2019-01;;31090
6;2020-01;;31090
7;2021-01;;31090
8;2022-01;;31090
9;2023-01;1.0;31090
10;2024-01;1.0;31090
0;2014-01;1.0;31064
1;2015-01;1.0;31064
2;2016-01;1.0;31064
3;2017-01;1.0;31064
4;2018-01;1.0;31064
5;2019-01;1.0;31064
6;2020-01;1.0;31064
7;2021-01;1.0;31064
8;2022-01;1.0;31064
9;2023-01;1.0;31064
10;2024-01;1.0;31064
0;2014-01;0.7083333333333334;31075
1;2015-01;0.5476190476190477;31075
2;2016-01;0.6266666666666667;31075
3;2017-01;0.5866666666666667;31075
4;2018-01;0.5499999999999999;31075
5;2019-01;0.5833333333333333;31075
6;2020-01;0.4866666666666667;31075
7;2021-01;0.6;31075
8;2022-01;0.62;31075
9;2023-01;0.7533333333333333;31075
10;2024-01;0.5921212121212122;31075
0;2014-01;1.0;31061
1;2015-01;1.0;31061
2;2016-01;0.75;31061
3;2017-01;0.75;31061
4;2018-01;0.8333333333333334;31061
5;2019-01;0.8333333333333334;31061
6;2020-01;0.875;31061
7;2021-01;0.9;31061
8;2022-01;0.8333333333333334;31061
9;2023-01;1.0;31061
10;2024-01;1.0;31061
0;2014-01;0.625;31070
1;2015-01;0.8;31070
2;2016-01;0.9166666666666666;31070
3;2017-01;0.7916666666666666;31070
4;2018-01;0.8333333333333334;31070
5;2019-01;0.9166666666666666;31070
6;2020-01;1.0;31070
7;2021-01;0.9166666666666666;31070
8;2022-01;0.9166666666666666;31070
9;2023-01;0.9166666666666666;31070
10;2024-01;0.9;31070
0;2014-01;1.0;31087
1;2015-01;0.8;31087
2;2016-01;0.8;31087
3;2017-01;0.6;31087
4;2018-01;0.8;31087
5;2019-01;0.9;31087
6;2020-01;1.0;31087
7;2021-01;1.0;31087
8;2022-01;1.0;31087
9;2023-01;1.0;31087
10;2024-01;1.0;31087
0;2014-01;0.625;31044
1;2015-01;0.5;31044
2;2016-01;0.625;31044
3;2017-01;0.625;31044
4;2018-01;0.9166666666666666;31044
5;2019-01;0.7916666666666666;31044
6;2020-01;0.7222222222222222;31044
7;2021-01;0.7222222222222222;31044
8;2022-01;0.8888888888888888;31044
9;2023-01;0.8888888888888888;31044
10;2024-01;0.8888888888888888;31044
0;2014-01;0.6666666666666666;31019
1;2015-01;0.6666666666666666;31019
2;2016-01;0.6666666666666666;31019
3;2017-01;0.6666666666666666;31019
4;2018-01;0.6666666666666666;31019
5;2019-01;0.7777777777777778;31019
6;2020-01;1.0;31019
7;2021-01;1.0;31019
8;2022-01;1.0;31019
9;2023-01;0.8333333333333334;31019
10;2024-01;0.8333333333333334;31019
0;2014-01;0.5;31030
1;2015-01;0.5;31030
2;2016-01;0.5;31030
3;2017-01;0.75;31030
4;2018-01;0.75;31030
5;2019-01;0.75;31030
6;2020-01;0.75;31030
7;2021-01;0.8333333333333334;31030
8;2022-01;0.875;31030
9;2023-01;0.75;31030
10;2024-01;0.875;31030
0;2014-01;0.6291666666666667;31021
1;2015-01;0.6599999999999999;31021
2;2016-01;0.6666666666666666;31021
3;2017-01;0.5833333333333333;31021
4;2018-01;0.6666666666666666;31021
5;2019-01;0.7291666666666666;31021
6;2020-01;0.875;31021
7;2021-01;0.9;31021
8;2022-01;0.7;31021
9;2023-01;0.8;31021
10;2024-01;0.76;31021
0;2014-01;1.0;31015
1;2015-01;1.0;31015
2;2016-01;1.0;31015
3;2017-01;0.9;31015
4;2018-01;0.8;31015
5;2019-01;0.75;31015
6;2020-01;0.875;31015
7;2021-01;0.8333333333333334;31015
8;2022-01;0.8333333333333334;31015
9;2023-01;1.0;31015
10;2024-01;0.625;31015
0;2014-01;0.8055555555555556;31037
1;2015-01;0.638888888888889;31037
2;2016-01;0.6766666666666666;31037
3;2017-01;0.6366666666666667;31037
4;2018-01;0.7433333333333334;31037
5;2019-01;0.9333333333333332;31037
6;2020-01;0.7083333333333333;31037
7;2021-01;0.7083333333333334;31037
8;2022-01;0.8333333333333334;31037
9;2023-01;0.8333333333333333;31037
10;2024-01;0.8333333333333333;31037
0;2014-01;0.7045454545454546;31017
1;2015-01;0.6933333333333334;31017
2;2016-01;0.6366666666666667;31017
3;2017-01;0.6133333333333333;31017
4;2018-01;0.7166666666666667;31017
5;2019-01;0.7875;31017
6;2020-01;0.6875;31017
7;2021-01;0.7;31017
8;2022-01;0.71;31017
9;2023-01;0.71;31017
10;2024-01;0.72;31017
0;2021-01;;31047
1;2022-01;;31047
2;2023-01;1.0;31047
3;2024-01;;31047
0;2014-01;0.5;31011
1;2015-01;0.5;31011
2;2016-01;0.41666666666666663;31011
3;2017-01;0.75;31011
4;2018-01;0.6666666666666666;31011
5;2019-01;0.611111111111111;31011
6;2020-01;0.4444444444444444;31011
7;2021-01;0.4444444444444444;31011
8;2022-01;0.4444444444444444;31011
9;2023-01;0.4444444444444444;31011
10;2024-01;0.5833333333333334;31011
0;2014-01;1.0;31083
1;2015-01;;31083
2;2016-01;1.0;31083
3;2017-01;1.0;31083
4;2018-01;1.0;31083
5;2019-01;;31083
6;2020-01;;31083
7;2021-01;;31083
8;2022-01;;31083
9;2023-01;;31083
10;2024-01;;31083
0;2014-01;0.3333333333333333;31028
1;2015-01;0.6666666666666666;31028
2;2016-01;0.7777777777777778;31028
3;2017-01;0.7083333333333334;31028
4;2018-01;0.875;31028
5;2019-01;0.8333333333333334;31028
6;2020-01;0.875;31028
7;2021-01;0.8333333333333334;31028
8;2022-01;0.875;31028
9;2023-01;0.8333333333333334;31028
10;2024-01;0.75;31028
0;2014-01;0.9107142857142857;31007
1;2015-01;0.9142857142857143;31007
2;2016-01;0.9;31007
3;2017-01;0.8;31007
4;2018-01;0.76;31007
5;2019-01;0.7333333333333333;31007
6;2020-01;0.6708333333333333;31007
7;2021-01;0.8699999999999999;31007
8;2022-01;0.8;31007
9;2023-01;0.5666666666666667;31007
10;2024-01;0.5416666666666666;31007
0;2014-01;0.5833333333333333;31055
1;2015-01;0.5833333333333333;31055
2;2016-01;0.5833333333333333;31055
3;2017-01;0.8333333333333333;31055
4;2018-01;0.8888888888888888;31055
5;2019-01;0.9166666666666666;31055
6;2020-01;1.0;31055
7;2021-01;1.0;31055
8;2022-01;1.0;31055
9;2023-01;1.0;31055
10;2024-01;1.0;31055
0;2014-01;0.4916666666666667;31024
1;2015-01;0.5777777777777778;31024
2;2016-01;0.5277777777777778;31024
3;2017-01;0.6166666666666666;31024
4;2018-01;0.7777777777777778;31024
5;2019-01;0.8125;31024
6;2020-01;0.8125;31024
7;2021-01;1.0;31024
8;2022-01;1.0;31024
9;2023-01;1.0;31024
10;2024-01;1.0;31024
0;2014-01;0.5416666666666666;31010
1;2015-01;0.75;31010
2;2016-01;0.8333333333333334;31010
3;2017-01;0.875;31010
4;2018-01;0.8333333333333334;31010
5;2019-01;0.75;31010
6;2020-01;1.0;31010
7;2021-01;1.0;31010
8;2022-01;1.0;31010
9;2023-01;1.0;31010
10;2024-01;1.0;31010
0;2014-01;0.75;31089
1;2015-01;1.0;31089
2;2016-01;0.75;31089
3;2017-01;0.75;31089
4;2018-01;0.75;31089
5;2019-01;0.75;31089
6;2020-01;0.8333333333333334;31089
7;2021-01;0.8333333333333334;31089
8;2022-01;0.75;31089
9;2023-01;0.75;31089
10;2024-01;1.0;31089
0;2014-01;0.7488095238095238;31072
1;2015-01;0.5633333333333332;31072
2;2016-01;0.5791666666666666;31072
3;2017-01;0.5270299145299145;31072
4;2018-01;0.6399572649572649;31072
5;2019-01;0.686965811965812;31072
6;2020-01;0.5721367521367522;31072
7;2021-01;0.5911111111111111;31072
8;2022-01;0.6966666666666667;31072
9;2023-01;0.6966666666666667;31072
10;2024-01;0.7666666666666667;31072
0;2014-01;1.0;31073
1;2015-01;1.0;31073
2;2016-01;0.9333333333333332;31073
3;2017-01;0.9333333333333332;31073
4;2018-01;0.775;31073
5;2019-01;0.875;31073
6;2020-01;0.875;31073
7;2021-01;0.875;31073
8;2022-01;1.0;31073
9;2023-01;1.0;31073
10;2024-01;0.9166666666666666;31073
0;2014-01;0.7916666666666667;31042
1;2015-01;0.8055555555555555;31042
2;2016-01;0.6388888888888888;31042
3;2017-01;0.6875;31042
4;2018-01;0.6875;31042
5;2019-01;0.6666666666666666;31042
6;2020-01;0.6666666666666666;31042
7;2021-01;0.611111111111111;31042
8;2022-01;0.8333333333333334;31042
9;2023-01;0.8333333333333334;31042
10;2024-01;0.8333333333333334;31042
0;2014-01;0.75;31034
1;2015-01;0.75;31034
2;2016-01;0.6666666666666666;31034
3;2017-01;0.7222222222222222;31034
4;2018-01;0.7916666666666666;31034
5;2019-01;0.6666666666666666;31034
6;2020-01;0.875;31034
7;2021-01;0.875;31034
8;2022-01;0.875;31034
9;2023-01;0.875;31034
10;2024-01;0.875;31034
0;2014-01;0.8333333333333334;31004
1;2015-01;0.8333333333333334;31004
2;2016-01;0.875;31004
3;2017-01;0.875;31004
4;2018-01;0.85;31004
5;2019-01;1.0;31004
6;2020-01;0.8888888888888888;31004
7;2021-01;0.8888888888888888;31004
8;2022-01;0.8888888888888888;31004
9;2023-01;0.8888888888888888;31004
10;2024-01;0.9166666666666666;31004
0;2014-01;1.0;31091
1;2015-01;1.0;31091
2;2016-01;;31091
3;2017-01;1.0;31091
4;2018-01;1.0;31091
5;2019-01;0.75;31091
6;2020-01;0.75;31091
7;2021-01;0.75;31091
8;2022-01;1.0;31091
9;2023-01;1.0;31091
10;2024-01;1.0;31091
0;2014-01;0.6864114114114114;31079
1;2015-01;0.701051051051051;31079
2;2016-01;0.5700000000000001;31079
3;2017-01;0.6444444444444445;31079
4;2018-01;0.5666666666666667;31079
5;2019-01;0.6458333333333334;31079
6;2020-01;0.7166666666666667;31079
7;2021-01;0.75;31079
8;2022-01;0.8125;31079
9;2023-01;0.75;31079
10;2024-01;0.75;31079
0;2014-01;0.3333333333333333;31038
1;2015-01;0.3333333333333333;31038
2;2016-01;0.41666666666666663;31038
3;2017-01;0.3333333333333333;31038
4;2018-01;0.5416666666666666;31038
5;2019-01;0.3333333333333333;31038
6;2020-01;0.6666666666666666;31038
7;2021-01;0.6666666666666666;31038
8;2022-01;0.6666666666666666;31038
9;2023-01;0.6666666666666666;31038
10;2024-01;0.6666666666666666;31038
0;2014-01;1.0;31027
1;2015-01;1.0;31027
2;2016-01;1.0;31027
3;2017-01;1.0;31027
4;2018-01;0.875;31027
5;2019-01;1.0;31027
6;2020-01;0.8333333333333334;31027
7;2021-01;0.8333333333333334;31027
8;2022-01;1.0;31027
9;2023-01;1.0;31027
10;2024-01;1.0;31027
0;2014-01;0.8461538461538461;31084
1;2015-01;0.6923076923076923;31084
2;2016-01;0.8461538461538461;31084
3;2017-01;0.6666666666666666;31084
4;2018-01;0.6666666666666666;31084
5;2019-01;0.5;31084
6;2020-01;0.41666666666666663;31084
7;2021-01;0.611111111111111;31084
8;2022-01;0.6666666666666666;31084
9;2023-01;0.6666666666666666;31084
10;2024-01;0.7083333333333333;31084
0;2014-01;0.9230769230769231;31078
1;2015-01;0.8564102564102564;31078
2;2016-01;0.8666666666666666;31078
3;2017-01;0.8666666666666666;31078
4;2018-01;0.9375;31078
5;2019-01;0.8166666666666667;31078
6;2020-01;0.8166666666666667;31078
7;2021-01;0.7766666666666666;31078
8;2022-01;0.8433333333333334;31078
9;2023-01;0.8166666666666667;31078
10;2024-01;0.8166666666666667;31078
0;2014-01;0.7739130434782608;31018
1;2015-01;0.7817391304347826;31018
2;2016-01;0.875;31018
3;2017-01;0.8400000000000001;31018
4;2018-01;0.8699999999999999;31018
5;2019-01;0.74;31018
6;2020-01;0.5872727272727273;31018
7;2021-01;0.6345454545454545;31018
8;2022-01;0.5509090909090909;31018
9;2023-01;0.45090909090909087;31018
10;2024-01;0.5074747474747474;31018
0;2014-01;0.6428571428571428;31012
1;2015-01;0.6428571428571428;31012
2;2016-01;0.625;31012
3;2017-01;0.75;31012
4;2018-01;0.75;31012
5;2019-01;0.7;31012
6;2020-01;0.8333333333333334;31012
7;2021-01;1.0;31012
8;2022-01;1.0;31012
9;2023-01;0.9;31012
10;2024-01;0.75;31012
0;2014-01;0.75;31074
1;2015-01;0.611111111111111;31074
2;2016-01;0.7083333333333333;31074
3;2017-01;0.7083333333333333;31074
4;2018-01;0.7916666666666666;31074
5;2019-01;0.8333333333333333;31074
6;2020-01;0.75;31074
7;2021-01;0.75;31074
8;2022-01;0.75;31074
9;2023-01;0.5833333333333334;31074
10;2024-01;0.6875;31074
0;2014-01;0.8333333333333334;31035
1;2015-01;0.6875;31035
2;2016-01;0.75;31035
3;2017-01;0.9;31035
4;2018-01;0.875;31035
5;2019-01;0.8125;31035
6;2020-01;0.75;31035
7;2021-01;1.0;31035
8;2022-01;1.0;31035
9;2023-01;1.0;31035
10;2024-01;1.0;31035
0;2014-01;0.9444444444444445;31026
1;2015-01;0.9583333333333334;31026
2;2016-01;0.7533333333333333;31026
3;2017-01;0.82;31026
4;2018-01;0.82;31026
5;2019-01;0.82;31026
6;2020-01;0.82;31026
7;2021-01;0.82;31026
8;2022-01;0.82;31026
9;2023-01;0.9;31026
10;2024-01;0.9;31026
0;2014-01;;31051
1;2015-01;1.0;31051
2;2016-01;;31051
3;2017-01;;31051
4;2018-01;;31051
5;2019-01;;31051
6;2020-01;;31051
7;2021-01;;31051
8;2022-01;;31051
9;2023-01;;31051
10;2024-01;;31051
0;2014-01;0.8636363636363636;31086
1;2015-01;0.9090909090909092;31086
2;2016-01;0.9318181818181819;31086
3;2017-01;0.8333333333333334;31086
4;2018-01;0.7083333333333333;31086
5;2019-01;0.7916666666666666;31086
6;2020-01;0.7777777777777778;31086
7;2021-01;0.8666666666666666;31086
8;2022-01;0.9166666666666666;31086
9;2023-01;0.8333333333333333;31086
10;2024-01;0.611111111111111;31086
0;2014-01;0.5;31093
1;2015-01;0.5;31093
2;2016-01;0.5;31093
3;2017-01;0.5;31093
4;2018-01;0.5;31093
5;2019-01;0.5;31093
6;2020-01;0.75;31093
7;2021-01;0.75;31093
8;2022-01;0.75;31093
9;2023-01;0.75;31093
10;2024-01;1.0;31093
0;2014-01;0.5476190476190476;31097
1;2015-01;0.588095238095238;31097
2;2016-01;0.7833333333333333;31097
3;2017-01;0.9166666666666666;31097
4;2018-01;0.7916666666666666;31097
5;2019-01;0.875;31097
6;2020-01;0.7857142857142857;31097
7;2021-01;0.7857142857142857;31097
8;2022-01;0.6904761904761904;31097
9;2023-01;0.7936507936507936;31097
10;2024-01;0.6904761904761905;31097
0;2014-01;1.0;31096
1;2015-01;1.0;31096
2;2016-01;1.0;31096
3;2017-01;1.0;31096
4;2018-01;1.0;31096
5;2019-01;1.0;31096
6;2020-01;;31096
7;2021-01;;31096
8;2022-01;1.0;31096
9;2023-01;;31096
10;2024-01;;31096
0;2014-01;0.7559523809523809;31036
1;2015-01;0.7202380952380952;31036
2;2016-01;0.7291666666666666;31036
3;2017-01;0.7222222222222222;31036
4;2018-01;0.8333333333333334;31036
5;2019-01;0.8333333333333334;31036
6;2020-01;0.875;31036
7;2021-01;0.8125;31036
8;2022-01;1.0;31036
9;2023-01;1.0;31036
10;2024-01;1.0;31036
0;2014-01;1.0;31098
1;2015-01;1.0;31098
2;2016-01;1.0;31098
3;2017-01;1.0;31098
4;2018-01;1.0;31098
5;2019-01;1.0;31098
6;2020-01;1.0;31098
7;2021-01;1.0;31098
8;2022-01;1.0;31098
9;2023-01;1.0;31098
10;2024-01;1.0;31098
0;2014-01;1.0;31020
1;2015-01;1.0;31020
2;2016-01;1.0;31020
3;2017-01;1.0;31020
4;2018-01;1.0;31020
5;2019-01;1.0;31020
6;2020-01;1.0;31020
7;2021-01;1.0;31020
8;2022-01;1.0;31020
9;2023-01;1.0;31020
10;2024-01;1.0;31020
0;2014-01;0.8333333333333334;31048
1;2015-01;0.75;31048
2;2016-01;0.8;31048
3;2017-01;0.6166666666666667;31048
4;2018-01;0.6666666666666666;31048
5;2019-01;0.7916666666666666;31048
6;2020-01;0.775;31048
7;2021-01;0.7000000000000001;31048
8;2022-01;0.6;31048
9;2023-01;0.6;31048
10;2024-01;1.0;31048
0;2014-01;0.7999999999999999;31002
1;2015-01;0.7999999999999999;31002
2;2016-01;0.6;31002
3;2017-01;0.7333333333333334;31002
4;2018-01;0.7333333333333334;31002
5;2019-01;0.7999999999999999;31002
6;2020-01;0.7333333333333334;31002
7;2021-01;0.7333333333333334;31002
8;2022-01;1.0;31002
9;2023-01;1.0;31002
10;2024-01;1.0;31002
0;2014-01;0.7678571428571428;31032
1;2015-01;0.7678571428571428;31032
2;2016-01;0.8142857142857143;31032
3;2017-01;0.8333333333333334;31032
4;2018-01;0.875;31032
5;2019-01;0.875;31032
6;2020-01;0.8333333333333334;31032
7;2021-01;0.8333333333333334;31032
8;2022-01;0.8333333333333334;31032
9;2023-01;0.6666666666666666;31032
10;2024-01;0.625;31032
0;2014-01;1.0;31059
1;2015-01;0.875;31059
2;2016-01;0.6666666666666666;31059
3;2017-01;0.8333333333333334;31059
4;2018-01;1.0;31059
5;2019-01;0.8888888888888888;31059
6;2020-01;0.8888888888888888;31059
7;2021-01;0.6666666666666666;31059
8;2022-01;0.6666666666666666;31059
9;2023-01;0.5555555555555555;31059
10;2024-01;0.6666666666666666;31059
0;2014-01;1.0;31053
1;2015-01;1.0;31053
2;2016-01;1.0;31053
3;2017-01;1.0;31053
4;2018-01;1.0;31053
5;2019-01;0.6666666666666666;31053
6;2020-01;0.6666666666666666;31053
7;2021-01;0.6666666666666666;31053
8;2022-01;0.6666666666666666;31053
9;2023-01;0.6666666666666666;31053
10;2024-01;;31053
0;2014-01;0.7777777777777777;31031
1;2015-01;0.7708333333333333;31031
2;2016-01;0.9166666666666666;31031
3;2017-01;0.7777777777777778;31031
4;2018-01;0.9166666666666666;31031
5;2019-01;0.9166666666666666;31031
6;2020-01;0.9166666666666666;31031
7;2021-01;0.875;31031
8;2022-01;0.9166666666666666;31031
9;2023-01;1.0;31031
10;2024-01;0.8333333333333333;31031
0;2014-01;0.825;31003
1;2015-01;0.86;31003
2;2016-01;0.86;31003
3;2017-01;0.9;31003
4;2018-01;0.9;31003
5;2019-01;0.9;31003
6;2020-01;0.9333333333333332;31003
7;2021-01;0.9333333333333332;31003
8;2022-01;0.85;31003
9;2023-01;0.7833333333333333;31003
10;2024-01;0.7833333333333333;31003
0;2014-01;0.5714285714285714;31009
1;2015-01;0.75;31009
2;2016-01;0.5357142857142857;31009
3;2017-01;0.8095238095238094;31009
4;2018-01;0.8154761904761905;31009
5;2019-01;0.8333333333333333;31009
6;2020-01;0.8888888888888888;31009
7;2021-01;0.8055555555555555;31009
8;2022-01;0.8333333333333334;31009
9;2023-01;0.7666666666666666;31009
10;2024-01;0.5833333333333333;31009
0;2014-01;0.6666666666666666;31065
1;2015-01;0.3333333333333333;31065
2;2016-01;0.8333333333333333;31065
3;2017-01;0.6666666666666666;31065
4;2018-01;0.3333333333333333;31065
5;2019-01;0.6666666666666666;31065
6;2020-01;0.6666666666666666;31065
7;2021-01;0.6666666666666666;31065
8;2022-01;0.3333333333333333;31065
9;2023-01;0.3333333333333333;31065
10;2024-01;0.3333333333333333;31065
0;2014-01;0.7962962962962963;31071
1;2015-01;0.8888888888888888;31071
2;2016-01;0.7592592592592592;31071
3;2017-01;0.75;31071
4;2018-01;0.8333333333333334;31071
5;2019-01;0.75;31071
6;2020-01;0.8333333333333334;31071
7;2021-01;0.75;31071
8;2022-01;0.75;31071
9;2023-01;0.8;31071
10;2024-01;1.0;31071
0;2014-01;1.0;31052
1;2015-01;1.0;31052
2;2016-01;1.0;31052
3;2017-01;1.0;31052
4;2018-01;1.0;31052
5;2019-01;1.0;31052
6;2020-01;1.0;31052
7;2021-01;1.0;31052
8;2022-01;1.0;31052
9;2023-01;1.0;31052
10;2024-01;1.0;31052
0;2014-01;0.6875;31023
1;2015-01;0.6875;31023
2;2016-01;0.6875;31023
3;2017-01;0.6875;31023
4;2018-01;0.6875;31023
5;2019-01;0.6875;31023
6;2020-01;0.7916666666666666;31023
7;2021-01;0.875;31023
8;2022-01;0.875;31023
9;2023-01;1.0;31023
10;2024-01;1.0;31023
0;2014-01;0.7111111111111111;31057
1;2015-01;0.8666666666666667;31057
2;2016-01;0.8166666666666667;31057
3;2017-01;0.7333333333333334;31057
4;2018-01;0.6666666666666666;31057
5;2019-01;0.7777777777777778;31057
6;2020-01;0.8888888888888888;31057
7;2021-01;0.625;31057
8;2022-01;0.7;31057
9;2023-01;0.75;31057
10;2024-01;0.6666666666666666;31057
0;2014-01;;31077
1;2015-01;1.0;31077
2;2016-01;1.0;31077
3;2017-01;1.0;31077
4;2018-01;1.0;31077
5;2019-01;1.0;31077
6;2020-01;1.0;31077
7;2021-01;1.0;31077
8;2022-01;1.0;31077
9;2023-01;1.0;31077
10;2024-01;1.0;31077
0;2014-01;1.0;31062
1;2015-01;1.0;31062
2;2016-01;1.0;31062
3;2017-01;1.0;31062
4;2018-01;1.0;31062
5;2019-01;1.0;31062
6;2020-01;1.0;31062
7;2021-01;1.0;31062
8;2022-01;1.0;31062
9;2023-01;;31062
10;2024-01;1.0;31062
0;2014-01;1.0;31099
1;2015-01;1.0;31099
2;2016-01;1.0;31099
3;2017-01;1.0;31099
4;2018-01;0.9166666666666666;31099
5;2019-01;0.9166666666666666;31099
6;2020-01;0.8333333333333333;31099
7;2021-01;1.0;31099
8;2022-01;0.625;31099
9;2023-01;0.625;31099
10;2024-01;0.25;31099
0;2022-01;1.0;31076
1;2023-01;1.0;31076
2;2024-01;1.0;31076
0;2014-01;0.625;31022
1;2015-01;0.7303571428571429;31022
2;2016-01;0.8178571428571428;31022
3;2017-01;0.8178571428571428;31022
4;2018-01;0.7880952380952381;31022
5;2019-01;0.7817460317460317;31022
6;2020-01;0.8388888888888889;31022
7;2021-01;0.8166666666666667;31022
8;2022-01;0.8666666666666666;31022
9;2023-01;0.7666666666666666;31022
10;2024-01;0.7083333333333334;31022
0;2014-01;0.6517094017094017;31025
1;2015-01;0.655448717948718;31025
2;2016-01;0.6076923076923076;31025
3;2017-01;0.6666666666666667;31025
4;2018-01;0.7166666666666667;31025
5;2019-01;0.6875;31025
6;2020-01;0.9166666666666666;31025
7;2021-01;0.8125;31025
8;2022-01;0.7;31025
9;2023-01;0.625;31025
10;2024-01;0.6875;31025
0;2014-01;0.6799242424242424;31045
1;2015-01;0.6257575757575757;31045
2;2016-01;0.6166666666666667;31045
3;2017-01;0.6666666666666667;31045
4;2018-01;0.95;31045
5;2019-01;0.95;31045
6;2020-01;0.9;31045
7;2021-01;0.9;31045
8;2022-01;0.8;31045
9;2023-01;0.9;31045
10;2024-01;0.75;31045
0;2014-01;;31066
1;2015-01;;31066
2;2016-01;;31066
3;2017-01;0.5;31066
4;2018-01;0.5;31066
5;2019-01;0.5;31066
6;2020-01;;31066
7;2021-01;1.0;31066
8;2022-01;1.0;31066
9;2023-01;1.0;31066
10;2024-01;1.0;31066
0;2014-01;0.6333333333333333;31088
1;2015-01;0.725;31088
2;2016-01;0.725;31088
3;2017-01;1.0;31088
4;2018-01;0.8333333333333334;31088
5;2019-01;0.8333333333333334;31088
6;2020-01;1.0;31088
7;2021-01;0.8333333333333334;31088
8;2022-01;1.0;31088
9;2023-01;0.8333333333333334;31088
10;2024-01;0.75;31088
0;2014-01;0.5708333333333333;31058
1;2015-01;0.49583333333333335;31058
2;2016-01;0.5583333333333333;31058
3;2017-01;0.5208333333333334;31058
4;2018-01;0.6041666666666666;31058
5;2019-01;0.6666666666666666;31058
6;2020-01;0.6666666666666666;31058
7;2021-01;0.7777777777777778;31058
8;2022-01;0.8333333333333334;31058
9;2023-01;0.9333333333333333;31058
10;2024-01;0.875;31058
0;2014-01;0.7222222222222222;31085
1;2015-01;1.0;31085
2;2016-01;1.0;31085
3;2017-01;1.0;31085
4;2018-01;1.0;31085
5;2019-01;1.0;31085
6;2020-01;1.0;31085
7;2021-01;1.0;31085
8;2022-01;1.0;31085
9;2023-01;1.0;31085
10;2024-01;1.0;31085
0;2014-01;1.0;31082
1;2015-01;1.0;31082
2;2016-01;1.0;31082
3;2017-01;1.0;31082
4;2018-01;1.0;31082
5;2019-01;1.0;31082
6;2020-01;1.0;31082
7;2021-01;1.0;31082
8;2022-01;1.0;31082
9;2023-01;1.0;31082
10;2024-01;1.0;31082
0;2021-01;1.0;31081
1;2022-01;1.0;31081
2;2023-01;1.0;31081
3;2024-01;1.0;31081
0;2020-01;1.0;31080
1;2021-01;1.0;31080
2;2022-01;1.0;31080
3;2023-01;1.0;31080
4;2024-01;1.0;31080
