;0;12;24;36;48;60;72;84;96;108;120;132;144;156;168;180;cod_regsaud
2010-01;13.0;12.0;11.0;10.0;10.0;10.0;10.0;10.0;9.0;9.0;9.0;8.0;8.0;8.0;8.0;;13001
2011-01;1.0;;;;;1.0;1.0;1.0;1.0;1.0;1.0;1.0;1.0;1.0;;;13001
2012-01;2.0;2.0;2.0;1.0;1.0;1.0;1.0;1.0;1.0;1.0;1.0;1.0;1.0;;;;13001
2013-01;1.0;1.0;1.0;1.0;1.0;;;;;;;;;;;;13001
2014-01;4.0;3.0;2.0;2.0;2.0;1.0;1.0;1.0;1.0;1.0;1.0;;;;;;13001
2015-01;5.0;5.0;3.0;3.0;3.0;3.0;3.0;3.0;2.0;2.0;;;;;;;13001
2016-01;1.0;1.0;1.0;1.0;1.0;;1.0;;;;;;;;;;13001
2017-01;1.0;1.0;1.0;1.0;1.0;1.0;1.0;;;;;;;;;;13001
2018-01;1.0;1.0;1.0;1.0;1.0;1.0;1.0;;;;;;;;;;13001
2019-01;1.0;1.0;1.0;;1.0;1.0;;;;;;;;;;;13001
2020-01;5.0;4.0;3.0;2.0;2.0;;;;;;;;;;;;13001
2021-01;1.0;1.0;1.0;1.0;;;;;;;;;;;;;13001
2022-01;4.0;3.0;2.0;;;;;;;;;;;;;;13001
2023-01;5.0;4.0;;;;;;;;;;;;;;;13001
2024-01;28.0;;;;;;;;;;;;;;;;13001
2024-01;1.0;;;;;;;;;;;;;;;;13009
2015-01;1.0;;;;;;;;;;;;;;;;13002
2024-01;1.0;;;;;;;;;;;;;;;;13002
2011-01;1.0;;;;;;;;;;;;;;;;13003
2022-01;2.0;2.0;2.0;;;;;;;;;;;;;;13004
2022-01;2.0;2.0;2.0;;;;;;;;;;;;;;13006
2010-01;1.0;;;;;;;;;;;;;;;;13005
2011-01;1.0;;;;;;;;;;;;;;;;13005
2012-01;1.0;1.0;;;;;;;;;;;;;;;13005
2023-01;1.0;1.0;;;;;;;;;;;;;;;13005
2021-01;1.0;;;;;;;;;;;;;;;;16002
2010-01;8.0;6.0;6.0;6.0;6.0;5.0;2.0;2.0;2.0;2.0;2.0;2.0;1.0;1.0;1.0;;16003
2012-01;1.0;1.0;1.0;1.0;1.0;1.0;1.0;1.0;1.0;1.0;1.0;1.0;1.0;;;;16003
2014-01;1.0;;;;;;;;;;;;;;;;16003
2018-01;1.0;1.0;1.0;1.0;1.0;1.0;1.0;;;;;;;;;;16003
2019-01;1.0;1.0;;;;;;;;;;;;;;;16003
2020-01;1.0;1.0;;;1.0;;;;;;;;;;;;16003
2021-01;1.0;1.0;1.0;1.0;;;;;;;;;;;;;16003
2022-01;1.0;1.0;1.0;;;;;;;;;;;;;;16003
2023-01;4.0;3.0;;;;;;;;;;;;;;;16003
2010-01;20.0;20.0;16.0;17.0;14.0;14.0;13.0;13.0;12.0;10.0;10.0;10.0;12.0;13.0;14.0;;16001
2011-01;1.0;1.0;1.0;1.0;1.0;;;;;;;;;1.0;;;16001
2012-01;7.0;6.0;3.0;1.0;1.0;1.0;1.0;1.0;1.0;1.0;2.0;2.0;2.0;;;;16001
2013-01;3.0;2.0;2.0;2.0;2.0;2.0;2.0;1.0;1.0;2.0;2.0;2.0;;;;;16001
2014-01;9.0;9.0;9.0;9.0;9.0;8.0;8.0;8.0;8.0;8.0;8.0;;;;;;16001
2015-01;4.0;4.0;4.0;4.0;4.0;4.0;4.0;3.0;2.0;2.0;;;;;;;16001
2016-01;1.0;1.0;1.0;;;;1.0;1.0;1.0;;;;;;;;16001
2019-01;1.0;1.0;1.0;1.0;1.0;1.0;;;;;;;;;;;16001
2023-01;1.0;1.0;;;;;;;;;;;;;;;16001
2024-01;6.0;;;;;;;;;;;;;;;;16001
2010-01;3.0;1.0;;1.0;1.0;1.0;1.0;1.0;1.0;;;;;;;;29003
2014-01;1.0;1.0;;;1.0;1.0;1.0;1.0;;;;;;;;;29003
2015-01;1.0;1.0;;;;;;;;;;;;;;;29003
2016-01;1.0;1.0;;;;;;;;;;;;;;;29003
2010-01;5.0;4.0;4.0;4.0;4.0;3.0;3.0;3.0;3.0;3.0;2.0;2.0;1.0;1.0;1.0;;29001
2011-01;1.0;1.0;1.0;1.0;1.0;1.0;1.0;1.0;1.0;1.0;1.0;1.0;1.0;1.0;;;29001
2014-01;1.0;1.0;;;1.0;1.0;1.0;1.0;;;;;;;;;29001
2016-01;1.0;1.0;1.0;1.0;1.0;1.0;1.0;1.0;1.0;;;;;;;;29001
2017-01;2.0;2.0;2.0;2.0;2.0;2.0;2.0;2.0;;;;;;;;;29001
2018-01;2.0;2.0;2.0;2.0;2.0;2.0;2.0;;;;;;;;;;29001
2019-01;1.0;1.0;1.0;1.0;1.0;1.0;;;;;;;;;;;29001
2020-01;2.0;1.0;1.0;;;;;;;;;;;;;;29001
2022-01;2.0;2.0;2.0;;;;;;;;;;;;;;29001
2024-01;2.0;;;;;;;;;;;;;;;;29001
2010-01;7.0;6.0;5.0;4.0;5.0;5.0;6.0;5.0;4.0;3.0;3.0;3.0;3.0;4.0;4.0;;29026
2011-01;1.0;1.0;1.0;1.0;;;;;;;;;;;;;29026
2015-01;2.0;2.0;1.0;;;;;;1.0;;;;;;;;29026
2016-01;1.0;1.0;;;;;;;;;;;;;;;29026
2017-01;1.0;1.0;1.0;1.0;1.0;1.0;1.0;1.0;;;;;;;;;29026
2019-01;4.0;4.0;2.0;2.0;2.0;2.0;;;;;;;;;;;29026
2024-01;2.0;;;;;;;;;;;;;;;;29026
2010-01;5.0;3.0;2.0;2.0;;;;;;1.0;1.0;1.0;1.0;1.0;1.0;;29022
2011-01;2.0;2.0;2.0;1.0;1.0;;;;;;;;;;;;29022
2012-01;2.0;2.0;2.0;2.0;2.0;1.0;1.0;1.0;1.0;1.0;1.0;1.0;1.0;;;;29022
2013-01;2.0;;;;;;;;;;;;;;;;29022
2014-01;1.0;1.0;1.0;1.0;1.0;1.0;1.0;1.0;1.0;1.0;1.0;;;;;;29022
2016-01;1.0;;;;;;;;;;;;;;;;29022
2018-01;1.0;;;;;;;;;;;;;;;;29022
2019-01;1.0;;;;;;;;;;;;;;;;29022
2022-01;1.0;1.0;1.0;;;;;;;;;;;;;;29022
2023-01;1.0;1.0;;;;;;;;;;;;;;;29022
2024-01;1.0;;;;;;;;;;;;;;;;29022
2010-01;20.0;16.0;14.0;15.0;13.0;12.0;11.0;11.0;12.0;11.0;11.0;9.0;8.0;8.0;6.0;;29006
2011-01;2.0;2.0;2.0;2.0;2.0;2.0;1.0;1.0;;1.0;1.0;1.0;1.0;1.0;;;29006
2012-01;4.0;3.0;3.0;3.0;3.0;3.0;2.0;2.0;2.0;1.0;1.0;1.0;1.0;;;;29006
2013-01;6.0;4.0;3.0;3.0;3.0;4.0;2.0;2.0;2.0;2.0;2.0;1.0;;;;;29006
2014-01;4.0;4.0;4.0;2.0;2.0;2.0;2.0;1.0;1.0;2.0;2.0;;;;;;29006
2015-01;1.0;;;;;;;;;;;;;;;;29006
2016-01;3.0;2.0;2.0;1.0;1.0;1.0;1.0;1.0;1.0;;;;;;;;29006
2017-01;1.0;;;;;;;;;;;;;;;;29006
2019-01;4.0;3.0;3.0;3.0;2.0;2.0;;;;;;;;;;;29006
2020-01;1.0;;;;;;;;;;;;;;;;29006
2021-01;1.0;1.0;;;;;;;;;;;;;;;29006
2022-01;1.0;1.0;1.0;;;;;;;;;;;;;;29006
2023-01;2.0;2.0;;;;;;;;;;;;;;;29006
2024-01;3.0;;;;;;;;;;;;;;;;29006
2010-01;1.0;1.0;1.0;;;;;;;;;;;;;;29010
2013-01;1.0;1.0;;1.0;1.0;1.0;1.0;1.0;1.0;1.0;1.0;1.0;;;;;29010
2014-01;1.0;;;;;;;;;;;;;;;;29010
2021-01;2.0;2.0;1.0;1.0;;;;;;;;;;;;;29010
2010-01;1.0;1.0;1.0;1.0;;1.0;1.0;1.0;1.0;1.0;1.0;1.0;1.0;1.0;1.0;;29024
2023-01;1.0;1.0;;;;;;;;;;;;;;;29024
2024-01;1.0;;;;;;;;;;;;;;;;29024
2010-01;11.0;9.0;6.0;6.0;6.0;5.0;5.0;4.0;5.0;4.0;4.0;4.0;3.0;3.0;3.0;;29025
2011-01;3.0;3.0;2.0;2.0;1.0;;;;;;;;;;;;29025
2012-01;2.0;2.0;1.0;1.0;1.0;1.0;;;;;;;;;;;29025
2013-01;1.0;;;;;;;;;;;;;;;;29025
2014-01;2.0;1.0;;;1.0;1.0;1.0;1.0;1.0;;;;;;;;29025
2015-01;2.0;2.0;2.0;1.0;1.0;1.0;1.0;1.0;1.0;1.0;;;;;;;29025
2017-01;1.0;1.0;;;;;;;;;;;;;;;29025
2018-01;1.0;1.0;1.0;1.0;1.0;1.0;1.0;;;;;;;;;;29025
2019-01;1.0;1.0;1.0;;;;;;;;;;;;;;29025
2010-01;2.0;2.0;1.0;1.0;1.0;1.0;1.0;1.0;1.0;1.0;1.0;1.0;1.0;1.0;1.0;;29008
2010-01;10.0;10.0;9.0;10.0;8.0;6.0;6.0;6.0;7.0;7.0;7.0;7.0;7.0;5.0;5.0;;29028
2011-01;1.0;1.0;1.0;1.0;1.0;1.0;1.0;1.0;1.0;1.0;1.0;1.0;1.0;1.0;;;29028
2013-01;1.0;1.0;;;;;;;;;;;;;;;29028
2014-01;2.0;1.0;1.0;1.0;1.0;1.0;1.0;1.0;1.0;1.0;1.0;;;;;;29028
2015-01;3.0;3.0;3.0;3.0;3.0;3.0;3.0;3.0;3.0;3.0;;;;;;;29028
2016-01;1.0;;;;1.0;1.0;;;;;;;;;;;29028
2018-01;2.0;1.0;1.0;1.0;1.0;1.0;1.0;;;;;;;;;;29028
2020-01;1.0;1.0;1.0;1.0;1.0;;;;;;;;;;;;29028
2021-01;1.0;1.0;1.0;1.0;;;;;;;;;;;;;29028
2023-01;1.0;1.0;;;;;;;;;;;;;;;29028
2010-01;4.0;4.0;4.0;4.0;4.0;4.0;4.0;4.0;3.0;3.0;3.0;3.0;3.0;3.0;2.0;;29002
2011-01;2.0;;;;;;;;;;;;;;;;29002
2012-01;1.0;1.0;1.0;1.0;1.0;1.0;1.0;1.0;1.0;1.0;1.0;1.0;1.0;;;;29002
2013-01;1.0;1.0;1.0;;;;;;;;;;;;;;29002
2018-01;2.0;2.0;1.0;;;;;;;;;;;;;;29002
2024-01;1.0;;;;;;;;;;;;;;;;29002
2010-01;7.0;7.0;7.0;7.0;5.0;5.0;5.0;4.0;4.0;4.0;4.0;4.0;4.0;4.0;4.0;;29015
2014-01;2.0;2.0;2.0;2.0;2.0;2.0;2.0;2.0;2.0;2.0;2.0;;;;;;29015
2020-01;1.0;;;;1.0;;;;;;;;;;;;29015
2021-01;1.0;1.0;1.0;1.0;;;;;;;;;;;;;29015
2023-01;2.0;2.0;;;;;;;;;;;;;;;29015
2010-01;2.0;2.0;2.0;2.0;1.0;1.0;;;;;1.0;1.0;1.0;1.0;1.0;;29021
2019-01;1.0;1.0;1.0;1.0;1.0;;;;;;;;;;;;29021
2010-01;5.0;3.0;2.0;1.0;;;;;;;;;;;;;29013
2011-01;2.0;2.0;2.0;1.0;1.0;1.0;1.0;1.0;1.0;;;;;;;;29013
2014-01;1.0;;;;;;;;;;;;;;;;29013
2015-01;1.0;1.0;1.0;1.0;1.0;1.0;1.0;1.0;;;;;;;;;29013
2018-01;1.0;1.0;1.0;1.0;1.0;1.0;1.0;;;;;;;;;;29013
2020-01;2.0;2.0;1.0;;;;;;;;;;;;;;29013
2010-01;6.0;5.0;4.0;4.0;3.0;3.0;3.0;2.0;2.0;2.0;2.0;2.0;2.0;3.0;2.0;;29005
2011-01;1.0;1.0;1.0;1.0;1.0;;;;;;;;;;;;29005
2014-01;2.0;1.0;1.0;1.0;;;;;;;;;;;;;29005
2024-01;1.0;;;;;;;;;;;;;;;;29005
2010-01;1.0;1.0;1.0;1.0;1.0;1.0;1.0;1.0;1.0;1.0;1.0;1.0;1.0;1.0;1.0;;29007
2012-01;1.0;1.0;1.0;1.0;1.0;1.0;1.0;;;;;;;;;;29007
2013-01;1.0;1.0;1.0;;;;;;;;;;;;;;29007
2015-01;2.0;2.0;2.0;2.0;2.0;2.0;2.0;2.0;2.0;2.0;;;;;;;29007
2016-01;2.0;2.0;2.0;;;;;;;;;;;;;;29007
2020-01;2.0;2.0;2.0;2.0;;;;;;;;;;;;;29007
2021-01;2.0;2.0;2.0;2.0;;;;;;;;;;;;;29007
2024-01;1.0;;;;;;;;;;;;;;;;29007
2010-01;9.0;8.0;8.0;7.0;6.0;6.0;5.0;5.0;4.0;4.0;4.0;3.0;3.0;3.0;2.0;;29012
2011-01;2.0;2.0;1.0;1.0;1.0;1.0;;;;;;;;;;;29012
2014-01;3.0;3.0;2.0;2.0;;;;;;;;;;;;;29012
2018-01;2.0;2.0;2.0;2.0;2.0;2.0;2.0;;;;;;;;;;29012
2020-01;1.0;1.0;1.0;1.0;;;;;;;;;;;;;29012
2022-01;1.0;1.0;;;;;;;;;;;;;;;29012
2024-01;1.0;;;;;;;;;;;;;;;;29012
2010-01;13.0;10.0;7.0;7.0;5.0;3.0;2.0;3.0;3.0;2.0;1.0;1.0;1.0;1.0;1.0;;29004
2011-01;10.0;9.0;8.0;5.0;6.0;6.0;6.0;5.0;4.0;4.0;3.0;2.0;2.0;2.0;;;29004
2012-01;1.0;1.0;1.0;1.0;;;;1.0;1.0;;;;;;;;29004
2014-01;5.0;4.0;4.0;4.0;4.0;4.0;4.0;4.0;4.0;3.0;4.0;;;;;;29004
2015-01;6.0;6.0;6.0;6.0;6.0;6.0;6.0;5.0;4.0;4.0;;;;;;;29004
2016-01;4.0;4.0;4.0;2.0;2.0;2.0;2.0;2.0;2.0;;;;;;;;29004
2017-01;4.0;4.0;3.0;3.0;3.0;1.0;1.0;1.0;;;;;;;;;29004
2019-01;3.0;3.0;2.0;2.0;1.0;1.0;;;;;;;;;;;29004
2020-01;4.0;2.0;3.0;2.0;2.0;;;;;;;;;;;;29004
2021-01;3.0;2.0;1.0;1.0;;;;;;;;;;;;;29004
2022-01;3.0;2.0;2.0;;;;;;;;;;;;;;29004
2023-01;3.0;2.0;;;;;;;;;;;;;;;29004
2024-01;3.0;;;;;;;;;;;;;;;;29004
2010-01;191.0;163.0;152.0;150.0;129.0;123.0;117.0;114.0;109.0;105.0;105.0;103.0;97.0;95.0;93.0;;29020
2011-01;30.0;28.0;26.0;22.0;21.0;21.0;19.0;16.0;17.0;18.0;17.0;17.0;17.0;16.0;;;29020
2012-01;18.0;16.0;8.0;9.0;8.0;8.0;9.0;9.0;9.0;9.0;10.0;10.0;10.0;;;;29020
2013-01;30.0;24.0;22.0;18.0;18.0;17.0;17.0;16.0;15.0;13.0;11.0;10.0;;;;;29020
2014-01;31.0;31.0;29.0;27.0;24.0;23.0;23.0;24.0;23.0;20.0;19.0;;;;;;29020
2015-01;18.0;17.0;17.0;17.0;16.0;15.0;15.0;14.0;13.0;13.0;;;;;;;29020
2016-01;6.0;6.0;6.0;5.0;5.0;5.0;5.0;5.0;5.0;;;;;;;;29020
2017-01;11.0;9.0;9.0;9.0;9.0;9.0;9.0;8.0;;;;;;;;;29020
2018-01;8.0;8.0;6.0;4.0;4.0;4.0;4.0;;;;;;;;;;29020
2019-01;17.0;16.0;15.0;15.0;11.0;11.0;;;;;;;;;;;29020
2020-01;15.0;13.0;13.0;12.0;10.0;;;;;;;;;;;;29020
2021-01;11.0;8.0;7.0;6.0;;;;;;;;;;;;;29020
2022-01;10.0;8.0;7.0;;;;;;;;;;;;;;29020
2023-01;11.0;8.0;;;;;;;;;;;;;;;29020
2024-01;8.0;;;;;;;;;;;;;;;;29020
2010-01;6.0;6.0;6.0;5.0;3.0;3.0;3.0;3.0;2.0;2.0;1.0;1.0;1.0;1.0;1.0;;29016
2011-01;1.0;1.0;1.0;1.0;1.0;1.0;1.0;1.0;1.0;1.0;1.0;1.0;1.0;1.0;;;29016
2012-01;1.0;;;;;;;;;;;;;;;;29016
2014-01;3.0;3.0;3.0;3.0;3.0;3.0;3.0;3.0;2.0;2.0;2.0;;;;;;29016
2019-01;1.0;;;;;;;;;;;;;;;;29016
2020-01;1.0;1.0;1.0;;;;;;;;;;;;;;29016
2022-01;6.0;6.0;4.0;;;;;;;;;;;;;;29016
2010-01;3.0;3.0;3.0;1.0;1.0;1.0;1.0;1.0;1.0;1.0;2.0;2.0;2.0;2.0;2.0;;29017
2017-01;1.0;1.0;1.0;1.0;1.0;1.0;1.0;1.0;;;;;;;;;29017
2024-01;1.0;;;;;;;;;;;;;;;;29017
2010-01;1.0;1.0;1.0;1.0;1.0;1.0;1.0;1.0;1.0;1.0;1.0;1.0;1.0;1.0;1.0;;29019
2011-01;1.0;1.0;1.0;;;;;;;;;;;;;;29019
2012-01;2.0;1.0;1.0;1.0;;;;;;;;;;;;;29019
2015-01;1.0;1.0;1.0;1.0;1.0;;;;;;;;;;;;29019
2016-01;1.0;1.0;1.0;1.0;1.0;1.0;1.0;1.0;1.0;;;;;;;;29019
2020-01;2.0;;1.0;1.0;1.0;;;;;;;;;;;;29019
2021-01;2.0;2.0;2.0;1.0;;;;;;;;;;;;;29019
2024-01;3.0;;;;;;;;;;;;;;;;29019
2010-01;3.0;3.0;3.0;3.0;3.0;1.0;;1.0;2.0;2.0;2.0;2.0;2.0;2.0;3.0;;29018
2012-01;1.0;1.0;1.0;1.0;1.0;1.0;1.0;;;;;;;;;;29018
2017-01;1.0;1.0;1.0;1.0;1.0;1.0;1.0;1.0;;;;;;;;;29018
2018-01;1.0;1.0;1.0;1.0;1.0;1.0;1.0;;;;;;;;;;29018
2020-01;1.0;1.0;1.0;1.0;1.0;;;;;;;;;;;;29018
2022-01;1.0;1.0;1.0;;;;;;;;;;;;;;29018
2024-01;1.0;;;;;;;;;;;;;;;;29018
2010-01;3.0;3.0;2.0;2.0;3.0;3.0;3.0;3.0;2.0;2.0;2.0;2.0;2.0;2.0;2.0;;29027
2018-01;1.0;1.0;1.0;1.0;1.0;;;;;;;;;;;;29027
2020-01;1.0;1.0;1.0;1.0;1.0;;;;;;;;;;;;29027
2022-01;2.0;1.0;1.0;;;;;;;;;;;;;;29027
2010-01;7.0;6.0;4.0;2.0;1.0;;;;;;;;;;;;29011
2011-01;1.0;1.0;1.0;;;;;;;;;;;;;;29011
2013-01;2.0;;;;;;;;;;;;;;;;29011
2014-01;3.0;1.0;1.0;1.0;1.0;;;;;;;;;;;;29011
2015-01;1.0;1.0;1.0;;;;;;;;;;;;;;29011
2010-01;4.0;3.0;3.0;2.0;2.0;1.0;;;;;;;;;;;29009
2011-01;6.0;3.0;3.0;1.0;2.0;2.0;2.0;2.0;1.0;1.0;1.0;1.0;1.0;1.0;;;29009
2012-01;1.0;1.0;1.0;1.0;1.0;1.0;1.0;;;;;;;;;;29009
2013-01;1.0;1.0;;;1.0;;;;;;;;;;;;29009
2014-01;1.0;1.0;1.0;;;;;;;;;;;;;;29009
2015-01;1.0;1.0;;;;;;;;;;;;;;;29009
2017-01;2.0;2.0;2.0;2.0;2.0;2.0;2.0;2.0;;;;;;;;;29009
2018-01;1.0;1.0;1.0;1.0;1.0;1.0;1.0;;;;;;;;;;29009
2020-01;1.0;1.0;1.0;1.0;1.0;;;;;;;;;;;;29009
2021-01;2.0;2.0;1.0;1.0;;;;;;;;;;;;;29009
2023-01;1.0;1.0;;;;;;;;;;;;;;;29009
2010-01;2.0;2.0;;;;;;;;;;;;;;;29023
2016-01;1.0;;;;;;;;;;;;;;;;29023
2022-01;1.0;;;;;;;;;;;;;;;;29023
2023-01;1.0;1.0;;;;;;;;;;;;;;;29023
2010-01;5.0;5.0;4.0;4.0;3.0;3.0;1.0;1.0;1.0;1.0;1.0;1.0;1.0;1.0;1.0;;29014
2012-01;2.0;2.0;1.0;1.0;1.0;1.0;1.0;1.0;;;;;1.0;;;;29014
2014-01;2.0;2.0;1.0;1.0;;;;;;;;;;;;;29014
2015-01;1.0;1.0;;;;;;;;;;;;;;;29014
2019-01;1.0;;;;;;;;;;;;;;;;29014
2020-01;2.0;;;;;;;;;;;;;;;;29014
2021-01;1.0;1.0;1.0;1.0;;;;;;;;;;;;;29014
2022-01;1.0;;;;;;;;;;;;;;;;29014
2010-01;5.0;5.0;3.0;3.0;1.0;2.0;2.0;2.0;3.0;3.0;3.0;2.0;2.0;2.0;2.0;;23012
2011-01;2.0;2.0;2.0;2.0;1.0;1.0;;;;;;;;;;;23012
2012-01;1.0;1.0;1.0;1.0;1.0;;;;;;;;;;;;23012
2014-01;2.0;2.0;1.0;1.0;;;;;;;;;;;;;23012
2015-01;1.0;;;;;;;;;;;;;;;;23012
2017-01;1.0;1.0;;;;;1.0;1.0;;;;;;;;;23012
2018-01;3.0;1.0;1.0;1.0;1.0;;;;;;;;;;;;23012
2019-01;3.0;3.0;1.0;;;1.0;;;;;;;;;;;23012
2021-01;1.0;1.0;1.0;1.0;;;;;;;;;;;;;23012
2010-01;3.0;3.0;3.0;3.0;3.0;3.0;3.0;3.0;3.0;3.0;3.0;3.0;3.0;3.0;3.0;;23014
2011-01;1.0;;;;;;1.0;1.0;;;;;;;;;23014
2012-01;1.0;1.0;;;;;;;;;;;;;;;23014
2013-01;2.0;2.0;1.0;1.0;1.0;1.0;1.0;1.0;1.0;1.0;1.0;1.0;;;;;23014
2014-01;1.0;1.0;1.0;1.0;;;;;;;;;;;;;23014
2017-01;1.0;1.0;1.0;;;;;;;;;;;;;;23014
2018-01;1.0;1.0;;;;;;;;;;;;;;;23014
2019-01;1.0;;;;;;;;;;;;;;;;23014
2020-01;1.0;1.0;1.0;1.0;1.0;;;;;;;;;;;;23014
2010-01;6.0;6.0;5.0;3.0;3.0;2.0;2.0;3.0;3.0;2.0;2.0;2.0;2.0;3.0;3.0;;23006
2011-01;1.0;1.0;1.0;1.0;1.0;1.0;1.0;1.0;1.0;1.0;;;;;;;23006
2012-01;1.0;1.0;1.0;1.0;;;;;;;;;;;;;23006
2013-01;5.0;4.0;3.0;3.0;2.0;3.0;3.0;3.0;3.0;3.0;3.0;2.0;;;;;23006
2014-01;1.0;1.0;1.0;;;;;;;;;;;;;;23006
2016-01;2.0;2.0;2.0;2.0;2.0;2.0;2.0;1.0;1.0;;;;;;;;23006
2018-01;7.0;7.0;7.0;5.0;4.0;4.0;4.0;;;;;;;;;;23006
2023-01;1.0;1.0;;;;;;;;;;;;;;;23006
2010-01;257.0;245.0;225.0;218.0;180.0;166.0;166.0;158.0;159.0;157.0;160.0;157.0;153.0;148.0;141.0;;23001
2011-01;28.0;24.0;25.0;23.0;21.0;22.0;20.0;21.0;20.0;18.0;18.0;16.0;15.0;10.0;;;23001
2012-01;28.0;25.0;19.0;17.0;18.0;17.0;15.0;15.0;16.0;16.0;16.0;16.0;16.0;;;;23001
2013-01;19.0;13.0;10.0;10.0;10.0;11.0;11.0;12.0;10.0;11.0;8.0;10.0;;;;;23001
2014-01;43.0;39.0;36.0;30.0;31.0;26.0;23.0;22.0;21.0;24.0;25.0;;;;;;23001
2015-01;10.0;10.0;10.0;7.0;7.0;7.0;7.0;6.0;6.0;2.0;;;;;;;23001
2016-01;20.0;17.0;16.0;15.0;15.0;15.0;13.0;9.0;12.0;;;;;;;;23001
2017-01;26.0;23.0;18.0;19.0;19.0;21.0;18.0;17.0;;;;;;;;;23001
2018-01;24.0;18.0;18.0;13.0;15.0;13.0;12.0;;;;;;;;;;23001
2019-01;34.0;24.0;17.0;19.0;18.0;17.0;;;;;;;;;;;23001
2020-01;28.0;28.0;23.0;20.0;17.0;;;;;;;;;;;;23001
2021-01;19.0;15.0;10.0;9.0;;;;;;;;;;;;;23001
2022-01;24.0;23.0;16.0;;;;;;;;;;;;;;23001
2023-01;19.0;14.0;;;;;;;;;;;;;;;23001
2024-01;23.0;;;;;;;;;;;;;;;;23001
2010-01;3.0;3.0;2.0;2.0;2.0;2.0;2.0;2.0;2.0;2.0;2.0;2.0;2.0;2.0;2.0;;23007
2011-01;1.0;1.0;1.0;;;;;;;;;;;;;;23007
2013-01;1.0;1.0;1.0;1.0;1.0;1.0;1.0;1.0;1.0;1.0;1.0;1.0;;;;;23007
2015-01;1.0;1.0;1.0;;;;;;;;;;;;;;23007
2019-01;3.0;3.0;;;;1.0;;;;;;;;;;;23007
2010-01;3.0;3.0;3.0;1.0;1.0;1.0;1.0;1.0;1.0;1.0;1.0;1.0;1.0;1.0;1.0;;23019
2013-01;1.0;1.0;1.0;;;;;;;;;;;;;;23019
2015-01;1.0;1.0;1.0;1.0;1.0;1.0;1.0;1.0;1.0;1.0;;;;;;;23019
2017-01;1.0;;;;;1.0;;;;;;;;;;;23019
2018-01;1.0;1.0;1.0;;;;;;;;;;;;;;23019
2024-01;2.0;;;;;;;;;;;;;;;;23019
2010-01;15.0;13.0;8.0;8.0;7.0;5.0;5.0;6.0;6.0;6.0;6.0;5.0;5.0;6.0;6.0;;23021
2011-01;2.0;2.0;2.0;1.0;;2.0;2.0;1.0;1.0;1.0;1.0;1.0;1.0;1.0;;;23021
2012-01;2.0;2.0;2.0;2.0;2.0;2.0;2.0;1.0;1.0;1.0;1.0;1.0;1.0;;;;23021
2014-01;3.0;3.0;2.0;2.0;2.0;2.0;3.0;3.0;3.0;3.0;2.0;;;;;;23021
2015-01;1.0;;;;;;;;;;;;;;;;23021
2016-01;3.0;3.0;2.0;1.0;1.0;1.0;1.0;1.0;1.0;;;;;;;;23021
2018-01;3.0;3.0;3.0;2.0;2.0;1.0;1.0;;;;;;;;;;23021
2019-01;3.0;3.0;3.0;3.0;3.0;2.0;;;;;;;;;;;23021
2020-01;4.0;4.0;4.0;3.0;;;;;;;;;;;;;23021
2022-01;3.0;2.0;2.0;;;;;;;;;;;;;;23021
2023-01;2.0;2.0;;;;;;;;;;;;;;;23021
2024-01;3.0;;;;;;;;;;;;;;;;23021
2010-01;1.0;;;;;;;;;;;;;;;;23004
2011-01;2.0;2.0;2.0;2.0;2.0;1.0;1.0;1.0;1.0;1.0;1.0;1.0;1.0;;;;23004
2013-01;1.0;1.0;1.0;1.0;1.0;1.0;1.0;1.0;1.0;1.0;1.0;1.0;;;;;23004
2014-01;3.0;3.0;3.0;3.0;2.0;2.0;2.0;2.0;1.0;1.0;1.0;;;;;;23004
2015-01;2.0;1.0;1.0;;;;;;;1.0;;;;;;;23004
2016-01;3.0;1.0;1.0;1.0;;;;;;;;;;;;;23004
2017-01;2.0;;;;;;;;;;;;;;;;23004
2018-01;3.0;3.0;1.0;;;;;;;;;;;;;;23004
2020-01;4.0;3.0;2.0;1.0;1.0;;;;;;;;;;;;23004
2021-01;1.0;1.0;1.0;;;;;;;;;;;;;;23004
2010-01;4.0;3.0;3.0;3.0;3.0;2.0;2.0;2.0;;;;;;;;;23005
2013-01;1.0;1.0;1.0;1.0;1.0;1.0;1.0;1.0;1.0;1.0;1.0;1.0;;;;;23005
2014-01;2.0;1.0;1.0;1.0;1.0;1.0;1.0;1.0;1.0;1.0;1.0;;;;;;23005
2016-01;1.0;1.0;1.0;1.0;1.0;1.0;1.0;1.0;1.0;;;;;;;;23005
2017-01;2.0;2.0;;;;;;1.0;;;;;;;;;23005
2018-01;2.0;1.0;1.0;2.0;2.0;2.0;1.0;;;;;;;;;;23005
2019-01;1.0;;;;;;;;;;;;;;;;23005
2020-01;1.0;1.0;1.0;;;;;;;;;;;;;;23005
2010-01;5.0;4.0;3.0;4.0;4.0;2.0;2.0;1.0;1.0;1.0;2.0;2.0;2.0;2.0;2.0;;23016
2015-01;1.0;1.0;1.0;1.0;;;;;;;;;;;;;23016
2018-01;1.0;1.0;1.0;;;;;;;;;;;;;;23016
2019-01;2.0;2.0;;;;;;;;;;;;;;;23016
2021-01;1.0;1.0;1.0;1.0;;;;;;;;;;;;;23016
2023-01;1.0;;;;;;;;;;;;;;;;23016
2010-01;20.0;15.0;11.0;9.0;7.0;6.0;6.0;5.0;5.0;5.0;5.0;5.0;5.0;5.0;5.0;;23011
2011-01;7.0;6.0;5.0;4.0;4.0;4.0;4.0;3.0;2.0;3.0;2.0;2.0;2.0;2.0;;;23011
2012-01;6.0;5.0;5.0;5.0;5.0;4.0;3.0;3.0;2.0;2.0;2.0;2.0;3.0;;;;23011
2013-01;4.0;3.0;3.0;3.0;2.0;2.0;1.0;1.0;1.0;1.0;1.0;1.0;;;;;23011
2014-01;5.0;4.0;3.0;2.0;2.0;1.0;1.0;1.0;1.0;;;;;;;;23011
2015-01;1.0;1.0;1.0;1.0;;;;;;;;;;;;;23011
2016-01;8.0;7.0;5.0;5.0;3.0;3.0;3.0;3.0;3.0;;;;;;;;23011
2017-01;3.0;2.0;1.0;1.0;;;;;;;;;;;;;23011
2018-01;4.0;3.0;2.0;2.0;2.0;1.0;2.0;;;;;;;;;;23011
2019-01;4.0;1.0;;;;;;;;;;;;;;;23011
2023-01;1.0;1.0;;;;;;;;;;;;;;;23011
2010-01;11.0;9.0;9.0;8.0;6.0;6.0;6.0;7.0;7.0;6.0;6.0;5.0;5.0;4.0;4.0;;23022
2011-01;1.0;1.0;1.0;1.0;1.0;1.0;1.0;1.0;;1.0;1.0;1.0;1.0;1.0;;;23022
2012-01;3.0;2.0;;;;;;;;;;;;;;;23022
2013-01;1.0;1.0;1.0;1.0;1.0;1.0;1.0;1.0;1.0;;;;;;;;23022
2014-01;8.0;8.0;7.0;7.0;4.0;3.0;3.0;4.0;5.0;4.0;5.0;;;;;;23022
2015-01;4.0;4.0;3.0;2.0;2.0;;;;;;;;;;;;23022
2016-01;2.0;2.0;1.0;1.0;1.0;1.0;1.0;1.0;1.0;;;;;;;;23022
2017-01;1.0;1.0;1.0;1.0;1.0;1.0;1.0;1.0;;;;;;;;;23022
2018-01;3.0;3.0;2.0;2.0;2.0;2.0;2.0;;;;;;;;;;23022
2019-01;5.0;4.0;2.0;2.0;2.0;2.0;;;;;;;;;;;23022
2020-01;2.0;1.0;;;;;;;;;;;;;;;23022
2023-01;1.0;1.0;;;;;;;;;;;;;;;23022
2024-01;3.0;;;;;;;;;;;;;;;;23022
2010-01;25.0;15.0;14.0;12.0;9.0;7.0;6.0;6.0;6.0;6.0;6.0;5.0;6.0;7.0;6.0;;23002
2011-01;9.0;7.0;5.0;5.0;5.0;5.0;5.0;5.0;5.0;5.0;5.0;5.0;4.0;4.0;;;23002
2012-01;8.0;6.0;5.0;5.0;5.0;4.0;4.0;3.0;3.0;3.0;2.0;1.0;1.0;;;;23002
2013-01;3.0;3.0;2.0;1.0;1.0;1.0;1.0;1.0;1.0;1.0;1.0;1.0;;;;;23002
2014-01;9.0;7.0;7.0;6.0;7.0;6.0;6.0;5.0;4.0;4.0;2.0;;;;;;23002
2015-01;7.0;5.0;5.0;4.0;4.0;4.0;4.0;3.0;5.0;4.0;;;;;;;23002
2016-01;6.0;5.0;4.0;4.0;2.0;2.0;1.0;1.0;1.0;;;;;;;;23002
2017-01;2.0;1.0;1.0;1.0;1.0;1.0;1.0;1.0;;;;;;;;;23002
2018-01;4.0;3.0;3.0;3.0;2.0;1.0;;;;;;;;;;;23002
2019-01;4.0;4.0;1.0;2.0;2.0;2.0;;;;;;;;;;;23002
2022-01;3.0;3.0;3.0;;;;;;;;;;;;;;23002
2023-01;1.0;;;;;;;;;;;;;;;;23002
2024-01;5.0;;;;;;;;;;;;;;;;23002
2010-01;8.0;7.0;7.0;7.0;7.0;6.0;6.0;7.0;6.0;5.0;5.0;5.0;5.0;5.0;5.0;;23015
2012-01;1.0;1.0;;;;;;;;;;;;;;;23015
2013-01;2.0;2.0;2.0;1.0;2.0;2.0;2.0;2.0;2.0;1.0;1.0;1.0;;;;;23015
2014-01;1.0;1.0;1.0;1.0;1.0;1.0;1.0;1.0;;;;;;;;;23015
2015-01;3.0;3.0;2.0;1.0;1.0;;;;;;;;;;;;23015
2017-01;1.0;1.0;1.0;1.0;1.0;1.0;1.0;1.0;;;;;;;;;23015
2018-01;1.0;1.0;1.0;1.0;1.0;;;;;;;;;;;;23015
2019-01;1.0;1.0;1.0;;;;;;;;;;;;;;23015
2021-01;1.0;1.0;1.0;;;;;;;;;;;;;;23015
2022-01;1.0;;;;;;;;;;;;;;;;23015
2010-01;9.0;8.0;8.0;7.0;5.0;4.0;4.0;3.0;3.0;3.0;2.0;2.0;3.0;3.0;3.0;;23020
2011-01;1.0;1.0;;;;;;;;;;;;;;;23020
2014-01;5.0;4.0;1.0;1.0;1.0;1.0;;1.0;1.0;1.0;1.0;;;;;;23020
2015-01;1.0;1.0;1.0;1.0;1.0;1.0;1.0;1.0;1.0;1.0;;;;;;;23020
2016-01;4.0;3.0;3.0;1.0;;;1.0;1.0;1.0;;;;;;;;23020
2018-01;3.0;1.0;;;;;;;;;;;;;;;23020
2019-01;1.0;;;;;;;;;;;;;;;;23020
2020-01;2.0;;;;1.0;;;;;;;;;;;;23020
2023-01;5.0;3.0;;;;;;;;;;;;;;;23020
2024-01;4.0;;;;;;;;;;;;;;;;23020
2010-01;9.0;8.0;7.0;6.0;5.0;5.0;4.0;5.0;5.0;5.0;5.0;5.0;5.0;5.0;5.0;;23010
2011-01;2.0;;;1.0;1.0;1.0;1.0;1.0;1.0;1.0;1.0;1.0;1.0;1.0;;;23010
2012-01;1.0;1.0;;;;;;;;;;;;;;;23010
2013-01;3.0;2.0;1.0;1.0;1.0;1.0;1.0;1.0;1.0;1.0;;;;;;;23010
2014-01;3.0;2.0;2.0;2.0;2.0;2.0;2.0;2.0;2.0;2.0;2.0;;;;;;23010
2015-01;1.0;1.0;;;;;;;;;;;;;;;23010
2019-01;2.0;1.0;1.0;1.0;1.0;1.0;;;;;;;;;;;23010
2022-01;2.0;2.0;;;;;;;;;;;;;;;23010
2023-01;2.0;2.0;;;;;;;;;;;;;;;23010
2010-01;38.0;35.0;34.0;31.0;31.0;31.0;25.0;23.0;19.0;18.0;17.0;14.0;14.0;13.0;12.0;;23003
2011-01;5.0;4.0;4.0;4.0;4.0;4.0;4.0;4.0;4.0;4.0;4.0;4.0;3.0;2.0;;;23003
2012-01;4.0;4.0;3.0;3.0;2.0;1.0;2.0;2.0;2.0;2.0;1.0;1.0;1.0;;;;23003
2013-01;4.0;3.0;3.0;2.0;2.0;1.0;1.0;1.0;;;;;;;;;23003
2014-01;5.0;5.0;3.0;3.0;3.0;3.0;3.0;3.0;2.0;2.0;2.0;;;;;;23003
2015-01;1.0;1.0;1.0;;;;;;;;;;;;;;23003
2016-01;2.0;2.0;1.0;1.0;1.0;1.0;1.0;;1.0;;;;;;;;23003
2017-01;1.0;1.0;1.0;1.0;1.0;1.0;1.0;1.0;;;;;;;;;23003
2018-01;2.0;2.0;1.0;1.0;1.0;1.0;1.0;;;;;;;;;;23003
2019-01;3.0;3.0;3.0;1.0;;;;;;;;;;;;;23003
2020-01;5.0;4.0;2.0;2.0;3.0;;;;;;;;;;;;23003
2021-01;2.0;2.0;1.0;;;;;;;;;;;;;;23003
2022-01;2.0;1.0;;;;;;;;;;;;;;;23003
2023-01;2.0;1.0;;;;;;;;;;;;;;;23003
2024-01;5.0;;;;;;;;;;;;;;;;23003
2010-01;9.0;5.0;5.0;5.0;4.0;4.0;3.0;2.0;2.0;2.0;2.0;1.0;1.0;1.0;1.0;;23013
2011-01;3.0;1.0;;;;;;;;;1.0;1.0;1.0;;;;23013
2012-01;2.0;1.0;1.0;1.0;1.0;1.0;1.0;1.0;1.0;1.0;1.0;2.0;2.0;;;;23013
2013-01;1.0;1.0;1.0;1.0;1.0;1.0;1.0;1.0;1.0;1.0;1.0;1.0;;;;;23013
2014-01;3.0;3.0;2.0;2.0;2.0;1.0;1.0;1.0;1.0;1.0;1.0;;;;;;23013
2016-01;1.0;;;;;;;;;;;;;;;;23013
2018-01;1.0;1.0;1.0;1.0;1.0;1.0;1.0;;;;;;;;;;23013
2010-01;8.0;8.0;7.0;5.0;2.0;2.0;2.0;2.0;2.0;2.0;2.0;2.0;2.0;2.0;3.0;;23017
2014-01;1.0;1.0;1.0;;;;;;;;;;;;;;23017
2016-01;1.0;1.0;;;;;;;;;;;;;;;23017
2017-01;1.0;1.0;1.0;;;;;;;;;;;;;;23017
2022-01;1.0;;;;;;;;;;;;;;;;23017
2024-01;2.0;;;;;;;;;;;;;;;;23017
2010-01;6.0;5.0;4.0;4.0;3.0;4.0;4.0;4.0;3.0;3.0;3.0;3.0;3.0;3.0;2.0;;23018
2011-01;1.0;;;;;;;;;;;;;;;;23018
2012-01;2.0;2.0;1.0;1.0;;;;;;;;;;;;;23018
2014-01;3.0;3.0;2.0;2.0;2.0;2.0;2.0;2.0;2.0;2.0;2.0;;;;;;23018
2015-01;1.0;1.0;1.0;1.0;1.0;1.0;1.0;1.0;1.0;;;;;;;;23018
2016-01;1.0;;;;;;;;1.0;;;;;;;;23018
2023-01;1.0;1.0;;;;;;;;;;;;;;;23018
2024-01;1.0;;;;;;;;;;;;;;;;23018
2010-01;10.0;8.0;7.0;5.0;7.0;6.0;6.0;7.0;7.0;7.0;6.0;5.0;6.0;5.0;6.0;;23009
2011-01;3.0;2.0;;;1.0;1.0;1.0;1.0;1.0;1.0;1.0;1.0;1.0;1.0;;;23009
2012-01;2.0;1.0;1.0;1.0;1.0;1.0;;;;;;;;;;;23009
2013-01;2.0;1.0;1.0;;;;;;;;;;;;;;23009
2014-01;1.0;1.0;1.0;1.0;1.0;1.0;1.0;1.0;1.0;1.0;1.0;;;;;;23009
2015-01;1.0;;;;;;;;;;;;;;;;23009
2018-01;2.0;2.0;2.0;1.0;1.0;1.0;;;;;;;;;;;23009
2023-01;1.0;1.0;;;;;;;;;;;;;;;23009
2010-01;14.0;13.0;12.0;8.0;8.0;8.0;8.0;7.0;7.0;7.0;6.0;7.0;6.0;5.0;5.0;;23008
2012-01;3.0;2.0;1.0;1.0;1.0;2.0;2.0;2.0;3.0;3.0;2.0;3.0;2.0;;;;23008
2019-01;1.0;1.0;1.0;1.0;1.0;1.0;;;;;;;;;;;23008
2020-01;1.0;1.0;;;;;;;;;;;;;;;23008
2022-01;1.0;1.0;1.0;;;;;;;;;;;;;;23008
2023-01;1.0;1.0;;;;;;;;;;;;;;;23008
2010-01;29.0;25.0;25.0;22.0;21.0;17.0;17.0;16.0;16.0;17.0;17.0;17.0;15.0;15.0;11.0;;53001
2011-01;17.0;17.0;17.0;15.0;14.0;15.0;14.0;12.0;11.0;11.0;12.0;13.0;11.0;11.0;;;53001
2012-01;2.0;2.0;1.0;1.0;1.0;;1.0;1.0;;;;;;;;;53001
2013-01;10.0;6.0;6.0;5.0;5.0;7.0;6.0;6.0;6.0;6.0;5.0;5.0;;;;;53001
2014-01;6.0;6.0;5.0;5.0;6.0;5.0;5.0;4.0;5.0;5.0;6.0;;;;;;53001
2015-01;8.0;8.0;8.0;8.0;6.0;7.0;7.0;7.0;7.0;7.0;;;;;;;53001
2016-01;6.0;4.0;4.0;4.0;3.0;2.0;3.0;4.0;4.0;;;;;;;;53001
2017-01;9.0;9.0;9.0;9.0;9.0;9.0;9.0;8.0;;;;;;;;;53001
2018-01;99.0;82.0;79.0;78.0;81.0;79.0;78.0;;;;;;;;;;53001
2019-01;50.0;37.0;32.0;35.0;31.0;36.0;;;;;;;;;;;53001
2020-01;45.0;39.0;31.0;29.0;22.0;;;;;;;;;;;;53001
2021-01;22.0;18.0;13.0;15.0;;;;;;;;;;;;;53001
2022-01;36.0;25.0;21.0;;;;;;;;;;;;;;53001
2023-01;33.0;27.0;;;;;;;;;;;;;;;53001
2024-01;36.0;;;;;;;;;;;;;;;;53001
2010-01;54.0;45.0;43.0;42.0;39.0;39.0;31.0;27.0;27.0;21.0;22.0;23.0;23.0;22.0;24.0;;32002
2011-01;9.0;8.0;8.0;8.0;8.0;7.0;5.0;4.0;3.0;3.0;3.0;3.0;1.0;1.0;;;32002
2012-01;7.0;7.0;6.0;7.0;6.0;5.0;5.0;5.0;6.0;6.0;3.0;4.0;4.0;;;;32002
2013-01;9.0;9.0;8.0;5.0;6.0;6.0;5.0;5.0;5.0;5.0;4.0;4.0;;;;;32002
2014-01;14.0;13.0;12.0;11.0;12.0;12.0;11.0;10.0;9.0;7.0;8.0;;;;;;32002
2015-01;16.0;14.0;12.0;12.0;10.0;9.0;11.0;11.0;9.0;8.0;;;;;;;32002
2016-01;10.0;8.0;8.0;8.0;8.0;8.0;6.0;7.0;7.0;;;;;;;;32002
2017-01;8.0;8.0;7.0;7.0;8.0;7.0;7.0;7.0;;;;;;;;;32002
2018-01;14.0;13.0;10.0;10.0;9.0;8.0;7.0;;;;;;;;;;32002
2019-01;14.0;10.0;10.0;10.0;9.0;9.0;;;;;;;;;;;32002
2020-01;13.0;12.0;9.0;7.0;8.0;;;;;;;;;;;;32002
2021-01;12.0;12.0;10.0;8.0;;;;;;;;;;;;;32002
2022-01;19.0;18.0;16.0;;;;;;;;;;;;;;32002
2023-01;17.0;14.0;;;;;;;;;;;;;;;32002
2024-01;16.0;;;;;;;;;;;;;;;;32002
2010-01;12.0;10.0;10.0;9.0;9.0;7.0;4.0;3.0;4.0;4.0;4.0;4.0;5.0;4.0;4.0;;32005
2011-01;4.0;3.0;3.0;1.0;1.0;2.0;1.0;2.0;2.0;2.0;2.0;2.0;2.0;3.0;;;32005
2012-01;1.0;;;;;;;;;;;;;;;;32005
2013-01;4.0;3.0;2.0;2.0;1.0;1.0;1.0;1.0;1.0;1.0;1.0;;;;;;32005
2014-01;3.0;1.0;;;;;;;;;;;;;;;32005
2015-01;4.0;3.0;3.0;1.0;;;;;;1.0;;;;;;;32005
2016-01;2.0;2.0;;;;;;;;;;;;;;;32005
2017-01;4.0;;1.0;1.0;1.0;;;;;;;;;;;;32005
2018-01;5.0;3.0;2.0;2.0;2.0;2.0;2.0;;;;;;;;;;32005
2020-01;3.0;2.0;3.0;2.0;2.0;;;;;;;;;;;;32005
2022-01;5.0;3.0;4.0;;;;;;;;;;;;;;32005
2023-01;2.0;1.0;;;;;;;;;;;;;;;32005
2024-01;4.0;;;;;;;;;;;;;;;;32005
2010-01;12.0;12.0;10.0;8.0;5.0;4.0;4.0;2.0;2.0;2.0;2.0;2.0;2.0;2.0;2.0;;32004
2011-01;2.0;1.0;1.0;;;;;;;;;;;;;;32004
2012-01;1.0;1.0;1.0;1.0;1.0;1.0;;;;;;;;;;;32004
2013-01;2.0;2.0;2.0;1.0;2.0;2.0;2.0;2.0;2.0;2.0;2.0;2.0;;;;;32004
2014-01;1.0;1.0;1.0;;;;;;;;;;;;;;32004
2015-01;2.0;2.0;1.0;2.0;;;;;;1.0;;;;;;;32004
2016-01;2.0;1.0;1.0;1.0;1.0;1.0;1.0;1.0;1.0;;;;;;;;32004
2017-01;2.0;1.0;1.0;1.0;1.0;1.0;;;;;;;;;;;32004
2018-01;5.0;4.0;2.0;2.0;1.0;1.0;1.0;;;;;;;;;;32004
2020-01;3.0;3.0;;;;;;;;;;;;;;;32004
2021-01;3.0;3.0;3.0;3.0;;;;;;;;;;;;;32004
2022-01;4.0;4.0;2.0;;;;;;;;;;;;;;32004
2023-01;3.0;2.0;;;;;;;;;;;;;;;32004
2024-01;7.0;;;;;;;;;;;;;;;;32004
2010-01;2.0;2.0;2.0;2.0;1.0;1.0;1.0;1.0;1.0;1.0;1.0;1.0;1.0;1.0;1.0;;52004
2012-01;2.0;2.0;1.0;1.0;1.0;1.0;1.0;;;;;;;;;;52004
2013-01;1.0;;;;;;;;;;;;;;;;52004
2017-01;1.0;1.0;;;;;;;;;;;;;;;52004
2019-01;2.0;1.0;1.0;;;;;;;;;;;;;;52004
2020-01;1.0;1.0;;;;;;;;;;;;;;;52004
2022-01;4.0;3.0;2.0;;;;;;;;;;;;;;52004
2023-01;2.0;2.0;;;;;;;;;;;;;;;52004
2024-01;1.0;;;;;;;;;;;;;;;;52004
2010-01;12.0;11.0;8.0;7.0;8.0;5.0;5.0;4.0;4.0;3.0;3.0;3.0;2.0;1.0;2.0;;52011
2011-01;3.0;3.0;3.0;2.0;2.0;;;;;;;;1.0;1.0;;;52011
2012-01;3.0;3.0;3.0;3.0;2.0;2.0;2.0;2.0;2.0;2.0;2.0;2.0;2.0;;;;52011
2013-01;3.0;2.0;2.0;;1.0;1.0;1.0;1.0;1.0;1.0;1.0;1.0;;;;;52011
2014-01;6.0;5.0;5.0;4.0;4.0;4.0;4.0;4.0;4.0;4.0;4.0;;;;;;52011
2015-01;2.0;2.0;2.0;2.0;2.0;2.0;2.0;2.0;2.0;1.0;;;;;;;52011
2017-01;2.0;1.0;1.0;1.0;1.0;1.0;;;;;;;;;;;52011
2018-01;5.0;3.0;2.0;3.0;3.0;3.0;3.0;;;;;;;;;;52011
2020-01;3.0;1.0;1.0;1.0;1.0;;;;;;;;;;;;52011
2021-01;6.0;4.0;3.0;2.0;;;;;;;;;;;;;52011
2022-01;1.0;1.0;;;;;;;;;;;;;;;52011
2023-01;5.0;4.0;;;;;;;;;;;;;;;52011
2024-01;8.0;;;;;;;;;;;;;;;;52011
2010-01;105.0;90.0;80.0;70.0;66.0;63.0;62.0;56.0;54.0;48.0;44.0;41.0;42.0;40.0;37.0;;52001
2011-01;9.0;8.0;7.0;7.0;6.0;6.0;6.0;5.0;3.0;3.0;3.0;3.0;3.0;4.0;;;52001
2012-01;20.0;19.0;16.0;14.0;14.0;12.0;13.0;12.0;10.0;8.0;10.0;7.0;6.0;;;;52001
2013-01;17.0;15.0;13.0;13.0;13.0;12.0;12.0;11.0;11.0;12.0;11.0;8.0;;;;;52001
2014-01;13.0;13.0;10.0;7.0;6.0;6.0;7.0;7.0;5.0;5.0;4.0;;;;;;52001
2015-01;10.0;8.0;8.0;7.0;5.0;5.0;5.0;7.0;7.0;6.0;;;;;;;52001
2016-01;18.0;11.0;9.0;10.0;8.0;8.0;8.0;9.0;7.0;;;;;;;;52001
2017-01;7.0;7.0;5.0;4.0;4.0;4.0;2.0;3.0;;;;;;;;;52001
2018-01;15.0;11.0;10.0;9.0;9.0;7.0;6.0;;;;;;;;;;52001
2019-01;13.0;12.0;13.0;11.0;8.0;6.0;;;;;;;;;;;52001
2020-01;15.0;11.0;14.0;13.0;10.0;;;;;;;;;;;;52001
2021-01;9.0;8.0;7.0;4.0;;;;;;;;;;;;;52001
2022-01;18.0;14.0;13.0;;;;;;;;;;;;;;52001
2023-01;13.0;6.0;;;;;;;;;;;;;;;52001
2024-01;12.0;;;;;;;;;;;;;;;;52001
2010-01;16.0;15.0;13.0;10.0;11.0;8.0;7.0;8.0;7.0;7.0;5.0;6.0;6.0;5.0;5.0;;52002
2011-01;4.0;4.0;4.0;2.0;2.0;2.0;3.0;1.0;1.0;1.0;;;;;;;52002
2012-01;3.0;2.0;2.0;2.0;2.0;2.0;2.0;2.0;2.0;1.0;1.0;2.0;2.0;;;;52002
2013-01;3.0;2.0;2.0;1.0;1.0;1.0;1.0;1.0;1.0;;;;;;;;52002
2014-01;11.0;9.0;7.0;6.0;4.0;5.0;3.0;1.0;1.0;2.0;3.0;;;;;;52002
2015-01;4.0;4.0;4.0;3.0;3.0;2.0;3.0;3.0;2.0;1.0;;;;;;;52002
2016-01;4.0;3.0;1.0;1.0;;;;;1.0;;;;;;;;52002
2017-01;4.0;1.0;1.0;;;;;;;;;;;;;;52002
2018-01;10.0;9.0;8.0;8.0;5.0;4.0;2.0;;;;;;;;;;52002
2019-01;5.0;4.0;3.0;4.0;3.0;2.0;;;;;;;;;;;52002
2020-01;1.0;1.0;1.0;1.0;;;;;;;;;;;;;52002
2021-01;6.0;6.0;4.0;3.0;;;;;;;;;;;;;52002
2022-01;2.0;1.0;1.0;;;;;;;;;;;;;;52002
2023-01;3.0;2.0;;;;;;;;;;;;;;;52002
2010-01;1.0;;;;;;;;;;;;;;1.0;;52012
2011-01;2.0;2.0;2.0;1.0;1.0;;;1.0;1.0;;1.0;1.0;1.0;;;;52012
2014-01;2.0;2.0;2.0;2.0;2.0;2.0;2.0;2.0;2.0;2.0;2.0;;;;;;52012
2015-01;1.0;;;;;;;;;;;;;;;;52012
2016-01;1.0;1.0;;;;;;;;;;;;;;;52012
2017-01;1.0;;;;;1.0;;;;;;;;;;;52012
2021-01;1.0;;;;;;;;;;;;;;;;52012
2022-01;1.0;1.0;1.0;;;;;;;;;;;;;;52012
2024-01;3.0;;;;;;;;;;;;;;;;52012
2017-01;1.0;1.0;1.0;;;;;;;;;;;;;;52007
2010-01;5.0;5.0;5.0;5.0;5.0;4.0;4.0;4.0;3.0;1.0;1.0;1.0;1.0;1.0;1.0;;52017
2011-01;1.0;1.0;1.0;1.0;1.0;1.0;1.0;1.0;1.0;1.0;1.0;1.0;1.0;1.0;;;52017
2012-01;2.0;2.0;1.0;1.0;1.0;1.0;1.0;1.0;1.0;;;;;;;;52017
2013-01;3.0;;;1.0;;;;;;1.0;1.0;1.0;;;;;52017
2015-01;2.0;1.0;1.0;;;;;;;;;;;;;;52017
2018-01;2.0;2.0;2.0;2.0;1.0;1.0;1.0;;;;;;;;;;52017
2021-01;1.0;;1.0;1.0;;;;;;;;;;;;;52017
2010-01;3.0;2.0;2.0;2.0;1.0;1.0;2.0;2.0;1.0;1.0;1.0;1.0;1.0;1.0;1.0;;52005
2011-01;2.0;2.0;1.0;1.0;1.0;1.0;1.0;1.0;1.0;1.0;1.0;1.0;1.0;1.0;;;52005
2012-01;1.0;1.0;1.0;1.0;1.0;1.0;;;1.0;;1.0;1.0;1.0;;;;52005
2013-01;5.0;3.0;3.0;3.0;2.0;2.0;2.0;3.0;3.0;3.0;3.0;3.0;;;;;52005
2016-01;1.0;1.0;;;;;;;;;;;;;;;52005
2017-01;1.0;1.0;1.0;1.0;1.0;1.0;1.0;1.0;;;;;;;;;52005
2018-01;2.0;2.0;1.0;1.0;1.0;1.0;1.0;;;;;;;;;;52005
2022-01;1.0;1.0;1.0;;;;;;;;;;;;;;52005
2010-01;1.0;1.0;1.0;1.0;1.0;1.0;1.0;1.0;1.0;1.0;1.0;1.0;1.0;1.0;1.0;;52006
2015-01;1.0;;;;;;;;;;;;;;;;52006
2023-01;1.0;1.0;;;;;;;;;;;;;;;52006
2010-01;1.0;1.0;1.0;1.0;1.0;1.0;1.0;;1.0;1.0;;;1.0;1.0;1.0;;52013
2012-01;1.0;;;;;;;;;;;;;;;;52013
2013-01;1.0;1.0;1.0;1.0;1.0;1.0;1.0;1.0;1.0;1.0;1.0;1.0;;;;;52013
2014-01;1.0;1.0;1.0;1.0;;;;;;;;;;;;;52013
2016-01;1.0;1.0;1.0;1.0;;;;1.0;1.0;;;;;;;;52013
2018-01;1.0;1.0;;;;1.0;;;;;;;;;;;52013
2020-01;1.0;1.0;1.0;1.0;1.0;;;;;;;;;;;;52013
2024-01;2.0;;;;;;;;;;;;;;;;52013
2010-01;2.0;2.0;2.0;2.0;1.0;1.0;1.0;1.0;1.0;1.0;1.0;1.0;1.0;1.0;1.0;;52008
2012-01;2.0;1.0;1.0;1.0;1.0;;;;;;;;;;;;52008
2023-01;1.0;1.0;;;;;;;;;;;;;;;52008
2010-01;1.0;1.0;1.0;;;;;;;;;;;;;;52003
2011-01;1.0;1.0;1.0;;;;;;;;;;;;;;52003
2013-01;2.0;;;;;;;;;;;;;;;;52003
2019-01;1.0;1.0;;;;;;;;;;;;;;;52003
2020-01;1.0;1.0;;;;;;;;;;;;;;;52003
2023-01;1.0;1.0;;;;;;;;;;;;;;;52003
2024-01;1.0;;;;;;;;;;;;;;;;52003
2010-01;3.0;3.0;1.0;1.0;1.0;1.0;1.0;;;;;;;;;;52009
2011-01;1.0;1.0;;;;;;;;;;;;;;;52018
2016-01;1.0;1.0;;;;;;;;;;;;;;;52018
2018-01;1.0;1.0;1.0;1.0;1.0;1.0;;;;;;;;;;;52018
2019-01;1.0;;;;;;;;;;;;;;;;52018
2022-01;3.0;3.0;1.0;;;;;;;;;;;;;;52018
2024-01;2.0;;;;;;;;;;;;;;;;52018
2010-01;5.0;3.0;3.0;3.0;3.0;2.0;2.0;3.0;2.0;2.0;2.0;2.0;2.0;2.0;1.0;;52016
2011-01;1.0;1.0;1.0;1.0;1.0;1.0;1.0;1.0;1.0;1.0;1.0;1.0;1.0;1.0;;;52016
2013-01;1.0;1.0;1.0;1.0;1.0;;;;;;;;;;;;52016
2016-01;1.0;1.0;1.0;1.0;1.0;1.0;1.0;1.0;1.0;;;;;;;;52016
2024-01;1.0;;;;;;;;;;;;;;;;52016
2010-01;1.0;1.0;1.0;1.0;1.0;1.0;1.0;1.0;1.0;1.0;1.0;1.0;1.0;1.0;;;52014
2011-01;1.0;1.0;1.0;1.0;1.0;1.0;1.0;1.0;1.0;1.0;1.0;1.0;1.0;1.0;;;52014
2013-01;1.0;1.0;1.0;1.0;1.0;1.0;1.0;;;;;;;;;;52014
2016-01;2.0;2.0;2.0;1.0;1.0;1.0;;;;;;;;;;;52014
2023-01;1.0;1.0;;;;;;;;;;;;;;;52014
2024-01;2.0;;;;;;;;;;;;;;;;52014
2010-01;2.0;2.0;2.0;2.0;2.0;2.0;2.0;1.0;1.0;1.0;1.0;1.0;1.0;1.0;;;52010
2011-01;1.0;1.0;1.0;1.0;;;1.0;1.0;1.0;1.0;1.0;1.0;1.0;1.0;;;52010
2014-01;1.0;1.0;1.0;1.0;1.0;1.0;1.0;1.0;1.0;1.0;;;;;;;52010
2015-01;1.0;1.0;1.0;1.0;1.0;1.0;1.0;1.0;1.0;1.0;;;;;;;52010
2017-01;1.0;1.0;1.0;1.0;1.0;;1.0;;;;;;;;;;52010
2019-01;1.0;1.0;;1.0;1.0;1.0;;;;;;;;;;;52010
2022-01;1.0;1.0;1.0;;;;;;;;;;;;;;52010
2010-01;3.0;3.0;3.0;3.0;2.0;2.0;2.0;2.0;2.0;2.0;1.0;1.0;1.0;1.0;1.0;;52015
2011-01;3.0;3.0;2.0;3.0;3.0;3.0;3.0;3.0;3.0;3.0;3.0;3.0;3.0;3.0;;;52015
2012-01;1.0;1.0;1.0;1.0;1.0;1.0;1.0;1.0;1.0;1.0;1.0;1.0;1.0;;;;52015
2014-01;2.0;2.0;1.0;1.0;;;;;;;;;;;;;52015
2015-01;1.0;1.0;1.0;1.0;1.0;1.0;1.0;1.0;;;;;;;;;52015
2017-01;1.0;;;;;;;;;;;;;;;;52015
2018-01;3.0;2.0;1.0;1.0;1.0;1.0;1.0;;;;;;;;;;52015
2019-01;2.0;2.0;2.0;2.0;2.0;2.0;;;;;;;;;;;52015
2020-01;4.0;3.0;2.0;2.0;1.0;;;;;;;;;;;;52015
2022-01;3.0;;;;;;;;;;;;;;;;52015
2023-01;1.0;1.0;;;;;;;;;;;;;;;52015
2024-01;2.0;;;;;;;;;;;;;;;;52015
2010-01;6.0;5.0;5.0;5.0;3.0;3.0;2.0;2.0;2.0;2.0;2.0;2.0;2.0;2.0;1.0;;15011
2011-01;2.0;2.0;2.0;2.0;2.0;;;;;;;;;;;;15011
2012-01;3.0;2.0;2.0;2.0;1.0;;;1.0;1.0;1.0;1.0;1.0;1.0;;;;15011
2013-01;1.0;1.0;;;;;;;;;;;;;;;15011
2014-01;3.0;2.0;1.0;1.0;1.0;1.0;1.0;1.0;1.0;1.0;1.0;;;;;;15011
2015-01;3.0;3.0;3.0;1.0;2.0;2.0;2.0;2.0;2.0;2.0;;;;;;;15011
2016-01;1.0;1.0;1.0;1.0;1.0;1.0;1.0;1.0;1.0;;;;;;;;15011
2017-01;2.0;1.0;1.0;;;;;;;;;;;;;;15011
2018-01;6.0;5.0;4.0;4.0;4.0;5.0;2.0;;;;;;;;;;15011
2019-01;2.0;2.0;1.0;1.0;1.0;2.0;;;;;;;;;;;15011
2020-01;4.0;3.0;3.0;2.0;1.0;;;;;;;;;;;;15011
2021-01;7.0;6.0;5.0;4.0;;;;;;;;;;;;;15011
2022-01;4.0;4.0;4.0;;;;;;;;;;;;;;15011
2023-01;4.0;3.0;;;;;;;;;;;;;;;15011
2024-01;4.0;;;;;;;;;;;;;;;;15011
2010-01;5.0;3.0;3.0;3.0;3.0;2.0;2.0;2.0;1.0;1.0;1.0;1.0;1.0;1.0;1.0;;15007
2011-01;1.0;1.0;1.0;1.0;1.0;1.0;;1.0;1.0;1.0;1.0;1.0;1.0;1.0;;;15007
2012-01;1.0;1.0;;;;;;;;;;;;;;;15007
2014-01;2.0;1.0;1.0;1.0;;1.0;;;1.0;1.0;1.0;;;;;;15007
2015-01;5.0;5.0;3.0;3.0;;;;1.0;1.0;1.0;;;;;;;15007
2016-01;3.0;3.0;1.0;;;;1.0;1.0;1.0;;;;;;;;15007
2017-01;2.0;2.0;2.0;2.0;2.0;2.0;2.0;2.0;;;;;;;;;15007
2018-01;1.0;1.0;1.0;;;;;;;;;;;;;;15007
2019-01;5.0;4.0;3.0;2.0;2.0;1.0;;;;;;;;;;;15007
2020-01;1.0;1.0;1.0;1.0;1.0;;;;;;;;;;;;15007
2021-01;4.0;2.0;2.0;1.0;;;;;;;;;;;;;15007
2022-01;2.0;;;;;;;;;;;;;;;;15007
2023-01;1.0;1.0;;;;;;;;;;;;;;;15007
2024-01;3.0;;;;;;;;;;;;;;;;15007
2024-01;2.0;;;;;;;;;;;;;;;;15013
2010-01;3.0;3.0;3.0;2.0;1.0;1.0;1.0;;;;;;;;;;15001
2011-01;5.0;3.0;3.0;2.0;2.0;2.0;2.0;2.0;2.0;2.0;2.0;2.0;2.0;2.0;;;15001
2012-01;1.0;;;;;;;;;;;;;;;;15001
2013-01;1.0;1.0;1.0;1.0;;1.0;1.0;;;;;;;;;;15001
2014-01;3.0;3.0;2.0;1.0;1.0;1.0;1.0;1.0;1.0;1.0;1.0;;;;;;15001
2015-01;2.0;1.0;1.0;1.0;1.0;1.0;1.0;1.0;;;;;;;;;15001
2017-01;1.0;1.0;1.0;1.0;1.0;1.0;1.0;1.0;;;;;;;;;15001
2019-01;1.0;1.0;1.0;1.0;;;;;;;;;;;;;15001
2021-01;2.0;2.0;1.0;;;;;;;;;;;;;;15001
2022-01;2.0;1.0;1.0;;;;;;;;;;;;;;15001
2023-01;1.0;1.0;;;;;;;;;;;;;;;15001
2024-01;1.0;;;;;;;;;;;;;;;;15001
2010-01;6.0;5.0;3.0;3.0;3.0;3.0;3.0;3.0;3.0;3.0;3.0;3.0;3.0;3.0;3.0;;15002
2012-01;2.0;1.0;2.0;2.0;2.0;2.0;1.0;2.0;2.0;2.0;1.0;;;;;;15002
2014-01;1.0;1.0;1.0;1.0;1.0;1.0;1.0;1.0;1.0;1.0;1.0;;;;;;15002
2017-01;1.0;1.0;1.0;1.0;1.0;1.0;1.0;1.0;;;;;;;;;15002
2018-01;2.0;2.0;2.0;2.0;2.0;1.0;1.0;;;;;;;;;;15002
2019-01;4.0;4.0;3.0;2.0;3.0;2.0;;;;;;;;;;;15002
2020-01;1.0;1.0;;;;;;;;;;;;;;;15002
2021-01;4.0;2.0;;;;;;;;;;;;;;;15002
2022-01;1.0;;;;;;;;;;;;;;;;15002
2023-01;3.0;1.0;;;;;;;;;;;;;;;15002
2024-01;4.0;;;;;;;;;;;;;;;;15002
2010-01;5.0;2.0;2.0;2.0;1.0;2.0;2.0;2.0;1.0;1.0;1.0;1.0;1.0;1.0;1.0;;15012
2011-01;1.0;;;;;;;;;;;;;;;;15012
2012-01;1.0;1.0;1.0;1.0;1.0;;;;;;;;;;;;15012
2013-01;1.0;1.0;;;;;;;;;;;;;;;15012
2014-01;1.0;1.0;1.0;;;;;;;;;;;;;;15012
2015-01;1.0;1.0;1.0;1.0;1.0;1.0;1.0;1.0;1.0;;;;;;;;15012
2019-01;1.0;1.0;1.0;1.0;1.0;;;;;;;;;;;;15012
2024-01;1.0;;;;;;;;;;;;;;;;15012
2010-01;127.0;121.0;113.0;109.0;102.0;96.0;91.0;89.0;92.0;91.0;89.0;88.0;86.0;84.0;80.0;;15006
2011-01;21.0;20.0;19.0;16.0;15.0;12.0;13.0;11.0;11.0;11.0;10.0;12.0;12.0;13.0;;;15006
2012-01;15.0;15.0;13.0;12.0;11.0;11.0;9.0;10.0;10.0;9.0;9.0;9.0;10.0;;;;15006
2013-01;8.0;6.0;6.0;6.0;5.0;4.0;4.0;3.0;4.0;3.0;3.0;3.0;;;;;15006
2014-01;19.0;15.0;13.0;13.0;12.0;13.0;13.0;12.0;13.0;13.0;12.0;;;;;;15006
2015-01;28.0;23.0;23.0;20.0;19.0;18.0;18.0;20.0;19.0;16.0;;;;;;;15006
2016-01;24.0;23.0;19.0;18.0;20.0;19.0;22.0;22.0;21.0;;;;;;;;15006
2017-01;24.0;23.0;23.0;18.0;19.0;20.0;20.0;19.0;;;;;;;;;15006
2018-01;18.0;17.0;14.0;11.0;9.0;10.0;12.0;;;;;;;;;;15006
2019-01;41.0;33.0;32.0;32.0;32.0;32.0;;;;;;;;;;;15006
2020-01;37.0;35.0;33.0;34.0;30.0;;;;;;;;;;;;15006
2021-01;31.0;21.0;25.0;22.0;;;;;;;;;;;;;15006
2022-01;39.0;38.0;34.0;;;;;;;;;;;;;;15006
2023-01;35.0;30.0;;;;;;;;;;;;;;;15006
2024-01;42.0;;;;;;;;;;;;;;;;15006
2010-01;5.0;4.0;2.0;1.0;1.0;;;;;1.0;1.0;1.0;1.0;1.0;1.0;;15009
2012-01;3.0;3.0;1.0;1.0;1.0;1.0;1.0;1.0;1.0;1.0;;;;;;;15009
2013-01;1.0;1.0;1.0;;;;;;;;;;;;;;15009
2014-01;1.0;;;;;;;;;;;;;;;;15009
2015-01;4.0;4.0;3.0;2.0;1.0;1.0;1.0;;;1.0;;;;;;;15009
2016-01;3.0;;;1.0;1.0;1.0;1.0;1.0;;;;;;;;;15009
2017-01;3.0;3.0;2.0;2.0;2.0;2.0;2.0;2.0;;;;;;;;;15009
2018-01;1.0;;;;;;;;;;;;;;;;15009
2019-01;2.0;1.0;;;;;;;;;;;;;;;15009
2020-01;1.0;1.0;1.0;1.0;1.0;;;;;;;;;;;;15009
2021-01;2.0;2.0;2.0;2.0;;;;;;;;;;;;;15009
2022-01;4.0;2.0;2.0;;;;;;;;;;;;;;15009
2023-01;2.0;2.0;;;;;;;;;;;;;;;15009
2024-01;5.0;;;;;;;;;;;;;;;;15009
2010-01;8.0;7.0;7.0;7.0;7.0;6.0;6.0;6.0;6.0;6.0;5.0;4.0;4.0;4.0;5.0;;15003
2011-01;3.0;3.0;2.0;3.0;2.0;2.0;2.0;;;;;;;1.0;;;15003
2012-01;1.0;1.0;1.0;1.0;1.0;;;;;;;;;;;;15003
2013-01;3.0;3.0;3.0;3.0;2.0;1.0;1.0;1.0;1.0;1.0;1.0;1.0;;;;;15003
2014-01;2.0;2.0;1.0;;;;;;;;;;;;;;15003
2015-01;1.0;1.0;;;;;;;;;;;;;;;15003
2016-01;2.0;2.0;1.0;1.0;1.0;1.0;1.0;1.0;1.0;;;;;;;;15003
2017-01;3.0;3.0;3.0;3.0;2.0;2.0;2.0;2.0;;;;;;;;;15003
2018-01;2.0;1.0;;;;;1.0;;;;;;;;;;15003
2020-01;4.0;1.0;3.0;3.0;3.0;;;;;;;;;;;;15003
2021-01;3.0;3.0;3.0;3.0;;;;;;;;;;;;;15003
2022-01;7.0;7.0;7.0;;;;;;;;;;;;;;15003
2023-01;2.0;2.0;;;;;;;;;;;;;;;15003
2024-01;13.0;;;;;;;;;;;;;;;;15003
2010-01;6.0;5.0;5.0;4.0;4.0;4.0;4.0;3.0;3.0;3.0;3.0;3.0;3.0;3.0;3.0;;15004
2011-01;1.0;1.0;;;;;;;;;;;;;;;15004
2012-01;2.0;2.0;2.0;2.0;2.0;1.0;1.0;1.0;1.0;1.0;1.0;1.0;1.0;;;;15004
2013-01;1.0;1.0;1.0;;;;;;;;;;;;;;15004
2014-01;1.0;1.0;1.0;1.0;1.0;1.0;1.0;1.0;1.0;1.0;1.0;;;;;;15004
2015-01;1.0;1.0;1.0;;;;;;;;;;;;;;15004
2016-01;2.0;2.0;2.0;2.0;2.0;2.0;1.0;1.0;1.0;;;;;;;;15004
2018-01;1.0;1.0;1.0;1.0;1.0;1.0;;;;;;;;;;;15004
2019-01;2.0;1.0;1.0;1.0;1.0;1.0;;;;;;;;;;;15004
2020-01;2.0;1.0;;;;;;;;;;;;;;;15004
2021-01;1.0;1.0;1.0;1.0;;;;;;;;;;;;;15004
2022-01;1.0;;;;;;;;;;;;;;;;15004
2023-01;2.0;2.0;;;;;;;;;;;;;;;15004
2010-01;1.0;;;;;;;;;;;;;;;;15014
2011-01;1.0;1.0;1.0;1.0;1.0;1.0;1.0;;;;;;;;;;15014
2014-01;1.0;1.0;1.0;1.0;1.0;1.0;1.0;1.0;1.0;1.0;1.0;;;;;;15014
2017-01;1.0;1.0;1.0;1.0;1.0;1.0;1.0;1.0;;;;;;;;;15014
2018-01;1.0;1.0;1.0;;;;;;;;;;;;;;15014
2020-01;2.0;2.0;2.0;2.0;1.0;;;;;;;;;;;;15014
2021-01;1.0;1.0;1.0;1.0;;;;;;;;;;;;;15014
2022-01;1.0;1.0;1.0;;;;;;;;;;;;;;15014
2024-01;2.0;;;;;;;;;;;;;;;;15014
2010-01;10.0;10.0;6.0;5.0;3.0;2.0;2.0;2.0;2.0;2.0;2.0;2.0;2.0;2.0;1.0;;15008
2011-01;4.0;2.0;2.0;1.0;1.0;1.0;;;;;;;;;;;15008
2012-01;4.0;3.0;1.0;1.0;1.0;1.0;1.0;1.0;1.0;1.0;1.0;1.0;1.0;;;;15008
2013-01;7.0;6.0;5.0;4.0;3.0;2.0;2.0;1.0;2.0;2.0;2.0;2.0;;;;;15008
2014-01;3.0;2.0;1.0;2.0;1.0;1.0;1.0;1.0;1.0;1.0;1.0;;;;;;15008
2015-01;4.0;3.0;1.0;1.0;1.0;1.0;;1.0;1.0;;;;;;;;15008
2016-01;3.0;3.0;2.0;1.0;1.0;1.0;1.0;1.0;1.0;;;;;;;;15008
2017-01;9.0;9.0;9.0;7.0;7.0;6.0;5.0;4.0;;;;;;;;;15008
2018-01;6.0;6.0;5.0;5.0;2.0;2.0;2.0;;;;;;;;;;15008
2019-01;4.0;4.0;3.0;3.0;3.0;3.0;;;;;;;;;;;15008
2020-01;6.0;3.0;2.0;2.0;2.0;;;;;;;;;;;;15008
2021-01;3.0;;;;;;;;;;;;;;;;15008
2022-01;4.0;2.0;2.0;;;;;;;;;;;;;;15008
2023-01;3.0;1.0;;;;;;;;;;;;;;;15008
2024-01;8.0;;;;;;;;;;;;;;;;15008
2015-01;1.0;1.0;1.0;1.0;1.0;1.0;1.0;1.0;1.0;1.0;;;;;;;15010
2023-01;1.0;;;;;;;;;;;;;;;;15010
2012-01;2.0;1.0;1.0;1.0;;;;;;;;;;;;;26001
2013-01;1.0;1.0;1.0;1.0;1.0;1.0;1.0;1.0;1.0;1.0;1.0;1.0;;;;;26001
2014-01;1.0;;;;;;;;;;;;;;;;26001
2016-01;1.0;1.0;1.0;;;;;;;;;;;;;;26001
2019-01;1.0;;;;;;;;;;;;;;;;26001
2020-01;4.0;3.0;1.0;2.0;1.0;;;;;;;;;;;;26001
2023-01;1.0;;;;;;;;;;;;;;;;26001
2010-01;5.0;5.0;3.0;4.0;4.0;3.0;4.0;4.0;4.0;4.0;4.0;4.0;4.0;4.0;4.0;;26009
2012-01;2.0;1.0;1.0;;1.0;1.0;;;;;;;;;;;26009
2014-01;1.0;1.0;1.0;1.0;1.0;1.0;1.0;1.0;1.0;1.0;1.0;;;;;;26009
2016-01;3.0;2.0;3.0;2.0;2.0;2.0;2.0;2.0;2.0;;;;;;;;26009
2017-01;1.0;1.0;1.0;1.0;1.0;1.0;1.0;1.0;;;;;;;;;26009
2018-01;3.0;3.0;3.0;3.0;2.0;2.0;2.0;;;;;;;;;;26009
2020-01;5.0;5.0;5.0;5.0;5.0;;;;;;;;;;;;26009
2021-01;2.0;1.0;1.0;1.0;;;;;;;;;;;;;26009
2022-01;3.0;3.0;1.0;;;;;;;;;;;;;;26009
2023-01;4.0;3.0;;;;;;;;;;;;;;;26009
2024-01;6.0;;;;;;;;;;;;;;;;26009
2010-01;5.0;4.0;3.0;3.0;3.0;3.0;3.0;3.0;2.0;2.0;2.0;2.0;1.0;2.0;1.0;;26003
2012-01;6.0;4.0;4.0;2.0;2.0;2.0;1.0;1.0;1.0;1.0;1.0;2.0;2.0;;;;26003
2013-01;3.0;3.0;3.0;3.0;3.0;3.0;3.0;3.0;3.0;2.0;2.0;2.0;;;;;26003
2014-01;2.0;2.0;1.0;;;1.0;;;;;;;;;;;26003
2015-01;2.0;2.0;2.0;2.0;2.0;2.0;2.0;2.0;2.0;2.0;;;;;;;26003
2016-01;3.0;3.0;3.0;3.0;3.0;2.0;;1.0;2.0;;;;;;;;26003
2017-01;9.0;9.0;5.0;5.0;5.0;5.0;5.0;5.0;;;;;;;;;26003
2018-01;3.0;3.0;3.0;3.0;1.0;2.0;2.0;;;;;;;;;;26003
2019-01;5.0;2.0;2.0;2.0;3.0;3.0;;;;;;;;;;;26003
2021-01;8.0;7.0;5.0;4.0;;;;;;;;;;;;;26003
2022-01;2.0;2.0;2.0;;;;;;;;;;;;;;26003
2023-01;4.0;3.0;;;;;;;;;;;;;;;26003
2024-01;7.0;;;;;;;;;;;;;;;;26003
2010-01;5.0;4.0;4.0;4.0;4.0;3.0;3.0;3.0;2.0;2.0;1.0;1.0;1.0;1.0;1.0;;26008
2011-01;2.0;1.0;1.0;1.0;1.0;1.0;1.0;1.0;1.0;1.0;1.0;1.0;;;;;26008
2013-01;2.0;2.0;2.0;2.0;1.0;1.0;;;;;;;;;;;26008
2014-01;3.0;2.0;2.0;1.0;1.0;1.0;1.0;1.0;;1.0;1.0;;;;;;26008
2015-01;3.0;3.0;2.0;2.0;2.0;2.0;;;;;;;;;;;26008
2017-01;1.0;1.0;1.0;1.0;1.0;1.0;1.0;1.0;;;;;;;;;26008
2018-01;6.0;5.0;4.0;3.0;2.0;2.0;2.0;;;;;;;;;;26008
2019-01;1.0;1.0;;;;;;;;;;;;;;;26008
2020-01;4.0;3.0;4.0;3.0;3.0;;;;;;;;;;;;26008
2021-01;1.0;1.0;1.0;1.0;;;;;;;;;;;;;26008
2022-01;3.0;2.0;2.0;;;;;;;;;;;;;;26008
2024-01;1.0;;;;;;;;;;;;;;;;26008
2010-01;4.0;4.0;3.0;1.0;1.0;1.0;1.0;1.0;1.0;1.0;1.0;1.0;1.0;1.0;1.0;;26005
2011-01;2.0;2.0;2.0;1.0;1.0;;;;;;;;;;;;26005
2012-01;1.0;;;1.0;1.0;1.0;1.0;1.0;1.0;1.0;1.0;;;;;;26005
2013-01;2.0;1.0;1.0;1.0;1.0;1.0;1.0;;;;;;;;;;26005
2014-01;2.0;1.0;1.0;;;;;;;;;;;;;;26005
2015-01;2.0;2.0;2.0;1.0;1.0;1.0;1.0;1.0;1.0;;;;;;;;26005
2016-01;1.0;1.0;1.0;1.0;1.0;1.0;1.0;1.0;1.0;;;;;;;;26005
2017-01;1.0;1.0;1.0;;;;;;;;;;;;;;26005
2018-01;5.0;4.0;4.0;4.0;4.0;2.0;1.0;;;;;;;;;;26005
2019-01;2.0;2.0;2.0;2.0;2.0;2.0;;;;;;;;;;;26005
2020-01;2.0;2.0;2.0;1.0;1.0;;;;;;;;;;;;26005
2022-01;1.0;1.0;1.0;;;;;;;;;;;;;;26005
2023-01;1.0;;;;;;;;;;;;;;;;26005
2024-01;2.0;;;;;;;;;;;;;;;;26005
2010-01;162.0;150.0;142.0;132.0;127.0;123.0;123.0;123.0;114.0;117.0;110.0;107.0;111.0;105.0;101.0;;26010
2011-01;27.0;25.0;18.0;21.0;20.0;20.0;20.0;21.0;20.0;21.0;19.0;19.0;18.0;17.0;;;26010
2012-01;40.0;37.0;38.0;35.0;32.0;29.0;29.0;27.0;25.0;21.0;22.0;21.0;18.0;;;;26010
2013-01;29.0;24.0;22.0;21.0;22.0;23.0;22.0;21.0;22.0;22.0;20.0;20.0;;;;;26010
2014-01;28.0;26.0;23.0;20.0;19.0;16.0;17.0;14.0;14.0;14.0;16.0;;;;;;26010
2015-01;24.0;17.0;16.0;17.0;18.0;14.0;14.0;12.0;13.0;14.0;;;;;;;26010
2016-01;14.0;12.0;12.0;11.0;7.0;7.0;8.0;8.0;7.0;;;;;;;;26010
2017-01;23.0;22.0;14.0;7.0;10.0;12.0;13.0;14.0;;;;;;;;;26010
2018-01;22.0;20.0;18.0;17.0;16.0;14.0;14.0;;;;;;;;;;26010
2019-01;29.0;20.0;21.0;18.0;18.0;17.0;;;;;;;;;;;26010
2020-01;28.0;26.0;21.0;13.0;14.0;;;;;;;;;;;;26010
2021-01;36.0;32.0;26.0;25.0;;;;;;;;;;;;;26010
2022-01;25.0;24.0;14.0;;;;;;;;;;;;;;26010
2023-01;40.0;31.0;;;;;;;;;;;;;;;26010
2024-01;52.0;;;;;;;;;;;;;;;;26010
2010-01;5.0;4.0;4.0;4.0;4.0;4.0;4.0;4.0;4.0;4.0;4.0;4.0;4.0;4.0;4.0;;26002
2012-01;4.0;3.0;3.0;3.0;3.0;3.0;3.0;3.0;3.0;3.0;3.0;3.0;3.0;;;;26002
2013-01;1.0;1.0;;;;;;;;;;;;;;;26002
2014-01;1.0;1.0;1.0;1.0;;;;;;;;;;;;;26002
2015-01;1.0;;;;;;;;;;;;;;;;26002
2016-01;2.0;2.0;2.0;1.0;1.0;1.0;1.0;;;;;;;;;;26002
2017-01;2.0;2.0;2.0;2.0;2.0;2.0;2.0;2.0;;;;;;;;;26002
2019-01;1.0;1.0;1.0;;;;;;;;;;;;;;26002
2020-01;1.0;1.0;1.0;;;;;;;;;;;;;;26002
2022-01;3.0;2.0;2.0;;;;;;;;;;;;;;26002
2010-01;3.0;3.0;2.0;2.0;2.0;2.0;2.0;1.0;1.0;1.0;;;;;;;26007
2011-01;1.0;;;;;;;;;;;;;;;;26007
2012-01;1.0;1.0;1.0;1.0;1.0;1.0;1.0;1.0;1.0;1.0;1.0;;;;;;26007
2014-01;1.0;1.0;1.0;;;;;;;;;;;;;;26007
2017-01;1.0;1.0;1.0;1.0;;;;;;;;;;;;;26007
2018-01;1.0;1.0;;;;;;;;;;;;;;;26007
2019-01;1.0;1.0;1.0;1.0;1.0;1.0;;;;;;;;;;;26007
2010-01;2.0;2.0;2.0;2.0;2.0;2.0;2.0;2.0;2.0;2.0;1.0;1.0;1.0;1.0;1.0;;26004
2011-01;1.0;1.0;;1.0;1.0;1.0;1.0;;;;;;;;;;26004
2013-01;3.0;2.0;2.0;3.0;3.0;2.0;2.0;1.0;1.0;1.0;1.0;1.0;;;;;26004
2014-01;2.0;2.0;1.0;1.0;;;;;;;;;;;;;26004
2015-01;4.0;2.0;1.0;1.0;1.0;;;;;;;;;;;;26004
2016-01;1.0;1.0;1.0;1.0;1.0;1.0;;;;;;;;;;;26004
2017-01;1.0;1.0;1.0;1.0;1.0;1.0;1.0;1.0;;;;;;;;;26004
2019-01;6.0;5.0;4.0;4.0;3.0;4.0;;;;;;;;;;;26004
2020-01;1.0;1.0;1.0;1.0;1.0;;;;;;;;;;;;26004
2021-01;1.0;1.0;;;;;;;;;;;;;;;26004
2022-01;1.0;1.0;1.0;;;;;;;;;;;;;;26004
2024-01;2.0;;;;;;;;;;;;;;;;26004
2010-01;3.0;3.0;3.0;2.0;3.0;3.0;3.0;3.0;2.0;2.0;2.0;2.0;2.0;2.0;2.0;;26012
2012-01;1.0;1.0;1.0;1.0;1.0;1.0;1.0;1.0;;;;;1.0;;;;26012
2013-01;2.0;;;;;;;;;;;;;;;;26012
2014-01;1.0;;;;;;;;;;;;;;;;26012
2015-01;1.0;1.0;;;;;;;;;;;;;;;26012
2016-01;1.0;1.0;;;;;;;;;;;;;;;26012
2017-01;2.0;1.0;1.0;1.0;1.0;1.0;2.0;2.0;;;;;;;;;26012
2018-01;2.0;1.0;1.0;1.0;;;;;;;;;;;;;26012
2019-01;1.0;;;;;;;;;;;;;;;;26012
2020-01;1.0;1.0;1.0;;;;;;;;;;;;;;26012
2023-01;1.0;1.0;;;;;;;;;;;;;;;26012
2010-01;9.0;6.0;5.0;4.0;3.0;3.0;3.0;2.0;2.0;2.0;2.0;2.0;2.0;2.0;2.0;;26006
2011-01;3.0;2.0;2.0;1.0;1.0;1.0;1.0;;;;;;;;;;26006
2012-01;4.0;3.0;3.0;1.0;1.0;1.0;;;;;;;;;;;26006
2013-01;4.0;4.0;2.0;2.0;1.0;;;;;;;;;;;;26006
2014-01;3.0;2.0;2.0;2.0;1.0;1.0;1.0;1.0;;;;;;;;;26006
2015-01;10.0;8.0;8.0;5.0;1.0;1.0;1.0;1.0;1.0;1.0;;;;;;;26006
2016-01;1.0;1.0;1.0;1.0;1.0;;;;;;;;;;;;26006
2017-01;3.0;2.0;2.0;2.0;2.0;1.0;1.0;1.0;;;;;;;;;26006
2018-01;5.0;4.0;4.0;3.0;1.0;1.0;1.0;;;;;;;;;;26006
2019-01;4.0;4.0;2.0;1.0;1.0;1.0;;;;;;;;;;;26006
2021-01;1.0;1.0;1.0;1.0;;;;;;;;;;;;;26006
2022-01;3.0;2.0;3.0;;;;;;;;;;;;;;26006
2023-01;1.0;1.0;;;;;;;;;;;;;;;26006
2024-01;6.0;;;;;;;;;;;;;;;;26006
2010-01;2.0;1.0;1.0;;;;;;;;;;;;;;26011
2012-01;4.0;4.0;3.0;3.0;3.0;2.0;2.0;2.0;2.0;2.0;1.0;1.0;1.0;;;;26011
2013-01;1.0;1.0;1.0;1.0;;1.0;1.0;1.0;1.0;1.0;1.0;1.0;;;;;26011
2014-01;2.0;2.0;2.0;1.0;1.0;1.0;1.0;;;;;;;;;;26011
2017-01;1.0;1.0;1.0;1.0;1.0;1.0;1.0;1.0;;;;;;;;;26011
2018-01;1.0;1.0;1.0;;1.0;1.0;1.0;;;;;;;;;;26011
2019-01;2.0;2.0;2.0;1.0;2.0;2.0;;;;;;;;;;;26011
2010-01;2.0;2.0;2.0;2.0;2.0;2.0;2.0;2.0;2.0;2.0;2.0;2.0;2.0;2.0;2.0;;22011
2011-01;1.0;1.0;;;;;;;;;;;;;;;22011
2017-01;1.0;;;;;;;;;;;;;;;;22011
2020-01;1.0;1.0;1.0;1.0;;;;;;;;;;;;;22011
2024-01;1.0;;;;;;;;;;;;;;;;22011
2010-01;4.0;3.0;3.0;2.0;2.0;2.0;2.0;2.0;2.0;2.0;1.0;1.0;1.0;1.0;;;22003
2011-01;2.0;2.0;1.0;1.0;1.0;1.0;1.0;1.0;1.0;1.0;1.0;1.0;1.0;1.0;;;22003
2014-01;4.0;4.0;4.0;2.0;1.0;1.0;2.0;2.0;2.0;2.0;2.0;;;;;;22003
2015-01;1.0;;;;;;;;;;;;;;;;22003
2017-01;1.0;;;;;;;;;;;;;;;;22003
2018-01;2.0;1.0;1.0;1.0;1.0;1.0;;;;;;;;;;;22003
2019-01;3.0;2.0;2.0;1.0;1.0;1.0;;;;;;;;;;;22003
2020-01;3.0;3.0;1.0;2.0;2.0;;;;;;;;;;;;22003
2022-01;4.0;2.0;1.0;;;;;;;;;;;;;;22003
2024-01;1.0;;;;;;;;;;;;;;;;22003
2010-01;1.0;;;;;;;;;;;;;;;;22002
2010-01;6.0;6.0;5.0;5.0;5.0;5.0;4.0;4.0;4.0;4.0;4.0;4.0;4.0;3.0;3.0;;22005
2012-01;3.0;3.0;3.0;3.0;2.0;2.0;2.0;2.0;2.0;2.0;2.0;1.0;1.0;;;;22005
2015-01;1.0;;;;;;;;;;;;;;;;22005
2016-01;1.0;1.0;1.0;1.0;1.0;1.0;1.0;1.0;1.0;;;;;;;;22005
2017-01;1.0;1.0;1.0;1.0;1.0;1.0;1.0;;;;;;;;;;22005
2018-01;1.0;1.0;1.0;1.0;1.0;1.0;1.0;;;;;;;;;;22005
2020-01;1.0;1.0;1.0;1.0;1.0;;;;;;;;;;;;22005
2023-01;3.0;2.0;;;;;;;;;;;;;;;22005
2024-01;1.0;;;;;;;;;;;;;;;;22005
2010-01;5.0;4.0;3.0;3.0;2.0;2.0;2.0;2.0;2.0;2.0;2.0;2.0;2.0;2.0;1.0;;22009
2011-01;2.0;2.0;2.0;1.0;1.0;1.0;1.0;1.0;1.0;1.0;1.0;;1.0;1.0;;;22009
2012-01;3.0;2.0;1.0;1.0;3.0;1.0;1.0;1.0;1.0;1.0;1.0;1.0;1.0;;;;22009
2014-01;2.0;1.0;1.0;1.0;1.0;1.0;1.0;1.0;1.0;1.0;1.0;;;;;;22009
2016-01;1.0;1.0;;;;;;;;;;;;;;;22009
2017-01;2.0;1.0;1.0;;;;;;;;;;;;;;22009
2018-01;3.0;1.0;;;;;;;;;;;;;;;22009
2019-01;5.0;4.0;3.0;2.0;;;;;;;;;;;;;22009
2020-01;4.0;3.0;4.0;;1.0;;;;;;;;;;;;22009
2021-01;1.0;1.0;;1.0;;;;;;;;;;;;;22009
2022-01;1.0;;;;;;;;;;;;;;;;22009
2024-01;3.0;;;;;;;;;;;;;;;;22009
2010-01;1.0;;;;;;;;;;;;;;;;22001
2019-01;2.0;1.0;1.0;2.0;1.0;1.0;;;;;;;;;;;22001
2023-01;2.0;;;;;;;;;;;;;;;;22001
2024-01;1.0;;;;;;;;;;;;;;;;22001
2017-01;1.0;;1.0;1.0;1.0;1.0;1.0;1.0;;;;;;;;;22010
2014-01;1.0;1.0;1.0;;;;;;;;;;;;;;22008
2016-01;1.0;;;;;;;;;;;;;;;;22008
2017-01;2.0;2.0;2.0;1.0;1.0;1.0;1.0;1.0;;;;;;;;;22008
2019-01;1.0;;;;;;;;;;;;;;;;22008
2020-01;2.0;2.0;1.0;1.0;;;;;;;;;;;;;22008
2022-01;1.0;1.0;1.0;;;;;;;;;;;;;;22008
2024-01;1.0;;;;;;;;;;;;;;;;22008
2010-01;19.0;17.0;16.0;15.0;13.0;13.0;13.0;12.0;12.0;12.0;13.0;13.0;12.0;10.0;11.0;;22004
2011-01;6.0;3.0;3.0;3.0;4.0;4.0;4.0;3.0;3.0;3.0;3.0;2.0;2.0;2.0;;;22004
2012-01;10.0;9.0;9.0;9.0;7.0;7.0;6.0;6.0;6.0;5.0;5.0;5.0;5.0;;;;22004
2013-01;2.0;2.0;2.0;2.0;2.0;2.0;2.0;2.0;2.0;2.0;2.0;2.0;;;;;22004
2014-01;3.0;2.0;2.0;2.0;2.0;2.0;2.0;2.0;2.0;2.0;1.0;;;;;;22004
2015-01;4.0;3.0;3.0;3.0;3.0;1.0;;2.0;2.0;1.0;;;;;;;22004
2016-01;4.0;4.0;4.0;4.0;4.0;4.0;4.0;4.0;4.0;;;;;;;;22004
2017-01;3.0;3.0;3.0;2.0;3.0;3.0;2.0;3.0;;;;;;;;;22004
2018-01;6.0;6.0;1.0;2.0;1.0;1.0;1.0;;;;;;;;;;22004
2019-01;6.0;4.0;5.0;4.0;2.0;1.0;;;;;;;;;;;22004
2020-01;6.0;6.0;6.0;6.0;6.0;;;;;;;;;;;;22004
2021-01;1.0;1.0;1.0;1.0;;;;;;;;;;;;;22004
2022-01;8.0;8.0;7.0;;;;;;;;;;;;;;22004
2023-01;3.0;3.0;;;;;;;;;;;;;;;22004
2024-01;6.0;;;;;;;;;;;;;;;;22004
2020-01;1.0;1.0;1.0;1.0;1.0;;;;;;;;;;;;22006
2022-01;1.0;1.0;1.0;;;;;;;;;;;;;;22006
2010-01;179.0;160.0;141.0;132.0;126.0;112.0;109.0;98.0;95.0;91.0;86.0;82.0;76.0;76.0;77.0;;41002
2011-01;38.0;27.0;24.0;18.0;18.0;16.0;12.0;11.0;11.0;13.0;14.0;15.0;16.0;13.0;;;41002
2012-01;26.0;19.0;12.0;12.0;12.0;12.0;13.0;12.0;14.0;15.0;16.0;13.0;12.0;;;;41002
2013-01;27.0;18.0;16.0;12.0;10.0;11.0;14.0;13.0;14.0;14.0;14.0;14.0;;;;;41002
2014-01;23.0;18.0;12.0;12.0;10.0;8.0;8.0;8.0;8.0;8.0;9.0;;;;;;41002
2015-01;25.0;21.0;17.0;15.0;15.0;17.0;17.0;16.0;16.0;14.0;;;;;;;41002
2016-01;32.0;28.0;19.0;19.0;20.0;18.0;18.0;18.0;18.0;;;;;;;;41002
2017-01;34.0;29.0;25.0;24.0;24.0;24.0;22.0;21.0;;;;;;;;;41002
2018-01;26.0;23.0;17.0;18.0;18.0;16.0;15.0;;;;;;;;;;41002
2019-01;30.0;25.0;22.0;21.0;20.0;20.0;;;;;;;;;;;41002
2020-01;49.0;43.0;36.0;33.0;33.0;;;;;;;;;;;;41002
2021-01;34.0;29.0;25.0;21.0;;;;;;;;;;;;;41002
2022-01;62.0;54.0;43.0;;;;;;;;;;;;;;41002
2023-01;26.0;21.0;;;;;;;;;;;;;;;41002
2024-01;27.0;;;;;;;;;;;;;;;;41002
2010-01;8.0;8.0;7.0;6.0;4.0;4.0;4.0;4.0;4.0;4.0;3.0;3.0;3.0;3.0;3.0;;41012
2011-01;1.0;1.0;1.0;1.0;1.0;1.0;1.0;1.0;1.0;1.0;1.0;1.0;1.0;1.0;;;41012
2013-01;1.0;1.0;1.0;1.0;1.0;1.0;;;;;;1.0;;;;;41012
2014-01;1.0;1.0;1.0;;;;;;;;;;;;;;41012
2016-01;2.0;2.0;1.0;1.0;2.0;2.0;1.0;1.0;1.0;;;;;;;;41012
2019-01;1.0;1.0;;;;;;;;;;;;;;;41012
2020-01;2.0;2.0;2.0;2.0;2.0;;;;;;;;;;;;41012
2023-01;1.0;1.0;;;;;;;;;;;;;;;41012
2024-01;2.0;;;;;;;;;;;;;;;;41012
2010-01;16.0;13.0;11.0;10.0;8.0;6.0;6.0;5.0;5.0;7.0;6.0;6.0;5.0;6.0;4.0;;41014
2011-01;4.0;4.0;4.0;4.0;4.0;4.0;4.0;2.0;2.0;2.0;2.0;2.0;2.0;2.0;;;41014
2012-01;2.0;1.0;;;;;;;;;;;;;;;41014
2013-01;3.0;2.0;2.0;1.0;1.0;;;;;;;;;;;;41014
2014-01;2.0;;;;;;;;;;;;;;;;41014
2015-01;2.0;;;;;;;;;;;;;;;;41014
2016-01;3.0;1.0;1.0;1.0;1.0;1.0;1.0;1.0;1.0;;;;;;;;41014
2017-01;3.0;2.0;2.0;2.0;2.0;2.0;1.0;1.0;;;;;;;;;41014
2018-01;2.0;1.0;1.0;1.0;;;;;;;;;;;;;41014
2019-01;1.0;1.0;1.0;;;;;;;;;;;;;;41014
2020-01;1.0;;1.0;;;;;;;;;;;;;;41014
2021-01;1.0;;;;;;;;;;;;;;;;41014
2022-01;2.0;2.0;1.0;;;;;;;;;;;;;;41014
2023-01;7.0;1.0;;;;;;;;;;;;;;;41014
2024-01;3.0;;;;;;;;;;;;;;;;41014
2010-01;37.0;33.0;25.0;25.0;25.0;23.0;21.0;19.0;20.0;20.0;19.0;19.0;19.0;17.0;14.0;;41017
2011-01;6.0;6.0;6.0;6.0;6.0;6.0;5.0;5.0;5.0;5.0;5.0;5.0;4.0;3.0;;;41017
2012-01;5.0;3.0;3.0;3.0;4.0;4.0;4.0;4.0;3.0;3.0;3.0;3.0;3.0;;;;41017
2013-01;1.0;1.0;1.0;1.0;1.0;1.0;1.0;;;;1.0;1.0;;;;;41017
2014-01;1.0;1.0;1.0;1.0;1.0;1.0;1.0;;;;;;;;;;41017
2015-01;2.0;2.0;2.0;1.0;1.0;1.0;1.0;1.0;;;;;;;;;41017
2016-01;3.0;3.0;3.0;3.0;3.0;3.0;2.0;2.0;2.0;;;;;;;;41017
2017-01;3.0;3.0;3.0;3.0;3.0;3.0;3.0;2.0;;;;;;;;;41017
2018-01;5.0;3.0;2.0;2.0;2.0;2.0;2.0;;;;;;;;;;41017
2019-01;2.0;2.0;;2.0;2.0;2.0;;;;;;;;;;;41017
2020-01;2.0;2.0;2.0;2.0;2.0;;;;;;;;;;;;41017
2021-01;4.0;3.0;3.0;2.0;;;;;;;;;;;;;41017
2022-01;5.0;5.0;5.0;;;;;;;;;;;;;;41017
2023-01;2.0;1.0;;;;;;;;;;;;;;;41017
2024-01;3.0;;;;;;;;;;;;;;;;41017
2010-01;13.0;11.0;9.0;8.0;7.0;7.0;6.0;6.0;6.0;6.0;6.0;6.0;5.0;5.0;5.0;;41018
2011-01;2.0;1.0;1.0;2.0;1.0;1.0;1.0;1.0;;;;;;;;;41018
2012-01;2.0;2.0;2.0;2.0;2.0;2.0;2.0;2.0;2.0;2.0;2.0;2.0;2.0;;;;41018
2013-01;2.0;1.0;1.0;1.0;;;;;;;;;;;;;41018
2014-01;2.0;;;;;;;;;;;;;;;;41018
2015-01;1.0;;;;;;;;;;;;;;;;41018
2016-01;2.0;;;;;;;;;;;;;;;;41018
2017-01;3.0;2.0;2.0;2.0;2.0;2.0;2.0;2.0;;;;;;;;;41018
2018-01;3.0;3.0;3.0;3.0;3.0;2.0;2.0;;;;;;;;;;41018
2019-01;1.0;1.0;1.0;1.0;1.0;1.0;;;;;;;;;;;41018
2020-01;1.0;1.0;1.0;;;;;;;;;;;;;;41018
2022-01;1.0;1.0;1.0;;;;;;;;;;;;;;41018
2024-01;1.0;;;;;;;;;;;;;;;;41018
2010-01;11.0;9.0;9.0;6.0;5.0;4.0;4.0;4.0;5.0;4.0;5.0;5.0;5.0;5.0;5.0;;41016
2011-01;3.0;3.0;3.0;3.0;2.0;1.0;1.0;1.0;1.0;1.0;1.0;1.0;1.0;1.0;;;41016
2012-01;1.0;1.0;;;;;;;;;1.0;1.0;1.0;;;;41016
2013-01;2.0;1.0;1.0;1.0;1.0;1.0;1.0;1.0;1.0;1.0;1.0;1.0;;;;;41016
2014-01;4.0;4.0;4.0;3.0;3.0;3.0;3.0;3.0;3.0;3.0;3.0;;;;;;41016
2015-01;3.0;3.0;3.0;1.0;1.0;1.0;1.0;1.0;1.0;1.0;;;;;;;41016
2016-01;2.0;1.0;1.0;1.0;1.0;1.0;1.0;1.0;1.0;;;;;;;;41016
2017-01;3.0;3.0;3.0;2.0;2.0;2.0;1.0;1.0;;;;;;;;;41016
2018-01;1.0;;;;;;;;;;;;;;;;41016
2019-01;5.0;2.0;2.0;2.0;2.0;1.0;;;;;;;;;;;41016
2020-01;1.0;1.0;;;;;;;;;;;;;;;41016
2022-01;1.0;1.0;;;;;;;;;;;;;;;41016
2023-01;2.0;2.0;;;;;;;;;;;;;;;41016
2024-01;2.0;;;;;;;;;;;;;;;;41016
2010-01;5.0;4.0;3.0;3.0;3.0;3.0;3.0;3.0;3.0;3.0;3.0;3.0;3.0;3.0;3.0;;41011
2012-01;3.0;3.0;3.0;3.0;2.0;2.0;2.0;2.0;2.0;2.0;2.0;2.0;2.0;;;;41011
2014-01;2.0;2.0;1.0;1.0;1.0;1.0;1.0;1.0;1.0;1.0;1.0;;;;;;41011
2017-01;2.0;2.0;;;;;;;;;;;;;;;41011
2018-01;1.0;;;;;;;;;;;;;;;;41011
2019-01;3.0;2.0;2.0;1.0;2.0;2.0;;;;;;;;;;;41011
2020-01;6.0;6.0;6.0;6.0;5.0;;;;;;;;;;;;41011
2021-01;2.0;2.0;2.0;1.0;;;;;;;;;;;;;41011
2022-01;3.0;3.0;3.0;;;;;;;;;;;;;;41011
2023-01;2.0;1.0;;;;;;;;;;;;;;;41011
2024-01;1.0;;;;;;;;;;;;;;;;41011
2010-01;12.0;11.0;5.0;5.0;5.0;5.0;4.0;4.0;5.0;5.0;5.0;5.0;5.0;4.0;5.0;;41020
2011-01;3.0;1.0;1.0;1.0;1.0;1.0;1.0;1.0;1.0;1.0;1.0;1.0;1.0;;;;41020
2012-01;2.0;2.0;1.0;1.0;;;;;;;;;;;;;41020
2014-01;1.0;1.0;1.0;1.0;;;;;;;;;;;;;41020
2016-01;2.0;2.0;2.0;1.0;1.0;2.0;2.0;1.0;;;;;;;;;41020
2017-01;1.0;1.0;1.0;1.0;1.0;1.0;1.0;1.0;;;;;;;;;41020
2018-01;2.0;1.0;1.0;1.0;1.0;1.0;1.0;;;;;;;;;;41020
2019-01;2.0;1.0;1.0;1.0;1.0;1.0;;;;;;;;;;;41020
2020-01;2.0;2.0;2.0;1.0;;;;;;;;;;;;;41020
2022-01;2.0;1.0;1.0;;;;;;;;;;;;;;41020
2023-01;2.0;2.0;;;;;;;;;;;;;;;41020
2024-01;6.0;;;;;;;;;;;;;;;;41020
2010-01;19.0;18.0;15.0;15.0;14.0;13.0;12.0;11.0;11.0;11.0;10.0;10.0;10.0;9.0;9.0;;41015
2011-01;4.0;2.0;3.0;2.0;2.0;2.0;2.0;2.0;2.0;2.0;2.0;2.0;1.0;1.0;;;41015
2012-01;5.0;3.0;3.0;;2.0;2.0;2.0;2.0;1.0;1.0;1.0;1.0;1.0;;;;41015
2013-01;1.0;1.0;1.0;1.0;1.0;1.0;1.0;1.0;1.0;1.0;1.0;1.0;;;;;41015
2014-01;3.0;3.0;3.0;3.0;2.0;1.0;;;1.0;;;;;;;;41015
2015-01;4.0;3.0;2.0;1.0;1.0;1.0;1.0;1.0;1.0;1.0;;;;;;;41015
2016-01;8.0;6.0;5.0;4.0;4.0;4.0;4.0;4.0;3.0;;;;;;;;41015
2017-01;2.0;2.0;2.0;1.0;1.0;2.0;2.0;2.0;;;;;;;;;41015
2018-01;7.0;6.0;6.0;6.0;6.0;6.0;6.0;;;;;;;;;;41015
2019-01;2.0;2.0;2.0;2.0;1.0;1.0;;;;;;;;;;;41015
2020-01;6.0;6.0;4.0;3.0;3.0;;;;;;;;;;;;41015
2021-01;4.0;3.0;3.0;2.0;;;;;;;;;;;;;41015
2022-01;6.0;5.0;4.0;;;;;;;;;;;;;;41015
2023-01;8.0;8.0;;;;;;;;;;;;;;;41015
2024-01;8.0;;;;;;;;;;;;;;;;41015
2010-01;14.0;13.0;11.0;11.0;10.0;10.0;7.0;8.0;8.0;8.0;8.0;9.0;6.0;6.0;6.0;;41008
2011-01;3.0;2.0;2.0;2.0;2.0;1.0;1.0;1.0;1.0;1.0;1.0;1.0;1.0;1.0;;;41008
2012-01;2.0;1.0;1.0;1.0;1.0;1.0;1.0;1.0;;;;;;;;;41008
2013-01;2.0;2.0;2.0;1.0;;;;;;;;;;;;;41008
2014-01;3.0;2.0;1.0;1.0;1.0;1.0;;;;;;;;;;;41008
2015-01;3.0;3.0;3.0;3.0;3.0;3.0;3.0;3.0;3.0;3.0;;;;;;;41008
2016-01;4.0;2.0;2.0;2.0;1.0;1.0;1.0;;;;;;;;;;41008
2017-01;1.0;1.0;;;;;;;;;;;;;;;41008
2018-01;1.0;;;;;;;;;;;;;;;;41008
2019-01;3.0;2.0;1.0;1.0;;;;;;;;;;;;;41008
2020-01;3.0;2.0;1.0;1.0;2.0;;;;;;;;;;;;41008
2021-01;7.0;4.0;3.0;2.0;;;;;;;;;;;;;41008
2022-01;4.0;3.0;2.0;;;;;;;;;;;;;;41008
2023-01;2.0;2.0;;;;;;;;;;;;;;;41008
2024-01;1.0;;;;;;;;;;;;;;;;41008
2010-01;25.0;17.0;13.0;13.0;14.0;13.0;13.0;12.0;7.0;7.0;5.0;6.0;8.0;8.0;8.0;;41010
2011-01;8.0;7.0;6.0;4.0;3.0;2.0;2.0;1.0;1.0;1.0;1.0;;;;;;41010
2012-01;3.0;2.0;1.0;;;1.0;;;;;;;;;;;41010
2013-01;3.0;3.0;2.0;2.0;2.0;2.0;2.0;2.0;1.0;1.0;1.0;1.0;;;;;41010
2014-01;7.0;6.0;5.0;4.0;2.0;2.0;2.0;1.0;1.0;1.0;1.0;;;;;;41010
2015-01;7.0;5.0;4.0;4.0;3.0;2.0;2.0;2.0;2.0;2.0;;;;;;;41010
2016-01;7.0;7.0;6.0;4.0;2.0;2.0;1.0;2.0;2.0;;;;;;;;41010
2017-01;6.0;4.0;3.0;4.0;3.0;3.0;3.0;2.0;;;;;;;;;41010
2018-01;6.0;6.0;2.0;2.0;2.0;2.0;2.0;;;;;;;;;;41010
2019-01;3.0;1.0;1.0;1.0;1.0;1.0;;;;;;;;;;;41010
2020-01;12.0;12.0;10.0;7.0;6.0;;;;;;;;;;;;41010
2021-01;1.0;1.0;1.0;1.0;;;;;;;;;;;;;41010
2022-01;2.0;2.0;2.0;;;;;;;;;;;;;;41010
2023-01;5.0;4.0;;;;;;;;;;;;;;;41010
2024-01;4.0;;;;;;;;;;;;;;;;41010
2010-01;9.0;6.0;3.0;3.0;3.0;3.0;3.0;2.0;2.0;1.0;1.0;1.0;1.0;1.0;1.0;;41005
2011-01;2.0;2.0;1.0;;;;;;;;;;;;;;41005
2012-01;6.0;5.0;4.0;4.0;3.0;3.0;3.0;3.0;3.0;3.0;3.0;3.0;3.0;;;;41005
2013-01;1.0;1.0;1.0;1.0;1.0;1.0;1.0;1.0;;;;;;;;;41005
2014-01;1.0;1.0;1.0;1.0;;;;;;;;;;;;;41005
2016-01;1.0;1.0;1.0;1.0;;;;;;;;;;;;;41005
2017-01;1.0;1.0;1.0;;;;;;;;;;;;;;41005
2018-01;5.0;3.0;2.0;2.0;1.0;1.0;1.0;;;;;;;;;;41005
2019-01;2.0;1.0;2.0;2.0;2.0;1.0;;;;;;;;;;;41005
2020-01;3.0;3.0;2.0;2.0;2.0;;;;;;;;;;;;41005
2022-01;1.0;1.0;1.0;;;;;;;;;;;;;;41005
2023-01;2.0;2.0;;;;;;;;;;;;;;;41005
2024-01;1.0;;;;;;;;;;;;;;;;41005
2010-01;21.0;13.0;10.0;8.0;8.0;7.0;7.0;6.0;6.0;6.0;6.0;6.0;6.0;7.0;6.0;;41003
2011-01;4.0;2.0;;1.0;1.0;;;;1.0;1.0;;;;;;;41003
2012-01;4.0;4.0;3.0;2.0;2.0;2.0;2.0;2.0;2.0;2.0;2.0;1.0;1.0;;;;41003
2013-01;2.0;2.0;1.0;2.0;1.0;1.0;1.0;1.0;;;;;;;;;41003
2014-01;5.0;3.0;3.0;3.0;3.0;3.0;3.0;3.0;3.0;3.0;3.0;;;;;;41003
2015-01;7.0;7.0;6.0;4.0;3.0;4.0;4.0;3.0;2.0;2.0;;;;;;;41003
2016-01;6.0;6.0;5.0;4.0;4.0;3.0;4.0;4.0;3.0;;;;;;;;41003
2017-01;3.0;3.0;2.0;2.0;2.0;2.0;1.0;1.0;;;;;;;;;41003
2018-01;3.0;2.0;1.0;1.0;1.0;1.0;1.0;;;;;;;;;;41003
2019-01;4.0;4.0;4.0;4.0;4.0;4.0;;;;;;;;;;;41003
2020-01;2.0;1.0;2.0;2.0;2.0;;;;;;;;;;;;41003
2021-01;2.0;2.0;2.0;2.0;;;;;;;;;;;;;41003
2023-01;1.0;;;;;;;;;;;;;;;;41003
2024-01;5.0;;;;;;;;;;;;;;;;41003
2010-01;21.0;15.0;12.0;10.0;8.0;8.0;8.0;8.0;7.0;7.0;7.0;7.0;6.0;5.0;5.0;;41019
2011-01;5.0;5.0;4.0;4.0;3.0;2.0;2.0;3.0;2.0;2.0;2.0;2.0;3.0;3.0;;;41019
2012-01;2.0;1.0;1.0;1.0;1.0;;;;;;;;;;;;41019
2013-01;5.0;5.0;4.0;4.0;3.0;1.0;1.0;1.0;1.0;1.0;1.0;1.0;;;;;41019
2014-01;2.0;2.0;2.0;2.0;2.0;2.0;2.0;2.0;2.0;2.0;2.0;;;;;;41019
2015-01;3.0;2.0;2.0;2.0;2.0;2.0;2.0;;;1.0;;;;;;;41019
2016-01;2.0;1.0;1.0;1.0;1.0;1.0;1.0;1.0;;;;;;;;;41019
2017-01;4.0;4.0;2.0;1.0;2.0;1.0;1.0;1.0;;;;;;;;;41019
2019-01;5.0;4.0;4.0;3.0;2.0;1.0;;;;;;;;;;;41019
2020-01;1.0;1.0;1.0;1.0;1.0;;;;;;;;;;;;41019
2021-01;2.0;2.0;2.0;1.0;;;;;;;;;;;;;41019
2022-01;6.0;5.0;3.0;;;;;;;;;;;;;;41019
2023-01;2.0;1.0;;;;;;;;;;;;;;;41019
2024-01;2.0;;;;;;;;;;;;;;;;41019
2010-01;6.0;4.0;3.0;3.0;2.0;2.0;2.0;2.0;2.0;2.0;2.0;2.0;2.0;2.0;2.0;;41013
2011-01;1.0;1.0;1.0;1.0;;;;;;;;;;;;;41013
2013-01;1.0;1.0;1.0;1.0;1.0;1.0;1.0;;;;;1.0;;;;;41013
2015-01;1.0;;;;;;;;;;;;;;;;41013
2017-01;1.0;1.0;1.0;1.0;1.0;1.0;1.0;1.0;;;;;;;;;41013
2020-01;1.0;1.0;1.0;1.0;1.0;;;;;;;;;;;;41013
2022-01;3.0;1.0;2.0;;;;;;;;;;;;;;41013
2010-01;12.0;10.0;6.0;6.0;6.0;6.0;3.0;3.0;4.0;3.0;3.0;3.0;3.0;3.0;3.0;;41007
2011-01;1.0;;;;;;1.0;;;;;;;;;;41007
2012-01;5.0;3.0;1.0;1.0;1.0;1.0;1.0;1.0;1.0;1.0;1.0;1.0;1.0;;;;41007
2013-01;1.0;1.0;1.0;1.0;1.0;;;;;;;;;;;;41007
2014-01;2.0;2.0;2.0;2.0;2.0;2.0;2.0;2.0;1.0;1.0;1.0;;;;;;41007
2018-01;2.0;2.0;1.0;1.0;1.0;1.0;2.0;;;;;;;;;;41007
2019-01;1.0;1.0;;;;;;;;;;;;;;;41007
2020-01;1.0;1.0;1.0;1.0;1.0;;;;;;;;;;;;41007
2021-01;4.0;3.0;3.0;3.0;;;;;;;;;;;;;41007
2022-01;1.0;1.0;1.0;;;;;;;;;;;;;;41007
2024-01;2.0;;;;;;;;;;;;;;;;41007
2010-01;6.0;6.0;5.0;3.0;3.0;3.0;3.0;3.0;1.0;;;;;;;;41021
2013-01;3.0;3.0;3.0;2.0;1.0;1.0;1.0;1.0;1.0;1.0;1.0;1.0;;;;;41021
2015-01;1.0;1.0;;;;;;;;;;;;;;;41021
2016-01;2.0;2.0;2.0;2.0;2.0;2.0;2.0;2.0;2.0;;;;;;;;41021
2017-01;2.0;2.0;2.0;2.0;2.0;2.0;2.0;2.0;;;;;;;;;41021
2018-01;1.0;1.0;;;;1.0;1.0;;;;;;;;;;41021
2019-01;1.0;1.0;1.0;;;;;;;;;;;;;;41021
2023-01;1.0;1.0;;;;;;;;;;;;;;;41021
2010-01;15.0;13.0;11.0;10.0;9.0;8.0;5.0;5.0;5.0;6.0;5.0;5.0;6.0;6.0;6.0;;41009
2011-01;3.0;2.0;2.0;1.0;1.0;1.0;1.0;1.0;1.0;1.0;1.0;1.0;1.0;1.0;;;41009
2012-01;1.0;;;;;;;;;;;;;;;;41009
2013-01;2.0;2.0;2.0;1.0;2.0;2.0;2.0;2.0;2.0;1.0;1.0;1.0;;;;;41009
2014-01;3.0;2.0;;;;;1.0;1.0;1.0;1.0;1.0;;;;;;41009
2015-01;1.0;1.0;1.0;1.0;1.0;1.0;1.0;1.0;1.0;1.0;;;;;;;41009
2016-01;2.0;1.0;1.0;1.0;1.0;1.0;1.0;1.0;1.0;;;;;;;;41009
2017-01;1.0;1.0;1.0;1.0;1.0;1.0;1.0;1.0;;;;;;;;;41009
2018-01;3.0;2.0;2.0;2.0;1.0;1.0;1.0;;;;;;;;;;41009
2019-01;10.0;6.0;6.0;7.0;7.0;7.0;;;;;;;;;;;41009
2020-01;5.0;5.0;4.0;4.0;4.0;;;;;;;;;;;;41009
2021-01;3.0;3.0;3.0;3.0;;;;;;;;;;;;;41009
2022-01;4.0;4.0;4.0;;;;;;;;;;;;;;41009
2023-01;8.0;7.0;;;;;;;;;;;;;;;41009
2024-01;10.0;;;;;;;;;;;;;;;;41009
2010-01;16.0;13.0;10.0;10.0;9.0;9.0;9.0;7.0;8.0;7.0;6.0;6.0;8.0;8.0;8.0;;41001
2011-01;6.0;5.0;4.0;4.0;4.0;3.0;3.0;3.0;4.0;3.0;3.0;3.0;3.0;3.0;;;41001
2013-01;2.0;2.0;1.0;2.0;2.0;2.0;2.0;1.0;1.0;1.0;1.0;1.0;;;;;41001
2015-01;2.0;2.0;1.0;1.0;;1.0;1.0;1.0;1.0;1.0;;;;;;;41001
2016-01;1.0;1.0;1.0;1.0;1.0;1.0;1.0;1.0;;;;;;;;;41001
2017-01;1.0;1.0;1.0;1.0;1.0;1.0;1.0;1.0;;;;;;;;;41001
2018-01;2.0;2.0;1.0;1.0;1.0;1.0;1.0;;;;;;;;;;41001
2019-01;2.0;2.0;2.0;1.0;1.0;1.0;;;;;;;;;;;41001
2020-01;3.0;3.0;1.0;1.0;1.0;;;;;;;;;;;;41001
2021-01;1.0;1.0;1.0;1.0;;;;;;;;;;;;;41001
2022-01;3.0;3.0;3.0;;;;;;;;;;;;;;41001
2023-01;4.0;1.0;;;;;;;;;;;;;;;41001
2024-01;6.0;;;;;;;;;;;;;;;;41001
2010-01;1.0;1.0;1.0;1.0;1.0;1.0;1.0;1.0;1.0;;;;;;;;41004
2015-01;1.0;1.0;1.0;1.0;1.0;1.0;1.0;1.0;1.0;1.0;;;;;;;41004
2019-01;5.0;4.0;2.0;2.0;2.0;2.0;;;;;;;;;;;41004
2020-01;1.0;1.0;1.0;1.0;1.0;;;;;;;;;;;;41004
2021-01;1.0;1.0;1.0;1.0;;;;;;;;;;;;;41004
2023-01;1.0;1.0;;;;;;;;;;;;;;;41004
2010-01;5.0;3.0;3.0;3.0;3.0;3.0;2.0;1.0;1.0;1.0;1.0;1.0;1.0;1.0;1.0;;41022
2011-01;1.0;1.0;1.0;1.0;1.0;1.0;1.0;;;;;;;;;;41022
2015-01;1.0;;;;;;;;;;;;;;;;41022
2016-01;1.0;;;;;;;;;;;;;;;;41022
2017-01;2.0;1.0;1.0;1.0;1.0;1.0;1.0;1.0;;;;;;;;;41022
2018-01;1.0;1.0;;;;;;;;;;;;;;;41022
2019-01;1.0;;;;;;;;;;;;;;;;41022
2020-01;1.0;1.0;1.0;1.0;1.0;;;;;;;;;;;;41022
2022-01;1.0;1.0;1.0;;;;;;;;;;;;;;41022
2023-01;1.0;1.0;;;;;;;;;;;;;;;41022
2010-01;6.0;5.0;4.0;4.0;2.0;2.0;2.0;2.0;2.0;2.0;2.0;2.0;2.0;2.0;2.0;;41006
2011-01;1.0;;;;;;;;;;;;;;;;41006
2012-01;1.0;1.0;1.0;1.0;;;;;;;;;;;;;41006
2013-01;2.0;2.0;2.0;2.0;;;;;1.0;1.0;1.0;1.0;;;;;41006
2016-01;2.0;2.0;1.0;1.0;1.0;1.0;1.0;1.0;1.0;;;;;;;;41006
2018-01;1.0;;;;;;;;;;;;;;;;41006
2019-01;2.0;2.0;2.0;1.0;1.0;1.0;;;;;;;;;;;41006
2020-01;1.0;1.0;1.0;;;;;;;;;;;;;;41006
2021-01;1.0;1.0;1.0;1.0;;;;;;;;;;;;;41006
2022-01;2.0;1.0;1.0;;;;;;;;;;;;;;41006
2023-01;2.0;2.0;;;;;;;;;;;;;;;41006
2024-01;1.0;;;;;;;;;;;;;;;;41006
2010-01;7.0;6.0;3.0;3.0;3.0;3.0;1.0;1.0;1.0;1.0;1.0;1.0;1.0;;;;33001
2012-01;2.0;2.0;2.0;2.0;2.0;2.0;2.0;1.0;1.0;1.0;1.0;1.0;1.0;;;;33001
2013-01;1.0;1.0;1.0;1.0;1.0;1.0;1.0;1.0;1.0;1.0;;;;;;;33001
2014-01;1.0;1.0;1.0;1.0;1.0;1.0;1.0;1.0;1.0;1.0;1.0;;;;;;33001
2023-01;1.0;1.0;;;;;;;;;;;;;;;33001
2024-01;1.0;;;;;;;;;;;;;;;;33001
2010-01;10.0;7.0;5.0;6.0;5.0;5.0;5.0;5.0;4.0;3.0;3.0;4.0;2.0;2.0;3.0;;33007
2011-01;1.0;1.0;1.0;;;;;;;;;;;;;;33007
2012-01;2.0;2.0;1.0;1.0;;;;;;;;1.0;1.0;;;;33007
2013-01;1.0;1.0;1.0;1.0;1.0;1.0;1.0;1.0;1.0;1.0;1.0;1.0;;;;;33007
2014-01;3.0;3.0;1.0;2.0;2.0;3.0;2.0;;1.0;1.0;1.0;;;;;;33007
2015-01;1.0;1.0;1.0;1.0;1.0;1.0;1.0;1.0;1.0;1.0;;;;;;;33007
2016-01;1.0;;1.0;1.0;1.0;1.0;;;;;;;;;;;33007
2018-01;1.0;1.0;1.0;1.0;1.0;1.0;1.0;;;;;;;;;;33007
2019-01;2.0;2.0;2.0;2.0;2.0;2.0;;;;;;;;;;;33007
2020-01;1.0;1.0;;;;;;;;;;;;;;;33007
2021-01;2.0;1.0;1.0;1.0;;;;;;;;;;;;;33007
2022-01;3.0;2.0;3.0;;;;;;;;;;;;;;33007
2023-01;3.0;2.0;;;;;;;;;;;;;;;33007
2024-01;2.0;;;;;;;;;;;;;;;;33007
2010-01;17.0;11.0;11.0;12.0;13.0;14.0;13.0;11.0;10.0;11.0;11.0;11.0;11.0;11.0;10.0;;33002
2011-01;5.0;5.0;5.0;5.0;5.0;4.0;3.0;4.0;4.0;5.0;5.0;5.0;5.0;3.0;;;33002
2012-01;1.0;1.0;1.0;1.0;1.0;;1.0;1.0;1.0;1.0;1.0;1.0;1.0;;;;33002
2013-01;1.0;1.0;;;;1.0;;;;;;;;;;;33002
2014-01;1.0;1.0;1.0;1.0;;1.0;1.0;1.0;1.0;1.0;1.0;;;;;;33002
2015-01;4.0;4.0;3.0;1.0;1.0;1.0;;1.0;1.0;1.0;;;;;;;33002
2016-01;6.0;5.0;4.0;3.0;2.0;2.0;1.0;2.0;2.0;;;;;;;;33002
2017-01;4.0;3.0;2.0;2.0;3.0;4.0;4.0;4.0;;;;;;;;;33002
2018-01;3.0;2.0;1.0;1.0;1.0;1.0;1.0;;;;;;;;;;33002
2019-01;2.0;2.0;2.0;1.0;1.0;1.0;;;;;;;;;;;33002
2020-01;11.0;11.0;7.0;8.0;5.0;;;;;;;;;;;;33002
2021-01;1.0;1.0;;;;;;;;;;;;;;;33002
2022-01;2.0;2.0;2.0;;;;;;;;;;;;;;33002
2023-01;8.0;7.0;;;;;;;;;;;;;;;33002
2024-01;8.0;;;;;;;;;;;;;;;;33002
2010-01;13.0;12.0;8.0;6.0;5.0;5.0;5.0;4.0;4.0;4.0;4.0;4.0;3.0;3.0;3.0;;33004
2011-01;4.0;3.0;2.0;2.0;1.0;1.0;1.0;1.0;1.0;1.0;1.0;1.0;1.0;1.0;;;33004
2012-01;4.0;2.0;2.0;2.0;1.0;1.0;1.0;1.0;1.0;1.0;1.0;;1.0;;;;33004
2013-01;5.0;5.0;5.0;4.0;4.0;4.0;4.0;4.0;4.0;2.0;2.0;2.0;;;;;33004
2014-01;6.0;6.0;5.0;5.0;5.0;4.0;3.0;3.0;3.0;3.0;1.0;;;;;;33004
2015-01;3.0;2.0;2.0;3.0;3.0;3.0;3.0;2.0;2.0;2.0;;;;;;;33004
2016-01;2.0;2.0;1.0;1.0;2.0;1.0;1.0;1.0;1.0;;;;;;;;33004
2018-01;3.0;3.0;3.0;3.0;2.0;2.0;2.0;;;;;;;;;;33004
2019-01;3.0;3.0;3.0;3.0;3.0;3.0;;;;;;;;;;;33004
2020-01;9.0;8.0;8.0;8.0;8.0;;;;;;;;;;;;33004
2021-01;1.0;1.0;;;;;;;;;;;;;;;33004
2022-01;1.0;1.0;1.0;;;;;;;;;;;;;;33004
2023-01;3.0;2.0;;;;;;;;;;;;;;;33004
2024-01;1.0;;;;;;;;;;;;;;;;33004
2010-01;328.0;298.0;267.0;243.0;240.0;219.0;208.0;186.0;192.0;179.0;157.0;139.0;134.0;128.0;128.0;;33005
2011-01;38.0;27.0;24.0;22.0;22.0;19.0;15.0;10.0;9.0;10.0;9.0;12.0;12.0;14.0;;;33005
2012-01;50.0;40.0;35.0;31.0;31.0;29.0;27.0;23.0;24.0;21.0;22.0;19.0;20.0;;;;33005
2013-01;38.0;34.0;22.0;18.0;19.0;17.0;17.0;13.0;11.0;11.0;12.0;9.0;;;;;33005
2014-01;49.0;44.0;39.0;33.0;30.0;25.0;22.0;22.0;22.0;22.0;17.0;;;;;;33005
2015-01;36.0;30.0;27.0;23.0;20.0;14.0;11.0;12.0;12.0;13.0;;;;;;;33005
2016-01;25.0;20.0;15.0;12.0;9.0;8.0;8.0;5.0;5.0;;;;;;;;33005
2017-01;49.0;44.0;39.0;33.0;26.0;23.0;22.0;21.0;;;;;;;;;33005
2018-01;20.0;16.0;14.0;11.0;13.0;11.0;8.0;;;;;;;;;;33005
2019-01;45.0;30.0;27.0;23.0;19.0;16.0;;;;;;;;;;;33005
2020-01;43.0;40.0;36.0;30.0;23.0;;;;;;;;;;;;33005
2021-01;31.0;23.0;15.0;15.0;;;;;;;;;;;;;33005
2022-01;46.0;39.0;27.0;;;;;;;;;;;;;;33005
2023-01;52.0;43.0;;;;;;;;;;;;;;;33005
2024-01;75.0;;;;;;;;;;;;;;;;33005
2010-01;29.0;24.0;22.0;18.0;16.0;15.0;12.0;12.0;12.0;11.0;10.0;9.0;8.0;9.0;7.0;;33009
2011-01;3.0;3.0;3.0;3.0;3.0;3.0;3.0;3.0;1.0;2.0;1.0;2.0;2.0;2.0;;;33009
2012-01;1.0;1.0;1.0;;1.0;1.0;1.0;1.0;1.0;1.0;1.0;1.0;1.0;;;;33009
2013-01;3.0;2.0;1.0;1.0;;;;;;;;;;;;;33009
2014-01;3.0;3.0;3.0;2.0;2.0;2.0;2.0;2.0;2.0;2.0;2.0;;;;;;33009
2015-01;1.0;1.0;1.0;1.0;1.0;1.0;1.0;1.0;1.0;1.0;;;;;;;33009
2016-01;1.0;1.0;1.0;1.0;1.0;1.0;1.0;1.0;;;;;;;;;33009
2018-01;1.0;1.0;1.0;1.0;1.0;1.0;1.0;;;;;;;;;;33009
2019-01;10.0;9.0;9.0;6.0;5.0;5.0;;;;;;;;;;;33009
2020-01;2.0;2.0;;;;;;;;;;;;;;;33009
2021-01;2.0;;;;;;;;;;;;;;;;33009
2022-01;2.0;2.0;2.0;;;;;;;;;;;;;;33009
2023-01;2.0;1.0;;;;;;;;;;;;;;;33009
2024-01;7.0;;;;;;;;;;;;;;;;33009
2010-01;31.0;27.0;27.0;25.0;25.0;24.0;22.0;23.0;21.0;20.0;19.0;17.0;18.0;17.0;18.0;;33008
2011-01;7.0;7.0;6.0;4.0;3.0;3.0;3.0;3.0;3.0;3.0;2.0;2.0;1.0;1.0;;;33008
2012-01;11.0;10.0;10.0;10.0;11.0;10.0;10.0;9.0;9.0;9.0;9.0;9.0;8.0;;;;33008
2013-01;1.0;1.0;1.0;1.0;1.0;1.0;1.0;1.0;1.0;1.0;1.0;;;;;;33008
2014-01;3.0;3.0;3.0;2.0;2.0;2.0;2.0;2.0;2.0;2.0;2.0;;;;;;33008
2015-01;2.0;2.0;1.0;1.0;1.0;1.0;1.0;;;;;;;;;;33008
2016-01;3.0;3.0;3.0;3.0;3.0;2.0;2.0;3.0;3.0;;;;;;;;33008
2018-01;2.0;2.0;2.0;2.0;1.0;1.0;1.0;;;;;;;;;;33008
2019-01;2.0;2.0;2.0;2.0;2.0;2.0;;;;;;;;;;;33008
2020-01;6.0;2.0;2.0;1.0;1.0;;;;;;;;;;;;33008
2021-01;4.0;2.0;3.0;3.0;;;;;;;;;;;;;33008
2022-01;4.0;3.0;2.0;;;;;;;;;;;;;;33008
2023-01;4.0;3.0;;;;;;;;;;;;;;;33008
2024-01;9.0;;;;;;;;;;;;;;;;33008
2010-01;26.0;22.0;9.0;9.0;6.0;7.0;7.0;7.0;6.0;5.0;5.0;5.0;4.0;3.0;3.0;;33003
2011-01;1.0;1.0;1.0;1.0;1.0;1.0;1.0;1.0;1.0;1.0;1.0;1.0;1.0;1.0;;;33003
2012-01;1.0;1.0;1.0;1.0;;;;;;;;;;;;;33003
2013-01;1.0;1.0;1.0;1.0;1.0;1.0;1.0;1.0;1.0;;;;;;;;33003
2014-01;3.0;3.0;2.0;2.0;1.0;1.0;1.0;1.0;1.0;1.0;1.0;;;;;;33003
2016-01;1.0;;;;;;;;;;;;;;;;33003
2017-01;2.0;2.0;2.0;2.0;2.0;1.0;1.0;1.0;;;;;;;;;33003
2018-01;2.0;1.0;;;;;;;;;;;;;;;33003
2019-01;1.0;1.0;1.0;;;;;;;;;;;;;;33003
2020-01;1.0;1.0;1.0;1.0;1.0;;;;;;;;;;;;33003
2021-01;2.0;2.0;2.0;2.0;;;;;;;;;;;;;33003
2022-01;2.0;2.0;1.0;;;;;;;;;;;;;;33003
2024-01;1.0;;;;;;;;;;;;;;;;33003
2010-01;94.0;86.0;78.0;69.0;65.0;63.0;61.0;55.0;53.0;45.0;35.0;30.0;32.0;30.0;33.0;;33006
2011-01;8.0;8.0;6.0;6.0;5.0;5.0;4.0;4.0;4.0;2.0;3.0;4.0;2.0;1.0;;;33006
2012-01;10.0;9.0;4.0;4.0;4.0;3.0;1.0;3.0;3.0;1.0;1.0;1.0;1.0;;;;33006
2013-01;15.0;12.0;11.0;11.0;9.0;8.0;9.0;7.0;8.0;11.0;8.0;6.0;;;;;33006
2014-01;8.0;5.0;6.0;7.0;7.0;6.0;6.0;5.0;5.0;5.0;3.0;;;;;;33006
2015-01;5.0;5.0;4.0;4.0;4.0;4.0;3.0;3.0;2.0;1.0;;;;;;;33006
2016-01;8.0;6.0;6.0;6.0;4.0;4.0;4.0;4.0;3.0;;;;;;;;33006
2017-01;15.0;14.0;13.0;6.0;5.0;5.0;6.0;8.0;;;;;;;;;33006
2018-01;11.0;10.0;7.0;8.0;7.0;5.0;4.0;;;;;;;;;;33006
2019-01;12.0;10.0;10.0;8.0;6.0;7.0;;;;;;;;;;;33006
2020-01;18.0;14.0;11.0;5.0;4.0;;;;;;;;;;;;33006
2021-01;12.0;7.0;6.0;4.0;;;;;;;;;;;;;33006
2022-01;20.0;10.0;7.0;;;;;;;;;;;;;;33006
2023-01;18.0;12.0;;;;;;;;;;;;;;;33006
2024-01;15.0;;;;;;;;;;;;;;;;33006
2010-01;3.0;3.0;;1.0;1.0;1.0;1.0;1.0;1.0;1.0;1.0;1.0;1.0;1.0;1.0;;24004
2011-01;1.0;1.0;1.0;1.0;1.0;1.0;1.0;1.0;1.0;1.0;1.0;1.0;1.0;;;;24004
2012-01;2.0;2.0;2.0;2.0;2.0;2.0;2.0;2.0;1.0;1.0;1.0;1.0;1.0;;;;24004
2013-01;1.0;1.0;1.0;1.0;;;;;;;;;;;;;24004
2014-01;3.0;2.0;2.0;2.0;2.0;2.0;2.0;1.0;1.0;1.0;1.0;;;;;;24004
2015-01;1.0;1.0;;;;;;;;;;;;;;;24004
2016-01;3.0;2.0;1.0;2.0;2.0;2.0;2.0;2.0;2.0;;;;;;;;24004
2017-01;2.0;1.0;1.0;1.0;;;1.0;2.0;;;;;;;;;24004
2018-01;2.0;2.0;2.0;1.0;;1.0;;;;;;;;;;;24004
2010-01;1.0;1.0;1.0;1.0;1.0;1.0;1.0;1.0;1.0;1.0;1.0;1.0;1.0;1.0;1.0;;24008
2014-01;3.0;3.0;3.0;2.0;1.0;;;;;;1.0;;;;;;24008
2018-01;1.0;;;;;;;;;;;;;;;;24008
2024-01;1.0;;;;;;;;;;;;;;;;24008
2010-01;1.0;1.0;1.0;1.0;1.0;;;;;;;;;;;;24003
2011-01;2.0;1.0;1.0;1.0;2.0;1.0;;1.0;1.0;1.0;1.0;1.0;1.0;1.0;;;24003
2012-01;5.0;5.0;4.0;3.0;2.0;2.0;3.0;2.0;2.0;2.0;2.0;2.0;2.0;;;;24003
2014-01;2.0;2.0;2.0;;;;;;;;;;;;;;24003
2015-01;1.0;1.0;1.0;1.0;1.0;1.0;1.0;1.0;1.0;1.0;;;;;;;24003
2017-01;1.0;1.0;1.0;1.0;;1.0;1.0;1.0;;;;;;;;;24003
2018-01;1.0;;;;;;;;;;;;;;;;24003
2019-01;2.0;2.0;2.0;;;;;;;;;;;;;;24003
2010-01;2.0;2.0;2.0;2.0;2.0;2.0;2.0;2.0;2.0;2.0;2.0;2.0;2.0;2.0;2.0;;24006
2011-01;1.0;1.0;1.0;1.0;1.0;;1.0;1.0;1.0;1.0;1.0;1.0;1.0;1.0;;;24006
2012-01;1.0;1.0;1.0;1.0;;;;;;;;;;;;;24006
2013-01;1.0;;;;;;;;;;;;;;;;24006
2014-01;2.0;1.0;1.0;1.0;1.0;;;1.0;1.0;1.0;1.0;;;;;;24006
2016-01;1.0;;;;;;;;;;;;;;;;24006
2017-01;1.0;;;;;;;;;;;;;;;;24006
2018-01;1.0;1.0;1.0;1.0;1.0;1.0;1.0;;;;;;;;;;24006
2019-01;2.0;2.0;2.0;1.0;1.0;1.0;;;;;;;;;;;24006
2021-01;1.0;1.0;;;;;;;;;;;;;;;24006
2022-01;1.0;1.0;;;;;;;;;;;;;;;24006
2024-01;1.0;;;;;;;;;;;;;;;;24006
2010-01;9.0;9.0;8.0;8.0;7.0;7.0;7.0;5.0;5.0;7.0;7.0;7.0;7.0;6.0;6.0;;24002
2011-01;2.0;2.0;2.0;1.0;1.0;1.0;1.0;1.0;1.0;1.0;1.0;1.0;1.0;1.0;;;24002
2012-01;2.0;2.0;1.0;;1.0;1.0;1.0;1.0;1.0;1.0;1.0;1.0;1.0;;;;24002
2013-01;1.0;1.0;1.0;1.0;1.0;1.0;1.0;1.0;1.0;1.0;1.0;1.0;;;;;24002
2014-01;4.0;4.0;4.0;4.0;4.0;2.0;2.0;1.0;1.0;1.0;1.0;;;;;;24002
2017-01;1.0;1.0;1.0;1.0;1.0;1.0;1.0;1.0;;;;;;;;;24002
2018-01;2.0;2.0;2.0;2.0;2.0;2.0;2.0;;;;;;;;;;24002
2019-01;2.0;2.0;2.0;2.0;2.0;2.0;;;;;;;;;;;24002
2020-01;3.0;2.0;2.0;1.0;1.0;;;;;;;;;;;;24002
2021-01;1.0;1.0;1.0;1.0;;;;;;;;;;;;;24002
2023-01;1.0;1.0;;;;;;;;;;;;;;;24002
2024-01;3.0;;;;;;;;;;;;;;;;24002
2010-01;6.0;5.0;5.0;4.0;3.0;4.0;4.0;3.0;3.0;3.0;3.0;3.0;3.0;3.0;3.0;;24001
2011-01;4.0;4.0;3.0;3.0;2.0;2.0;3.0;2.0;2.0;2.0;2.0;1.0;1.0;1.0;;;24001
2012-01;1.0;1.0;;;;;;;;;;;;;;;24001
2013-01;4.0;2.0;;;;;;;;;;;;;;;24001
2014-01;6.0;6.0;6.0;1.0;1.0;2.0;2.0;2.0;;;;;;;;;24001
2015-01;5.0;4.0;2.0;1.0;;;;;;;;;;;;;24001
2016-01;2.0;2.0;2.0;1.0;1.0;1.0;1.0;1.0;1.0;;;;;;;;24001
2017-01;3.0;3.0;1.0;;;;;;;;;;;;;;24001
2018-01;2.0;2.0;1.0;1.0;1.0;;;;;;;;;;;;24001
2019-01;1.0;1.0;;;;;;;;;;;;;;;24001
2022-01;1.0;1.0;1.0;;;;;;;;;;;;;;24001
2024-01;1.0;;;;;;;;;;;;;;;;24001
2010-01;59.0;51.0;54.0;45.0;45.0;43.0;41.0;40.0;36.0;34.0;33.0;26.0;27.0;29.0;29.0;;24007
2011-01;5.0;3.0;3.0;3.0;3.0;3.0;4.0;4.0;4.0;3.0;4.0;4.0;4.0;4.0;;;24007
2012-01;5.0;5.0;5.0;5.0;4.0;4.0;4.0;3.0;4.0;3.0;2.0;2.0;;;;;24007
2013-01;3.0;3.0;3.0;3.0;3.0;3.0;3.0;3.0;2.0;2.0;2.0;2.0;;;;;24007
2014-01;7.0;7.0;7.0;7.0;7.0;7.0;5.0;4.0;4.0;5.0;6.0;;;;;;24007
2015-01;9.0;9.0;6.0;5.0;5.0;4.0;3.0;3.0;6.0;5.0;;;;;;;24007
2016-01;8.0;6.0;4.0;5.0;3.0;3.0;3.0;3.0;3.0;;;;;;;;24007
2017-01;13.0;13.0;13.0;10.0;11.0;12.0;10.0;12.0;;;;;;;;;24007
2018-01;6.0;6.0;5.0;6.0;6.0;6.0;6.0;;;;;;;;;;24007
2019-01;7.0;7.0;7.0;7.0;7.0;7.0;;;;;;;;;;;24007
2020-01;5.0;3.0;3.0;4.0;4.0;;;;;;;;;;;;24007
2021-01;11.0;9.0;10.0;9.0;;;;;;;;;;;;;24007
2022-01;19.0;19.0;19.0;;;;;;;;;;;;;;24007
2023-01;17.0;17.0;;;;;;;;;;;;;;;24007
2024-01;11.0;;;;;;;;;;;;;;;;24007
2010-01;3.0;3.0;2.0;2.0;1.0;1.0;1.0;1.0;1.0;;;;;;;;24005
2012-01;2.0;2.0;1.0;1.0;1.0;2.0;2.0;1.0;1.0;1.0;1.0;1.0;1.0;;;;24005
2013-01;3.0;3.0;3.0;2.0;3.0;2.0;3.0;3.0;3.0;3.0;3.0;2.0;;;;;24005
2014-01;1.0;1.0;1.0;1.0;;;;;;;;;;;;;24005
2016-01;1.0;;;;;;;;;;;;;;;;24005
2017-01;1.0;1.0;1.0;;;;;;;;;;;;;;24005
2018-01;1.0;1.0;1.0;1.0;;;;;;;;;;;;;24005
2019-01;2.0;2.0;1.0;;;;;;;;;;;;;;24005
2020-01;1.0;1.0;;;;;;;;;;;;;;;24005
2023-01;1.0;1.0;;;;;;;;;;;;;;;24005
2010-01;2.0;2.0;2.0;2.0;2.0;2.0;2.0;2.0;2.0;2.0;2.0;2.0;1.0;1.0;1.0;;11001
2017-01;1.0;1.0;1.0;1.0;1.0;1.0;1.0;1.0;;;;;;;;;11001
2019-01;1.0;1.0;1.0;1.0;1.0;1.0;;;;;;;;;;;11001
2023-01;1.0;1.0;;;;;;;;;;;;;;;11001
2010-01;1.0;1.0;1.0;;;;;;;;;;;;;;11002
2018-01;1.0;1.0;1.0;1.0;;;;;;;;;;;;;11002
2019-01;1.0;1.0;1.0;1.0;1.0;;;;;;;;;;;;11002
2023-01;2.0;2.0;;;;;;;;;;;;;;;11002
2024-01;1.0;;;;;;;;;;;;;;;;11002
2010-01;1.0;1.0;;;;;;;;;;;;;;;11006
2015-01;1.0;1.0;1.0;1.0;1.0;1.0;1.0;;;;;;;;;;11006
2017-01;1.0;1.0;1.0;1.0;1.0;1.0;1.0;;;;;;;;;;11006
2019-01;1.0;1.0;1.0;1.0;1.0;1.0;;;;;;;;;;;11006
2020-01;2.0;2.0;1.0;1.0;1.0;;;;;;;;;;;;11006
2021-01;1.0;1.0;;;;;;;;;;;;;;;11006
2022-01;1.0;1.0;;;;;;;;;;;;;;;11006
2023-01;2.0;1.0;;;;;;;;;;;;;;;11006
2024-01;1.0;;;;;;;;;;;;;;;;11006
2010-01;1.0;1.0;1.0;1.0;1.0;1.0;1.0;1.0;1.0;1.0;1.0;1.0;1.0;1.0;1.0;;11003
2019-01;1.0;1.0;1.0;1.0;1.0;1.0;;;;;;;;;;;11003
2020-01;1.0;1.0;1.0;;;;;;;;;;;;;;11003
2021-01;1.0;1.0;;;;;;;;;;;;;;;11003
2022-01;3.0;2.0;1.0;;;;;;;;;;;;;;11003
2024-01;1.0;;;;;;;;;;;;;;;;11003
2010-01;2.0;2.0;2.0;1.0;1.0;1.0;1.0;1.0;1.0;1.0;1.0;1.0;1.0;1.0;1.0;;11005
2019-01;1.0;1.0;1.0;;;;;;;;;;;;;;11005
2020-01;1.0;1.0;1.0;1.0;1.0;;;;;;;;;;;;11005
2023-01;2.0;2.0;;;;;;;;;;;;;;;11005
2010-01;3.0;3.0;3.0;3.0;3.0;3.0;3.0;3.0;3.0;3.0;2.0;2.0;2.0;2.0;2.0;;11004
2011-01;2.0;2.0;2.0;2.0;2.0;1.0;1.0;1.0;1.0;1.0;1.0;1.0;1.0;1.0;;;11004
2012-01;2.0;2.0;2.0;2.0;2.0;2.0;2.0;2.0;1.0;1.0;1.0;;1.0;;;;11004
2014-01;1.0;1.0;1.0;1.0;1.0;1.0;1.0;1.0;1.0;1.0;1.0;;;;;;11004
2015-01;1.0;1.0;;;;;;;;;;;;;;;11004
2016-01;6.0;6.0;5.0;5.0;5.0;5.0;3.0;4.0;2.0;;;;;;;;11004
2017-01;2.0;2.0;2.0;2.0;2.0;2.0;2.0;2.0;;;;;;;;;11004
2018-01;6.0;6.0;6.0;6.0;6.0;6.0;6.0;;;;;;;;;;11004
2020-01;4.0;3.0;3.0;4.0;4.0;;;;;;;;;;;;11004
2021-01;9.0;8.0;7.0;7.0;;;;;;;;;;;;;11004
2022-01;7.0;6.0;5.0;;;;;;;;;;;;;;11004
2023-01;2.0;2.0;;;;;;;;;;;;;;;11004
2024-01;1.0;;;;;;;;;;;;;;;;11004
2010-01;6.0;5.0;5.0;3.0;1.0;1.0;1.0;1.0;1.0;1.0;1.0;1.0;1.0;1.0;1.0;;14001
2011-01;2.0;2.0;1.0;1.0;1.0;1.0;1.0;1.0;1.0;1.0;1.0;1.0;1.0;1.0;;;14001
2013-01;1.0;1.0;1.0;1.0;1.0;1.0;1.0;1.0;1.0;1.0;1.0;1.0;;;;;14001
2014-01;6.0;6.0;6.0;6.0;6.0;6.0;6.0;5.0;5.0;5.0;5.0;;;;;;14001
2015-01;4.0;4.0;4.0;4.0;4.0;3.0;4.0;4.0;4.0;4.0;;;;;;;14001
2016-01;1.0;1.0;1.0;1.0;1.0;1.0;1.0;1.0;1.0;;;;;;;;14001
2019-01;2.0;2.0;2.0;1.0;1.0;1.0;;;;;;;;;;;14001
2020-01;1.0;1.0;1.0;1.0;;;;;;;;;;;;;14001
2022-01;2.0;2.0;2.0;;;;;;;;;;;;;;14001
2023-01;2.0;2.0;;;;;;;;;;;;;;;14001
2024-01;4.0;;;;;;;;;;;;;;;;14001
2010-01;9.0;7.0;6.0;4.0;5.0;2.0;2.0;2.0;2.0;3.0;3.0;3.0;4.0;4.0;4.0;;43001
2011-01;2.0;2.0;2.0;2.0;;;;1.0;2.0;1.0;1.0;1.0;1.0;1.0;;;43001
2012-01;1.0;1.0;1.0;;;;;;;;;;;;;;43001
2013-01;1.0;1.0;1.0;1.0;1.0;1.0;1.0;;;;;;;;;;43001
2014-01;1.0;1.0;1.0;1.0;1.0;1.0;1.0;1.0;1.0;1.0;1.0;;;;;;43001
2015-01;14.0;11.0;8.0;9.0;7.0;4.0;4.0;3.0;2.0;3.0;;;;;;;43001
2016-01;6.0;6.0;3.0;4.0;5.0;5.0;5.0;5.0;2.0;;;;;;;;43001
2017-01;1.0;;;;;;;;;;;;;;;;43001
2018-01;11.0;9.0;8.0;8.0;7.0;7.0;4.0;;;;;;;;;;43001
2019-01;12.0;10.0;5.0;5.0;4.0;4.0;;;;;;;;;;;43001
2020-01;20.0;18.0;12.0;10.0;10.0;;;;;;;;;;;;43001
2021-01;12.0;11.0;5.0;5.0;;;;;;;;;;;;;43001
2022-01;16.0;14.0;12.0;;;;;;;;;;;;;;43001
2023-01;18.0;18.0;;;;;;;;;;;;;;;43001
2024-01;28.0;;;;;;;;;;;;;;;;43001
2010-01;6.0;5.0;2.0;1.0;1.0;1.0;1.0;1.0;1.0;1.0;1.0;1.0;1.0;1.0;1.0;;43003
2011-01;2.0;2.0;2.0;2.0;2.0;2.0;2.0;2.0;2.0;2.0;2.0;2.0;2.0;2.0;;;43003
2012-01;1.0;1.0;1.0;;;;;;;;;;;;;;43003
2013-01;4.0;4.0;4.0;3.0;3.0;2.0;1.0;1.0;1.0;1.0;1.0;1.0;;;;;43003
2014-01;1.0;;;1.0;1.0;;1.0;1.0;1.0;1.0;1.0;;;;;;43003
2015-01;1.0;1.0;1.0;;;;;;;;;;;;;;43003
2016-01;2.0;2.0;2.0;2.0;2.0;2.0;2.0;2.0;2.0;;;;;;;;43003
2017-01;2.0;1.0;1.0;1.0;1.0;1.0;1.0;1.0;;;;;;;;;43003
2018-01;2.0;2.0;2.0;2.0;1.0;1.0;;;;;;;;;;;43003
2019-01;3.0;2.0;2.0;1.0;1.0;1.0;;;;;;;;;;;43003
2020-01;2.0;2.0;2.0;2.0;2.0;;;;;;;;;;;;43003
2022-01;5.0;5.0;3.0;;;;;;;;;;;;;;43003
2023-01;3.0;2.0;;;;;;;;;;;;;;;43003
2024-01;1.0;;;;;;;;;;;;;;;;43003
2010-01;2.0;2.0;1.0;;;;;;;;;;;;;;43015
2011-01;1.0;;;;;;;;;;;;;;;;43015
2012-01;4.0;3.0;1.0;2.0;2.0;2.0;2.0;2.0;2.0;2.0;2.0;2.0;2.0;;;;43015
2013-01;2.0;2.0;;;;;;;;;;;;;;;43015
2014-01;3.0;3.0;;;;;;;;;;;;;;;43015
2015-01;2.0;1.0;1.0;1.0;1.0;1.0;1.0;1.0;1.0;1.0;;;;;;;43015
2016-01;3.0;3.0;2.0;2.0;2.0;1.0;;;;;;;;;;;43015
2018-01;2.0;1.0;1.0;1.0;1.0;1.0;1.0;;;;;;;;;;43015
2019-01;1.0;1.0;1.0;1.0;;;;;;;;;;;;;43015
2020-01;3.0;1.0;1.0;;;;;;;;;;;;;;43015
2021-01;1.0;1.0;1.0;1.0;;;;;;;;;;;;;43015
2022-01;3.0;3.0;2.0;;;;;;;;;;;;;;43015
2023-01;2.0;1.0;;;;;;;;;;;;;;;43015
2024-01;3.0;;;;;;;;;;;;;;;;43015
2010-01;98.0;89.0;81.0;74.0;72.0;68.0;63.0;61.0;57.0;55.0;55.0;51.0;47.0;43.0;38.0;;43010
2011-01;11.0;8.0;7.0;9.0;9.0;9.0;7.0;8.0;8.0;7.0;6.0;6.0;7.0;6.0;;;43010
2012-01;10.0;8.0;8.0;8.0;7.0;7.0;7.0;7.0;6.0;6.0;7.0;6.0;5.0;;;;43010
2013-01;20.0;20.0;17.0;14.0;14.0;14.0;14.0;13.0;11.0;11.0;10.0;10.0;;;;;43010
2014-01;18.0;16.0;13.0;13.0;11.0;11.0;10.0;8.0;8.0;8.0;6.0;;;;;;43010
2015-01;6.0;4.0;4.0;4.0;3.0;3.0;3.0;3.0;3.0;4.0;;;;;;;43010
2016-01;13.0;12.0;11.0;10.0;8.0;6.0;6.0;6.0;7.0;;;;;;;;43010
2017-01;11.0;8.0;4.0;4.0;3.0;4.0;5.0;4.0;;;;;;;;;43010
2018-01;20.0;19.0;15.0;15.0;14.0;15.0;13.0;;;;;;;;;;43010
2019-01;20.0;18.0;15.0;15.0;12.0;13.0;;;;;;;;;;;43010
2020-01;21.0;18.0;13.0;12.0;11.0;;;;;;;;;;;;43010
2021-01;14.0;13.0;9.0;10.0;;;;;;;;;;;;;43010
2022-01;31.0;26.0;25.0;;;;;;;;;;;;;;43010
2023-01;27.0;23.0;;;;;;;;;;;;;;;43010
2024-01;41.0;;;;;;;;;;;;;;;;43010
2010-01;7.0;5.0;3.0;3.0;3.0;2.0;2.0;2.0;2.0;2.0;1.0;1.0;1.0;1.0;1.0;;43026
2012-01;3.0;3.0;1.0;;;;;;;;;;;;;;43026
2013-01;1.0;1.0;1.0;1.0;;;;;;;;;;;;;43026
2014-01;1.0;1.0;;;;;;;;;;;;;;;43026
2015-01;1.0;1.0;;;;;;;;;;;;;;;43026
2016-01;1.0;;;;;;;;;;;;;;;;43026
2017-01;2.0;1.0;1.0;1.0;1.0;1.0;1.0;;;;;;;;;;43026
2018-01;1.0;1.0;1.0;1.0;1.0;1.0;1.0;;;;;;;;;;43026
2019-01;2.0;2.0;2.0;2.0;1.0;1.0;;;;;;;;;;;43026
2020-01;3.0;3.0;3.0;1.0;1.0;;;;;;;;;;;;43026
2021-01;2.0;2.0;;;;;;;;;;;;;;;43026
2022-01;1.0;1.0;1.0;;;;;;;;;;;;;;43026
2023-01;4.0;2.0;;;;;;;;;;;;;;;43026
2024-01;3.0;;;;;;;;;;;;;;;;43026
2010-01;3.0;3.0;3.0;3.0;3.0;3.0;3.0;3.0;3.0;3.0;2.0;2.0;1.0;1.0;2.0;;43029
2012-01;1.0;1.0;1.0;1.0;1.0;1.0;1.0;;;;;;;;;;43029
2013-01;1.0;1.0;1.0;;;;;;;;;;;;;;43029
2014-01;1.0;1.0;1.0;1.0;1.0;1.0;1.0;1.0;1.0;1.0;1.0;;;;;;43029
2016-01;2.0;2.0;1.0;1.0;1.0;1.0;1.0;1.0;1.0;;;;;;;;43029
2018-01;2.0;2.0;2.0;2.0;2.0;1.0;1.0;;;;;;;;;;43029
2019-01;1.0;1.0;1.0;1.0;1.0;1.0;;;;;;;;;;;43029
2020-01;4.0;4.0;4.0;3.0;2.0;;;;;;;;;;;;43029
2021-01;1.0;1.0;;;;;;;;;;;;;;;43029
2022-01;5.0;5.0;4.0;;;;;;;;;;;;;;43029
2023-01;4.0;3.0;;;;;;;;;;;;;;;43029
2024-01;1.0;;;;;;;;;;;;;;;;43029
2011-01;2.0;2.0;2.0;2.0;2.0;1.0;1.0;1.0;1.0;1.0;1.0;1.0;1.0;1.0;;;43027
2013-01;1.0;1.0;1.0;;;;;;;;;;;;;;43027
2014-01;1.0;1.0;1.0;1.0;1.0;1.0;1.0;1.0;1.0;1.0;1.0;;;;;;43027
2016-01;1.0;1.0;1.0;1.0;1.0;1.0;1.0;1.0;;;;;;;;;43027
2018-01;2.0;2.0;1.0;1.0;1.0;1.0;1.0;;;;;;;;;;43027
2019-01;1.0;1.0;1.0;1.0;1.0;1.0;;;;;;;;;;;43027
2022-01;1.0;1.0;;;;;;;;;;;;;;;43027
2023-01;1.0;1.0;;;;;;;;;;;;;;;43027
2024-01;2.0;;;;;;;;;;;;;;;;43027
2010-01;30.0;27.0;22.0;6.0;6.0;6.0;5.0;5.0;5.0;5.0;5.0;5.0;5.0;5.0;5.0;;43021
2011-01;5.0;5.0;3.0;3.0;3.0;3.0;3.0;3.0;3.0;3.0;3.0;;;;;;43021
2012-01;3.0;3.0;3.0;3.0;2.0;1.0;1.0;1.0;1.0;1.0;1.0;1.0;1.0;;;;43021
2013-01;3.0;3.0;2.0;2.0;2.0;2.0;1.0;1.0;;;;;;;;;43021
2014-01;1.0;1.0;1.0;1.0;;;;;;;;;;;;;43021
2015-01;1.0;1.0;1.0;;;;;;;;;;;;;;43021
2016-01;7.0;7.0;6.0;4.0;4.0;4.0;4.0;5.0;4.0;;;;;;;;43021
2017-01;9.0;8.0;7.0;6.0;6.0;6.0;6.0;5.0;;;;;;;;;43021
2018-01;10.0;10.0;10.0;9.0;9.0;9.0;9.0;;;;;;;;;;43021
2019-01;15.0;13.0;13.0;10.0;12.0;12.0;;;;;;;;;;;43021
2020-01;15.0;9.0;7.0;7.0;6.0;;;;;;;;;;;;43021
2021-01;5.0;4.0;3.0;2.0;;;;;;;;;;;;;43021
2022-01;11.0;10.0;9.0;;;;;;;;;;;;;;43021
2023-01;8.0;6.0;;;;;;;;;;;;;;;43021
2024-01;15.0;;;;;;;;;;;;;;;;43021
2010-01;8.0;5.0;5.0;4.0;4.0;3.0;2.0;1.0;1.0;1.0;1.0;1.0;1.0;1.0;1.0;;43013
2011-01;2.0;2.0;2.0;2.0;2.0;1.0;1.0;1.0;;;;;;;;;43013
2014-01;1.0;1.0;;;;;;;;;;;;;;;43013
2015-01;2.0;2.0;1.0;1.0;1.0;1.0;1.0;1.0;1.0;1.0;;;;;;;43013
2016-01;2.0;2.0;2.0;2.0;2.0;2.0;2.0;2.0;2.0;;;;;;;;43013
2017-01;1.0;1.0;1.0;;;;;;;;;;;;;;43013
2018-01;1.0;1.0;1.0;1.0;1.0;1.0;1.0;;;;;;;;;;43013
2019-01;3.0;3.0;2.0;3.0;3.0;2.0;;;;;;;;;;;43013
2020-01;2.0;2.0;2.0;2.0;2.0;;;;;;;;;;;;43013
2021-01;1.0;1.0;1.0;1.0;;;;;;;;;;;;;43013
2022-01;6.0;6.0;3.0;;;;;;;;;;;;;;43013
2023-01;4.0;3.0;;;;;;;;;;;;;;;43013
2010-01;2.0;2.0;2.0;2.0;2.0;1.0;1.0;1.0;1.0;1.0;;;;;;;43022
2012-01;1.0;1.0;1.0;1.0;1.0;;;;;;;;;;;;43022
2015-01;1.0;1.0;1.0;1.0;1.0;1.0;1.0;1.0;;;;;;;;;43022
2017-01;1.0;;;;;;;;;;;;;;;;43022
2018-01;3.0;2.0;2.0;2.0;1.0;;;;;;;;;;;;43022
2019-01;1.0;1.0;1.0;1.0;1.0;;;;;;;;;;;;43022
2021-01;1.0;;;;;;;;;;;;;;;;43022
2022-01;4.0;4.0;2.0;;;;;;;;;;;;;;43022
2024-01;2.0;;;;;;;;;;;;;;;;43022
2010-01;15.0;11.0;11.0;11.0;9.0;7.0;7.0;6.0;5.0;3.0;2.0;1.0;1.0;1.0;1.0;;43008
2011-01;6.0;4.0;1.0;;1.0;1.0;1.0;1.0;1.0;1.0;2.0;3.0;3.0;2.0;;;43008
2012-01;3.0;2.0;2.0;2.0;2.0;2.0;2.0;2.0;1.0;1.0;1.0;;;;;;43008
2013-01;5.0;5.0;4.0;4.0;3.0;3.0;3.0;3.0;3.0;3.0;2.0;;;;;;43008
2014-01;6.0;6.0;5.0;5.0;3.0;4.0;4.0;4.0;3.0;2.0;2.0;;;;;;43008
2015-01;8.0;5.0;4.0;5.0;3.0;3.0;3.0;1.0;3.0;3.0;;;;;;;43008
2016-01;4.0;2.0;2.0;1.0;1.0;1.0;;;;;;;;;;;43008
2017-01;4.0;2.0;;;1.0;;;;;;;;;;;;43008
2018-01;5.0;3.0;3.0;1.0;1.0;3.0;;;;;;;;;;;43008
2019-01;7.0;6.0;3.0;3.0;3.0;3.0;;;;;;;;;;;43008
2020-01;6.0;5.0;3.0;3.0;3.0;;;;;;;;;;;;43008
2021-01;7.0;6.0;4.0;4.0;;;;;;;;;;;;;43008
2022-01;7.0;4.0;3.0;;;;;;;;;;;;;;43008
2023-01;8.0;8.0;;;;;;;;;;;;;;;43008
2024-01;6.0;;;;;;;;;;;;;;;;43008
2010-01;6.0;3.0;1.0;1.0;1.0;1.0;1.0;1.0;1.0;1.0;1.0;1.0;1.0;1.0;1.0;;43016
2011-01;3.0;3.0;3.0;1.0;1.0;1.0;1.0;1.0;1.0;1.0;1.0;1.0;1.0;1.0;;;43016
2012-01;1.0;;;;;;;;;;;;;;;;43016
2013-01;1.0;;;;;;;;;;;;;;;;43016
2014-01;2.0;;;;;;;;;;;;;;;;43016
2015-01;2.0;2.0;1.0;1.0;;;;;;;;;;;;;43016
2017-01;1.0;;;;;;;;;;;;;;;;43016
2018-01;3.0;2.0;1.0;1.0;1.0;1.0;1.0;;;;;;;;;;43016
2019-01;1.0;1.0;1.0;;;;;;;;;;;;;;43016
2020-01;1.0;1.0;1.0;1.0;1.0;;;;;;;;;;;;43016
2021-01;1.0;1.0;1.0;1.0;;;;;;;;;;;;;43016
2022-01;1.0;;;;;;;;;;;;;;;;43016
2023-01;1.0;1.0;;;;;;;;;;;;;;;43016
2024-01;6.0;;;;;;;;;;;;;;;;43016
2010-01;2.0;2.0;2.0;1.0;1.0;1.0;;;;;;;;;;;43019
2013-01;1.0;1.0;1.0;1.0;1.0;1.0;1.0;;;;;;;;;;43019
2020-01;2.0;2.0;;;;;;;;;;;;;;;43019
2022-01;1.0;1.0;1.0;;;;;;;;;;;;;;43019
2010-01;7.0;7.0;5.0;5.0;5.0;5.0;3.0;3.0;3.0;3.0;3.0;3.0;3.0;4.0;4.0;;43025
2012-01;1.0;;;;;;;;;;;;;;;;43025
2013-01;1.0;1.0;;;;;;;;;;;;;;;43025
2018-01;1.0;1.0;;;;;;;;;;;;;;;43025
2019-01;3.0;2.0;2.0;2.0;2.0;3.0;;;;;;;;;;;43025
2021-01;3.0;2.0;2.0;2.0;;;;;;;;;;;;;43025
2022-01;3.0;3.0;3.0;;;;;;;;;;;;;;43025
2023-01;3.0;2.0;;;;;;;;;;;;;;;43025
2024-01;3.0;;;;;;;;;;;;;;;;43025
2010-01;3.0;3.0;3.0;3.0;3.0;3.0;2.0;2.0;2.0;1.0;1.0;1.0;;;;;43030
2013-01;1.0;1.0;;;;;;;;;;;;;;;43030
2014-01;2.0;2.0;1.0;1.0;1.0;1.0;1.0;1.0;;;;;;;;;43030
2016-01;1.0;1.0;1.0;1.0;1.0;1.0;1.0;1.0;1.0;;;;;;;;43030
2018-01;1.0;1.0;1.0;1.0;1.0;1.0;;;;;;;;;;;43030
2019-01;1.0;1.0;1.0;;;;;;;;;;;;;;43030
2021-01;1.0;1.0;1.0;;;;;;;;;;;;;;43030
2022-01;1.0;1.0;;;;;;;;;;;;;;;43030
2023-01;1.0;1.0;;;;;;;;;;;;;;;43030
2010-01;3.0;3.0;2.0;1.0;;;;;;;;;;;;;43020
2013-01;1.0;;;;;;;;;;;;;;;;43020
2014-01;3.0;2.0;1.0;1.0;1.0;;1.0;1.0;1.0;1.0;;;;;;;43020
2015-01;2.0;1.0;1.0;1.0;1.0;;;;;;;;;;;;43020
2016-01;1.0;1.0;1.0;1.0;1.0;1.0;1.0;1.0;;;;;;;;;43020
2018-01;1.0;;1.0;1.0;1.0;1.0;1.0;;;;;;;;;;43020
2019-01;1.0;1.0;;;;;;;;;;;;;;;43020
2023-01;1.0;;;;;;;;;;;;;;;;43020
2024-01;4.0;;;;;;;;;;;;;;;;43020
2010-01;7.0;5.0;5.0;5.0;5.0;5.0;5.0;5.0;6.0;6.0;5.0;5.0;3.0;4.0;5.0;;43009
2012-01;1.0;1.0;1.0;1.0;;;;;;;;;;;;;43009
2015-01;1.0;1.0;;;;;;;;;;;;;;;43009
2017-01;1.0;1.0;1.0;;;;;;;;;;;;;;43009
2018-01;3.0;1.0;1.0;1.0;1.0;1.0;;;;;;;;;;;43009
2020-01;1.0;1.0;;;;;;;;;;;;;;;43009
2022-01;6.0;5.0;6.0;;;;;;;;;;;;;;43009
2023-01;3.0;3.0;;;;;;;;;;;;;;;43009
2024-01;2.0;;;;;;;;;;;;;;;;43009
2010-01;12.0;12.0;12.0;7.0;8.0;7.0;7.0;7.0;6.0;7.0;7.0;7.0;7.0;7.0;7.0;;43007
2011-01;7.0;7.0;6.0;4.0;4.0;4.0;4.0;4.0;3.0;1.0;1.0;1.0;1.0;2.0;;;43007
2012-01;2.0;2.0;1.0;1.0;1.0;1.0;1.0;1.0;1.0;1.0;1.0;1.0;1.0;;;;43007
2013-01;3.0;2.0;2.0;2.0;2.0;2.0;2.0;2.0;2.0;2.0;2.0;2.0;;;;;43007
2014-01;2.0;2.0;2.0;2.0;1.0;1.0;;;;;;;;;;;43007
2015-01;1.0;1.0;;;;;;;;;;;;;;;43007
2016-01;6.0;5.0;5.0;4.0;2.0;2.0;2.0;2.0;1.0;;;;;;;;43007
2017-01;2.0;;1.0;1.0;1.0;1.0;1.0;;;;;;;;;;43007
2018-01;5.0;5.0;4.0;4.0;4.0;3.0;2.0;;;;;;;;;;43007
2019-01;4.0;3.0;3.0;3.0;2.0;;;;;;;;;;;;43007
2020-01;6.0;6.0;5.0;4.0;3.0;;;;;;;;;;;;43007
2021-01;8.0;6.0;4.0;4.0;;;;;;;;;;;;;43007
2022-01;4.0;4.0;3.0;;;;;;;;;;;;;;43007
2023-01;3.0;;;;;;;;;;;;;;;;43007
2024-01;6.0;;;;;;;;;;;;;;;;43007
2010-01;9.0;8.0;7.0;5.0;5.0;4.0;3.0;4.0;4.0;4.0;4.0;4.0;4.0;4.0;4.0;;43014
2011-01;1.0;1.0;;;;;;;;;;;;;;;43014
2012-01;1.0;1.0;1.0;1.0;1.0;1.0;1.0;1.0;1.0;1.0;1.0;1.0;1.0;;;;43014
2013-01;4.0;4.0;3.0;2.0;1.0;1.0;1.0;1.0;1.0;1.0;1.0;1.0;;;;;43014
2014-01;1.0;1.0;1.0;;;;;;;;;;;;;;43014
2015-01;2.0;2.0;2.0;2.0;2.0;2.0;2.0;1.0;1.0;1.0;;;;;;;43014
2016-01;1.0;1.0;1.0;1.0;1.0;1.0;1.0;1.0;1.0;;;;;;;;43014
2017-01;1.0;;;;;;;;;;;;;;;;43014
2018-01;1.0;1.0;1.0;1.0;1.0;1.0;1.0;;;;;;;;;;43014
2019-01;4.0;4.0;1.0;2.0;3.0;3.0;;;;;;;;;;;43014
2020-01;3.0;3.0;2.0;2.0;1.0;;;;;;;;;;;;43014
2021-01;3.0;2.0;2.0;2.0;;;;;;;;;;;;;43014
2022-01;1.0;;;;;;;;;;;;;;;;43014
2023-01;4.0;1.0;;;;;;;;;;;;;;;43014
2024-01;1.0;;;;;;;;;;;;;;;;43014
2010-01;9.0;9.0;8.0;7.0;7.0;7.0;7.0;7.0;7.0;7.0;7.0;8.0;6.0;6.0;6.0;;43023
2012-01;2.0;2.0;2.0;2.0;2.0;2.0;2.0;2.0;2.0;2.0;2.0;1.0;1.0;;;;43023
2014-01;1.0;;;;;;;;;;;;;;;;43023
2015-01;1.0;1.0;1.0;1.0;1.0;1.0;1.0;1.0;1.0;;;;;;;;43023
2017-01;2.0;2.0;2.0;2.0;2.0;2.0;2.0;2.0;;;;;;;;;43023
2018-01;5.0;4.0;3.0;3.0;2.0;2.0;2.0;;;;;;;;;;43023
2019-01;5.0;4.0;4.0;4.0;5.0;5.0;;;;;;;;;;;43023
2020-01;5.0;5.0;5.0;5.0;5.0;;;;;;;;;;;;43023
2021-01;2.0;1.0;1.0;;;;;;;;;;;;;;43023
2022-01;5.0;4.0;2.0;;;;;;;;;;;;;;43023
2023-01;6.0;6.0;;;;;;;;;;;;;;;43023
2024-01;4.0;;;;;;;;;;;;;;;;43023
2010-01;6.0;4.0;3.0;3.0;2.0;2.0;2.0;2.0;2.0;2.0;1.0;1.0;1.0;;;;43004
2011-01;1.0;1.0;1.0;1.0;1.0;;;;1.0;1.0;1.0;1.0;1.0;1.0;;;43004
2012-01;3.0;3.0;1.0;1.0;1.0;;1.0;1.0;1.0;1.0;1.0;1.0;1.0;;;;43004
2013-01;3.0;2.0;2.0;2.0;;;;;;;;;;;;;43004
2014-01;3.0;3.0;3.0;2.0;1.0;1.0;1.0;1.0;1.0;1.0;1.0;;;;;;43004
2018-01;1.0;;;;;;;;;;;;;;;;43004
2020-01;2.0;2.0;1.0;1.0;1.0;;;;;;;;;;;;43004
2023-01;2.0;2.0;;;;;;;;;;;;;;;43004
2024-01;3.0;;;;;;;;;;;;;;;;43004
2010-01;6.0;4.0;2.0;2.0;2.0;2.0;2.0;2.0;2.0;1.0;1.0;;;;;;43017
2011-01;3.0;1.0;1.0;;;;;;;;;;;;;;43017
2012-01;1.0;1.0;;;;;;;;;;;;;;;43017
2013-01;3.0;2.0;2.0;2.0;2.0;2.0;1.0;1.0;1.0;1.0;1.0;;;;;;43017
2014-01;2.0;2.0;2.0;2.0;2.0;2.0;1.0;1.0;1.0;1.0;1.0;;;;;;43017
2015-01;3.0;3.0;3.0;3.0;2.0;2.0;2.0;2.0;2.0;1.0;;;;;;;43017
2016-01;2.0;1.0;1.0;1.0;1.0;1.0;1.0;1.0;1.0;;;;;;;;43017
2017-01;2.0;2.0;2.0;2.0;2.0;2.0;1.0;1.0;;;;;;;;;43017
2018-01;2.0;2.0;1.0;1.0;1.0;;;;;;;;;;;;43017
2019-01;1.0;;;;;;;;;;;;;;;;43017
2020-01;5.0;4.0;3.0;2.0;1.0;;;;;;;;;;;;43017
2021-01;3.0;2.0;1.0;1.0;;;;;;;;;;;;;43017
2022-01;4.0;4.0;3.0;;;;;;;;;;;;;;43017
2023-01;6.0;6.0;;;;;;;;;;;;;;;43017
2024-01;3.0;;;;;;;;;;;;;;;;43017
2010-01;6.0;4.0;4.0;4.0;3.0;3.0;4.0;4.0;4.0;4.0;4.0;4.0;4.0;4.0;4.0;;43011
2015-01;1.0;1.0;;;;;;;;;;;;;;;43011
2016-01;1.0;1.0;1.0;1.0;1.0;1.0;1.0;1.0;1.0;;;;;;;;43011
2017-01;2.0;2.0;2.0;2.0;2.0;2.0;2.0;2.0;;;;;;;;;43011
2018-01;1.0;1.0;1.0;;;;;;;;;;;;;;43011
2019-01;2.0;2.0;1.0;1.0;1.0;1.0;;;;;;;;;;;43011
2021-01;3.0;1.0;1.0;;;;;;;;;;;;;;43011
2022-01;4.0;3.0;3.0;;;;;;;;;;;;;;43011
2023-01;1.0;1.0;;;;;;;;;;;;;;;43011
2024-01;1.0;;;;;;;;;;;;;;;;43011
2010-01;4.0;4.0;4.0;2.0;3.0;3.0;2.0;1.0;3.0;2.0;2.0;2.0;3.0;2.0;1.0;;43005
2011-01;2.0;2.0;2.0;2.0;2.0;2.0;2.0;2.0;2.0;2.0;2.0;1.0;1.0;1.0;;;43005
2013-01;1.0;;;;;;;;;;;;;;;;43005
2014-01;4.0;3.0;1.0;1.0;;;1.0;;;;;;;;;;43005
2015-01;1.0;1.0;1.0;1.0;1.0;1.0;1.0;1.0;1.0;1.0;;;;;;;43005
2016-01;1.0;1.0;1.0;1.0;1.0;1.0;;;;;;;;;;;43005
2017-01;2.0;1.0;1.0;;1.0;1.0;1.0;;;;;;;;;;43005
2018-01;2.0;1.0;;;;;;;;;;;;;;;43005
2019-01;2.0;2.0;2.0;1.0;1.0;1.0;;;;;;;;;;;43005
2020-01;4.0;4.0;3.0;3.0;3.0;;;;;;;;;;;;43005
2021-01;2.0;1.0;1.0;2.0;;;;;;;;;;;;;43005
2022-01;3.0;1.0;1.0;;;;;;;;;;;;;;43005
2023-01;2.0;2.0;;;;;;;;;;;;;;;43005
2010-01;3.0;2.0;1.0;1.0;1.0;1.0;1.0;1.0;1.0;1.0;;;;;;;43012
2012-01;1.0;1.0;1.0;1.0;1.0;1.0;1.0;;;;;;;;;;43012
2015-01;1.0;1.0;1.0;1.0;;;;;;;;;;;;;43012
2018-01;2.0;2.0;;;;;;;;;;;;;;;43012
2019-01;2.0;2.0;2.0;2.0;2.0;2.0;;;;;;;;;;;43012
2020-01;3.0;3.0;3.0;3.0;2.0;;;;;;;;;;;;43012
2022-01;1.0;1.0;;;;;;;;;;;;;;;43012
2023-01;4.0;1.0;;;;;;;;;;;;;;;43012
2024-01;2.0;;;;;;;;;;;;;;;;43012
2012-01;1.0;1.0;1.0;1.0;1.0;1.0;;;;;;;;;;;43018
2019-01;1.0;1.0;1.0;;;;;;;;;;;;;;43018
2023-01;2.0;1.0;;;;;;;;;;;;;;;43018
2024-01;1.0;;;;;;;;;;;;;;;;43018
2010-01;5.0;5.0;4.0;4.0;3.0;3.0;3.0;3.0;2.0;2.0;2.0;2.0;2.0;2.0;1.0;;43006
2011-01;3.0;3.0;3.0;2.0;2.0;2.0;2.0;1.0;1.0;1.0;1.0;2.0;2.0;2.0;;;43006
2013-01;2.0;2.0;2.0;2.0;2.0;2.0;1.0;1.0;1.0;1.0;1.0;1.0;;;;;43006
2018-01;1.0;;;;;;;;;;;;;;;;43006
2019-01;1.0;1.0;1.0;1.0;;;;;;;;;;;;;43006
2020-01;1.0;;1.0;1.0;;;;;;;;;;;;;43006
2021-01;1.0;1.0;1.0;;;;;;;;;;;;;;43006
2022-01;1.0;1.0;;;;;;;;;;;;;;;43006
2010-01;10.0;9.0;9.0;8.0;5.0;5.0;5.0;5.0;5.0;4.0;4.0;4.0;4.0;4.0;4.0;;43028
2011-01;1.0;1.0;1.0;1.0;1.0;1.0;1.0;1.0;1.0;1.0;1.0;1.0;1.0;1.0;;;43028
2014-01;3.0;3.0;3.0;2.0;2.0;2.0;2.0;2.0;2.0;2.0;2.0;;;;;;43028
2015-01;2.0;2.0;2.0;2.0;2.0;1.0;1.0;1.0;1.0;1.0;;;;;;;43028
2016-01;1.0;1.0;1.0;;;;;;;;;;;;;;43028
2017-01;2.0;1.0;;;;;;;;;;;;;;;43028
2018-01;2.0;2.0;1.0;1.0;1.0;1.0;1.0;;;;;;;;;;43028
2019-01;2.0;2.0;2.0;1.0;1.0;1.0;;;;;;;;;;;43028
2022-01;2.0;2.0;2.0;;;;;;;;;;;;;;43028
2023-01;5.0;5.0;;;;;;;;;;;;;;;43028
2024-01;3.0;;;;;;;;;;;;;;;;43028
2011-01;1.0;;;;;1.0;;;;;;;;;;;43002
2012-01;1.0;1.0;;;;;;;;;;;;;;;43002
2014-01;2.0;2.0;2.0;2.0;2.0;2.0;2.0;2.0;2.0;2.0;2.0;;;;;;43002
2015-01;1.0;1.0;;;;;;;;;;;;;;;43002
2017-01;2.0;1.0;2.0;2.0;1.0;2.0;2.0;2.0;;;;;;;;;43002
2019-01;1.0;;;;;;;;;;;;;;;;43002
2020-01;2.0;1.0;2.0;1.0;1.0;;;;;;;;;;;;43002
2021-01;1.0;1.0;;;;;;;;;;;;;;;43002
2022-01;1.0;1.0;1.0;;;;;;;;;;;;;;43002
2023-01;3.0;2.0;;;;;;;;;;;;;;;43002
2024-01;4.0;;;;;;;;;;;;;;;;43002
2010-01;3.0;3.0;3.0;3.0;2.0;2.0;2.0;2.0;2.0;2.0;2.0;2.0;2.0;2.0;1.0;;43024
2011-01;1.0;1.0;1.0;1.0;1.0;1.0;1.0;1.0;1.0;1.0;1.0;1.0;1.0;1.0;;;43024
2013-01;1.0;1.0;;;;;;;;;;;;;;;43024
2023-01;1.0;1.0;;;;;;;;;;;;;;;43024
2024-01;1.0;;;;;;;;;;;;;;;;43024
2010-01;8.0;5.0;4.0;4.0;4.0;3.0;4.0;3.0;3.0;4.0;4.0;4.0;3.0;3.0;3.0;;42008
2011-01;2.0;2.0;2.0;2.0;2.0;1.0;1.0;1.0;1.0;1.0;1.0;1.0;1.0;1.0;;;42008
2012-01;1.0;1.0;1.0;;;;;;;;;;1.0;;;;42008
2014-01;3.0;2.0;2.0;1.0;;;1.0;1.0;1.0;1.0;1.0;;;;;;42008
2015-01;1.0;;;;;;;;;;;;;;;;42008
2016-01;3.0;3.0;3.0;2.0;2.0;2.0;1.0;1.0;1.0;;;;;;;;42008
2017-01;1.0;1.0;1.0;1.0;1.0;1.0;1.0;1.0;;;;;;;;;42008
2018-01;2.0;;;;;;;;;;;;;;;;42008
2019-01;2.0;2.0;2.0;1.0;1.0;1.0;;;;;;;;;;;42008
2020-01;4.0;4.0;1.0;;;;;;;;;;;;;;42008
2021-01;2.0;1.0;2.0;1.0;;;;;;;;;;;;;42008
2022-01;5.0;2.0;1.0;;;;;;;;;;;;;;42008
2023-01;3.0;2.0;;;;;;;;;;;;;;;42008
2024-01;1.0;;;;;;;;;;;;;;;;42008
2010-01;10.0;8.0;7.0;7.0;6.0;6.0;6.0;6.0;6.0;6.0;6.0;6.0;6.0;6.0;6.0;;42003
2011-01;1.0;;;;;;;;;;;;;;;;42003
2012-01;3.0;1.0;;;;;;;;;;;;;;;42003
2013-01;4.0;3.0;2.0;1.0;1.0;;;;;;;;;;;;42003
2014-01;2.0;1.0;1.0;1.0;1.0;1.0;1.0;1.0;;1.0;1.0;;;;;;42003
2015-01;3.0;2.0;1.0;;;;;;;;;;;;;;42003
2016-01;1.0;1.0;1.0;1.0;1.0;1.0;1.0;1.0;1.0;;;;;;;;42003
2017-01;2.0;1.0;;;;;;;;;;;;;;;42003
2018-01;1.0;1.0;1.0;1.0;1.0;1.0;1.0;;;;;;;;;;42003
2019-01;2.0;;;;;;;;;;;;;;;;42003
2020-01;2.0;1.0;1.0;1.0;1.0;;;;;;;;;;;;42003
2021-01;1.0;1.0;;1.0;;;;;;;;;;;;;42003
2022-01;5.0;4.0;2.0;;;;;;;;;;;;;;42003
2023-01;1.0;1.0;;;;;;;;;;;;;;;42003
2024-01;2.0;;;;;;;;;;;;;;;;42003
2010-01;11.0;8.0;7.0;7.0;6.0;6.0;6.0;5.0;4.0;4.0;4.0;4.0;4.0;4.0;4.0;;42002
2011-01;4.0;3.0;3.0;2.0;2.0;2.0;;;;;1.0;1.0;1.0;;;;42002
2012-01;3.0;2.0;1.0;1.0;1.0;1.0;1.0;1.0;1.0;1.0;1.0;1.0;1.0;;;;42002
2013-01;3.0;3.0;2.0;2.0;1.0;;;;;;;;;;;;42002
2014-01;3.0;1.0;1.0;1.0;1.0;1.0;1.0;1.0;1.0;1.0;1.0;;;;;;42002
2015-01;4.0;3.0;3.0;3.0;3.0;3.0;3.0;3.0;2.0;2.0;;;;;;;42002
2016-01;2.0;2.0;2.0;2.0;2.0;2.0;2.0;1.0;1.0;;;;;;;;42002
2017-01;4.0;3.0;3.0;2.0;2.0;2.0;2.0;2.0;;;;;;;;;42002
2018-01;2.0;;;;;;;;;;;;;;;;42002
2019-01;3.0;2.0;2.0;2.0;3.0;3.0;;;;;;;;;;;42002
2020-01;3.0;2.0;2.0;2.0;1.0;;;;;;;;;;;;42002
2021-01;1.0;1.0;1.0;1.0;;;;;;;;;;;;;42002
2022-01;3.0;2.0;2.0;;;;;;;;;;;;;;42002
2023-01;4.0;4.0;;;;;;;;;;;;;;;42002
2024-01;2.0;;;;;;;;;;;;;;;;42002
2010-01;23.0;16.0;13.0;12.0;10.0;9.0;10.0;10.0;8.0;5.0;4.0;3.0;3.0;2.0;2.0;;42007
2011-01;5.0;3.0;4.0;3.0;3.0;4.0;3.0;4.0;3.0;3.0;3.0;3.0;2.0;2.0;;;42007
2012-01;7.0;6.0;6.0;4.0;4.0;2.0;1.0;1.0;1.0;;;;;;;;42007
2013-01;6.0;5.0;3.0;3.0;3.0;2.0;3.0;3.0;3.0;3.0;2.0;3.0;;;;;42007
2014-01;5.0;4.0;3.0;3.0;3.0;3.0;3.0;3.0;2.0;3.0;3.0;;;;;;42007
2015-01;8.0;5.0;4.0;4.0;4.0;3.0;1.0;1.0;1.0;;;;;;;;42007
2016-01;5.0;4.0;3.0;1.0;1.0;2.0;1.0;3.0;3.0;;;;;;;;42007
2017-01;5.0;2.0;3.0;3.0;3.0;4.0;4.0;4.0;;;;;;;;;42007
2018-01;3.0;3.0;3.0;3.0;3.0;3.0;2.0;;;;;;;;;;42007
2019-01;10.0;9.0;8.0;3.0;4.0;7.0;;;;;;;;;;;42007
2020-01;7.0;7.0;4.0;4.0;4.0;;;;;;;;;;;;42007
2021-01;5.0;5.0;5.0;5.0;;;;;;;;;;;;;42007
2022-01;22.0;16.0;14.0;;;;;;;;;;;;;;42007
2023-01;13.0;8.0;;;;;;;;;;;;;;;42007
2024-01;39.0;;;;;;;;;;;;;;;;42007
2010-01;7.0;6.0;4.0;1.0;1.0;2.0;2.0;2.0;1.0;1.0;2.0;2.0;1.0;1.0;1.0;;42001
2012-01;3.0;1.0;;;;;;;;;;;;;;;42001
2013-01;5.0;4.0;3.0;3.0;2.0;1.0;1.0;1.0;1.0;1.0;1.0;1.0;;;;;42001
2014-01;3.0;1.0;1.0;1.0;;;;;;;;;;;;;42001
2015-01;4.0;3.0;1.0;1.0;;;;;;;;;;;;;42001
2016-01;1.0;1.0;1.0;1.0;1.0;1.0;;;;;;;;;;;42001
2017-01;4.0;4.0;3.0;2.0;2.0;2.0;2.0;2.0;;;;;;;;;42001
2018-01;2.0;2.0;;;;;;;;;;;;;;;42001
2019-01;6.0;6.0;6.0;6.0;3.0;2.0;;;;;;;;;;;42001
2020-01;2.0;2.0;2.0;2.0;2.0;;;;;;;;;;;;42001
2021-01;3.0;3.0;3.0;1.0;;;;;;;;;;;;;42001
2022-01;1.0;1.0;1.0;;;;;;;;;;;;;;42001
2023-01;2.0;;;;;;;;;;;;;;;;42001
2024-01;1.0;;;;;;;;;;;;;;;;42001
2010-01;18.0;15.0;15.0;13.0;14.0;13.0;14.0;14.0;14.0;14.0;13.0;13.0;12.0;12.0;11.0;;42013
2011-01;1.0;1.0;1.0;1.0;1.0;1.0;1.0;1.0;;;;;;;;;42013
2012-01;2.0;2.0;2.0;2.0;2.0;2.0;1.0;1.0;1.0;1.0;1.0;1.0;1.0;;;;42013
2013-01;5.0;4.0;3.0;3.0;3.0;3.0;3.0;3.0;3.0;3.0;3.0;3.0;;;;;42013
2014-01;4.0;4.0;4.0;3.0;3.0;3.0;3.0;3.0;3.0;3.0;3.0;;;;;;42013
2015-01;5.0;4.0;2.0;2.0;2.0;2.0;2.0;2.0;2.0;2.0;;;;;;;42013
2017-01;1.0;1.0;1.0;1.0;1.0;1.0;1.0;1.0;;;;;;;;;42013
2018-01;3.0;3.0;3.0;2.0;3.0;3.0;3.0;;;;;;;;;;42013
2019-01;3.0;1.0;1.0;;1.0;1.0;;;;;;;;;;;42013
2020-01;1.0;1.0;1.0;1.0;;;;;;;;;;;;;42013
2021-01;1.0;1.0;1.0;1.0;;;;;;;;;;;;;42013
2022-01;2.0;2.0;2.0;;;;;;;;;;;;;;42013
2023-01;1.0;1.0;;;;;;;;;;;;;;;42013
2024-01;1.0;;;;;;;;;;;;;;;;42013
2010-01;3.0;;;;;;;;;;;;;;;;42010
2011-01;2.0;1.0;;;;;;;;;;;;;;;42010
2012-01;1.0;1.0;1.0;1.0;1.0;1.0;1.0;1.0;1.0;1.0;1.0;1.0;1.0;;;;42010
2013-01;2.0;2.0;2.0;1.0;1.0;1.0;1.0;1.0;1.0;1.0;1.0;1.0;;;;;42010
2016-01;1.0;1.0;1.0;1.0;1.0;1.0;1.0;1.0;1.0;;;;;;;;42010
2017-01;1.0;1.0;1.0;1.0;;;;;;;;;;;;;42010
2019-01;3.0;2.0;2.0;1.0;1.0;;;;;;;;;;;;42010
2020-01;1.0;1.0;1.0;1.0;1.0;;;;;;;;;;;;42010
2022-01;6.0;6.0;4.0;;;;;;;;;;;;;;42010
2023-01;1.0;;;;;;;;;;;;;;;;42010
2024-01;2.0;;;;;;;;;;;;;;;;42010
2010-01;54.0;51.0;45.0;40.0;32.0;31.0;31.0;30.0;29.0;29.0;28.0;26.0;26.0;25.0;24.0;;42011
2011-01;7.0;6.0;5.0;4.0;4.0;4.0;4.0;5.0;5.0;5.0;5.0;5.0;3.0;4.0;;;42011
2012-01;11.0;10.0;10.0;10.0;9.0;9.0;9.0;9.0;9.0;9.0;9.0;9.0;9.0;;;;42011
2013-01;15.0;15.0;13.0;13.0;12.0;13.0;12.0;11.0;11.0;9.0;8.0;9.0;;;;;42011
2014-01;11.0;10.0;5.0;5.0;4.0;4.0;4.0;5.0;5.0;5.0;5.0;;;;;;42011
2015-01;15.0;14.0;10.0;7.0;8.0;7.0;7.0;4.0;3.0;3.0;;;;;;;42011
2016-01;16.0;16.0;14.0;12.0;9.0;8.0;9.0;9.0;9.0;;;;;;;;42011
2017-01;4.0;4.0;4.0;4.0;4.0;4.0;4.0;3.0;;;;;;;;;42011
2018-01;13.0;13.0;11.0;9.0;9.0;8.0;5.0;;;;;;;;;;42011
2019-01;8.0;6.0;4.0;6.0;6.0;5.0;;;;;;;;;;;42011
2020-01;12.0;10.0;10.0;9.0;8.0;;;;;;;;;;;;42011
2021-01;11.0;10.0;5.0;6.0;;;;;;;;;;;;;42011
2022-01;9.0;7.0;5.0;;;;;;;;;;;;;;42011
2023-01;9.0;6.0;;;;;;;;;;;;;;;42011
2024-01;13.0;;;;;;;;;;;;;;;;42011
2010-01;4.0;4.0;3.0;2.0;2.0;1.0;1.0;1.0;2.0;2.0;2.0;1.0;1.0;;;;42014
2011-01;1.0;1.0;1.0;1.0;;1.0;;;;;;;;;;;42014
2012-01;2.0;2.0;2.0;2.0;2.0;2.0;2.0;2.0;2.0;2.0;2.0;2.0;2.0;;;;42014
2013-01;1.0;1.0;1.0;1.0;;;;;;;;;;;;;42014
2016-01;1.0;1.0;1.0;1.0;;;;;;;;;;;;;42014
2018-01;1.0;1.0;;;;;;;;;;;;;;;42014
2019-01;1.0;;;1.0;1.0;;;;;;;;;;;;42014
2020-01;2.0;2.0;2.0;1.0;1.0;;;;;;;;;;;;42014
2022-01;2.0;2.0;2.0;;;;;;;;;;;;;;42014
2023-01;1.0;1.0;;;;;;;;;;;;;;;42014
2010-01;9.0;8.0;6.0;4.0;4.0;5.0;4.0;3.0;4.0;4.0;5.0;5.0;5.0;5.0;5.0;;42016
2012-01;1.0;;;;;;;;;;;;;;;;42016
2013-01;2.0;2.0;2.0;1.0;1.0;1.0;1.0;1.0;1.0;;;;;;;;42016
2014-01;1.0;1.0;;;;;;;;;;;;;;;42016
2015-01;1.0;1.0;1.0;1.0;1.0;1.0;1.0;1.0;1.0;1.0;;;;;;;42016
2016-01;1.0;1.0;1.0;;;;;;;;;;;;;;42016
2018-01;1.0;1.0;1.0;1.0;1.0;1.0;1.0;;;;;;;;;;42016
2019-01;2.0;;;;;;;;;;;;;;;;42016
2020-01;3.0;3.0;3.0;3.0;2.0;;;;;;;;;;;;42016
2021-01;2.0;1.0;1.0;;;;;;;;;;;;;;42016
2022-01;6.0;6.0;4.0;;;;;;;;;;;;;;42016
2023-01;2.0;2.0;;;;;;;;;;;;;;;42016
2024-01;1.0;;;;;;;;;;;;;;;;42016
2010-01;13.0;10.0;7.0;8.0;6.0;5.0;4.0;3.0;3.0;3.0;3.0;3.0;3.0;3.0;3.0;;42009
2011-01;2.0;1.0;;;;;;;;;;;;;;;42009
2012-01;4.0;2.0;;;;;;;;;;;;;;;42009
2013-01;1.0;1.0;1.0;1.0;1.0;;;;;;;;;;;;42009
2014-01;4.0;3.0;3.0;2.0;2.0;2.0;2.0;2.0;2.0;2.0;2.0;;;;;;42009
2015-01;2.0;1.0;1.0;1.0;1.0;1.0;1.0;1.0;1.0;1.0;;;;;;;42009
2016-01;3.0;2.0;2.0;1.0;1.0;1.0;1.0;1.0;;;;;;;;;42009
2017-01;4.0;4.0;3.0;3.0;3.0;3.0;3.0;3.0;;;;;;;;;42009
2018-01;2.0;1.0;;;;;1.0;;;;;;;;;;42009
2019-01;6.0;5.0;5.0;4.0;4.0;3.0;;;;;;;;;;;42009
2020-01;2.0;2.0;2.0;2.0;2.0;;;;;;;;;;;;42009
2021-01;1.0;;;;;;;;;;;;;;;;42009
2022-01;2.0;2.0;2.0;;;;;;;;;;;;;;42009
2010-01;9.0;9.0;5.0;5.0;6.0;5.0;5.0;5.0;5.0;4.0;4.0;4.0;4.0;4.0;5.0;;42005
2011-01;10.0;9.0;9.0;5.0;6.0;6.0;6.0;6.0;4.0;4.0;4.0;3.0;3.0;3.0;;;42005
2012-01;4.0;4.0;3.0;4.0;3.0;3.0;3.0;4.0;4.0;4.0;4.0;4.0;4.0;;;;42005
2013-01;2.0;2.0;2.0;1.0;1.0;;;;1.0;;;;;;;;42005
2014-01;6.0;6.0;5.0;5.0;5.0;3.0;3.0;2.0;3.0;3.0;3.0;;;;;;42005
2015-01;7.0;6.0;6.0;6.0;4.0;3.0;4.0;3.0;3.0;4.0;;;;;;;42005
2016-01;5.0;5.0;4.0;3.0;3.0;2.0;2.0;2.0;3.0;;;;;;;;42005
2017-01;5.0;5.0;4.0;3.0;5.0;5.0;5.0;4.0;;;;;;;;;42005
2018-01;4.0;4.0;4.0;4.0;3.0;3.0;3.0;;;;;;;;;;42005
2019-01;8.0;6.0;5.0;6.0;5.0;5.0;;;;;;;;;;;42005
2020-01;5.0;5.0;4.0;4.0;4.0;;;;;;;;;;;;42005
2021-01;5.0;5.0;5.0;5.0;;;;;;;;;;;;;42005
2022-01;19.0;16.0;14.0;;;;;;;;;;;;;;42005
2023-01;16.0;15.0;;;;;;;;;;;;;;;42005
2024-01;14.0;;;;;;;;;;;;;;;;42005
2010-01;10.0;10.0;8.0;9.0;7.0;7.0;6.0;6.0;6.0;6.0;7.0;7.0;6.0;6.0;6.0;;42017
2011-01;2.0;2.0;1.0;1.0;1.0;;;;;;;;;;;;42017
2012-01;3.0;3.0;3.0;3.0;3.0;2.0;2.0;2.0;2.0;2.0;2.0;2.0;2.0;;;;42017
2013-01;3.0;3.0;3.0;2.0;2.0;2.0;2.0;1.0;1.0;1.0;1.0;1.0;;;;;42017
2014-01;2.0;2.0;2.0;2.0;2.0;2.0;1.0;1.0;1.0;1.0;1.0;;;;;;42017
2015-01;7.0;5.0;5.0;5.0;4.0;4.0;4.0;3.0;3.0;3.0;;;;;;;42017
2016-01;4.0;4.0;3.0;3.0;3.0;3.0;3.0;3.0;3.0;;;;;;;;42017
2017-01;5.0;3.0;3.0;3.0;3.0;3.0;3.0;3.0;;;;;;;;;42017
2018-01;3.0;2.0;1.0;2.0;2.0;1.0;2.0;;;;;;;;;;42017
2019-01;4.0;2.0;1.0;;;;;;;;;;;;;;42017
2020-01;3.0;3.0;2.0;2.0;1.0;;;;;;;;;;;;42017
2021-01;1.0;1.0;1.0;1.0;;;;;;;;;;;;;42017
2022-01;5.0;5.0;3.0;;;;;;;;;;;;;;42017
2023-01;8.0;7.0;;;;;;;;;;;;;;;42017
2024-01;6.0;;;;;;;;;;;;;;;;42017
2010-01;20.0;14.0;11.0;11.0;6.0;7.0;6.0;5.0;5.0;4.0;4.0;5.0;5.0;5.0;6.0;;42006
2011-01;2.0;2.0;1.0;;1.0;1.0;1.0;1.0;1.0;1.0;1.0;1.0;1.0;1.0;;;42006
2012-01;5.0;4.0;4.0;4.0;4.0;4.0;4.0;4.0;4.0;4.0;4.0;4.0;4.0;;;;42006
2014-01;6.0;6.0;6.0;4.0;4.0;5.0;4.0;4.0;4.0;3.0;3.0;;;;;;42006
2015-01;2.0;2.0;2.0;2.0;1.0;1.0;1.0;1.0;1.0;1.0;;;;;;;42006
2016-01;1.0;1.0;1.0;;;;;;;;;;;;;;42006
2017-01;2.0;1.0;1.0;1.0;1.0;1.0;1.0;1.0;;;;;;;;;42006
2018-01;8.0;8.0;5.0;5.0;5.0;4.0;3.0;;;;;;;;;;42006
2019-01;7.0;5.0;6.0;4.0;3.0;3.0;;;;;;;;;;;42006
2020-01;4.0;3.0;3.0;2.0;1.0;;;;;;;;;;;;42006
2021-01;2.0;2.0;2.0;1.0;;;;;;;;;;;;;42006
2022-01;11.0;8.0;6.0;;;;;;;;;;;;;;42006
2023-01;6.0;5.0;;;;;;;;;;;;;;;42006
2024-01;7.0;;;;;;;;;;;;;;;;42006
2010-01;16.0;14.0;10.0;10.0;9.0;8.0;8.0;6.0;6.0;5.0;7.0;7.0;6.0;4.0;5.0;;42012
2011-01;4.0;4.0;4.0;3.0;3.0;3.0;2.0;2.0;2.0;1.0;1.0;1.0;1.0;1.0;;;42012
2012-01;2.0;2.0;1.0;1.0;1.0;1.0;1.0;1.0;1.0;;;;;;;;42012
2013-01;3.0;3.0;2.0;3.0;3.0;2.0;2.0;2.0;2.0;2.0;2.0;2.0;;;;;42012
2014-01;3.0;2.0;3.0;3.0;3.0;3.0;2.0;3.0;3.0;3.0;3.0;;;;;;42012
2016-01;2.0;2.0;2.0;2.0;1.0;1.0;1.0;1.0;1.0;;;;;;;;42012
2017-01;1.0;;;1.0;1.0;1.0;;;;;;;;;;;42012
2018-01;4.0;2.0;2.0;2.0;2.0;2.0;2.0;;;;;;;;;;42012
2019-01;2.0;1.0;;;1.0;1.0;;;;;;;;;;;42012
2020-01;3.0;3.0;3.0;3.0;3.0;;;;;;;;;;;;42012
2021-01;3.0;3.0;2.0;2.0;;;;;;;;;;;;;42012
2022-01;1.0;1.0;1.0;;;;;;;;;;;;;;42012
2024-01;3.0;;;;;;;;;;;;;;;;42012
2010-01;12.0;11.0;10.0;9.0;5.0;4.0;2.0;2.0;2.0;2.0;2.0;2.0;2.0;2.0;2.0;;42015
2011-01;11.0;8.0;4.0;4.0;4.0;3.0;3.0;3.0;3.0;3.0;3.0;3.0;3.0;3.0;;;42015
2012-01;2.0;1.0;1.0;1.0;1.0;1.0;1.0;1.0;1.0;1.0;1.0;1.0;1.0;;;;42015
2013-01;1.0;1.0;1.0;1.0;1.0;1.0;1.0;1.0;1.0;;;1.0;;;;;42015
2014-01;3.0;2.0;1.0;2.0;;;;;;;;;;;;;42015
2015-01;4.0;4.0;4.0;4.0;4.0;2.0;2.0;2.0;2.0;2.0;;;;;;;42015
2016-01;2.0;2.0;1.0;;;;;;;;;;;;;;42015
2017-01;1.0;;;;;;;1.0;;;;;;;;;42015
2018-01;4.0;4.0;3.0;3.0;4.0;2.0;2.0;;;;;;;;;;42015
2019-01;1.0;1.0;1.0;1.0;1.0;;;;;;;;;;;;42015
2020-01;3.0;2.0;2.0;2.0;2.0;;;;;;;;;;;;42015
2021-01;1.0;1.0;1.0;1.0;;;;;;;;;;;;;42015
2022-01;3.0;3.0;2.0;;;;;;;;;;;;;;42015
2023-01;1.0;1.0;;;;;;;;;;;;;;;42015
2024-01;2.0;;;;;;;;;;;;;;;;42015
2010-01;4.0;4.0;3.0;3.0;3.0;2.0;2.0;2.0;2.0;2.0;2.0;2.0;2.0;2.0;1.0;;42004
2011-01;1.0;1.0;1.0;1.0;1.0;1.0;1.0;1.0;1.0;1.0;1.0;1.0;1.0;1.0;;;42004
2012-01;1.0;1.0;1.0;1.0;1.0;1.0;1.0;1.0;1.0;1.0;1.0;1.0;1.0;;;;42004
2015-01;3.0;2.0;2.0;2.0;2.0;2.0;2.0;2.0;2.0;2.0;;;;;;;42004
2016-01;1.0;;;1.0;1.0;1.0;1.0;1.0;1.0;;;;;;;;42004
2017-01;2.0;1.0;;;;;;;;;;;;;;;42004
2018-01;5.0;4.0;3.0;4.0;4.0;3.0;3.0;;;;;;;;;;42004
2019-01;1.0;1.0;;;;;;;;;;;;;;;42004
2020-01;1.0;1.0;;;;;;;;;;;;;;;42004
2021-01;1.0;1.0;1.0;1.0;;;;;;;;;;;;;42004
2023-01;1.0;1.0;;;;;;;;;;;;;;;42004
2024-01;1.0;;;;;;;;;;;;;;;;42004
2010-01;3.0;3.0;3.0;2.0;2.0;;;;;;;;;;;;28007
2014-01;1.0;1.0;1.0;1.0;;;;;;;;;;;;;28007
2018-01;1.0;1.0;1.0;;;;;;;;;;;;;;28007
2019-01;2.0;2.0;2.0;2.0;1.0;1.0;;;;;;;;;;;28007
2021-01;1.0;;;;;;;;;;;;;;;;28007
2022-01;1.0;1.0;1.0;;;;;;;;;;;;;;28007
2024-01;1.0;;;;;;;;;;;;;;;;28007
2010-01;22.0;21.0;19.0;19.0;18.0;17.0;14.0;16.0;14.0;14.0;13.0;14.0;14.0;13.0;13.0;;28001
2011-01;4.0;3.0;3.0;1.0;1.0;;;1.0;1.0;1.0;1.0;1.0;1.0;1.0;;;28001
2012-01;1.0;1.0;1.0;1.0;1.0;1.0;1.0;1.0;1.0;1.0;1.0;1.0;;;;;28001
2014-01;1.0;1.0;1.0;1.0;1.0;1.0;1.0;1.0;1.0;1.0;1.0;;;;;;28001
2015-01;4.0;3.0;3.0;3.0;3.0;3.0;3.0;3.0;2.0;2.0;;;;;;;28001
2016-01;4.0;3.0;3.0;2.0;2.0;2.0;2.0;2.0;1.0;;;;;;;;28001
2017-01;5.0;4.0;1.0;;;;;1.0;;;;;;;;;28001
2018-01;1.0;;;;;1.0;1.0;;;;;;;;;;28001
2019-01;15.0;13.0;10.0;8.0;7.0;6.0;;;;;;;;;;;28001
2020-01;1.0;1.0;;;;;;;;;;;;;;;28001
2021-01;6.0;5.0;4.0;1.0;;;;;;;;;;;;;28001
2022-01;4.0;4.0;1.0;;;;;;;;;;;;;;28001
2023-01;13.0;9.0;;;;;;;;;;;;;;;28001
2024-01;11.0;;;;;;;;;;;;;;;;28001
2010-01;2.0;2.0;1.0;1.0;;;;;;;;;;;;;28006
2011-01;4.0;2.0;2.0;1.0;1.0;1.0;1.0;1.0;1.0;1.0;1.0;1.0;;;;;28006
2014-01;2.0;;;;;;;;;;;;;;;;28006
2015-01;1.0;;;;;;;;;;;;;;;;28006
2016-01;3.0;2.0;1.0;1.0;;;;;;;;;;;;;28006
2019-01;1.0;1.0;1.0;1.0;1.0;;;;;;;;;;;;28006
2022-01;6.0;4.0;1.0;;;;;;;;;;;;;;28006
2024-01;2.0;;;;;;;;;;;;;;;;28006
2010-01;1.0;1.0;1.0;1.0;1.0;1.0;1.0;1.0;1.0;1.0;1.0;;;;;;28002
2011-01;1.0;;;;;;;;;;;;;;;;28002
2014-01;2.0;2.0;2.0;2.0;2.0;1.0;1.0;1.0;1.0;1.0;1.0;;;;;;28002
2015-01;1.0;;;;;;;;;;;;;;;;28002
2016-01;2.0;;;;;;;;;;;;;;;;28002
2017-01;2.0;1.0;1.0;1.0;1.0;;;;;;;;;;;;28002
2018-01;2.0;;;;;;;;;;;;;;;;28002
2019-01;3.0;2.0;2.0;2.0;1.0;1.0;;;;;;;;;;;28002
2020-01;4.0;2.0;1.0;1.0;;;;;;;;;;;;;28002
2021-01;2.0;2.0;2.0;2.0;;;;;;;;;;;;;28002
2022-01;1.0;1.0;1.0;;;;;;;;;;;;;;28002
2023-01;1.0;1.0;;;;;;;;;;;;;;;28002
2024-01;1.0;;;;;;;;;;;;;;;;28002
2013-01;1.0;1.0;1.0;1.0;;;;;;;;;;;;;28005
2016-01;1.0;1.0;;;;;;;;;;;;;;;28005
2018-01;2.0;;;;;;;;;;;;;;;;28005
2019-01;3.0;2.0;2.0;1.0;1.0;1.0;;;;;;;;;;;28005
2020-01;1.0;1.0;1.0;1.0;1.0;;;;;;;;;;;;28005
2023-01;1.0;;;;;;;;;;;;;;;;28005
2024-01;2.0;;;;;;;;;;;;;;;;28005
2010-01;1.0;1.0;;;;;;;;;;;;;;;28003
2014-01;1.0;;;;;;;;;;;;;;;;28003
2018-01;1.0;;1.0;1.0;1.0;1.0;1.0;;;;;;;;;;28003
2019-01;10.0;8.0;6.0;6.0;7.0;5.0;;;;;;;;;;;28003
2020-01;2.0;1.0;;;;;;;;;;;;;;;28003
2021-01;2.0;2.0;2.0;2.0;;;;;;;;;;;;;28003
2022-01;5.0;4.0;3.0;;;;;;;;;;;;;;28003
2023-01;4.0;3.0;;;;;;;;;;;;;;;28003
2024-01;4.0;;;;;;;;;;;;;;;;28003
2010-01;4.0;2.0;1.0;;1.0;1.0;1.0;1.0;1.0;1.0;;;;;1.0;;28004
2011-01;3.0;3.0;3.0;3.0;2.0;2.0;2.0;2.0;2.0;2.0;1.0;1.0;1.0;1.0;;;28004
2014-01;1.0;;;;;;;;;;;;;;;;28004
2015-01;1.0;;;;;;;;;;;;;;;;28004
2017-01;2.0;1.0;1.0;2.0;1.0;;;;;;;;;;;;28004
2018-01;2.0;2.0;1.0;;;;;;;;;;;;;;28004
2019-01;3.0;3.0;2.0;2.0;1.0;1.0;;;;;;;;;;;28004
2020-01;13.0;13.0;7.0;6.0;4.0;;;;;;;;;;;;28004
2021-01;3.0;1.0;;;;;;;;;;;;;;;28004
2022-01;12.0;9.0;5.0;;;;;;;;;;;;;;28004
2023-01;9.0;8.0;;;;;;;;;;;;;;;28004
2024-01;6.0;;;;;;;;;;;;;;;;28004
2010-01;2.0;1.0;1.0;1.0;1.0;1.0;1.0;1.0;1.0;1.0;1.0;1.0;1.0;1.0;1.0;;17002
2011-01;2.0;1.0;1.0;1.0;1.0;1.0;1.0;1.0;1.0;;1.0;1.0;1.0;1.0;;;17002
2012-01;1.0;1.0;1.0;1.0;1.0;1.0;1.0;1.0;1.0;;;;;;;;17002
2018-01;2.0;2.0;1.0;2.0;2.0;2.0;2.0;;;;;;;;;;17002
2010-01;4.0;4.0;4.0;4.0;4.0;4.0;4.0;4.0;4.0;4.0;4.0;4.0;4.0;4.0;4.0;;17005
2012-01;1.0;1.0;1.0;1.0;1.0;1.0;1.0;1.0;1.0;1.0;1.0;1.0;1.0;;;;17005
2016-01;2.0;2.0;2.0;2.0;1.0;1.0;1.0;1.0;1.0;;;;;;;;17005
2022-01;1.0;1.0;1.0;;;;;;;;;;;;;;17005
2024-01;1.0;;;;;;;;;;;;;;;;17005
2010-01;3.0;3.0;2.0;2.0;2.0;2.0;2.0;2.0;2.0;2.0;2.0;2.0;2.0;2.0;2.0;;17001
2015-01;1.0;1.0;1.0;1.0;;;;;;;;;;;;;17001
2018-01;2.0;2.0;2.0;2.0;2.0;2.0;2.0;;;;;;;;;;17001
2019-01;1.0;1.0;1.0;1.0;1.0;1.0;;;;;;;;;;;17001
2021-01;5.0;2.0;2.0;1.0;;;;;;;;;;;;;17001
2022-01;5.0;3.0;1.0;;;;;;;;;;;;;;17001
2023-01;4.0;2.0;;;;;;;;;;;;;;;17001
2024-01;3.0;;;;;;;;;;;;;;;;17001
2010-01;1.0;1.0;1.0;1.0;1.0;1.0;1.0;1.0;;;;;;;;;17003
2012-01;1.0;1.0;;;;;;;;;;;;;;;17003
2023-01;1.0;1.0;;;;;;;;;;;;;;;17003
2010-01;3.0;2.0;2.0;2.0;2.0;2.0;2.0;2.0;2.0;2.0;;;;;;;17004
2016-01;1.0;1.0;;;;;;;;;;;;;;;17004
2017-01;1.0;1.0;;;;;;;;;;;;;;;17004
2018-01;1.0;1.0;1.0;1.0;1.0;1.0;;;;;;;;;;;17004
2020-01;2.0;2.0;1.0;1.0;;;;;;;;;;;;;17004
2024-01;2.0;;;;;;;;;;;;;;;;17004
2010-01;4.0;4.0;2.0;2.0;2.0;2.0;1.0;1.0;;2.0;2.0;2.0;2.0;2.0;2.0;;17007
2012-01;1.0;1.0;1.0;1.0;1.0;1.0;1.0;;;;;;;;;;17007
2019-01;2.0;1.0;;;;;;;;;;;;;;;17007
2020-01;1.0;1.0;1.0;1.0;1.0;;;;;;;;;;;;17007
2023-01;1.0;1.0;;;;;;;;;;;;;;;17007
2010-01;8.0;8.0;5.0;4.0;5.0;4.0;5.0;6.0;6.0;5.0;5.0;5.0;5.0;6.0;5.0;;17006
2011-01;1.0;1.0;1.0;1.0;1.0;1.0;1.0;1.0;1.0;1.0;1.0;1.0;1.0;1.0;;;17006
2012-01;3.0;2.0;3.0;3.0;2.0;1.0;1.0;1.0;1.0;1.0;1.0;1.0;;;;;17006
2013-01;1.0;1.0;1.0;1.0;1.0;1.0;1.0;1.0;1.0;1.0;1.0;1.0;;;;;17006
2014-01;1.0;;;1.0;1.0;1.0;;;;;;;;;;;17006
2015-01;3.0;2.0;2.0;3.0;3.0;2.0;1.0;1.0;1.0;1.0;;;;;;;17006
2016-01;2.0;1.0;1.0;1.0;2.0;1.0;1.0;1.0;1.0;;;;;;;;17006
2017-01;1.0;1.0;1.0;;;;;;;;;;;;;;17006
2018-01;2.0;1.0;1.0;1.0;1.0;1.0;1.0;;;;;;;;;;17006
2019-01;6.0;6.0;4.0;3.0;1.0;1.0;;;;;;;;;;;17006
2020-01;2.0;1.0;1.0;1.0;1.0;;;;;;;;;;;;17006
2021-01;1.0;1.0;1.0;1.0;;;;;;;;;;;;;17006
2022-01;4.0;3.0;3.0;;;;;;;;;;;;;;17006
2023-01;5.0;5.0;;;;;;;;;;;;;;;17006
2024-01;2.0;;;;;;;;;;;;;;;;17006
2010-01;5.0;5.0;3.0;3.0;1.0;1.0;1.0;;;;;;;;;;17008
2011-01;1.0;1.0;1.0;1.0;1.0;1.0;1.0;1.0;1.0;1.0;;1.0;1.0;1.0;;;17008
2012-01;1.0;1.0;1.0;1.0;1.0;1.0;1.0;1.0;;;;;;;;;17008
2014-01;3.0;2.0;3.0;3.0;1.0;1.0;2.0;1.0;1.0;1.0;1.0;;;;;;17008
2018-01;1.0;;;;;;;;;;;;;;;;17008
2021-01;2.0;1.0;1.0;;;;;;;;;;;;;;17008
2022-01;1.0;1.0;1.0;;;;;;;;;;;;;;17008
2010-01;14.0;8.0;7.0;7.0;5.0;5.0;5.0;7.0;7.0;5.0;5.0;5.0;5.0;5.0;5.0;;27007
2011-01;4.0;3.0;3.0;3.0;3.0;3.0;2.0;2.0;2.0;2.0;2.0;2.0;2.0;2.0;;;27007
2012-01;2.0;2.0;1.0;2.0;1.0;1.0;2.0;2.0;2.0;2.0;2.0;2.0;2.0;;;;27007
2013-01;4.0;3.0;1.0;1.0;1.0;1.0;1.0;1.0;1.0;1.0;;1.0;;;;;27007
2014-01;7.0;3.0;3.0;3.0;4.0;4.0;4.0;3.0;3.0;4.0;4.0;;;;;;27007
2015-01;6.0;5.0;4.0;4.0;2.0;3.0;3.0;3.0;3.0;3.0;;;;;;;27007
2016-01;2.0;2.0;1.0;1.0;1.0;1.0;1.0;;;;;;;;;;27007
2017-01;6.0;6.0;3.0;2.0;2.0;1.0;2.0;2.0;;;;;;;;;27007
2018-01;5.0;3.0;2.0;2.0;2.0;1.0;2.0;;;;;;;;;;27007
2019-01;10.0;8.0;5.0;5.0;4.0;4.0;;;;;;;;;;;27007
2020-01;6.0;4.0;5.0;5.0;2.0;;;;;;;;;;;;27007
2021-01;6.0;4.0;3.0;2.0;;;;;;;;;;;;;27007
2022-01;2.0;2.0;2.0;;;;;;;;;;;;;;27007
2023-01;5.0;4.0;;;;;;;;;;;;;;;27007
2024-01;3.0;;;;;;;;;;;;;;;;27007
2010-01;4.0;;;;;;;;;;;;;;;;27004
2011-01;5.0;5.0;2.0;1.0;1.0;1.0;;;;;;;;;;;27004
2012-01;1.0;1.0;1.0;1.0;1.0;1.0;1.0;1.0;1.0;1.0;1.0;;;;;;27004
2013-01;2.0;2.0;2.0;1.0;1.0;1.0;1.0;1.0;1.0;;;;;;;;27004
2014-01;2.0;2.0;2.0;2.0;2.0;1.0;1.0;1.0;1.0;2.0;1.0;;;;;;27004
2015-01;1.0;1.0;1.0;;1.0;1.0;;;;;;;;;;;27004
2018-01;1.0;1.0;;;;;;;;;;;;;;;27004
2020-01;1.0;1.0;1.0;;;;;;;;;;;;;;27004
2022-01;1.0;1.0;;;;;;;;;;;;;;;27004
2023-01;2.0;1.0;;;;;;;;;;;;;;;27004
2010-01;4.0;3.0;2.0;2.0;2.0;3.0;2.0;2.0;3.0;2.0;3.0;3.0;2.0;1.0;1.0;;27005
2011-01;1.0;1.0;1.0;;;;;;;;;;;;;;27005
2012-01;2.0;2.0;;;;;;1.0;;;;;;;;;27005
2013-01;1.0;1.0;;;;;;;;;;;;;;;27005
2014-01;4.0;4.0;3.0;3.0;1.0;1.0;1.0;1.0;1.0;2.0;1.0;;;;;;27005
2015-01;3.0;;;;;;;;;;;;;;;;27005
2016-01;4.0;3.0;1.0;1.0;1.0;2.0;2.0;1.0;1.0;;;;;;;;27005
2017-01;1.0;;;;;;;;;;;;;;;;27005
2018-01;6.0;6.0;5.0;4.0;4.0;2.0;2.0;;;;;;;;;;27005
2019-01;2.0;2.0;1.0;1.0;1.0;1.0;;;;;;;;;;;27005
2020-01;5.0;4.0;4.0;2.0;1.0;;;;;;;;;;;;27005
2022-01;5.0;3.0;3.0;;;;;;;;;;;;;;27005
2023-01;9.0;3.0;;;;;;;;;;;;;;;27005
2024-01;4.0;;;;;;;;;;;;;;;;27005
2010-01;9.0;7.0;6.0;3.0;2.0;2.0;3.0;3.0;3.0;3.0;2.0;1.0;1.0;1.0;1.0;;27003
2011-01;2.0;2.0;2.0;;;;;;;;;;;;;;27003
2012-01;1.0;;;;;1.0;1.0;;1.0;1.0;;;;;;;27003
2013-01;3.0;3.0;2.0;1.0;1.0;;;;;;;;;;;;27003
2014-01;3.0;3.0;2.0;1.0;;;1.0;1.0;1.0;1.0;;;;;;;27003
2015-01;2.0;1.0;1.0;1.0;1.0;;;;;;;;;;;;27003
2016-01;1.0;1.0;1.0;1.0;1.0;1.0;1.0;1.0;;;;;;;;;27003
2017-01;3.0;2.0;1.0;2.0;2.0;2.0;1.0;1.0;;;;;;;;;27003
2018-01;4.0;3.0;2.0;2.0;2.0;3.0;2.0;;;;;;;;;;27003
2019-01;2.0;1.0;1.0;1.0;1.0;1.0;;;;;;;;;;;27003
2020-01;2.0;2.0;2.0;2.0;2.0;;;;;;;;;;;;27003
2022-01;2.0;1.0;1.0;;;;;;;;;;;;;;27003
2023-01;7.0;7.0;;;;;;;;;;;;;;;27003
2024-01;3.0;;;;;;;;;;;;;;;;27003
2010-01;6.0;4.0;5.0;4.0;3.0;3.0;3.0;3.0;;;;1.0;1.0;1.0;1.0;;27008
2013-01;1.0;;;;;;;;;;;;;;;;27008
2014-01;5.0;3.0;2.0;2.0;1.0;1.0;1.0;;;;;;;;;;27008
2015-01;1.0;1.0;1.0;1.0;1.0;1.0;1.0;1.0;1.0;1.0;;;;;;;27008
2016-01;1.0;1.0;1.0;;;;;;;;;;;;;;27008
2018-01;3.0;3.0;2.0;2.0;1.0;1.0;1.0;;;;;;;;;;27008
2019-01;6.0;3.0;3.0;3.0;2.0;1.0;;;;;;;;;;;27008
2020-01;5.0;5.0;2.0;2.0;1.0;;;;;;;;;;;;27008
2021-01;5.0;3.0;2.0;1.0;;;;;;;;;;;;;27008
2022-01;6.0;5.0;1.0;;;;;;;;;;;;;;27008
2023-01;3.0;3.0;;;;;;;;;;;;;;;27008
2024-01;2.0;;;;;;;;;;;;;;;;27008
2010-01;8.0;6.0;4.0;4.0;4.0;4.0;4.0;4.0;4.0;3.0;3.0;2.0;2.0;2.0;1.0;;27006
2011-01;2.0;1.0;;1.0;1.0;;;;;;;;;;;;27006
2012-01;1.0;1.0;1.0;1.0;1.0;;;;1.0;1.0;1.0;;;;;;27006
2014-01;2.0;2.0;1.0;1.0;1.0;1.0;1.0;1.0;1.0;1.0;1.0;;;;;;27006
2015-01;2.0;2.0;2.0;1.0;1.0;1.0;1.0;1.0;1.0;;;;;;;;27006
2017-01;1.0;1.0;1.0;1.0;1.0;1.0;1.0;1.0;;;;;;;;;27006
2018-01;3.0;2.0;2.0;1.0;1.0;1.0;;;;;;;;;;;27006
2019-01;1.0;1.0;1.0;1.0;1.0;;;;;;;;;;;;27006
2020-01;10.0;10.0;9.0;9.0;8.0;;;;;;;;;;;;27006
2021-01;2.0;1.0;;;;;;;;;;;;;;;27006
2022-01;4.0;4.0;3.0;;;;;;;;;;;;;;27006
2023-01;3.0;2.0;;;;;;;;;;;;;;;27006
2024-01;2.0;;;;;;;;;;;;;;;;27006
2010-01;2.0;1.0;1.0;2.0;1.0;;;;;;;;;;;;27010
2011-01;2.0;1.0;1.0;1.0;1.0;1.0;1.0;1.0;1.0;1.0;1.0;1.0;1.0;1.0;;;27010
2014-01;2.0;2.0;2.0;2.0;1.0;1.0;1.0;;;;;;;;;;27010
2016-01;2.0;2.0;2.0;1.0;1.0;1.0;;;;;;;;;;;27010
2019-01;1.0;1.0;1.0;1.0;1.0;1.0;;;;;;;;;;;27010
2021-01;1.0;1.0;1.0;1.0;;;;;;;;;;;;;27010
2022-01;3.0;2.0;2.0;;;;;;;;;;;;;;27010
2024-01;2.0;;;;;;;;;;;;;;;;27010
2010-01;97.0;89.0;79.0;77.0;70.0;62.0;58.0;52.0;49.0;49.0;51.0;48.0;48.0;52.0;49.0;;27001
2011-01;15.0;11.0;11.0;9.0;8.0;9.0;8.0;7.0;8.0;6.0;7.0;7.0;7.0;7.0;;;27001
2012-01;13.0;10.0;9.0;8.0;5.0;5.0;4.0;4.0;4.0;3.0;3.0;4.0;2.0;;;;27001
2013-01;20.0;16.0;14.0;14.0;14.0;15.0;13.0;13.0;13.0;10.0;11.0;11.0;;;;;27001
2014-01;19.0;15.0;12.0;10.0;11.0;10.0;7.0;7.0;8.0;9.0;7.0;;;;;;27001
2015-01;17.0;14.0;14.0;12.0;12.0;12.0;12.0;12.0;10.0;9.0;;;;;;;27001
2016-01;16.0;13.0;11.0;9.0;9.0;8.0;8.0;6.0;5.0;;;;;;;;27001
2017-01;10.0;9.0;9.0;9.0;6.0;4.0;4.0;1.0;;;;;;;;;27001
2018-01;19.0;17.0;17.0;16.0;15.0;14.0;10.0;;;;;;;;;;27001
2019-01;22.0;18.0;16.0;13.0;9.0;8.0;;;;;;;;;;;27001
2020-01;16.0;15.0;13.0;12.0;9.0;;;;;;;;;;;;27001
2021-01;19.0;15.0;11.0;11.0;;;;;;;;;;;;;27001
2022-01;15.0;9.0;8.0;;;;;;;;;;;;;;27001
2023-01;15.0;6.0;;;;;;;;;;;;;;;27001
2024-01;10.0;;;;;;;;;;;;;;;;27001
2010-01;5.0;4.0;4.0;4.0;2.0;;;;;;;;;;;;27002
2013-01;1.0;1.0;1.0;1.0;1.0;1.0;1.0;1.0;1.0;;;;;;;;27002
2015-01;2.0;;;;;;;;;;;;;;;;27002
2016-01;1.0;;1.0;1.0;;;;;;;;;;;;;27002
2018-01;1.0;1.0;1.0;1.0;;;;;;;;;;;;;27002
2019-01;2.0;1.0;1.0;1.0;1.0;1.0;;;;;;;;;;;27002
2020-01;5.0;4.0;1.0;1.0;1.0;;;;;;;;;;;;27002
2021-01;3.0;;;;;;;;;;;;;;;;27002
2022-01;6.0;4.0;1.0;;;;;;;;;;;;;;27002
2023-01;1.0;;;;;;;;;;;;;;;;27002
2024-01;1.0;;;;;;;;;;;;;;;;27002
2010-01;4.0;3.0;2.0;;;;;;1.0;;;;;;;;27009
2011-01;2.0;2.0;2.0;1.0;1.0;1.0;1.0;1.0;1.0;1.0;1.0;1.0;1.0;1.0;;;27009
2012-01;1.0;;;;;;;;;;;;;;;;27009
2013-01;2.0;2.0;1.0;;;;;;;;;;;;;;27009
2014-01;4.0;2.0;2.0;;;;;;;;;;;;;;27009
2015-01;1.0;1.0;1.0;1.0;1.0;1.0;1.0;1.0;1.0;1.0;;;;;;;27009
2016-01;2.0;1.0;1.0;1.0;1.0;1.0;1.0;1.0;1.0;;;;;;;;27009
2017-01;4.0;1.0;;;;;;;;;;;;;;;27009
2018-01;3.0;2.0;1.0;1.0;1.0;;;;;;;;;;;;27009
2019-01;2.0;1.0;;;;;;;;;;;;;;;27009
2020-01;3.0;2.0;1.0;;;;;;;;;;;;;;27009
2021-01;1.0;1.0;1.0;1.0;;;;;;;;;;;;;27009
2022-01;2.0;2.0;2.0;;;;;;;;;;;;;;27009
2024-01;2.0;;;;;;;;;;;;;;;;27009
2010-01;8.0;8.0;7.0;7.0;7.0;5.0;5.0;4.0;4.0;4.0;4.0;5.0;5.0;5.0;5.0;;50003
2011-01;1.0;1.0;;;;;;;;;;;;;;;50003
2012-01;4.0;2.0;2.0;1.0;1.0;1.0;1.0;1.0;1.0;1.0;1.0;1.0;1.0;;;;50003
2013-01;2.0;;;;;;;;1.0;1.0;2.0;2.0;;;;;50003
2014-01;1.0;;;;;;;;;;;;;;;;50003
2015-01;3.0;3.0;3.0;3.0;2.0;2.0;1.0;1.0;3.0;3.0;;;;;;;50003
2017-01;1.0;1.0;1.0;1.0;1.0;1.0;1.0;1.0;;;;;;;;;50003
2018-01;2.0;2.0;1.0;1.0;1.0;1.0;1.0;;;;;;;;;;50003
2019-01;2.0;1.0;1.0;1.0;1.0;1.0;;;;;;;;;;;50003
2020-01;3.0;3.0;3.0;3.0;3.0;;;;;;;;;;;;50003
2021-01;1.0;1.0;1.0;;;;;;;;;;;;;;50003
2022-01;2.0;1.0;1.0;;;;;;;;;;;;;;50003
2023-01;1.0;1.0;;;;;;;;;;;;;;;50003
2024-01;1.0;;;;;;;;;;;;;;;;50003
2010-01;72.0;67.0;60.0;54.0;53.0;53.0;46.0;44.0;43.0;41.0;39.0;36.0;37.0;36.0;28.0;;50001
2011-01;8.0;8.0;7.0;7.0;6.0;6.0;6.0;4.0;5.0;5.0;4.0;5.0;4.0;5.0;;;50001
2012-01;14.0;12.0;11.0;11.0;11.0;10.0;10.0;9.0;10.0;10.0;9.0;8.0;8.0;;;;50001
2013-01;9.0;7.0;8.0;4.0;4.0;4.0;4.0;4.0;4.0;4.0;4.0;4.0;;;;;50001
2014-01;8.0;7.0;7.0;7.0;4.0;3.0;3.0;3.0;4.0;4.0;3.0;;;;;;50001
2015-01;5.0;4.0;3.0;3.0;4.0;4.0;4.0;3.0;3.0;3.0;;;;;;;50001
2016-01;14.0;13.0;11.0;10.0;9.0;9.0;9.0;7.0;7.0;;;;;;;;50001
2017-01;7.0;5.0;5.0;4.0;4.0;4.0;5.0;5.0;;;;;;;;;50001
2018-01;10.0;9.0;6.0;6.0;6.0;6.0;6.0;;;;;;;;;;50001
2019-01;9.0;8.0;5.0;6.0;4.0;3.0;;;;;;;;;;;50001
2020-01;7.0;4.0;3.0;2.0;2.0;;;;;;;;;;;;50001
2021-01;5.0;5.0;5.0;5.0;;;;;;;;;;;;;50001
2022-01;11.0;11.0;10.0;;;;;;;;;;;;;;50001
2023-01;2.0;2.0;;;;;;;;;;;;;;;50001
2024-01;4.0;;;;;;;;;;;;;;;;50001
2010-01;3.0;3.0;3.0;2.0;2.0;3.0;2.0;3.0;3.0;3.0;3.0;3.0;3.0;3.0;3.0;;50002
2011-01;2.0;2.0;2.0;2.0;2.0;2.0;2.0;2.0;2.0;2.0;2.0;2.0;1.0;1.0;;;50002
2013-01;1.0;1.0;1.0;1.0;1.0;1.0;;1.0;1.0;;;;;;;;50002
2014-01;1.0;1.0;1.0;1.0;1.0;1.0;1.0;1.0;1.0;1.0;;;;;;;50002
2015-01;1.0;1.0;1.0;1.0;1.0;1.0;1.0;1.0;1.0;1.0;;;;;;;50002
2016-01;1.0;1.0;1.0;1.0;;;;;;;;;;;;;50002
2022-01;1.0;1.0;1.0;;;;;;;;;;;;;;50002
2010-01;8.0;7.0;4.0;4.0;4.0;4.0;4.0;4.0;4.0;4.0;3.0;3.0;4.0;4.0;4.0;;50004
2011-01;2.0;2.0;2.0;2.0;1.0;1.0;1.0;1.0;1.0;1.0;1.0;1.0;;;;;50004
2012-01;3.0;2.0;2.0;2.0;1.0;1.0;1.0;1.0;1.0;1.0;1.0;1.0;1.0;;;;50004
2013-01;2.0;2.0;2.0;2.0;1.0;;;;;;;;;;;;50004
2014-01;3.0;3.0;3.0;3.0;3.0;3.0;3.0;3.0;3.0;2.0;2.0;;;;;;50004
2018-01;2.0;2.0;2.0;2.0;2.0;2.0;2.0;;;;;;;;;;50004
2020-01;4.0;3.0;3.0;2.0;3.0;;;;;;;;;;;;50004
2023-01;2.0;2.0;;;;;;;;;;;;;;;50004
2024-01;1.0;;;;;;;;;;;;;;;;50004
2010-01;20.0;19.0;12.0;12.0;13.0;11.0;10.0;12.0;11.0;11.0;11.0;11.0;10.0;10.0;10.0;;51002
2011-01;2.0;1.0;1.0;1.0;1.0;1.0;1.0;1.0;1.0;1.0;1.0;1.0;1.0;1.0;;;51002
2012-01;3.0;3.0;2.0;3.0;3.0;2.0;1.0;1.0;1.0;1.0;1.0;1.0;1.0;;;;51002
2013-01;4.0;4.0;4.0;3.0;3.0;2.0;3.0;1.0;1.0;1.0;2.0;2.0;;;;;51002
2014-01;2.0;1.0;1.0;1.0;1.0;1.0;1.0;1.0;1.0;;;;;;;;51002
2015-01;2.0;2.0;1.0;;;;;1.0;1.0;1.0;;;;;;;51002
2018-01;3.0;3.0;3.0;3.0;2.0;1.0;2.0;;;;;;;;;;51002
2019-01;3.0;3.0;3.0;3.0;3.0;3.0;;;;;;;;;;;51002
2020-01;1.0;1.0;1.0;1.0;1.0;;;;;;;;;;;;51002
2022-01;2.0;2.0;1.0;;;;;;;;;;;;;;51002
2023-01;7.0;6.0;;;;;;;;;;;;;;;51002
2024-01;11.0;;;;;;;;;;;;;;;;51002
2010-01;1.0;1.0;1.0;1.0;1.0;1.0;1.0;1.0;;1.0;1.0;1.0;1.0;1.0;1.0;;51001
2010-01;6.0;4.0;2.0;2.0;3.0;3.0;2.0;1.0;2.0;2.0;1.0;1.0;2.0;2.0;2.0;;51013
2011-01;1.0;;;;;;;;;;;;;;;;51013
2012-01;1.0;1.0;1.0;1.0;1.0;1.0;;;;;;;;;;;51013
2013-01;1.0;1.0;1.0;1.0;1.0;1.0;1.0;1.0;1.0;1.0;1.0;1.0;;;;;51013
2014-01;1.0;1.0;1.0;1.0;1.0;1.0;1.0;;;;;;;;;;51013
2016-01;1.0;1.0;1.0;1.0;1.0;1.0;1.0;1.0;1.0;;;;;;;;51013
2018-01;2.0;2.0;1.0;1.0;2.0;2.0;2.0;;;;;;;;;;51013
2020-01;2.0;2.0;2.0;2.0;2.0;;;;;;;;;;;;51013
2021-01;1.0;1.0;1.0;1.0;;;;;;;;;;;;;51013
2022-01;4.0;3.0;2.0;;;;;;;;;;;;;;51013
2023-01;4.0;4.0;;;;;;;;;;;;;;;51013
2024-01;7.0;;;;;;;;;;;;;;;;51013
2010-01;1.0;1.0;;;;;;;;;;;;;;;51004
2019-01;1.0;1.0;;;;;;;;;;;;;;;51004
2022-01;1.0;1.0;1.0;;;;;;;;;;;;;;51004
2010-01;2.0;2.0;2.0;2.0;1.0;1.0;1.0;1.0;1.0;1.0;;;;;;;51008
2010-01;2.0;1.0;1.0;1.0;1.0;1.0;1.0;1.0;1.0;1.0;1.0;;;;;;51007
2011-01;1.0;;1.0;1.0;1.0;1.0;1.0;1.0;1.0;1.0;1.0;1.0;1.0;1.0;;;51007
2012-01;1.0;1.0;1.0;1.0;;;;;;;;;;;;;51007
2019-01;1.0;1.0;1.0;1.0;1.0;1.0;;;;;;;;;;;51007
2020-01;1.0;1.0;;;;;;;;;;;;;;;51007
2022-01;1.0;1.0;1.0;;;;;;;;;;;;;;51007
2024-01;2.0;;;;;;;;;;;;;;;;51007
2010-01;1.0;1.0;1.0;1.0;1.0;1.0;1.0;1.0;;;1.0;1.0;1.0;1.0;1.0;;51011
2018-01;1.0;1.0;;;;;;;;;;;;;;;51011
2019-01;3.0;1.0;;;;;;;;;;;;;;;51011
2024-01;2.0;;;;;;;;;;;;;;;;51011
2010-01;1.0;1.0;1.0;1.0;1.0;1.0;1.0;1.0;1.0;1.0;1.0;1.0;1.0;1.0;1.0;;51010
2011-01;1.0;1.0;1.0;1.0;1.0;1.0;1.0;1.0;1.0;1.0;1.0;1.0;1.0;;;;51003
2017-01;1.0;1.0;1.0;1.0;1.0;1.0;1.0;1.0;;;;;;;;;51003
2010-01;1.0;1.0;1.0;;;;;;;;;;;;;;51015
2011-01;1.0;;;;;;;;;;;;;;;;51015
2022-01;1.0;1.0;1.0;;;;;;;;;;;;;;51015
2024-01;2.0;;;;;;;;;;;;;;;;51015
2010-01;1.0;1.0;1.0;1.0;1.0;1.0;1.0;1.0;1.0;1.0;1.0;1.0;;;;;51016
2023-01;1.0;;;;;;;;;;;;;;;;51016
2010-01;6.0;6.0;6.0;6.0;5.0;6.0;3.0;2.0;3.0;3.0;3.0;3.0;3.0;2.0;2.0;;51014
2014-01;1.0;;;;;;;;;;;;;;;;51014
2018-01;2.0;1.0;1.0;1.0;1.0;;;;;;;;;;;;51014
2019-01;1.0;1.0;1.0;1.0;1.0;1.0;;;;;;;;;;;51014
2020-01;5.0;4.0;4.0;4.0;4.0;;;;;;;;;;;;51014
2021-01;4.0;4.0;2.0;1.0;;;;;;;;;;;;;51014
2022-01;6.0;6.0;6.0;;;;;;;;;;;;;;51014
2023-01;7.0;6.0;;;;;;;;;;;;;;;51014
2024-01;11.0;;;;;;;;;;;;;;;;51014
2010-01;3.0;3.0;3.0;2.0;2.0;2.0;2.0;1.0;1.0;1.0;1.0;1.0;1.0;1.0;1.0;;51005
2011-01;1.0;1.0;1.0;1.0;1.0;1.0;1.0;1.0;1.0;1.0;1.0;1.0;1.0;1.0;;;51005
2013-01;1.0;1.0;1.0;1.0;1.0;1.0;;;;;;;;;;;51005
2020-01;1.0;1.0;1.0;1.0;1.0;;;;;;;;;;;;51005
2024-01;1.0;;;;;;;;;;;;;;;;51005
2016-01;1.0;1.0;1.0;1.0;1.0;1.0;1.0;1.0;1.0;;;;;;;;51006
2020-01;1.0;1.0;1.0;1.0;1.0;;;;;;;;;;;;51006
2023-01;1.0;1.0;;;;;;;;;;;;;;;51012
2010-01;1.0;1.0;1.0;1.0;1.0;1.0;1.0;1.0;1.0;1.0;1.0;1.0;1.0;1.0;1.0;;25010
2014-01;1.0;1.0;;;;;;;;;;;;;;;25010
2015-01;1.0;1.0;1.0;1.0;1.0;;;;;;;;;;;;25010
2020-01;4.0;4.0;2.0;2.0;;;;;;;;;;;;;25010
2022-01;1.0;;;;;;;;;;;;;;;;25010
2023-01;1.0;1.0;;;;;;;;;;;;;;;25010
2024-01;1.0;;;;;;;;;;;;;;;;25010
2010-01;26.0;25.0;17.0;15.0;13.0;11.0;10.0;10.0;10.0;7.0;4.0;4.0;4.0;4.0;4.0;;25001
2011-01;1.0;;;;;;;;;;;;;;;;25001
2012-01;3.0;2.0;2.0;2.0;2.0;2.0;2.0;2.0;2.0;2.0;2.0;2.0;2.0;;;;25001
2013-01;5.0;4.0;4.0;3.0;3.0;3.0;2.0;1.0;1.0;1.0;1.0;1.0;;;;;25001
2014-01;5.0;3.0;3.0;3.0;3.0;2.0;2.0;2.0;1.0;;;;;;;;25001
2015-01;6.0;4.0;4.0;4.0;3.0;3.0;3.0;2.0;2.0;2.0;;;;;;;25001
2016-01;10.0;10.0;5.0;6.0;4.0;4.0;4.0;3.0;2.0;;;;;;;;25001
2017-01;10.0;8.0;7.0;4.0;4.0;4.0;2.0;2.0;;;;;;;;;25001
2018-01;10.0;8.0;6.0;6.0;6.0;5.0;4.0;;;;;;;;;;25001
2019-01;11.0;9.0;7.0;8.0;6.0;6.0;;;;;;;;;;;25001
2020-01;17.0;16.0;12.0;10.0;8.0;;;;;;;;;;;;25001
2021-01;11.0;9.0;6.0;4.0;;;;;;;;;;;;;25001
2022-01;16.0;10.0;5.0;;;;;;;;;;;;;;25001
2023-01;6.0;5.0;;;;;;;;;;;;;;;25001
2024-01;8.0;;;;;;;;;;;;;;;;25001
2010-01;4.0;1.0;;;;;;;;;;;;;;;25002
2011-01;1.0;1.0;;;;;;;;;;;;;;;25002
2017-01;2.0;2.0;2.0;1.0;1.0;1.0;1.0;1.0;;;;;;;;;25002
2018-01;1.0;1.0;;;1.0;1.0;1.0;;;;;;;;;;25002
2019-01;4.0;4.0;2.0;3.0;4.0;4.0;;;;;;;;;;;25002
2020-01;2.0;1.0;;;;;;;;;;;;;;;25002
2021-01;2.0;1.0;1.0;1.0;;;;;;;;;;;;;25002
2022-01;1.0;1.0;1.0;;;;;;;;;;;;;;25002
2023-01;1.0;1.0;;;;;;;;;;;;;;;25002
2024-01;1.0;;;;;;;;;;;;;;;;25002
2013-01;2.0;1.0;1.0;1.0;1.0;1.0;1.0;;;1.0;1.0;1.0;;;;;25003
2019-01;1.0;1.0;;;;;;;;;;;;;;;25003
2020-01;1.0;1.0;1.0;;;;;;;;;;;;;;25003
2021-01;1.0;;;;;;;;;;;;;;;;25003
2010-01;1.0;;;;;;;;;;;;;;;;25009
2011-01;1.0;1.0;1.0;;;;;;;;;;;;;;25009
2012-01;1.0;;;;;;;;;;;;;;;;25009
2018-01;1.0;1.0;1.0;1.0;1.0;1.0;1.0;;;;;;;;;;25009
2020-01;1.0;1.0;1.0;;;;;;;;;;;;;;25009
2023-01;2.0;2.0;;;;;;;;;;;;;;;25009
2024-01;1.0;;;;;;;;;;;;;;;;25009
2010-01;5.0;2.0;2.0;2.0;1.0;1.0;1.0;1.0;1.0;1.0;1.0;1.0;1.0;;;;25016
2013-01;1.0;;;;1.0;1.0;1.0;1.0;1.0;;;;;;;;25016
2014-01;1.0;1.0;1.0;;;;;;;;;;;;;;25016
2016-01;1.0;;;;;;;;;;;;;;;;25016
2017-01;3.0;1.0;1.0;1.0;1.0;2.0;1.0;1.0;;;;;;;;;25016
2018-01;4.0;4.0;1.0;1.0;1.0;1.0;1.0;;;;;;;;;;25016
2019-01;4.0;2.0;2.0;2.0;2.0;2.0;;;;;;;;;;;25016
2020-01;6.0;4.0;4.0;3.0;3.0;;;;;;;;;;;;25016
2022-01;6.0;3.0;3.0;;;;;;;;;;;;;;25016
2023-01;9.0;9.0;;;;;;;;;;;;;;;25016
2024-01;7.0;;;;;;;;;;;;;;;;25016
2010-01;1.0;1.0;1.0;1.0;1.0;1.0;1.0;1.0;1.0;1.0;1.0;1.0;1.0;1.0;1.0;;25008
2018-01;2.0;1.0;1.0;1.0;1.0;1.0;1.0;;;;;;;;;;25008
2019-01;1.0;1.0;1.0;1.0;;;;;;;;;;;;;25008
2015-01;1.0;1.0;1.0;1.0;1.0;1.0;1.0;1.0;1.0;;;;;;;;25004
2010-01;1.0;1.0;;;;;;;;;;;;;;;25007
2016-01;1.0;1.0;;;;;;;;;;;;;;;25007
2017-01;1.0;;;;;;;;;;;;;;;;25007
2018-01;3.0;3.0;1.0;1.0;1.0;1.0;1.0;;;;;;;;;;25007
2015-01;1.0;1.0;;;;;;;;;;;;;;;25011
2017-01;1.0;1.0;;;;;;;;;;;;;;;25011
2018-01;1.0;;;;;;;;;;;;;;;;25011
2019-01;1.0;1.0;1.0;1.0;;;;;;;;;;;;;25011
2023-01;1.0;1.0;;;;;;;;;;;;;;;25011
2011-01;1.0;1.0;;;;;;;;;;;;;;;25012
2015-01;2.0;;;;;;;;;;;;;;;;25012
2016-01;1.0;;;;;;;;;;;;;;;;25012
2017-01;1.0;1.0;1.0;1.0;;;;;;;;;;;;;25012
2018-01;1.0;;;1.0;1.0;1.0;1.0;;;;;;;;;;25012
2020-01;1.0;1.0;1.0;;;;;;;;;;;;;;25012
2010-01;2.0;2.0;2.0;2.0;2.0;2.0;2.0;2.0;;;;;;;;;25014
2016-01;1.0;;;;;;;;;;;;;;;;25014
2017-01;1.0;1.0;1.0;1.0;1.0;1.0;1.0;1.0;;;;;;;;;25014
2021-01;1.0;1.0;1.0;;;;;;;;;;;;;;25014
2010-01;1.0;;;;;;;;;;;;;;;;25005
2011-01;1.0;1.0;;;;;;;;;;;;;;;25005
2015-01;1.0;1.0;1.0;;;;;;;;;;;;;;25005
2016-01;1.0;1.0;1.0;1.0;1.0;1.0;1.0;1.0;;;;;;;;;25005
2017-01;1.0;;;;;;;;;;;;;;;;25005
2018-01;2.0;1.0;;;;;;;;;;;;;;;25005
2019-01;3.0;1.0;;;;;;;;;;;;;;;25005
2020-01;4.0;2.0;1.0;1.0;1.0;;;;;;;;;;;;25005
2021-01;1.0;;;;;;;;;;;;;;;;25005
2024-01;1.0;;;;;;;;;;;;;;;;25005
2018-01;2.0;1.0;1.0;1.0;1.0;2.0;1.0;;;;;;;;;;25006
2019-01;3.0;3.0;2.0;2.0;;;;;;;;;;;;;25006
2021-01;2.0;2.0;2.0;2.0;;;;;;;;;;;;;25006
2023-01;1.0;1.0;;;;;;;;;;;;;;;25006
2024-01;2.0;;;;;;;;;;;;;;;;25006
2010-01;1.0;1.0;1.0;;;;;;;;;;;;;;25013
2010-01;3.0;3.0;3.0;2.0;2.0;2.0;2.0;2.0;2.0;2.0;2.0;2.0;2.0;1.0;2.0;;35091
2011-01;1.0;;;;;;;;;;;;;;;;35091
2012-01;2.0;2.0;1.0;1.0;1.0;1.0;1.0;;;;;;;;;;35091
2015-01;2.0;2.0;2.0;2.0;2.0;1.0;1.0;1.0;1.0;1.0;;;;;;;35091
2017-01;1.0;1.0;1.0;1.0;1.0;1.0;1.0;1.0;;;;;;;;;35091
2019-01;1.0;;;;;;;;;;;;;;;;35091
2020-01;1.0;1.0;;;;;;;;;;;;;;;35091
2022-01;1.0;;;;;;;;;;;;;;;;35091
2023-01;2.0;;;;;;;;;;;;;;;;35091
2024-01;1.0;;;;;;;;;;;;;;;;35091
2010-01;2.0;2.0;2.0;2.0;2.0;2.0;2.0;2.0;2.0;2.0;2.0;2.0;2.0;2.0;2.0;;35156
2011-01;2.0;1.0;1.0;;;;;;;;;;;;;;35156
2014-01;1.0;1.0;1.0;1.0;1.0;1.0;1.0;1.0;1.0;1.0;1.0;;;;;;35156
2015-01;2.0;2.0;2.0;2.0;2.0;2.0;2.0;2.0;1.0;1.0;;;;;;;35156
2016-01;1.0;1.0;1.0;1.0;1.0;1.0;;;;;;;;;;;35156
2017-01;2.0;2.0;2.0;1.0;1.0;1.0;1.0;1.0;;;;;;;;;35156
2019-01;2.0;2.0;2.0;2.0;2.0;2.0;;;;;;;;;;;35156
2020-01;1.0;1.0;;;;;;;;;;;;;;;35156
2021-01;1.0;;;;;;;;;;;;;;;;35156
2022-01;2.0;1.0;1.0;;;;;;;;;;;;;;35156
2023-01;1.0;1.0;;;;;;;;;;;;;;;35156
2024-01;1.0;;;;;;;;;;;;;;;;35156
2010-01;14.0;14.0;14.0;13.0;13.0;12.0;12.0;11.0;10.0;10.0;10.0;9.0;10.0;9.0;8.0;;35142
2011-01;4.0;4.0;3.0;3.0;3.0;3.0;3.0;3.0;3.0;3.0;3.0;4.0;3.0;2.0;;;35142
2012-01;4.0;4.0;4.0;4.0;4.0;4.0;4.0;4.0;4.0;4.0;4.0;4.0;4.0;;;;35142
2013-01;2.0;2.0;2.0;2.0;2.0;1.0;1.0;1.0;1.0;1.0;1.0;1.0;;;;;35142
2014-01;1.0;1.0;1.0;1.0;1.0;1.0;1.0;1.0;1.0;1.0;1.0;;;;;;35142
2015-01;2.0;2.0;2.0;2.0;2.0;2.0;2.0;2.0;2.0;2.0;;;;;;;35142
2016-01;1.0;1.0;1.0;1.0;1.0;1.0;1.0;1.0;1.0;;;;;;;;35142
2017-01;1.0;1.0;1.0;1.0;1.0;1.0;1.0;1.0;;;;;;;;;35142
2018-01;2.0;2.0;1.0;2.0;2.0;2.0;2.0;;;;;;;;;;35142
2019-01;1.0;1.0;1.0;1.0;1.0;1.0;;;;;;;;;;;35142
2020-01;3.0;3.0;2.0;2.0;2.0;;;;;;;;;;;;35142
2021-01;1.0;;;;;;;;;;;;;;;;35142
2022-01;2.0;1.0;1.0;;;;;;;;;;;;;;35142
2023-01;2.0;2.0;;;;;;;;;;;;;;;35142
2024-01;1.0;;;;;;;;;;;;;;;;35142
2010-01;12.0;10.0;9.0;9.0;8.0;8.0;8.0;8.0;8.0;9.0;8.0;8.0;9.0;8.0;6.0;;35074
2011-01;1.0;1.0;;;1.0;1.0;;;;;;;;;;;35074
2012-01;2.0;1.0;1.0;;;;;;1.0;1.0;1.0;1.0;1.0;;;;35074
2013-01;3.0;3.0;3.0;1.0;1.0;1.0;;;;;;;;;;;35074
2014-01;2.0;2.0;2.0;2.0;1.0;2.0;2.0;2.0;2.0;2.0;1.0;;;;;;35074
2015-01;1.0;;;1.0;1.0;1.0;1.0;1.0;1.0;1.0;;;;;;;35074
2016-01;2.0;2.0;1.0;2.0;2.0;2.0;2.0;2.0;2.0;;;;;;;;35074
2017-01;1.0;1.0;1.0;1.0;1.0;1.0;1.0;1.0;;;;;;;;;35074
2018-01;1.0;;;;;;;;;;;;;;;;35074
2019-01;1.0;1.0;1.0;1.0;1.0;1.0;;;;;;;;;;;35074
2023-01;1.0;1.0;;;;;;;;;;;;;;;35074
2024-01;2.0;;;;;;;;;;;;;;;;35074
2010-01;40.0;34.0;28.0;26.0;26.0;26.0;24.0;22.0;24.0;23.0;21.0;19.0;19.0;19.0;18.0;;35062
2011-01;7.0;6.0;6.0;4.0;4.0;5.0;5.0;5.0;5.0;5.0;4.0;3.0;3.0;3.0;;;35062
2012-01;4.0;3.0;3.0;3.0;3.0;3.0;3.0;3.0;3.0;3.0;2.0;2.0;2.0;;;;35062
2013-01;9.0;9.0;9.0;8.0;7.0;7.0;5.0;4.0;4.0;5.0;4.0;4.0;;;;;35062
2014-01;11.0;9.0;8.0;8.0;5.0;3.0;3.0;3.0;3.0;4.0;3.0;;;;;;35062
2015-01;6.0;4.0;3.0;3.0;3.0;3.0;3.0;3.0;2.0;1.0;;;;;;;35062
2016-01;7.0;4.0;4.0;4.0;3.0;4.0;4.0;4.0;5.0;;;;;;;;35062
2017-01;9.0;8.0;5.0;4.0;4.0;3.0;3.0;4.0;;;;;;;;;35062
2018-01;9.0;7.0;4.0;3.0;3.0;4.0;5.0;;;;;;;;;;35062
2019-01;12.0;10.0;10.0;9.0;5.0;2.0;;;;;;;;;;;35062
2020-01;7.0;7.0;5.0;4.0;1.0;;;;;;;;;;;;35062
2021-01;8.0;6.0;4.0;4.0;;;;;;;;;;;;;35062
2022-01;11.0;6.0;4.0;;;;;;;;;;;;;;35062
2023-01;13.0;8.0;;;;;;;;;;;;;;;35062
2024-01;7.0;;;;;;;;;;;;;;;;35062
2010-01;16.0;15.0;13.0;13.0;10.0;9.0;9.0;9.0;9.0;8.0;8.0;5.0;4.0;4.0;4.0;;35051
2011-01;2.0;2.0;2.0;2.0;2.0;1.0;1.0;1.0;1.0;1.0;1.0;1.0;1.0;1.0;;;35051
2012-01;2.0;1.0;1.0;1.0;1.0;1.0;1.0;1.0;1.0;;;;;;;;35051
2013-01;1.0;1.0;1.0;1.0;1.0;1.0;1.0;1.0;1.0;1.0;1.0;1.0;;;;;35051
2014-01;4.0;4.0;4.0;3.0;3.0;4.0;3.0;3.0;3.0;3.0;3.0;;;;;;35051
2015-01;2.0;2.0;2.0;1.0;1.0;;1.0;1.0;1.0;;;;;;;;35051
2016-01;3.0;2.0;1.0;1.0;1.0;1.0;1.0;2.0;2.0;;;;;;;;35051
2017-01;6.0;5.0;5.0;5.0;4.0;3.0;2.0;2.0;;;;;;;;;35051
2018-01;4.0;3.0;4.0;3.0;1.0;1.0;2.0;;;;;;;;;;35051
2019-01;3.0;3.0;2.0;2.0;3.0;3.0;;;;;;;;;;;35051
2020-01;4.0;4.0;2.0;3.0;3.0;;;;;;;;;;;;35051
2021-01;5.0;4.0;2.0;3.0;;;;;;;;;;;;;35051
2022-01;16.0;12.0;11.0;;;;;;;;;;;;;;35051
2023-01;4.0;4.0;;;;;;;;;;;;;;;35051
2024-01;3.0;;;;;;;;;;;;;;;;35051
2010-01;15.0;15.0;13.0;13.0;12.0;10.0;9.0;9.0;9.0;8.0;8.0;8.0;6.0;4.0;4.0;;35133
2011-01;2.0;2.0;1.0;1.0;1.0;1.0;1.0;1.0;1.0;1.0;1.0;1.0;1.0;1.0;;;35133
2012-01;3.0;1.0;1.0;1.0;1.0;1.0;1.0;1.0;1.0;1.0;1.0;1.0;1.0;;;;35133
2013-01;4.0;4.0;4.0;4.0;3.0;2.0;3.0;3.0;3.0;3.0;3.0;3.0;;;;;35133
2014-01;1.0;1.0;1.0;1.0;1.0;1.0;1.0;1.0;1.0;1.0;1.0;;;;;;35133
2015-01;2.0;2.0;1.0;1.0;1.0;;;;;;;;;;;;35133
2016-01;5.0;4.0;3.0;3.0;3.0;2.0;2.0;2.0;1.0;;;;;;;;35133
2017-01;4.0;3.0;3.0;3.0;3.0;3.0;3.0;3.0;;;;;;;;;35133
2018-01;5.0;4.0;4.0;4.0;2.0;2.0;2.0;;;;;;;;;;35133
2019-01;1.0;1.0;1.0;;;;;;;;;;;;;;35133
2020-01;3.0;3.0;2.0;2.0;2.0;;;;;;;;;;;;35133
2021-01;1.0;1.0;1.0;1.0;;;;;;;;;;;;;35133
2022-01;3.0;2.0;2.0;;;;;;;;;;;;;;35133
2023-01;4.0;4.0;;;;;;;;;;;;;;;35133
2024-01;4.0;;;;;;;;;;;;;;;;35133
2010-01;6.0;6.0;5.0;4.0;4.0;4.0;4.0;3.0;3.0;3.0;4.0;4.0;4.0;4.0;4.0;;35157
2012-01;2.0;2.0;2.0;2.0;2.0;2.0;2.0;1.0;1.0;1.0;1.0;1.0;1.0;;;;35157
2013-01;1.0;1.0;1.0;1.0;;;1.0;1.0;1.0;1.0;1.0;1.0;;;;;35157
2015-01;1.0;1.0;1.0;1.0;1.0;;;;;;;;;;;;35157
2016-01;1.0;1.0;1.0;1.0;1.0;1.0;1.0;1.0;1.0;;;;;;;;35157
2017-01;3.0;2.0;2.0;2.0;2.0;2.0;1.0;2.0;;;;;;;;;35157
2018-01;4.0;4.0;4.0;4.0;4.0;4.0;4.0;;;;;;;;;;35157
2019-01;1.0;1.0;1.0;1.0;;;;;;;;;;;;;35157
2020-01;1.0;1.0;1.0;1.0;1.0;;;;;;;;;;;;35157
2023-01;2.0;2.0;;;;;;;;;;;;;;;35157
2010-01;20.0;17.0;13.0;12.0;11.0;11.0;11.0;10.0;9.0;11.0;11.0;11.0;10.0;9.0;11.0;;35112
2011-01;6.0;3.0;3.0;2.0;3.0;2.0;2.0;2.0;2.0;1.0;1.0;1.0;1.0;1.0;;;35112
2012-01;3.0;1.0;1.0;;;1.0;1.0;1.0;1.0;1.0;1.0;1.0;1.0;;;;35112
2013-01;3.0;2.0;1.0;1.0;1.0;1.0;1.0;1.0;;1.0;1.0;;;;;;35112
2014-01;5.0;3.0;2.0;2.0;2.0;2.0;2.0;2.0;2.0;2.0;2.0;;;;;;35112
2015-01;3.0;3.0;3.0;3.0;3.0;3.0;3.0;3.0;3.0;2.0;;;;;;;35112
2016-01;1.0;1.0;;1.0;1.0;1.0;;;;;;;;;;;35112
2017-01;2.0;2.0;2.0;2.0;2.0;2.0;2.0;1.0;;;;;;;;;35112
2018-01;1.0;1.0;1.0;1.0;1.0;1.0;1.0;;;;;;;;;;35112
2019-01;2.0;2.0;2.0;2.0;1.0;1.0;;;;;;;;;;;35112
2020-01;2.0;2.0;1.0;1.0;1.0;;;;;;;;;;;;35112
2021-01;6.0;5.0;5.0;2.0;;;;;;;;;;;;;35112
2022-01;5.0;5.0;5.0;;;;;;;;;;;;;;35112
2023-01;3.0;2.0;;;;;;;;;;;;;;;35112
2024-01;12.0;;;;;;;;;;;;;;;;35112
2010-01;25.0;20.0;19.0;18.0;17.0;16.0;16.0;15.0;16.0;15.0;15.0;16.0;14.0;13.0;14.0;;35093
2011-01;3.0;2.0;3.0;3.0;2.0;3.0;2.0;1.0;2.0;2.0;2.0;3.0;3.0;3.0;;;35093
2012-01;9.0;6.0;6.0;5.0;3.0;2.0;2.0;2.0;2.0;2.0;2.0;2.0;2.0;;;;35093
2013-01;7.0;5.0;3.0;2.0;2.0;2.0;2.0;1.0;2.0;2.0;2.0;2.0;;;;;35093
2014-01;4.0;4.0;3.0;3.0;3.0;3.0;3.0;2.0;1.0;1.0;1.0;;;;;;35093
2015-01;9.0;5.0;5.0;5.0;5.0;5.0;4.0;4.0;4.0;3.0;;;;;;;35093
2016-01;5.0;5.0;3.0;2.0;1.0;1.0;1.0;1.0;1.0;;;;;;;;35093
2017-01;9.0;9.0;7.0;5.0;5.0;4.0;4.0;5.0;;;;;;;;;35093
2018-01;6.0;6.0;6.0;5.0;5.0;5.0;5.0;;;;;;;;;;35093
2019-01;8.0;7.0;6.0;5.0;5.0;4.0;;;;;;;;;;;35093
2020-01;6.0;5.0;3.0;3.0;3.0;;;;;;;;;;;;35093
2021-01;7.0;6.0;2.0;1.0;;;;;;;;;;;;;35093
2022-01;14.0;13.0;9.0;;;;;;;;;;;;;;35093
2023-01;4.0;4.0;;;;;;;;;;;;;;;35093
2024-01;6.0;;;;;;;;;;;;;;;;35093
2010-01;212.0;193.0;169.0;159.0;154.0;151.0;138.0;138.0;129.0;123.0;113.0;106.0;103.0;97.0;85.0;;35072
2011-01;51.0;43.0;34.0;30.0;28.0;25.0;26.0;22.0;22.0;21.0;21.0;20.0;18.0;17.0;;;35072
2012-01;46.0;35.0;32.0;30.0;30.0;28.0;26.0;24.0;23.0;21.0;20.0;20.0;20.0;;;;35072
2013-01;33.0;24.0;23.0;23.0;17.0;16.0;11.0;10.0;12.0;13.0;12.0;12.0;;;;;35072
2014-01;23.0;19.0;17.0;18.0;17.0;15.0;14.0;13.0;14.0;14.0;15.0;;;;;;35072
2015-01;26.0;21.0;17.0;17.0;16.0;14.0;13.0;16.0;16.0;13.0;;;;;;;35072
2016-01;26.0;23.0;20.0;17.0;17.0;16.0;13.0;15.0;12.0;;;;;;;;35072
2017-01;30.0;27.0;23.0;19.0;17.0;19.0;16.0;14.0;;;;;;;;;35072
2018-01;12.0;11.0;11.0;10.0;11.0;10.0;10.0;;;;;;;;;;35072
2019-01;24.0;15.0;15.0;12.0;11.0;9.0;;;;;;;;;;;35072
2020-01;45.0;39.0;35.0;30.0;27.0;;;;;;;;;;;;35072
2021-01;44.0;41.0;33.0;29.0;;;;;;;;;;;;;35072
2022-01;41.0;33.0;26.0;;;;;;;;;;;;;;35072
2023-01;58.0;48.0;;;;;;;;;;;;;;;35072
2024-01;50.0;;;;;;;;;;;;;;;;35072
2010-01;17.0;16.0;14.0;15.0;15.0;13.0;12.0;12.0;12.0;10.0;9.0;8.0;8.0;8.0;7.0;;35031
2011-01;2.0;1.0;1.0;1.0;1.0;1.0;1.0;1.0;1.0;1.0;1.0;1.0;1.0;;;;35031
2012-01;11.0;11.0;11.0;10.0;6.0;5.0;4.0;3.0;3.0;4.0;4.0;4.0;4.0;;;;35031
2013-01;3.0;3.0;3.0;3.0;3.0;2.0;2.0;2.0;2.0;2.0;2.0;1.0;;;;;35031
2014-01;5.0;4.0;4.0;4.0;4.0;4.0;4.0;4.0;3.0;4.0;4.0;;;;;;35031
2015-01;4.0;4.0;3.0;3.0;4.0;4.0;3.0;3.0;3.0;3.0;;;;;;;35031
2016-01;1.0;1.0;;;;;;;;;;;;;;;35031
2017-01;3.0;3.0;3.0;3.0;3.0;3.0;3.0;2.0;;;;;;;;;35031
2018-01;3.0;3.0;2.0;2.0;1.0;1.0;1.0;;;;;;;;;;35031
2019-01;3.0;1.0;1.0;1.0;1.0;1.0;;;;;;;;;;;35031
2020-01;7.0;5.0;6.0;6.0;6.0;;;;;;;;;;;;35031
2021-01;6.0;6.0;4.0;4.0;;;;;;;;;;;;;35031
2022-01;5.0;2.0;1.0;;;;;;;;;;;;;;35031
2023-01;4.0;4.0;;;;;;;;;;;;;;;35031
2024-01;7.0;;;;;;;;;;;;;;;;35031
2010-01;7.0;6.0;5.0;5.0;4.0;3.0;4.0;4.0;4.0;4.0;5.0;5.0;5.0;5.0;4.0;;35022
2011-01;3.0;3.0;1.0;1.0;1.0;;;;;;;;;;;;35022
2012-01;1.0;1.0;1.0;1.0;1.0;1.0;1.0;1.0;;;;;;;;;35022
2013-01;1.0;;;;;;;;;;;;;;;;35022
2016-01;1.0;;;;;;;;;;;;;;;;35022
2017-01;1.0;1.0;;;;;;;;;;;;;;;35022
2018-01;1.0;1.0;1.0;1.0;1.0;1.0;1.0;;;;;;;;;;35022
2020-01;2.0;2.0;2.0;2.0;2.0;;;;;;;;;;;;35022
2021-01;2.0;2.0;2.0;2.0;;;;;;;;;;;;;35022
2022-01;2.0;2.0;2.0;;;;;;;;;;;;;;35022
2023-01;1.0;1.0;;;;;;;;;;;;;;;35022
2024-01;1.0;;;;;;;;;;;;;;;;35022
2010-01;9.0;6.0;5.0;5.0;6.0;6.0;6.0;6.0;5.0;5.0;5.0;5.0;5.0;4.0;4.0;;35172
2011-01;4.0;4.0;4.0;4.0;4.0;4.0;4.0;3.0;3.0;3.0;3.0;3.0;2.0;2.0;;;35172
2012-01;1.0;1.0;1.0;1.0;1.0;1.0;;;1.0;1.0;;;;;;;35172
2014-01;1.0;1.0;;;;1.0;1.0;1.0;1.0;1.0;1.0;;;;;;35172
2016-01;1.0;1.0;1.0;1.0;1.0;1.0;1.0;1.0;1.0;;;;;;;;35172
2017-01;3.0;3.0;3.0;3.0;3.0;3.0;3.0;2.0;;;;;;;;;35172
2019-01;2.0;2.0;2.0;2.0;2.0;2.0;;;;;;;;;;;35172
2020-01;3.0;3.0;2.0;2.0;1.0;;;;;;;;;;;;35172
2021-01;3.0;3.0;3.0;3.0;;;;;;;;;;;;;35172
2022-01;3.0;2.0;2.0;;;;;;;;;;;;;;35172
2023-01;1.0;1.0;;;;;;;;;;;;;;;35172
2024-01;3.0;;;;;;;;;;;;;;;;35172
2010-01;3.0;3.0;3.0;3.0;3.0;3.0;3.0;3.0;3.0;2.0;2.0;2.0;2.0;2.0;2.0;;35153
2011-01;2.0;2.0;2.0;2.0;1.0;1.0;1.0;1.0;1.0;1.0;1.0;1.0;1.0;1.0;;;35153
2013-01;2.0;2.0;1.0;1.0;1.0;;;;;;;;;;;;35153
2014-01;1.0;1.0;1.0;1.0;1.0;1.0;1.0;;;;;;;;;;35153
2015-01;2.0;2.0;1.0;1.0;1.0;1.0;1.0;1.0;1.0;1.0;;;;;;;35153
2016-01;1.0;1.0;1.0;1.0;1.0;1.0;1.0;1.0;1.0;;;;;;;;35153
2017-01;2.0;2.0;2.0;2.0;2.0;2.0;1.0;1.0;;;;;;;;;35153
2018-01;3.0;1.0;1.0;1.0;1.0;1.0;;;;;;;;;;;35153
2019-01;2.0;2.0;2.0;2.0;2.0;2.0;;;;;;;;;;;35153
2021-01;2.0;2.0;2.0;2.0;;;;;;;;;;;;;35153
2023-01;1.0;1.0;;;;;;;;;;;;;;;35153
2024-01;2.0;;;;;;;;;;;;;;;;35153
2010-01;9.0;6.0;5.0;5.0;5.0;4.0;4.0;4.0;4.0;4.0;3.0;3.0;3.0;2.0;2.0;;35162
2011-01;2.0;1.0;1.0;1.0;;;;;;;;;;;;;35162
2012-01;5.0;5.0;4.0;2.0;2.0;2.0;2.0;3.0;2.0;2.0;1.0;1.0;2.0;;;;35162
2014-01;1.0;1.0;1.0;1.0;1.0;;;;;;;;;;;;35162
2015-01;1.0;1.0;1.0;1.0;1.0;1.0;1.0;1.0;1.0;1.0;;;;;;;35162
2016-01;2.0;2.0;2.0;2.0;2.0;2.0;2.0;1.0;1.0;;;;;;;;35162
2018-01;1.0;1.0;1.0;;;;;;;;;;;;;;35162
2019-01;2.0;2.0;2.0;2.0;2.0;;;;;;;;;;;;35162
2020-01;3.0;3.0;3.0;3.0;3.0;;;;;;;;;;;;35162
2021-01;1.0;1.0;1.0;1.0;;;;;;;;;;;;;35162
2022-01;1.0;1.0;1.0;;;;;;;;;;;;;;35162
2023-01;4.0;3.0;;;;;;;;;;;;;;;35162
2024-01;3.0;;;;;;;;;;;;;;;;35162
2010-01;91.0;83.0;63.0;61.0;63.0;62.0;55.0;51.0;50.0;48.0;51.0;47.0;46.0;42.0;45.0;;35163
2011-01;11.0;9.0;8.0;5.0;5.0;5.0;5.0;5.0;5.0;4.0;4.0;4.0;3.0;6.0;;;35163
2012-01;22.0;20.0;16.0;17.0;16.0;18.0;16.0;14.0;16.0;13.0;14.0;15.0;12.0;;;;35163
2013-01;14.0;13.0;10.0;10.0;10.0;10.0;9.0;7.0;7.0;8.0;8.0;9.0;;;;;35163
2014-01;15.0;13.0;13.0;12.0;10.0;11.0;11.0;11.0;12.0;12.0;11.0;;;;;;35163
2015-01;22.0;17.0;16.0;14.0;14.0;13.0;13.0;12.0;10.0;9.0;;;;;;;35163
2016-01;14.0;13.0;10.0;10.0;10.0;12.0;10.0;10.0;8.0;;;;;;;;35163
2017-01;16.0;16.0;10.0;10.0;11.0;10.0;9.0;8.0;;;;;;;;;35163
2018-01;5.0;5.0;4.0;4.0;3.0;3.0;3.0;;;;;;;;;;35163
2019-01;18.0;17.0;13.0;10.0;7.0;8.0;;;;;;;;;;;35163
2020-01;20.0;18.0;16.0;15.0;11.0;;;;;;;;;;;;35163
2021-01;19.0;14.0;9.0;7.0;;;;;;;;;;;;;35163
2022-01;22.0;19.0;17.0;;;;;;;;;;;;;;35163
2023-01;35.0;32.0;;;;;;;;;;;;;;;35163
2024-01;30.0;;;;;;;;;;;;;;;;35163
2010-01;7.0;6.0;6.0;6.0;6.0;6.0;7.0;7.0;5.0;5.0;5.0;4.0;4.0;4.0;1.0;;35021
2011-01;3.0;3.0;3.0;3.0;3.0;1.0;1.0;2.0;2.0;2.0;2.0;2.0;1.0;;;;35021
2012-01;1.0;1.0;1.0;1.0;1.0;1.0;;;;;;;;;;;35021
2013-01;1.0;1.0;1.0;;;;;;;;1.0;1.0;;;;;35021
2014-01;3.0;1.0;1.0;1.0;2.0;1.0;1.0;1.0;1.0;;;;;;;;35021
2015-01;5.0;4.0;4.0;4.0;4.0;4.0;4.0;4.0;2.0;2.0;;;;;;;35021
2016-01;3.0;2.0;3.0;3.0;3.0;3.0;3.0;3.0;3.0;;;;;;;;35021
2017-01;5.0;5.0;5.0;3.0;3.0;3.0;1.0;2.0;;;;;;;;;35021
2018-01;4.0;4.0;3.0;3.0;2.0;1.0;2.0;;;;;;;;;;35021
2019-01;1.0;1.0;1.0;1.0;1.0;;;;;;;;;;;;35021
2020-01;3.0;3.0;3.0;2.0;3.0;;;;;;;;;;;;35021
2021-01;1.0;1.0;1.0;;;;;;;;;;;;;;35021
2022-01;3.0;3.0;3.0;;;;;;;;;;;;;;35021
2023-01;2.0;2.0;;;;;;;;;;;;;;;35021
2024-01;4.0;;;;;;;;;;;;;;;;35021
2010-01;2.0;2.0;2.0;2.0;2.0;1.0;1.0;1.0;2.0;2.0;2.0;2.0;2.0;2.0;2.0;;35083
2011-01;1.0;1.0;1.0;1.0;;;;;;;;;;;;;35083
2013-01;2.0;2.0;2.0;1.0;2.0;2.0;2.0;2.0;2.0;1.0;1.0;1.0;;;;;35083
2015-01;1.0;1.0;1.0;1.0;1.0;1.0;1.0;;;;;;;;;;35083
2016-01;3.0;3.0;2.0;2.0;2.0;2.0;2.0;2.0;2.0;;;;;;;;35083
2017-01;1.0;1.0;1.0;1.0;1.0;1.0;1.0;1.0;;;;;;;;;35083
2018-01;1.0;1.0;1.0;1.0;1.0;1.0;1.0;;;;;;;;;;35083
2019-01;1.0;1.0;1.0;1.0;1.0;1.0;;;;;;;;;;;35083
2020-01;1.0;1.0;1.0;1.0;1.0;;;;;;;;;;;;35083
2022-01;1.0;;;;;;;;;;;;;;;;35083
2023-01;1.0;1.0;;;;;;;;;;;;;;;35083
2024-01;2.0;;;;;;;;;;;;;;;;35083
2010-01;16.0;15.0;12.0;11.0;10.0;9.0;9.0;9.0;8.0;8.0;9.0;9.0;8.0;7.0;7.0;;35101
2012-01;2.0;;;;;;;;;;;;;;;;35101
2013-01;3.0;3.0;3.0;3.0;2.0;2.0;2.0;2.0;2.0;2.0;2.0;2.0;;;;;35101
2014-01;2.0;2.0;2.0;2.0;2.0;2.0;2.0;2.0;1.0;1.0;1.0;;;;;;35101
2015-01;2.0;2.0;2.0;2.0;2.0;1.0;1.0;1.0;1.0;1.0;;;;;;;35101
2016-01;2.0;2.0;2.0;2.0;1.0;1.0;1.0;1.0;1.0;;;;;;;;35101
2017-01;7.0;5.0;5.0;4.0;4.0;3.0;2.0;1.0;;;;;;;;;35101
2018-01;2.0;2.0;2.0;2.0;2.0;1.0;1.0;;;;;;;;;;35101
2019-01;5.0;4.0;4.0;2.0;1.0;1.0;;;;;;;;;;;35101
2020-01;2.0;1.0;2.0;;1.0;;;;;;;;;;;;35101
2021-01;5.0;3.0;2.0;2.0;;;;;;;;;;;;;35101
2022-01;3.0;3.0;1.0;;;;;;;;;;;;;;35101
2023-01;5.0;3.0;;;;;;;;;;;;;;;35101
2024-01;6.0;;;;;;;;;;;;;;;;35101
2010-01;62.0;50.0;41.0;30.0;24.0;23.0;21.0;18.0;18.0;17.0;16.0;14.0;12.0;13.0;11.0;;35011
2011-01;16.0;13.0;11.0;8.0;8.0;6.0;5.0;5.0;5.0;6.0;6.0;6.0;3.0;2.0;;;35011
2012-01;23.0;19.0;17.0;13.0;12.0;11.0;10.0;9.0;8.0;7.0;8.0;8.0;8.0;;;;35011
2013-01;18.0;14.0;13.0;9.0;8.0;8.0;7.0;2.0;3.0;3.0;3.0;3.0;;;;;35011
2014-01;13.0;10.0;8.0;9.0;7.0;7.0;5.0;4.0;3.0;3.0;3.0;;;;;;35011
2015-01;14.0;12.0;10.0;9.0;6.0;6.0;7.0;7.0;5.0;4.0;;;;;;;35011
2016-01;4.0;2.0;2.0;2.0;1.0;1.0;1.0;1.0;1.0;;;;;;;;35011
2017-01;11.0;9.0;8.0;8.0;7.0;7.0;4.0;5.0;;;;;;;;;35011
2018-01;3.0;3.0;3.0;3.0;3.0;1.0;2.0;;;;;;;;;;35011
2019-01;7.0;5.0;3.0;3.0;3.0;2.0;;;;;;;;;;;35011
2020-01;16.0;13.0;8.0;6.0;6.0;;;;;;;;;;;;35011
2021-01;16.0;11.0;9.0;7.0;;;;;;;;;;;;;35011
2022-01;13.0;9.0;7.0;;;;;;;;;;;;;;35011
2023-01;27.0;25.0;;;;;;;;;;;;;;;35011
2024-01;28.0;;;;;;;;;;;;;;;;35011
2010-01;7.0;7.0;7.0;6.0;6.0;6.0;6.0;6.0;5.0;5.0;5.0;5.0;4.0;4.0;4.0;;35092
2011-01;2.0;2.0;2.0;2.0;1.0;1.0;1.0;1.0;1.0;1.0;1.0;1.0;1.0;1.0;;;35092
2013-01;1.0;;;;;;;;;;;;;;;;35092
2014-01;2.0;2.0;1.0;1.0;1.0;1.0;1.0;1.0;1.0;1.0;1.0;;;;;;35092
2015-01;1.0;1.0;1.0;1.0;1.0;1.0;1.0;1.0;1.0;1.0;;;;;;;35092
2018-01;2.0;2.0;2.0;2.0;2.0;2.0;2.0;;;;;;;;;;35092
2020-01;2.0;2.0;1.0;1.0;2.0;;;;;;;;;;;;35092
2021-01;1.0;1.0;1.0;1.0;;;;;;;;;;;;;35092
2022-01;1.0;1.0;1.0;;;;;;;;;;;;;;35092
2024-01;4.0;;;;;;;;;;;;;;;;35092
2010-01;11.0;9.0;7.0;7.0;7.0;6.0;6.0;6.0;6.0;5.0;5.0;5.0;5.0;4.0;5.0;;35071
2011-01;4.0;4.0;2.0;2.0;2.0;3.0;3.0;3.0;2.0;;1.0;1.0;1.0;1.0;;;35071
2012-01;1.0;;;;;;;;;;;;;;;;35071
2013-01;2.0;2.0;2.0;2.0;2.0;2.0;2.0;2.0;2.0;2.0;2.0;2.0;;;;;35071
2014-01;1.0;1.0;1.0;1.0;1.0;1.0;1.0;1.0;1.0;1.0;1.0;;;;;;35071
2015-01;4.0;4.0;4.0;4.0;4.0;4.0;4.0;4.0;3.0;2.0;;;;;;;35071
2016-01;5.0;5.0;4.0;4.0;4.0;3.0;3.0;4.0;5.0;;;;;;;;35071
2018-01;2.0;2.0;2.0;1.0;2.0;2.0;2.0;;;;;;;;;;35071
2019-01;3.0;3.0;3.0;3.0;3.0;2.0;;;;;;;;;;;35071
2020-01;4.0;4.0;4.0;4.0;3.0;;;;;;;;;;;;35071
2021-01;4.0;1.0;1.0;;;;;;;;;;;;;;35071
2022-01;2.0;2.0;2.0;;;;;;;;;;;;;;35071
2023-01;6.0;6.0;;;;;;;;;;;;;;;35071
2024-01;2.0;;;;;;;;;;;;;;;;35071
2010-01;5.0;3.0;3.0;3.0;3.0;3.0;3.0;3.0;2.0;2.0;2.0;2.0;2.0;2.0;1.0;;35061
2011-01;5.0;3.0;2.0;2.0;2.0;1.0;1.0;1.0;1.0;2.0;2.0;2.0;2.0;1.0;;;35061
2013-01;1.0;1.0;1.0;1.0;1.0;1.0;1.0;;;;;;;;;;35061
2014-01;2.0;1.0;1.0;1.0;1.0;2.0;2.0;2.0;2.0;2.0;2.0;;;;;;35061
2015-01;2.0;2.0;1.0;1.0;1.0;1.0;1.0;1.0;1.0;1.0;;;;;;;35061
2016-01;2.0;2.0;2.0;2.0;1.0;1.0;1.0;1.0;1.0;;;;;;;;35061
2017-01;2.0;2.0;2.0;2.0;2.0;1.0;1.0;1.0;;;;;;;;;35061
2018-01;1.0;1.0;1.0;1.0;1.0;1.0;1.0;;;;;;;;;;35061
2019-01;4.0;4.0;4.0;4.0;4.0;4.0;;;;;;;;;;;35061
2020-01;1.0;;1.0;;;;;;;;;;;;;;35061
2021-01;6.0;5.0;4.0;4.0;;;;;;;;;;;;;35061
2022-01;4.0;2.0;3.0;;;;;;;;;;;;;;35061
2023-01;2.0;2.0;;;;;;;;;;;;;;;35061
2024-01;2.0;;;;;;;;;;;;;;;;35061
2010-01;40.0;37.0;32.0;31.0;31.0;30.0;31.0;29.0;28.0;25.0;25.0;23.0;23.0;22.0;21.0;;35155
2011-01;11.0;7.0;7.0;5.0;6.0;5.0;5.0;5.0;5.0;5.0;6.0;6.0;6.0;4.0;;;35155
2012-01;12.0;7.0;7.0;7.0;5.0;4.0;2.0;2.0;2.0;1.0;1.0;1.0;1.0;;;;35155
2013-01;11.0;6.0;6.0;6.0;7.0;6.0;6.0;6.0;6.0;6.0;6.0;5.0;;;;;35155
2014-01;11.0;6.0;7.0;5.0;5.0;5.0;5.0;5.0;5.0;5.0;4.0;;;;;;35155
2015-01;7.0;6.0;6.0;6.0;6.0;6.0;6.0;6.0;5.0;5.0;;;;;;;35155
2016-01;9.0;5.0;4.0;4.0;4.0;3.0;3.0;3.0;3.0;;;;;;;;35155
2017-01;6.0;5.0;4.0;5.0;4.0;5.0;4.0;3.0;;;;;;;;;35155
2018-01;13.0;13.0;13.0;12.0;11.0;8.0;8.0;;;;;;;;;;35155
2019-01;11.0;9.0;7.0;7.0;6.0;5.0;;;;;;;;;;;35155
2020-01;12.0;11.0;10.0;4.0;4.0;;;;;;;;;;;;35155
2021-01;15.0;12.0;9.0;10.0;;;;;;;;;;;;;35155
2022-01;17.0;13.0;11.0;;;;;;;;;;;;;;35155
2023-01;10.0;8.0;;;;;;;;;;;;;;;35155
2024-01;10.0;;;;;;;;;;;;;;;;35155
2010-01;9.0;9.0;6.0;5.0;5.0;6.0;7.0;7.0;7.0;7.0;6.0;6.0;6.0;6.0;6.0;;35023
2011-01;3.0;2.0;2.0;2.0;2.0;2.0;2.0;2.0;2.0;2.0;2.0;2.0;1.0;1.0;;;35023
2012-01;1.0;1.0;;;;;;;;;;;;;;;35023
2013-01;2.0;2.0;2.0;1.0;;1.0;1.0;1.0;1.0;1.0;1.0;1.0;;;;;35023
2014-01;2.0;2.0;1.0;1.0;1.0;1.0;1.0;1.0;1.0;;1.0;;;;;;35023
2015-01;2.0;1.0;1.0;1.0;1.0;1.0;1.0;1.0;1.0;1.0;;;;;;;35023
2017-01;2.0;2.0;2.0;;;1.0;;;;;;;;;;;35023
2018-01;1.0;1.0;1.0;1.0;1.0;1.0;1.0;;;;;;;;;;35023
2019-01;3.0;3.0;2.0;;;;;;;;;;;;;;35023
2020-01;3.0;3.0;2.0;2.0;2.0;;;;;;;;;;;;35023
2021-01;2.0;2.0;2.0;2.0;;;;;;;;;;;;;35023
2022-01;1.0;1.0;1.0;;;;;;;;;;;;;;35023
2023-01;2.0;1.0;;;;;;;;;;;;;;;35023
2024-01;4.0;;;;;;;;;;;;;;;;35023
2010-01;25.0;23.0;19.0;18.0;17.0;16.0;17.0;16.0;15.0;15.0;14.0;12.0;11.0;11.0;12.0;;35064
2011-01;3.0;3.0;3.0;2.0;2.0;2.0;2.0;1.0;1.0;1.0;1.0;1.0;1.0;2.0;;;35064
2012-01;4.0;4.0;3.0;2.0;2.0;2.0;2.0;2.0;2.0;2.0;2.0;2.0;1.0;;;;35064
2013-01;2.0;2.0;2.0;2.0;2.0;2.0;1.0;1.0;1.0;1.0;1.0;1.0;;;;;35064
2014-01;2.0;2.0;2.0;2.0;2.0;2.0;2.0;2.0;2.0;2.0;2.0;;;;;;35064
2015-01;3.0;3.0;3.0;3.0;3.0;3.0;3.0;3.0;3.0;3.0;;;;;;;35064
2016-01;1.0;1.0;;;;;1.0;1.0;1.0;;;;;;;;35064
2017-01;2.0;1.0;;1.0;1.0;1.0;1.0;1.0;;;;;;;;;35064
2018-01;1.0;1.0;1.0;1.0;1.0;1.0;1.0;;;;;;;;;;35064
2019-01;6.0;5.0;5.0;5.0;4.0;4.0;;;;;;;;;;;35064
2020-01;4.0;4.0;4.0;3.0;2.0;;;;;;;;;;;;35064
2023-01;3.0;3.0;;;;;;;;;;;;;;;35064
2024-01;2.0;;;;;;;;;;;;;;;;35064
2010-01;5.0;5.0;4.0;3.0;2.0;2.0;2.0;2.0;2.0;2.0;2.0;2.0;2.0;2.0;2.0;;35121
2012-01;2.0;2.0;2.0;2.0;1.0;1.0;;;;;;;;;;;35121
2014-01;1.0;1.0;1.0;1.0;1.0;1.0;1.0;1.0;1.0;1.0;1.0;;;;;;35121
2015-01;4.0;1.0;1.0;1.0;1.0;2.0;2.0;2.0;2.0;2.0;;;;;;;35121
2016-01;1.0;1.0;1.0;1.0;1.0;;;;;;;;;;;;35121
2018-01;1.0;1.0;1.0;1.0;1.0;;;;;;;;;;;;35121
2020-01;1.0;1.0;1.0;1.0;;;;;;;;;;;;;35121
2021-01;1.0;1.0;1.0;;;;;;;;;;;;;;35121
2022-01;4.0;4.0;4.0;;;;;;;;;;;;;;35121
2024-01;3.0;;;;;;;;;;;;;;;;35121
2010-01;14.0;14.0;14.0;13.0;11.0;10.0;10.0;10.0;10.0;12.0;10.0;10.0;9.0;9.0;9.0;;35131
2011-01;1.0;;;;;;1.0;1.0;1.0;1.0;1.0;1.0;1.0;1.0;;;35131
2012-01;4.0;2.0;2.0;2.0;;;;;;;;;;;;;35131
2013-01;3.0;2.0;2.0;2.0;2.0;2.0;2.0;2.0;2.0;2.0;2.0;2.0;;;;;35131
2014-01;3.0;3.0;3.0;3.0;3.0;3.0;3.0;3.0;3.0;3.0;3.0;;;;;;35131
2015-01;3.0;2.0;2.0;1.0;1.0;1.0;1.0;1.0;1.0;1.0;;;;;;;35131
2016-01;6.0;5.0;5.0;5.0;5.0;4.0;4.0;4.0;4.0;;;;;;;;35131
2017-01;5.0;5.0;5.0;4.0;4.0;4.0;3.0;3.0;;;;;;;;;35131
2018-01;2.0;2.0;2.0;2.0;2.0;2.0;2.0;;;;;;;;;;35131
2019-01;4.0;4.0;4.0;4.0;4.0;4.0;;;;;;;;;;;35131
2020-01;7.0;6.0;5.0;5.0;4.0;;;;;;;;;;;;35131
2021-01;2.0;2.0;2.0;2.0;;;;;;;;;;;;;35131
2022-01;7.0;5.0;5.0;;;;;;;;;;;;;;35131
2023-01;8.0;5.0;;;;;;;;;;;;;;;35131
2024-01;10.0;;;;;;;;;;;;;;;;35131
2010-01;55.0;50.0;35.0;32.0;27.0;27.0;19.0;17.0;18.0;17.0;17.0;16.0;16.0;17.0;16.0;;35014
2011-01;11.0;9.0;8.0;7.0;7.0;7.0;5.0;5.0;5.0;6.0;6.0;6.0;6.0;6.0;;;35014
2012-01;11.0;11.0;9.0;8.0;6.0;7.0;5.0;5.0;6.0;6.0;5.0;5.0;5.0;;;;35014
2013-01;12.0;11.0;8.0;8.0;8.0;7.0;7.0;7.0;8.0;8.0;6.0;5.0;;;;;35014
2014-01;14.0;11.0;7.0;8.0;7.0;7.0;7.0;7.0;6.0;7.0;5.0;;;;;;35014
2015-01;15.0;13.0;13.0;10.0;10.0;11.0;9.0;10.0;10.0;9.0;;;;;;;35014
2016-01;10.0;10.0;8.0;6.0;7.0;6.0;7.0;6.0;3.0;;;;;;;;35014
2017-01;11.0;9.0;9.0;6.0;6.0;5.0;3.0;3.0;;;;;;;;;35014
2018-01;11.0;8.0;7.0;7.0;5.0;5.0;5.0;;;;;;;;;;35014
2019-01;10.0;10.0;8.0;8.0;8.0;7.0;;;;;;;;;;;35014
2020-01;7.0;7.0;6.0;5.0;5.0;;;;;;;;;;;;35014
2021-01;9.0;6.0;2.0;2.0;;;;;;;;;;;;;35014
2022-01;13.0;7.0;5.0;;;;;;;;;;;;;;35014
2023-01;12.0;9.0;;;;;;;;;;;;;;;35014
2024-01;14.0;;;;;;;;;;;;;;;;35014
2010-01;8.0;7.0;6.0;6.0;6.0;6.0;5.0;5.0;4.0;3.0;3.0;3.0;3.0;3.0;3.0;;35095
2011-01;1.0;1.0;1.0;1.0;1.0;;;;1.0;1.0;1.0;1.0;1.0;1.0;;;35095
2012-01;1.0;1.0;1.0;1.0;1.0;1.0;1.0;1.0;1.0;1.0;1.0;1.0;1.0;;;;35095
2014-01;2.0;;;;;;;;;;;;;;;;35095
2015-01;1.0;;;;;;;;;;;;;;;;35095
2020-01;1.0;1.0;1.0;1.0;1.0;;;;;;;;;;;;35095
2024-01;1.0;;;;;;;;;;;;;;;;35095
2010-01;6.0;6.0;6.0;6.0;5.0;4.0;4.0;4.0;3.0;3.0;2.0;1.0;1.0;2.0;2.0;;35052
2011-01;1.0;1.0;1.0;1.0;1.0;1.0;;;;;1.0;1.0;1.0;1.0;;;35052
2012-01;1.0;1.0;1.0;1.0;1.0;1.0;1.0;1.0;1.0;1.0;1.0;1.0;1.0;;;;35052
2013-01;1.0;1.0;1.0;1.0;1.0;;;;;;;;;;;;35052
2016-01;1.0;1.0;1.0;1.0;1.0;1.0;1.0;1.0;1.0;;;;;;;;35052
2017-01;1.0;1.0;1.0;1.0;1.0;1.0;1.0;1.0;;;;;;;;;35052
2019-01;2.0;1.0;1.0;1.0;1.0;1.0;;;;;;;;;;;35052
2020-01;3.0;3.0;3.0;2.0;2.0;;;;;;;;;;;;35052
2021-01;2.0;2.0;1.0;1.0;;;;;;;;;;;;;35052
2022-01;2.0;1.0;1.0;;;;;;;;;;;;;;35052
2023-01;1.0;1.0;;;;;;;;;;;;;;;35052
2024-01;1.0;;;;;;;;;;;;;;;;35052
2010-01;56.0;48.0;43.0;41.0;42.0;41.0;36.0;34.0;32.0;31.0;30.0;31.0;29.0;27.0;26.0;;35041
2011-01;11.0;8.0;9.0;9.0;8.0;6.0;6.0;6.0;5.0;5.0;4.0;4.0;4.0;5.0;;;35041
2012-01;12.0;10.0;8.0;8.0;8.0;9.0;9.0;8.0;7.0;8.0;7.0;6.0;6.0;;;;35041
2013-01;8.0;6.0;7.0;7.0;6.0;4.0;3.0;2.0;2.0;2.0;2.0;2.0;;;;;35041
2014-01;10.0;9.0;7.0;6.0;6.0;5.0;4.0;4.0;4.0;5.0;7.0;;;;;;35041
2015-01;17.0;17.0;17.0;16.0;15.0;14.0;12.0;11.0;10.0;11.0;;;;;;;35041
2016-01;11.0;10.0;7.0;3.0;3.0;3.0;3.0;1.0;2.0;;;;;;;;35041
2017-01;11.0;10.0;8.0;6.0;5.0;4.0;3.0;2.0;;;;;;;;;35041
2018-01;9.0;9.0;7.0;7.0;5.0;5.0;4.0;;;;;;;;;;35041
2019-01;13.0;11.0;9.0;7.0;8.0;7.0;;;;;;;;;;;35041
2020-01;14.0;10.0;8.0;4.0;4.0;;;;;;;;;;;;35041
2021-01;19.0;14.0;7.0;10.0;;;;;;;;;;;;;35041
2022-01;31.0;25.0;24.0;;;;;;;;;;;;;;35041
2023-01;22.0;16.0;;;;;;;;;;;;;;;35041
2024-01;18.0;;;;;;;;;;;;;;;;35041
2010-01;1.0;1.0;1.0;1.0;1.0;1.0;1.0;1.0;1.0;1.0;1.0;1.0;1.0;1.0;1.0;;35032
2011-01;1.0;1.0;1.0;;;1.0;1.0;1.0;1.0;1.0;1.0;1.0;1.0;1.0;;;35032
2012-01;4.0;4.0;4.0;4.0;4.0;3.0;3.0;2.0;3.0;3.0;3.0;3.0;3.0;;;;35032
2013-01;3.0;2.0;2.0;2.0;2.0;2.0;2.0;2.0;2.0;2.0;2.0;2.0;;;;;35032
2017-01;2.0;2.0;2.0;1.0;1.0;1.0;1.0;1.0;;;;;;;;;35032
2018-01;1.0;1.0;1.0;1.0;1.0;1.0;1.0;;;;;;;;;;35032
2019-01;2.0;2.0;2.0;2.0;2.0;2.0;;;;;;;;;;;35032
2022-01;1.0;1.0;1.0;;;;;;;;;;;;;;35032
2023-01;3.0;3.0;;;;;;;;;;;;;;;35032
2024-01;2.0;;;;;;;;;;;;;;;;35032
2010-01;17.0;14.0;11.0;11.0;10.0;10.0;10.0;10.0;9.0;8.0;8.0;8.0;8.0;8.0;9.0;;35063
2011-01;7.0;3.0;3.0;2.0;2.0;2.0;2.0;3.0;3.0;2.0;2.0;3.0;3.0;3.0;;;35063
2012-01;1.0;1.0;1.0;1.0;1.0;1.0;1.0;1.0;1.0;1.0;1.0;1.0;1.0;;;;35063
2013-01;1.0;1.0;1.0;1.0;1.0;1.0;1.0;1.0;1.0;1.0;1.0;1.0;;;;;35063
2014-01;9.0;8.0;5.0;3.0;3.0;3.0;3.0;3.0;3.0;3.0;3.0;;;;;;35063
2015-01;6.0;6.0;5.0;5.0;5.0;5.0;4.0;3.0;3.0;3.0;;;;;;;35063
2016-01;5.0;5.0;4.0;4.0;4.0;3.0;4.0;3.0;4.0;;;;;;;;35063
2017-01;2.0;2.0;2.0;2.0;2.0;;;;;;;;;;;;35063
2018-01;4.0;3.0;3.0;3.0;2.0;2.0;1.0;;;;;;;;;;35063
2019-01;4.0;3.0;2.0;2.0;4.0;4.0;;;;;;;;;;;35063
2020-01;4.0;1.0;;;1.0;;;;;;;;;;;;35063
2021-01;9.0;6.0;2.0;3.0;;;;;;;;;;;;;35063
2022-01;5.0;3.0;4.0;;;;;;;;;;;;;;35063
2023-01;1.0;1.0;;;;;;;;;;;;;;;35063
2024-01;5.0;;;;;;;;;;;;;;;;35063
2010-01;46.0;42.0;37.0;34.0;31.0;24.0;23.0;22.0;22.0;19.0;18.0;18.0;19.0;17.0;17.0;;35073
2011-01;9.0;8.0;7.0;7.0;6.0;5.0;5.0;6.0;4.0;4.0;5.0;4.0;5.0;6.0;;;35073
2012-01;14.0;12.0;11.0;11.0;10.0;8.0;9.0;7.0;6.0;6.0;6.0;6.0;6.0;;;;35073
2013-01;4.0;4.0;2.0;2.0;3.0;2.0;2.0;1.0;;;;;;;;;35073
2014-01;14.0;14.0;11.0;9.0;9.0;11.0;11.0;11.0;11.0;8.0;6.0;;;;;;35073
2015-01;2.0;2.0;2.0;2.0;2.0;2.0;2.0;1.0;1.0;1.0;;;;;;;35073
2016-01;12.0;9.0;8.0;4.0;4.0;3.0;2.0;2.0;1.0;;;;;;;;35073
2017-01;10.0;9.0;7.0;5.0;6.0;6.0;5.0;4.0;;;;;;;;;35073
2018-01;3.0;3.0;3.0;2.0;2.0;2.0;2.0;;;;;;;;;;35073
2019-01;15.0;14.0;10.0;10.0;9.0;6.0;;;;;;;;;;;35073
2020-01;5.0;4.0;3.0;4.0;4.0;;;;;;;;;;;;35073
2021-01;7.0;3.0;3.0;4.0;;;;;;;;;;;;;35073
2022-01;5.0;2.0;2.0;;;;;;;;;;;;;;35073
2023-01;17.0;14.0;;;;;;;;;;;;;;;35073
2024-01;18.0;;;;;;;;;;;;;;;;35073
2010-01;60.0;52.0;47.0;46.0;42.0;39.0;39.0;38.0;37.0;38.0;34.0;31.0;30.0;29.0;29.0;;35171
2011-01;12.0;10.0;7.0;9.0;9.0;9.0;6.0;4.0;6.0;6.0;7.0;7.0;8.0;7.0;;;35171
2012-01;11.0;9.0;9.0;10.0;10.0;10.0;10.0;10.0;9.0;4.0;5.0;6.0;4.0;;;;35171
2013-01;10.0;8.0;7.0;6.0;5.0;6.0;7.0;5.0;6.0;6.0;6.0;5.0;;;;;35171
2014-01;12.0;9.0;9.0;6.0;6.0;6.0;4.0;6.0;4.0;6.0;6.0;;;;;;35171
2015-01;10.0;8.0;7.0;8.0;7.0;7.0;8.0;8.0;8.0;8.0;;;;;;;35171
2016-01;13.0;8.0;9.0;6.0;6.0;6.0;7.0;7.0;9.0;;;;;;;;35171
2017-01;7.0;6.0;6.0;4.0;3.0;3.0;2.0;1.0;;;;;;;;;35171
2018-01;14.0;14.0;12.0;11.0;13.0;11.0;10.0;;;;;;;;;;35171
2019-01;7.0;5.0;5.0;5.0;6.0;6.0;;;;;;;;;;;35171
2020-01;8.0;7.0;6.0;6.0;6.0;;;;;;;;;;;;35171
2021-01;5.0;5.0;5.0;5.0;;;;;;;;;;;;;35171
2022-01;17.0;9.0;7.0;;;;;;;;;;;;;;35171
2023-01;14.0;12.0;;;;;;;;;;;;;;;35171
2024-01;11.0;;;;;;;;;;;;;;;;35171
2010-01;13.0;12.0;11.0;11.0;10.0;9.0;9.0;9.0;9.0;10.0;9.0;8.0;8.0;8.0;6.0;;35143
2011-01;2.0;2.0;2.0;2.0;2.0;2.0;2.0;1.0;1.0;1.0;1.0;1.0;1.0;1.0;;;35143
2012-01;1.0;;;;;;;;;;;;;;;;35143
2013-01;1.0;1.0;;;;;;;;;;;;;;;35143
2014-01;2.0;2.0;2.0;2.0;1.0;1.0;1.0;1.0;1.0;1.0;1.0;;;;;;35143
2015-01;2.0;2.0;2.0;2.0;2.0;1.0;;1.0;1.0;1.0;;;;;;;35143
2016-01;1.0;1.0;1.0;1.0;;;;;;;;;;;;;35143
2018-01;3.0;3.0;3.0;3.0;1.0;1.0;1.0;;;;;;;;;;35143
2019-01;4.0;3.0;2.0;2.0;2.0;2.0;;;;;;;;;;;35143
2020-01;3.0;3.0;1.0;1.0;1.0;;;;;;;;;;;;35143
2021-01;2.0;1.0;1.0;1.0;;;;;;;;;;;;;35143
2023-01;1.0;;;;;;;;;;;;;;;;35143
2024-01;1.0;;;;;;;;;;;;;;;;35143
2010-01;27.0;24.0;23.0;23.0;23.0;23.0;23.0;24.0;22.0;20.0;19.0;19.0;18.0;17.0;17.0;;35065
2011-01;2.0;2.0;2.0;2.0;2.0;1.0;1.0;1.0;1.0;1.0;1.0;1.0;1.0;;;;35065
2012-01;9.0;9.0;8.0;7.0;7.0;7.0;7.0;8.0;8.0;7.0;8.0;6.0;7.0;;;;35065
2013-01;2.0;2.0;2.0;2.0;2.0;2.0;2.0;2.0;2.0;2.0;2.0;2.0;;;;;35065
2014-01;2.0;2.0;2.0;2.0;2.0;2.0;2.0;2.0;1.0;1.0;;;;;;;35065
2015-01;5.0;5.0;3.0;3.0;3.0;3.0;3.0;3.0;4.0;4.0;;;;;;;35065
2016-01;1.0;1.0;1.0;1.0;1.0;1.0;1.0;1.0;1.0;;;;;;;;35065
2018-01;3.0;3.0;2.0;2.0;2.0;2.0;2.0;;;;;;;;;;35065
2019-01;2.0;2.0;1.0;2.0;2.0;2.0;;;;;;;;;;;35065
2021-01;1.0;1.0;1.0;1.0;;;;;;;;;;;;;35065
2022-01;2.0;2.0;1.0;;;;;;;;;;;;;;35065
2023-01;4.0;4.0;;;;;;;;;;;;;;;35065
2024-01;3.0;;;;;;;;;;;;;;;;35065
2010-01;16.0;14.0;7.0;6.0;7.0;6.0;6.0;6.0;5.0;5.0;4.0;3.0;3.0;2.0;2.0;;35012
2011-01;8.0;6.0;6.0;6.0;3.0;2.0;3.0;3.0;3.0;2.0;2.0;2.0;1.0;2.0;;;35012
2012-01;5.0;4.0;3.0;2.0;2.0;1.0;1.0;1.0;1.0;1.0;;;;;;;35012
2013-01;4.0;2.0;1.0;1.0;;;;;;;;;;;;;35012
2014-01;6.0;4.0;2.0;2.0;2.0;2.0;2.0;2.0;1.0;;;;;;;;35012
2015-01;3.0;2.0;1.0;;;;;;;;;;;;;;35012
2016-01;8.0;5.0;4.0;4.0;4.0;4.0;2.0;2.0;1.0;;;;;;;;35012
2017-01;2.0;2.0;2.0;2.0;2.0;2.0;2.0;2.0;;;;;;;;;35012
2018-01;3.0;2.0;;;1.0;1.0;1.0;;;;;;;;;;35012
2019-01;6.0;4.0;2.0;2.0;2.0;3.0;;;;;;;;;;;35012
2020-01;4.0;3.0;2.0;1.0;;;;;;;;;;;;;35012
2021-01;5.0;4.0;4.0;3.0;;;;;;;;;;;;;35012
2022-01;5.0;4.0;4.0;;;;;;;;;;;;;;35012
2023-01;9.0;4.0;;;;;;;;;;;;;;;35012
2024-01;4.0;;;;;;;;;;;;;;;;35012
2010-01;20.0;16.0;16.0;13.0;14.0;12.0;10.0;10.0;10.0;10.0;9.0;9.0;10.0;10.0;10.0;;35174
2011-01;3.0;2.0;2.0;1.0;;;;;1.0;1.0;1.0;1.0;1.0;1.0;;;35174
2012-01;4.0;4.0;4.0;4.0;4.0;4.0;4.0;4.0;4.0;4.0;4.0;4.0;4.0;;;;35174
2013-01;2.0;2.0;1.0;1.0;1.0;1.0;1.0;1.0;1.0;1.0;2.0;2.0;;;;;35174
2014-01;2.0;1.0;1.0;1.0;1.0;2.0;2.0;1.0;1.0;;;;;;;;35174
2015-01;7.0;5.0;5.0;6.0;5.0;3.0;3.0;3.0;3.0;2.0;;;;;;;35174
2016-01;2.0;2.0;2.0;2.0;2.0;2.0;2.0;2.0;2.0;;;;;;;;35174
2017-01;2.0;2.0;2.0;2.0;2.0;2.0;2.0;2.0;;;;;;;;;35174
2018-01;5.0;3.0;3.0;3.0;3.0;3.0;2.0;;;;;;;;;;35174
2019-01;5.0;3.0;3.0;3.0;3.0;;;;;;;;;;;;35174
2020-01;2.0;2.0;2.0;1.0;;;;;;;;;;;;;35174
2021-01;6.0;5.0;1.0;1.0;;;;;;;;;;;;;35174
2022-01;4.0;2.0;;;;;;;;;;;;;;;35174
2023-01;5.0;3.0;;;;;;;;;;;;;;;35174
2024-01;11.0;;;;;;;;;;;;;;;;35174
2010-01;19.0;15.0;16.0;15.0;12.0;11.0;11.0;11.0;11.0;11.0;11.0;9.0;10.0;10.0;9.0;;35161
2011-01;1.0;1.0;1.0;1.0;1.0;1.0;;;;;;;;;;;35161
2012-01;5.0;5.0;4.0;4.0;4.0;4.0;4.0;3.0;3.0;3.0;3.0;3.0;3.0;;;;35161
2013-01;1.0;1.0;1.0;1.0;1.0;1.0;1.0;1.0;1.0;1.0;1.0;1.0;;;;;35161
2014-01;8.0;8.0;7.0;7.0;6.0;5.0;4.0;5.0;5.0;5.0;5.0;;;;;;35161
2015-01;8.0;7.0;6.0;7.0;7.0;7.0;7.0;7.0;6.0;7.0;;;;;;;35161
2016-01;2.0;2.0;1.0;1.0;1.0;1.0;1.0;1.0;1.0;;;;;;;;35161
2017-01;4.0;4.0;4.0;4.0;4.0;3.0;3.0;3.0;;;;;;;;;35161
2018-01;1.0;;;1.0;1.0;1.0;1.0;;;;;;;;;;35161
2019-01;5.0;5.0;4.0;3.0;3.0;3.0;;;;;;;;;;;35161
2020-01;1.0;1.0;1.0;1.0;1.0;;;;;;;;;;;;35161
2021-01;5.0;5.0;2.0;2.0;;;;;;;;;;;;;35161
2022-01;7.0;7.0;6.0;;;;;;;;;;;;;;35161
2023-01;3.0;3.0;;;;;;;;;;;;;;;35161
2024-01;4.0;;;;;;;;;;;;;;;;35161
2010-01;25.0;24.0;24.0;21.0;21.0;21.0;20.0;19.0;18.0;17.0;17.0;16.0;16.0;16.0;16.0;;35103
2011-01;4.0;3.0;3.0;3.0;3.0;3.0;3.0;3.0;3.0;3.0;3.0;2.0;2.0;2.0;;;35103
2012-01;1.0;1.0;;;;;;;;;;;;;;;35103
2013-01;4.0;4.0;2.0;3.0;2.0;2.0;2.0;3.0;3.0;3.0;3.0;3.0;;;;;35103
2014-01;4.0;3.0;2.0;2.0;2.0;2.0;2.0;1.0;1.0;1.0;1.0;;;;;;35103
2015-01;3.0;2.0;2.0;2.0;2.0;2.0;2.0;2.0;2.0;2.0;;;;;;;35103
2016-01;2.0;2.0;2.0;1.0;1.0;1.0;1.0;1.0;1.0;;;;;;;;35103
2017-01;5.0;5.0;5.0;5.0;5.0;3.0;4.0;3.0;;;;;;;;;35103
2019-01;5.0;4.0;4.0;4.0;5.0;4.0;;;;;;;;;;;35103
2020-01;6.0;4.0;5.0;5.0;5.0;;;;;;;;;;;;35103
2021-01;6.0;5.0;5.0;5.0;;;;;;;;;;;;;35103
2022-01;4.0;3.0;3.0;;;;;;;;;;;;;;35103
2023-01;11.0;8.0;;;;;;;;;;;;;;;35103
2024-01;6.0;;;;;;;;;;;;;;;;35103
2010-01;16.0;16.0;13.0;12.0;13.0;12.0;10.0;10.0;10.0;10.0;10.0;10.0;9.0;8.0;8.0;;35173
2011-01;2.0;2.0;2.0;2.0;2.0;;;;;;;;;;;;35173
2012-01;3.0;3.0;3.0;2.0;1.0;1.0;2.0;2.0;2.0;2.0;2.0;2.0;2.0;;;;35173
2013-01;3.0;3.0;3.0;3.0;3.0;2.0;2.0;2.0;2.0;2.0;2.0;1.0;;;;;35173
2014-01;2.0;1.0;;;;;;;;;1.0;;;;;;35173
2015-01;1.0;;;;;;;1.0;1.0;1.0;;;;;;;35173
2016-01;4.0;4.0;4.0;4.0;4.0;3.0;1.0;;;;;;;;;;35173
2018-01;1.0;1.0;1.0;1.0;1.0;1.0;1.0;;;;;;;;;;35173
2019-01;2.0;2.0;2.0;1.0;1.0;1.0;;;;;;;;;;;35173
2020-01;5.0;5.0;5.0;5.0;5.0;;;;;;;;;;;;35173
2021-01;1.0;1.0;1.0;1.0;;;;;;;;;;;;;35173
2022-01;6.0;6.0;6.0;;;;;;;;;;;;;;35173
2023-01;7.0;5.0;;;;;;;;;;;;;;;35173
2024-01;7.0;;;;;;;;;;;;;;;;35173
2010-01;15.0;15.0;15.0;15.0;15.0;15.0;14.0;13.0;13.0;13.0;12.0;11.0;11.0;11.0;10.0;;35151
2012-01;2.0;2.0;2.0;2.0;2.0;1.0;1.0;;1.0;1.0;1.0;1.0;;;;;35151
2013-01;2.0;2.0;2.0;2.0;1.0;1.0;1.0;1.0;;;;;;;;;35151
2014-01;1.0;1.0;1.0;1.0;1.0;1.0;1.0;;;;;;;;;;35151
2015-01;1.0;1.0;1.0;1.0;1.0;1.0;1.0;1.0;1.0;1.0;;;;;;;35151
2016-01;1.0;1.0;1.0;1.0;1.0;1.0;1.0;1.0;1.0;;;;;;;;35151
2017-01;2.0;2.0;2.0;2.0;2.0;2.0;2.0;2.0;;;;;;;;;35151
2018-01;3.0;3.0;3.0;3.0;2.0;2.0;1.0;;;;;;;;;;35151
2019-01;8.0;7.0;6.0;5.0;6.0;3.0;;;;;;;;;;;35151
2020-01;3.0;2.0;1.0;1.0;1.0;;;;;;;;;;;;35151
2021-01;7.0;7.0;6.0;4.0;;;;;;;;;;;;;35151
2022-01;2.0;1.0;1.0;;;;;;;;;;;;;;35151
2023-01;1.0;1.0;;;;;;;;;;;;;;;35151
2024-01;3.0;;;;;;;;;;;;;;;;35151
2010-01;28.0;25.0;21.0;21.0;20.0;16.0;16.0;15.0;15.0;14.0;13.0;13.0;13.0;12.0;11.0;;35102
2011-01;7.0;5.0;6.0;6.0;6.0;5.0;6.0;7.0;5.0;5.0;5.0;5.0;5.0;3.0;;;35102
2012-01;6.0;4.0;3.0;3.0;3.0;3.0;3.0;3.0;3.0;3.0;3.0;3.0;3.0;;;;35102
2013-01;3.0;3.0;3.0;2.0;2.0;2.0;1.0;1.0;1.0;1.0;1.0;1.0;;;;;35102
2014-01;2.0;2.0;2.0;2.0;;;;;;;;;;;;;35102
2015-01;3.0;3.0;2.0;2.0;2.0;2.0;2.0;2.0;2.0;2.0;;;;;;;35102
2016-01;3.0;1.0;1.0;1.0;1.0;1.0;1.0;1.0;1.0;;;;;;;;35102
2017-01;4.0;4.0;;1.0;2.0;2.0;2.0;2.0;;;;;;;;;35102
2018-01;4.0;3.0;3.0;3.0;3.0;3.0;3.0;;;;;;;;;;35102
2019-01;10.0;7.0;6.0;4.0;3.0;2.0;;;;;;;;;;;35102
2020-01;3.0;3.0;2.0;1.0;;;;;;;;;;;;;35102
2021-01;1.0;1.0;1.0;1.0;;;;;;;;;;;;;35102
2022-01;4.0;2.0;2.0;;;;;;;;;;;;;;35102
2023-01;2.0;2.0;;;;;;;;;;;;;;;35102
2024-01;2.0;;;;;;;;;;;;;;;;35102
2010-01;29.0;14.0;12.0;12.0;10.0;8.0;5.0;4.0;5.0;5.0;5.0;5.0;3.0;4.0;4.0;;35013
2011-01;8.0;3.0;3.0;3.0;2.0;1.0;1.0;1.0;1.0;1.0;1.0;1.0;1.0;1.0;;;35013
2012-01;8.0;6.0;5.0;5.0;4.0;3.0;2.0;2.0;1.0;1.0;1.0;1.0;1.0;;;;35013
2013-01;8.0;7.0;6.0;5.0;4.0;3.0;3.0;3.0;3.0;3.0;2.0;2.0;;;;;35013
2014-01;6.0;5.0;5.0;5.0;5.0;4.0;4.0;4.0;4.0;4.0;3.0;;;;;;35013
2015-01;2.0;2.0;;;;;;;;;;;;;;;35013
2016-01;9.0;6.0;5.0;2.0;3.0;2.0;1.0;;;;;;;;;;35013
2017-01;7.0;7.0;6.0;6.0;5.0;5.0;4.0;3.0;;;;;;;;;35013
2018-01;3.0;3.0;3.0;3.0;2.0;2.0;1.0;;;;;;;;;;35013
2019-01;3.0;3.0;2.0;2.0;1.0;1.0;;;;;;;;;;;35013
2020-01;3.0;2.0;1.0;1.0;1.0;;;;;;;;;;;;35013
2021-01;4.0;3.0;3.0;3.0;;;;;;;;;;;;;35013
2022-01;6.0;6.0;2.0;;;;;;;;;;;;;;35013
2023-01;3.0;3.0;;;;;;;;;;;;;;;35013
2024-01;9.0;;;;;;;;;;;;;;;;35013
2010-01;35.0;24.0;21.0;18.0;15.0;16.0;14.0;15.0;13.0;14.0;13.0;13.0;14.0;14.0;11.0;;35034
2011-01;12.0;5.0;5.0;5.0;4.0;4.0;3.0;2.0;2.0;2.0;2.0;2.0;1.0;2.0;;;35034
2012-01;9.0;5.0;3.0;3.0;3.0;3.0;3.0;2.0;3.0;3.0;3.0;3.0;2.0;;;;35034
2013-01;6.0;3.0;2.0;2.0;2.0;2.0;2.0;2.0;2.0;2.0;3.0;3.0;;;;;35034
2014-01;9.0;5.0;5.0;5.0;4.0;4.0;3.0;3.0;5.0;5.0;5.0;;;;;;35034
2015-01;12.0;11.0;9.0;10.0;9.0;7.0;7.0;6.0;5.0;3.0;;;;;;;35034
2016-01;3.0;3.0;3.0;3.0;3.0;3.0;3.0;3.0;3.0;;;;;;;;35034
2017-01;5.0;4.0;4.0;4.0;4.0;3.0;2.0;2.0;;;;;;;;;35034
2018-01;9.0;9.0;6.0;6.0;4.0;4.0;6.0;;;;;;;;;;35034
2019-01;5.0;3.0;3.0;4.0;4.0;4.0;;;;;;;;;;;35034
2020-01;12.0;12.0;10.0;9.0;6.0;;;;;;;;;;;;35034
2021-01;4.0;3.0;3.0;3.0;;;;;;;;;;;;;35034
2022-01;6.0;6.0;6.0;;;;;;;;;;;;;;35034
2023-01;14.0;12.0;;;;;;;;;;;;;;;35034
2024-01;10.0;;;;;;;;;;;;;;;;35034
2010-01;90.0;81.0;62.0;52.0;49.0;39.0;35.0;36.0;34.0;34.0;28.0;25.0;21.0;21.0;19.0;;35015
2011-01;25.0;17.0;16.0;14.0;12.0;10.0;7.0;5.0;3.0;4.0;4.0;4.0;6.0;5.0;;;35015
2012-01;15.0;10.0;10.0;8.0;6.0;5.0;3.0;3.0;2.0;4.0;4.0;4.0;5.0;;;;35015
2013-01;18.0;17.0;14.0;10.0;9.0;7.0;7.0;6.0;5.0;5.0;6.0;5.0;;;;;35015
2014-01;26.0;22.0;15.0;12.0;13.0;13.0;9.0;9.0;7.0;8.0;9.0;;;;;;35015
2015-01;27.0;19.0;15.0;13.0;12.0;11.0;11.0;10.0;8.0;6.0;;;;;;;35015
2016-01;35.0;26.0;24.0;18.0;19.0;18.0;17.0;13.0;15.0;;;;;;;;35015
2017-01;18.0;7.0;4.0;4.0;4.0;5.0;4.0;3.0;;;;;;;;;35015
2018-01;19.0;12.0;11.0;9.0;8.0;6.0;7.0;;;;;;;;;;35015
2019-01;26.0;16.0;13.0;12.0;10.0;9.0;;;;;;;;;;;35015
2020-01;34.0;29.0;23.0;22.0;18.0;;;;;;;;;;;;35015
2021-01;30.0;20.0;13.0;13.0;;;;;;;;;;;;;35015
2022-01;21.0;13.0;9.0;;;;;;;;;;;;;;35015
2023-01;30.0;22.0;;;;;;;;;;;;;;;35015
2024-01;29.0;;;;;;;;;;;;;;;;35015
2010-01;4.0;4.0;4.0;4.0;4.0;3.0;2.0;2.0;2.0;2.0;1.0;2.0;2.0;2.0;2.0;;35111
2011-01;1.0;1.0;1.0;1.0;1.0;;;;;;;;;;;;35111
2012-01;2.0;1.0;1.0;1.0;1.0;1.0;1.0;1.0;1.0;1.0;1.0;1.0;1.0;;;;35111
2013-01;1.0;;;;;;;;;;;;;;;;35111
2015-01;1.0;1.0;;;;;;;;;;;;;;;35111
2016-01;1.0;1.0;1.0;1.0;1.0;1.0;1.0;1.0;1.0;;;;;;;;35111
2018-01;1.0;1.0;;;;;1.0;;;;;;;;;;35111
2021-01;2.0;2.0;2.0;2.0;;;;;;;;;;;;;35111
2023-01;3.0;2.0;;;;;;;;;;;;;;;35111
2010-01;4.0;4.0;2.0;3.0;3.0;3.0;3.0;3.0;3.0;3.0;3.0;3.0;2.0;2.0;2.0;;35154
2011-01;2.0;2.0;2.0;2.0;2.0;1.0;1.0;1.0;1.0;1.0;1.0;1.0;1.0;1.0;;;35154
2012-01;4.0;3.0;2.0;2.0;2.0;2.0;1.0;1.0;2.0;2.0;2.0;2.0;2.0;;;;35154
2013-01;5.0;5.0;5.0;3.0;4.0;3.0;2.0;2.0;1.0;2.0;2.0;2.0;;;;;35154
2014-01;1.0;1.0;1.0;1.0;1.0;1.0;1.0;1.0;1.0;1.0;1.0;;;;;;35154
2015-01;6.0;4.0;4.0;3.0;3.0;2.0;2.0;2.0;2.0;2.0;;;;;;;35154
2016-01;1.0;1.0;1.0;1.0;1.0;1.0;1.0;1.0;1.0;;;;;;;;35154
2017-01;2.0;2.0;2.0;1.0;1.0;1.0;1.0;1.0;;;;;;;;;35154
2018-01;3.0;2.0;2.0;2.0;2.0;2.0;2.0;;;;;;;;;;35154
2019-01;3.0;2.0;2.0;2.0;2.0;2.0;;;;;;;;;;;35154
2020-01;2.0;2.0;2.0;2.0;2.0;;;;;;;;;;;;35154
2021-01;3.0;2.0;2.0;2.0;;;;;;;;;;;;;35154
2022-01;4.0;3.0;3.0;;;;;;;;;;;;;;35154
2023-01;1.0;1.0;;;;;;;;;;;;;;;35154
2024-01;2.0;;;;;;;;;;;;;;;;35154
2010-01;12.0;11.0;10.0;9.0;8.0;8.0;8.0;8.0;7.0;6.0;6.0;3.0;4.0;5.0;4.0;;35081
2011-01;5.0;5.0;3.0;3.0;2.0;2.0;1.0;1.0;1.0;1.0;1.0;1.0;1.0;1.0;;;35081
2012-01;6.0;5.0;3.0;3.0;3.0;4.0;4.0;4.0;4.0;4.0;4.0;4.0;5.0;;;;35081
2013-01;4.0;3.0;3.0;3.0;3.0;3.0;3.0;3.0;1.0;2.0;2.0;1.0;;;;;35081
2014-01;3.0;3.0;3.0;2.0;2.0;2.0;1.0;1.0;1.0;1.0;1.0;;;;;;35081
2015-01;2.0;1.0;;;;;;;;;;;;;;;35081
2016-01;3.0;2.0;1.0;1.0;;;;;1.0;;;;;;;;35081
2017-01;1.0;1.0;1.0;1.0;1.0;1.0;1.0;1.0;;;;;;;;;35081
2018-01;1.0;1.0;1.0;1.0;1.0;1.0;1.0;;;;;;;;;;35081
2019-01;4.0;4.0;3.0;3.0;2.0;1.0;;;;;;;;;;;35081
2020-01;6.0;6.0;5.0;3.0;2.0;;;;;;;;;;;;35081
2021-01;5.0;5.0;3.0;2.0;;;;;;;;;;;;;35081
2022-01;7.0;7.0;6.0;;;;;;;;;;;;;;35081
2023-01;7.0;5.0;;;;;;;;;;;;;;;35081
2024-01;3.0;;;;;;;;;;;;;;;;35081
2010-01;7.0;6.0;6.0;6.0;6.0;6.0;6.0;6.0;6.0;5.0;5.0;5.0;5.0;5.0;5.0;;35082
2011-01;3.0;3.0;3.0;3.0;3.0;2.0;2.0;2.0;2.0;2.0;2.0;2.0;2.0;2.0;;;35082
2012-01;4.0;4.0;4.0;4.0;3.0;3.0;3.0;3.0;3.0;3.0;2.0;3.0;3.0;;;;35082
2013-01;1.0;1.0;1.0;1.0;1.0;1.0;1.0;;;;;;;;;;35082
2014-01;4.0;4.0;3.0;3.0;3.0;2.0;1.0;1.0;1.0;1.0;1.0;;;;;;35082
2015-01;1.0;1.0;1.0;1.0;1.0;;;;;;;;;;;;35082
2016-01;1.0;1.0;1.0;1.0;1.0;1.0;1.0;1.0;1.0;;;;;;;;35082
2017-01;2.0;2.0;1.0;1.0;1.0;1.0;;;;;;;;;;;35082
2018-01;3.0;3.0;2.0;1.0;1.0;1.0;1.0;;;;;;;;;;35082
2019-01;3.0;2.0;2.0;2.0;2.0;1.0;;;;;;;;;;;35082
2020-01;2.0;2.0;2.0;2.0;2.0;;;;;;;;;;;;35082
2021-01;4.0;4.0;4.0;4.0;;;;;;;;;;;;;35082
2022-01;2.0;2.0;1.0;;;;;;;;;;;;;;35082
2023-01;2.0;2.0;;;;;;;;;;;;;;;35082
2024-01;5.0;;;;;;;;;;;;;;;;35082
2010-01;40.0;36.0;30.0;24.0;24.0;23.0;22.0;22.0;21.0;20.0;19.0;17.0;16.0;14.0;13.0;;35141
2011-01;3.0;3.0;2.0;2.0;2.0;1.0;1.0;1.0;1.0;1.0;1.0;;;;;;35141
2012-01;6.0;6.0;6.0;5.0;5.0;4.0;3.0;2.0;2.0;2.0;2.0;3.0;3.0;;;;35141
2013-01;8.0;6.0;5.0;5.0;2.0;1.0;1.0;1.0;1.0;;1.0;2.0;;;;;35141
2014-01;4.0;2.0;2.0;2.0;1.0;1.0;1.0;1.0;1.0;1.0;1.0;;;;;;35141
2015-01;4.0;3.0;2.0;2.0;1.0;1.0;;;;;;;;;;;35141
2016-01;3.0;2.0;2.0;2.0;2.0;2.0;2.0;3.0;2.0;;;;;;;;35141
2017-01;3.0;2.0;2.0;2.0;2.0;2.0;1.0;1.0;;;;;;;;;35141
2018-01;5.0;5.0;4.0;3.0;3.0;3.0;2.0;;;;;;;;;;35141
2019-01;4.0;2.0;2.0;3.0;3.0;3.0;;;;;;;;;;;35141
2020-01;4.0;3.0;2.0;1.0;;;;;;;;;;;;;35141
2021-01;1.0;;;;;;;;;;;;;;;;35141
2022-01;3.0;2.0;;;;;;;;;;;;;;;35141
2023-01;5.0;5.0;;;;;;;;;;;;;;;35141
2024-01;1.0;;;;;;;;;;;;;;;;35141
2010-01;70.0;61.0;55.0;50.0;46.0;44.0;40.0;33.0;30.0;27.0;25.0;27.0;26.0;27.0;27.0;;35132
2011-01;13.0;10.0;11.0;8.0;7.0;6.0;7.0;7.0;7.0;7.0;7.0;7.0;6.0;7.0;;;35132
2012-01;15.0;12.0;11.0;12.0;11.0;10.0;10.0;10.0;10.0;9.0;8.0;8.0;8.0;;;;35132
2013-01;7.0;7.0;5.0;4.0;4.0;4.0;4.0;4.0;4.0;4.0;4.0;4.0;;;;;35132
2014-01;9.0;5.0;6.0;6.0;5.0;5.0;5.0;3.0;3.0;2.0;3.0;;;;;;35132
2015-01;16.0;12.0;10.0;10.0;10.0;10.0;9.0;9.0;10.0;8.0;;;;;;;35132
2016-01;14.0;10.0;9.0;9.0;8.0;7.0;5.0;7.0;7.0;;;;;;;;35132
2017-01;14.0;12.0;6.0;5.0;6.0;5.0;5.0;6.0;;;;;;;;;35132
2018-01;12.0;10.0;10.0;8.0;9.0;8.0;8.0;;;;;;;;;;35132
2019-01;9.0;7.0;4.0;3.0;2.0;2.0;;;;;;;;;;;35132
2020-01;11.0;9.0;6.0;5.0;4.0;;;;;;;;;;;;35132
2021-01;15.0;13.0;8.0;8.0;;;;;;;;;;;;;35132
2022-01;18.0;17.0;13.0;;;;;;;;;;;;;;35132
2023-01;15.0;13.0;;;;;;;;;;;;;;;35132
2024-01;24.0;;;;;;;;;;;;;;;;35132
2010-01;13.0;13.0;13.0;13.0;12.0;10.0;11.0;10.0;10.0;10.0;10.0;9.0;9.0;8.0;8.0;;35033
2013-01;2.0;2.0;1.0;1.0;1.0;1.0;1.0;1.0;1.0;1.0;1.0;1.0;;;;;35033
2014-01;2.0;2.0;2.0;2.0;2.0;2.0;2.0;1.0;1.0;;;;;;;;35033
2015-01;1.0;1.0;1.0;1.0;;;;;;;;;;;;;35033
2016-01;2.0;2.0;2.0;2.0;2.0;2.0;2.0;2.0;2.0;;;;;;;;35033
2017-01;3.0;3.0;3.0;3.0;3.0;2.0;2.0;2.0;;;;;;;;;35033
2018-01;1.0;1.0;1.0;;;;;;;;;;;;;;35033
2020-01;2.0;2.0;2.0;2.0;2.0;;;;;;;;;;;;35033
2021-01;1.0;1.0;1.0;1.0;;;;;;;;;;;;;35033
2022-01;1.0;1.0;1.0;;;;;;;;;;;;;;35033
2023-01;4.0;4.0;;;;;;;;;;;;;;;35033
2024-01;4.0;;;;;;;;;;;;;;;;35033
2010-01;2.0;2.0;1.0;1.0;1.0;1.0;1.0;1.0;1.0;1.0;;;;;;;35115
2014-01;2.0;2.0;2.0;2.0;2.0;2.0;1.0;1.0;1.0;1.0;1.0;;;;;;35115
2017-01;1.0;1.0;1.0;1.0;1.0;1.0;1.0;;;;;;;;;;35115
2010-01;3.0;3.0;3.0;2.0;2.0;1.0;1.0;1.0;1.0;1.0;1.0;1.0;1.0;1.0;1.0;;35152
2013-01;1.0;1.0;1.0;;;;;;;;;;;;;;35152
2015-01;1.0;1.0;1.0;1.0;1.0;1.0;;;;;;;;;;;35152
2017-01;2.0;2.0;2.0;2.0;2.0;1.0;1.0;1.0;;;;;;;;;35152
2019-01;2.0;2.0;2.0;2.0;2.0;2.0;;;;;;;;;;;35152
2022-01;1.0;1.0;1.0;;;;;;;;;;;;;;35152
2010-01;12.0;10.0;9.0;9.0;6.0;6.0;5.0;5.0;4.0;4.0;5.0;6.0;5.0;4.0;5.0;;35094
2011-01;2.0;2.0;1.0;1.0;;;1.0;1.0;;;;;1.0;1.0;;;35094
2013-01;4.0;4.0;4.0;3.0;3.0;3.0;3.0;2.0;2.0;1.0;2.0;2.0;;;;;35094
2015-01;3.0;2.0;2.0;2.0;2.0;2.0;1.0;1.0;1.0;1.0;;;;;;;35094
2016-01;2.0;2.0;2.0;2.0;2.0;2.0;2.0;2.0;;;;;;;;;35094
2018-01;3.0;3.0;3.0;3.0;3.0;3.0;3.0;;;;;;;;;;35094
2019-01;5.0;4.0;2.0;2.0;2.0;2.0;;;;;;;;;;;35094
2021-01;3.0;2.0;1.0;1.0;;;;;;;;;;;;;35094
2022-01;1.0;;;;;;;;;;;;;;;;35094
2023-01;4.0;3.0;;;;;;;;;;;;;;;35094
2024-01;1.0;;;;;;;;;;;;;;;;35094
2010-01;3.0;;1.0;1.0;1.0;1.0;1.0;1.0;1.0;1.0;1.0;1.0;1.0;1.0;1.0;;35113
2011-01;3.0;2.0;1.0;1.0;1.0;;;;;;;;;;;;35113
2013-01;1.0;1.0;;;;;;;;;;;;;;;35113
2016-01;1.0;1.0;1.0;1.0;;;;;;;;;;;;;35113
2017-01;1.0;1.0;;;;;;;;;;;;;;;35113
2018-01;1.0;1.0;;;;;;;;;;;;;;;35113
2019-01;1.0;1.0;1.0;1.0;1.0;;;;;;;;;;;;35113
2020-01;1.0;1.0;;;;;;;;;;;;;;;35113
2023-01;1.0;1.0;;;;;;;;;;;;;;;35113
2010-01;10.0;8.0;7.0;6.0;6.0;6.0;6.0;5.0;4.0;4.0;3.0;2.0;2.0;2.0;2.0;;35104
2011-01;4.0;4.0;4.0;1.0;1.0;1.0;;;;1.0;1.0;1.0;1.0;1.0;;;35104
2012-01;2.0;2.0;2.0;2.0;2.0;2.0;2.0;2.0;2.0;2.0;2.0;2.0;2.0;;;;35104
2013-01;5.0;4.0;5.0;5.0;4.0;1.0;1.0;;;;;;;;;;35104
2014-01;3.0;3.0;3.0;2.0;2.0;2.0;2.0;2.0;2.0;2.0;2.0;;;;;;35104
2015-01;1.0;1.0;1.0;1.0;;;;;;;;;;;;;35104
2016-01;3.0;2.0;2.0;2.0;;;;;;;;;;;;;35104
2017-01;5.0;5.0;4.0;4.0;4.0;3.0;3.0;3.0;;;;;;;;;35104
2018-01;3.0;2.0;2.0;2.0;2.0;2.0;1.0;;;;;;;;;;35104
2019-01;3.0;3.0;3.0;3.0;3.0;3.0;;;;;;;;;;;35104
2020-01;4.0;2.0;1.0;1.0;1.0;;;;;;;;;;;;35104
2021-01;2.0;2.0;2.0;2.0;;;;;;;;;;;;;35104
2022-01;10.0;9.0;9.0;;;;;;;;;;;;;;35104
2024-01;2.0;;;;;;;;;;;;;;;;35104
2010-01;4.0;3.0;2.0;1.0;2.0;2.0;2.0;2.0;1.0;1.0;1.0;;1.0;;1.0;;35114
2011-01;1.0;1.0;;;;;;;;;;;;;;;35114
2012-01;1.0;1.0;1.0;1.0;1.0;1.0;1.0;1.0;1.0;1.0;1.0;1.0;1.0;;;;35114
2024-01;1.0;;;;;;;;;;;;;;;;35114
2010-01;620.0;547.0;482.0;338.0;405.0;403.0;369.0;336.0;322.0;312.0;272.0;252.0;237.0;209.0;203.0;;35016
2011-01;144.0;120.0;90.0;101.0;89.0;78.0;72.0;72.0;67.0;57.0;59.0;56.0;49.0;49.0;;;35016
2012-01;123.0;78.0;96.0;81.0;77.0;73.0;66.0;63.0;57.0;52.0;48.0;41.0;43.0;;;;35016
2013-01;106.0;89.0;81.0;71.0;69.0;61.0;60.0;57.0;56.0;46.0;42.0;42.0;;;;;35016
2014-01;121.0;100.0;80.0;82.0;78.0;73.0;66.0;61.0;53.0;47.0;45.0;;;;;;35016
2015-01;85.0;69.0;64.0;60.0;61.0;52.0;49.0;42.0;41.0;34.0;;;;;;;35016
2016-01;118.0;94.0;87.0;88.0;74.0;72.0;61.0;55.0;55.0;;;;;;;;35016
2017-01;104.0;88.0;85.0;74.0;63.0;56.0;53.0;47.0;;;;;;;;;35016
2018-01;102.0;66.0;60.0;56.0;48.0;45.0;39.0;;;;;;;;;;35016
2019-01;103.0;81.0;79.0;68.0;60.0;57.0;;;;;;;;;;;35016
2020-01;114.0;91.0;71.0;58.0;46.0;;;;;;;;;;;;35016
2021-01;130.0;88.0;77.0;72.0;;;;;;;;;;;;;35016
2022-01;122.0;82.0;67.0;;;;;;;;;;;;;;35016
2023-01;104.0;79.0;;;;;;;;;;;;;;;35016
2024-01;108.0;;;;;;;;;;;;;;;;35016
2014-01;1.0;1.0;1.0;1.0;1.0;1.0;1.0;1.0;1.0;1.0;;;;;;;12003
2018-01;1.0;1.0;1.0;1.0;1.0;1.0;1.0;;;;;;;;;;12003
2023-01;2.0;;;;;;;;;;;;;;;;12003
2024-01;1.0;;;;;;;;;;;;;;;;12003
2010-01;6.0;6.0;5.0;4.0;4.0;4.0;3.0;3.0;3.0;3.0;3.0;3.0;3.0;3.0;3.0;;12002
2011-01;2.0;2.0;2.0;2.0;2.0;2.0;2.0;2.0;2.0;2.0;2.0;2.0;2.0;1.0;;;12002
2014-01;2.0;2.0;2.0;2.0;2.0;2.0;2.0;2.0;2.0;2.0;2.0;;;;;;12002
2015-01;1.0;;;;;;;;;;;;;;;;12002
2018-01;1.0;1.0;1.0;1.0;1.0;1.0;1.0;;;;;;;;;;12002
2019-01;3.0;2.0;2.0;2.0;2.0;2.0;;;;;;;;;;;12002
2020-01;1.0;;;1.0;1.0;;;;;;;;;;;;12002
2021-01;1.0;1.0;1.0;1.0;;;;;;;;;;;;;12002
2023-01;5.0;5.0;;;;;;;;;;;;;;;12002
2024-01;5.0;;;;;;;;;;;;;;;;12002
2010-01;2.0;2.0;1.0;1.0;1.0;1.0;1.0;1.0;1.0;1.0;1.0;1.0;1.0;1.0;1.0;;21001
2012-01;3.0;1.0;1.0;1.0;1.0;;;;;;;;1.0;;;;21001
2013-01;2.0;1.0;1.0;1.0;1.0;;;;;;;;;;;;21001
2014-01;1.0;1.0;1.0;1.0;;;;;;;;;;;;;21001
2017-01;2.0;2.0;2.0;2.0;2.0;1.0;1.0;2.0;;;;;;;;;21001
2023-01;2.0;2.0;;;;;;;;;;;;;;;21001
2010-01;9.0;7.0;6.0;5.0;5.0;4.0;6.0;6.0;4.0;5.0;4.0;4.0;4.0;4.0;4.0;;21006
2011-01;4.0;2.0;2.0;2.0;1.0;1.0;1.0;1.0;1.0;1.0;1.0;1.0;1.0;1.0;;;21006
2012-01;2.0;2.0;2.0;2.0;2.0;1.0;;;;;1.0;1.0;1.0;;;;21006
2013-01;3.0;3.0;2.0;1.0;;;;;;;;;;;;;21006
2014-01;2.0;1.0;2.0;1.0;;;;;;1.0;;;;;;;21006
2015-01;4.0;3.0;3.0;4.0;2.0;2.0;2.0;3.0;1.0;1.0;;;;;;;21006
2016-01;2.0;2.0;2.0;2.0;1.0;1.0;1.0;1.0;1.0;;;;;;;;21006
2017-01;1.0;1.0;;;1.0;1.0;1.0;1.0;;;;;;;;;21006
2018-01;4.0;3.0;3.0;2.0;2.0;1.0;1.0;;;;;;;;;;21006
2020-01;2.0;1.0;1.0;;;;;;;;;;;;;;21006
2022-01;2.0;;;;;;;;;;;;;;;;21006
2023-01;2.0;1.0;;;;;;;;;;;;;;;21006
2024-01;1.0;;;;;;;;;;;;;;;;21006
2010-01;117.0;103.0;95.0;93.0;88.0;86.0;81.0;81.0;81.0;74.0;73.0;72.0;73.0;72.0;70.0;;21016
2011-01;32.0;28.0;27.0;27.0;26.0;25.0;25.0;24.0;22.0;20.0;20.0;21.0;22.0;20.0;;;21016
2012-01;16.0;16.0;14.0;13.0;12.0;13.0;12.0;12.0;12.0;11.0;11.0;12.0;12.0;;;;21016
2013-01;15.0;15.0;14.0;11.0;9.0;10.0;10.0;10.0;10.0;10.0;11.0;9.0;;;;;21016
2014-01;17.0;16.0;14.0;12.0;11.0;11.0;10.0;10.0;12.0;12.0;10.0;;;;;;21016
2015-01;28.0;25.0;23.0;21.0;17.0;15.0;15.0;16.0;17.0;17.0;;;;;;;21016
2016-01;24.0;24.0;21.0;20.0;18.0;18.0;18.0;18.0;17.0;;;;;;;;21016
2017-01;30.0;30.0;26.0;25.0;23.0;22.0;21.0;22.0;;;;;;;;;21016
2018-01;29.0;25.0;23.0;23.0;20.0;21.0;22.0;;;;;;;;;;21016
2019-01;30.0;27.0;21.0;17.0;16.0;16.0;;;;;;;;;;;21016
2020-01;14.0;12.0;10.0;9.0;10.0;;;;;;;;;;;;21016
2021-01;15.0;15.0;13.0;10.0;;;;;;;;;;;;;21016
2022-01;28.0;22.0;18.0;;;;;;;;;;;;;;21016
2023-01;26.0;25.0;;;;;;;;;;;;;;;21016
2024-01;26.0;;;;;;;;;;;;;;;;21016
2010-01;8.0;5.0;5.0;5.0;4.0;4.0;4.0;2.0;2.0;3.0;3.0;3.0;3.0;2.0;1.0;;21005
2011-01;4.0;3.0;2.0;1.0;;;;;;;;;;;;;21005
2012-01;1.0;1.0;1.0;1.0;1.0;1.0;1.0;1.0;1.0;1.0;1.0;1.0;1.0;;;;21005
2013-01;1.0;1.0;;;;;;;;;;;;;;;21005
2015-01;2.0;2.0;1.0;1.0;1.0;1.0;1.0;1.0;1.0;1.0;;;;;;;21005
2016-01;1.0;1.0;1.0;;;;;;;;;;;;;;21005
2017-01;2.0;2.0;;;;;;;;;;;;;;;21005
2018-01;4.0;4.0;4.0;4.0;4.0;2.0;2.0;;;;;;;;;;21005
2019-01;8.0;7.0;6.0;5.0;1.0;1.0;;;;;;;;;;;21005
2022-01;3.0;3.0;2.0;;;;;;;;;;;;;;21005
2023-01;2.0;2.0;;;;;;;;;;;;;;;21005
2024-01;1.0;;;;;;;;;;;;;;;;21005
2010-01;7.0;7.0;5.0;4.0;3.0;3.0;3.0;3.0;2.0;2.0;2.0;2.0;2.0;2.0;2.0;;21007
2011-01;1.0;1.0;1.0;1.0;1.0;1.0;1.0;1.0;1.0;1.0;1.0;1.0;1.0;1.0;;;21007
2012-01;2.0;2.0;1.0;1.0;1.0;1.0;1.0;1.0;1.0;1.0;1.0;1.0;1.0;;;;21007
2013-01;1.0;1.0;1.0;;;;;;;;;;;;;;21007
2014-01;4.0;4.0;4.0;4.0;2.0;3.0;3.0;2.0;2.0;3.0;3.0;;;;;;21007
2015-01;1.0;1.0;1.0;1.0;1.0;;;;1.0;1.0;;;;;;;21007
2017-01;2.0;2.0;2.0;2.0;1.0;1.0;1.0;1.0;;;;;;;;;21007
2018-01;3.0;2.0;2.0;2.0;2.0;1.0;1.0;;;;;;;;;;21007
2019-01;1.0;1.0;1.0;1.0;1.0;1.0;;;;;;;;;;;21007
2021-01;1.0;1.0;1.0;1.0;;;;;;;;;;;;;21007
2022-01;1.0;1.0;1.0;;;;;;;;;;;;;;21007
2024-01;1.0;;;;;;;;;;;;;;;;21007
2010-01;10.0;9.0;8.0;7.0;6.0;5.0;5.0;3.0;4.0;3.0;3.0;3.0;3.0;3.0;3.0;;21014
2011-01;1.0;1.0;;;;;;;;;;;;;;;21014
2012-01;3.0;3.0;3.0;1.0;1.0;1.0;1.0;1.0;1.0;1.0;1.0;1.0;1.0;;;;21014
2013-01;3.0;2.0;2.0;2.0;;;;;;;;;;;;;21014
2014-01;1.0;1.0;1.0;1.0;;;;;;1.0;1.0;;;;;;21014
2015-01;1.0;1.0;1.0;1.0;1.0;1.0;1.0;1.0;1.0;1.0;;;;;;;21014
2016-01;1.0;1.0;;;;;;;;;;;;;;;21014
2017-01;1.0;;;;;;;;;;;;;;;;21014
2018-01;5.0;4.0;4.0;3.0;1.0;2.0;2.0;;;;;;;;;;21014
2019-01;1.0;;;;;;;;;;;;;;;;21014
2020-01;2.0;1.0;1.0;1.0;1.0;;;;;;;;;;;;21014
2021-01;3.0;3.0;2.0;2.0;;;;;;;;;;;;;21014
2023-01;1.0;;;;;;;;;;;;;;;;21014
2010-01;2.0;2.0;2.0;2.0;2.0;2.0;2.0;2.0;2.0;2.0;2.0;2.0;2.0;2.0;2.0;;21003
2013-01;1.0;;;;;;;1.0;1.0;;;;;;;;21003
2014-01;1.0;1.0;1.0;1.0;1.0;1.0;1.0;1.0;1.0;1.0;1.0;;;;;;21003
2016-01;1.0;1.0;1.0;1.0;1.0;1.0;1.0;1.0;;;;;;;;;21003
2018-01;3.0;3.0;2.0;2.0;1.0;1.0;;;;;;;;;;;21003
2019-01;2.0;2.0;1.0;1.0;1.0;1.0;;;;;;;;;;;21003
2021-01;1.0;1.0;1.0;;;;;;;;;;;;;;21003
2024-01;1.0;;;;;;;;;;;;;;;;21003
2010-01;10.0;8.0;6.0;7.0;5.0;5.0;5.0;4.0;5.0;5.0;5.0;4.0;4.0;4.0;4.0;;21008
2011-01;2.0;2.0;1.0;2.0;2.0;2.0;2.0;2.0;2.0;2.0;2.0;2.0;2.0;2.0;;;21008
2012-01;2.0;1.0;;;;;;;;;;;;;;;21008
2013-01;1.0;;;;;;;;;;;;;;;;21008
2014-01;2.0;1.0;1.0;;;;;;;;;;;;;;21008
2016-01;2.0;2.0;2.0;1.0;1.0;1.0;1.0;1.0;1.0;;;;;;;;21008
2017-01;2.0;2.0;1.0;1.0;1.0;;1.0;1.0;;;;;;;;;21008
2018-01;2.0;2.0;1.0;;1.0;1.0;1.0;;;;;;;;;;21008
2019-01;1.0;1.0;1.0;1.0;1.0;1.0;;;;;;;;;;;21008
2020-01;1.0;;;;;;;;;;;;;;;;21008
2021-01;2.0;1.0;1.0;1.0;;;;;;;;;;;;;21008
2023-01;3.0;3.0;;;;;;;;;;;;;;;21008
2024-01;4.0;;;;;;;;;;;;;;;;21008
2010-01;14.0;12.0;10.0;8.0;7.0;6.0;7.0;6.0;5.0;5.0;5.0;5.0;5.0;4.0;3.0;;21009
2011-01;3.0;2.0;2.0;2.0;2.0;2.0;2.0;1.0;1.0;2.0;1.0;1.0;;;;;21009
2012-01;3.0;2.0;2.0;2.0;1.0;;;;;;;;;;;;21009
2013-01;2.0;1.0;1.0;1.0;1.0;;;;;;;;;;;;21009
2014-01;3.0;3.0;3.0;2.0;2.0;2.0;2.0;;;;;;;;;;21009
2015-01;4.0;3.0;2.0;3.0;3.0;3.0;2.0;2.0;2.0;2.0;;;;;;;21009
2016-01;4.0;3.0;2.0;2.0;2.0;2.0;2.0;2.0;1.0;;;;;;;;21009
2017-01;2.0;1.0;1.0;1.0;1.0;;1.0;;;;;;;;;;21009
2018-01;4.0;3.0;2.0;1.0;;;;;;;;;;;;;21009
2019-01;1.0;1.0;1.0;;;;;;;;;;;;;;21009
2020-01;2.0;1.0;;;;;;;;;;;;;;;21009
2021-01;3.0;2.0;1.0;1.0;;;;;;;;;;;;;21009
2022-01;2.0;2.0;2.0;;;;;;;;;;;;;;21009
2023-01;2.0;;;;;;;;;;;;;;;;21009
2024-01;1.0;;;;;;;;;;;;;;;;21009
2010-01;2.0;;;;;;;;;;;;;;;;21004
2011-01;1.0;1.0;;1.0;1.0;;;;;;;;;;;;21004
2012-01;1.0;1.0;1.0;1.0;1.0;;;;;;;;;;;;21004
2013-01;2.0;1.0;;;;;;;;;;;;;;;21004
2014-01;1.0;1.0;1.0;1.0;1.0;1.0;1.0;1.0;1.0;1.0;1.0;;;;;;21004
2015-01;1.0;1.0;;;;;;;;;;;;;;;21004
2017-01;1.0;1.0;1.0;1.0;1.0;1.0;1.0;;;;;;;;;;21004
2018-01;3.0;2.0;2.0;2.0;2.0;2.0;2.0;;;;;;;;;;21004
2019-01;2.0;1.0;1.0;1.0;1.0;1.0;;;;;;;;;;;21004
2021-01;1.0;;;;;;;;;;;;;;;;21004
2022-01;1.0;1.0;1.0;;;;;;;;;;;;;;21004
2023-01;1.0;1.0;;;;;;;;;;;;;;;21004
2024-01;1.0;;;;;;;;;;;;;;;;21004
2010-01;2.0;2.0;2.0;2.0;2.0;2.0;2.0;2.0;2.0;1.0;1.0;2.0;;1.0;1.0;;21002
2012-01;1.0;1.0;1.0;1.0;1.0;;;1.0;1.0;1.0;1.0;1.0;;;;;21002
2014-01;1.0;1.0;1.0;1.0;1.0;1.0;1.0;1.0;1.0;1.0;1.0;;;;;;21002
2015-01;1.0;;;;;;;;;;;;;;;;21002
2017-01;1.0;1.0;1.0;1.0;;;;1.0;;;;;;;;;21002
2019-01;2.0;2.0;2.0;2.0;;;;;;;;;;;;;21002
2023-01;5.0;5.0;;;;;;;;;;;;;;;21002
2010-01;3.0;1.0;1.0;1.0;2.0;2.0;2.0;1.0;1.0;2.0;2.0;2.0;2.0;2.0;2.0;;21015
2011-01;1.0;1.0;1.0;1.0;1.0;1.0;1.0;1.0;1.0;1.0;1.0;1.0;1.0;1.0;;;21015
2016-01;1.0;1.0;;;;;;;;;;;;;;;21015
2018-01;3.0;3.0;3.0;2.0;1.0;1.0;1.0;;;;;;;;;;21015
2024-01;1.0;;;;;;;;;;;;;;;;21015
2010-01;8.0;8.0;7.0;5.0;5.0;5.0;4.0;4.0;3.0;3.0;3.0;1.0;2.0;2.0;1.0;;21013
2012-01;1.0;1.0;;;;;;;;;;;;;;;21013
2013-01;2.0;1.0;1.0;1.0;1.0;1.0;1.0;1.0;;;;;;;;;21013
2014-01;3.0;3.0;3.0;2.0;2.0;1.0;1.0;;1.0;1.0;1.0;;;;;;21013
2015-01;2.0;2.0;1.0;1.0;1.0;1.0;1.0;;1.0;1.0;;;;;;;21013
2016-01;1.0;;;;;;;;;;;;;;;;21013
2017-01;2.0;1.0;1.0;1.0;;;;;;;;;;;;;21013
2018-01;2.0;2.0;2.0;2.0;;;;;;;;;;;;;21013
2020-01;1.0;;;;;;;;;;;;;;;;21013
2021-01;1.0;1.0;1.0;1.0;;;;;;;;;;;;;21013
2022-01;3.0;2.0;2.0;;;;;;;;;;;;;;21013
2023-01;2.0;2.0;;;;;;;;;;;;;;;21013
2024-01;1.0;;;;;;;;;;;;;;;;21013
2010-01;8.0;5.0;4.0;3.0;2.0;2.0;2.0;2.0;2.0;2.0;1.0;1.0;1.0;1.0;;;21011
2011-01;3.0;2.0;;;;;;;;;;;;;;;21011
2012-01;6.0;5.0;5.0;5.0;4.0;3.0;2.0;2.0;2.0;3.0;2.0;1.0;1.0;;;;21011
2013-01;1.0;;;;;;;;;;;;;;;;21011
2014-01;3.0;2.0;1.0;1.0;2.0;2.0;2.0;1.0;2.0;2.0;2.0;;;;;;21011
2015-01;4.0;3.0;2.0;2.0;2.0;2.0;3.0;3.0;3.0;2.0;;;;;;;21011
2016-01;1.0;1.0;;;;;;;;;;;;;;;21011
2017-01;4.0;1.0;1.0;1.0;;;;;;;;;;;;;21011
2018-01;3.0;3.0;3.0;2.0;2.0;2.0;2.0;;;;;;;;;;21011
2019-01;2.0;2.0;1.0;1.0;1.0;2.0;;;;;;;;;;;21011
2020-01;1.0;1.0;1.0;1.0;;;;;;;;;;;;;21011
2021-01;2.0;2.0;1.0;1.0;;;;;;;;;;;;;21011
2023-01;1.0;1.0;;;;;;;;;;;;;;;21011
2010-01;11.0;4.0;1.0;1.0;1.0;1.0;;;;;;;;;1.0;;21018
2011-01;6.0;5.0;3.0;;1.0;1.0;1.0;;;;;;;;;;21018
2012-01;3.0;;;;;;;;;;;;;;;;21018
2013-01;10.0;5.0;5.0;3.0;2.0;3.0;3.0;3.0;1.0;2.0;2.0;;;;;;21018
2014-01;1.0;1.0;1.0;1.0;1.0;1.0;1.0;;;;;;;;;;21018
2015-01;2.0;1.0;1.0;1.0;1.0;;;;;1.0;;;;;;;21018
2016-01;2.0;1.0;1.0;1.0;1.0;1.0;1.0;1.0;1.0;;;;;;;;21018
2017-01;2.0;1.0;1.0;1.0;1.0;1.0;1.0;;;;;;;;;;21018
2018-01;3.0;2.0;2.0;1.0;;;1.0;;;;;;;;;;21018
2020-01;2.0;1.0;1.0;1.0;1.0;;;;;;;;;;;;21018
2022-01;2.0;2.0;2.0;;;;;;;;;;;;;;21018
2024-01;1.0;;;;;;;;;;;;;;;;21018
2010-01;7.0;5.0;3.0;2.0;2.0;2.0;2.0;2.0;1.0;1.0;1.0;1.0;1.0;;1.0;;21012
2011-01;2.0;1.0;1.0;;;1.0;1.0;;;;;;;;;;21012
2012-01;2.0;1.0;1.0;1.0;;;;;;;;;;;;;21012
2013-01;3.0;3.0;3.0;3.0;2.0;1.0;1.0;1.0;1.0;1.0;1.0;1.0;;;;;21012
2014-01;1.0;1.0;1.0;1.0;1.0;1.0;1.0;;;;;;;;;;21012
2017-01;1.0;1.0;;;;;;;;;;;;;;;21012
2018-01;3.0;1.0;1.0;1.0;1.0;1.0;1.0;;;;;;;;;;21012
2019-01;1.0;1.0;;1.0;1.0;;;;;;;;;;;;21012
2021-01;2.0;2.0;2.0;2.0;;;;;;;;;;;;;21012
2023-01;1.0;1.0;;;;;;;;;;;;;;;21012
2024-01;1.0;;;;;;;;;;;;;;;;21012
2010-01;4.0;3.0;3.0;3.0;2.0;2.0;1.0;;1.0;1.0;1.0;2.0;2.0;2.0;2.0;;21019
2011-01;1.0;1.0;;;;;;;;;;;;;;;21019
2012-01;4.0;2.0;1.0;2.0;2.0;2.0;2.0;2.0;2.0;2.0;1.0;;;;;;21019
2013-01;1.0;1.0;1.0;1.0;;;;;;;;;;;;;21019
2014-01;2.0;2.0;2.0;2.0;2.0;2.0;2.0;2.0;1.0;1.0;1.0;;;;;;21019
2017-01;2.0;1.0;1.0;1.0;;;;;;;;;;;;;21019
2018-01;4.0;3.0;3.0;3.0;2.0;2.0;1.0;;;;;;;;;;21019
2020-01;2.0;1.0;1.0;1.0;1.0;;;;;;;;;;;;21019
2021-01;2.0;1.0;1.0;1.0;;;;;;;;;;;;;21019
2024-01;1.0;;;;;;;;;;;;;;;;21019
2010-01;5.0;5.0;4.0;3.0;3.0;3.0;3.0;2.0;1.0;1.0;2.0;2.0;2.0;2.0;2.0;;21010
2011-01;1.0;1.0;1.0;;;;;;;;;;;;;;21010
2013-01;1.0;1.0;;;;;;;;;;;;;;;21010
2014-01;2.0;2.0;2.0;1.0;2.0;2.0;2.0;2.0;1.0;2.0;1.0;;;;;;21010
2016-01;1.0;1.0;;;;;1.0;1.0;1.0;;;;;;;;21010
2017-01;1.0;;;;;;;;;;;;;;;;21010
2018-01;2.0;1.0;;;;;;;;;;;;;;;21010
2020-01;2.0;1.0;2.0;2.0;2.0;;;;;;;;;;;;21010
2022-01;1.0;;;;;;;;;;;;;;;;21010
2023-01;1.0;1.0;;;;;;;;;;;;;;;21010
2010-01;6.0;3.0;3.0;3.0;4.0;1.0;;;1.0;1.0;1.0;1.0;1.0;2.0;2.0;;21017
2011-01;1.0;1.0;;;;;;;;;;;;;;;21017
2012-01;2.0;1.0;;;;;;;;;;;;;;;21017
2014-01;2.0;1.0;1.0;1.0;1.0;;;;;;;;;;;;21017
2016-01;3.0;3.0;3.0;2.0;2.0;2.0;;;;;;;;;;;21017
2017-01;1.0;1.0;1.0;1.0;1.0;1.0;1.0;1.0;;;;;;;;;21017
2018-01;4.0;3.0;3.0;2.0;2.0;2.0;1.0;;;;;;;;;;21017
2024-01;1.0;;;;;;;;;;;;;;;;21017
2010-01;300.0;277.0;247.0;217.0;204.0;189.0;169.0;168.0;164.0;162.0;151.0;143.0;130.0;123.0;106.0;;31016
2011-01;44.0;40.0;28.0;25.0;23.0;16.0;16.0;16.0;15.0;17.0;15.0;13.0;13.0;14.0;;;31016
2012-01;57.0;43.0;43.0;41.0;31.0;30.0;29.0;30.0;29.0;27.0;27.0;27.0;29.0;;;;31016
2013-01;56.0;49.0;47.0;40.0;38.0;36.0;32.0;30.0;30.0;27.0;24.0;21.0;;;;;31016
2014-01;63.0;56.0;49.0;45.0;46.0;40.0;40.0;37.0;34.0;34.0;35.0;;;;;;31016
2015-01;49.0;32.0;24.0;24.0;25.0;26.0;26.0;24.0;26.0;25.0;;;;;;;31016
2016-01;44.0;36.0;33.0;28.0;27.0;25.0;22.0;20.0;17.0;;;;;;;;31016
2017-01;39.0;35.0;27.0;25.0;24.0;26.0;21.0;23.0;;;;;;;;;31016
2018-01;40.0;30.0;26.0;27.0;24.0;19.0;16.0;;;;;;;;;;31016
2019-01;41.0;34.0;31.0;22.0;14.0;17.0;;;;;;;;;;;31016
2020-01;55.0;46.0;37.0;35.0;30.0;;;;;;;;;;;;31016
2021-01;43.0;34.0;27.0;21.0;;;;;;;;;;;;;31016
2022-01;36.0;21.0;24.0;;;;;;;;;;;;;;31016
2023-01;47.0;30.0;;;;;;;;;;;;;;;31016
2024-01;48.0;;;;;;;;;;;;;;;;31016
2013-01;1.0;1.0;1.0;1.0;;;;;;;;;;;;;31068
2021-01;1.0;1.0;1.0;1.0;;;;;;;;;;;;;31068
2012-01;1.0;1.0;;;;;;;;;;;;;;;31040
2015-01;1.0;1.0;1.0;1.0;1.0;1.0;1.0;1.0;1.0;1.0;;;;;;;31040
2023-01;1.0;1.0;;;;;;;;;;;;;;;31040
2010-01;8.0;8.0;4.0;4.0;4.0;4.0;4.0;4.0;4.0;4.0;4.0;3.0;4.0;4.0;4.0;;31008
2011-01;2.0;2.0;2.0;2.0;2.0;2.0;2.0;2.0;2.0;2.0;2.0;2.0;2.0;2.0;;;31008
2012-01;4.0;4.0;4.0;4.0;4.0;4.0;3.0;2.0;2.0;2.0;2.0;1.0;1.0;;;;31008
2014-01;1.0;1.0;1.0;1.0;1.0;1.0;1.0;1.0;1.0;1.0;1.0;;;;;;31008
2017-01;1.0;1.0;1.0;1.0;1.0;;;;;;;;;;;;31008
2018-01;3.0;2.0;2.0;2.0;2.0;2.0;1.0;;;;;;;;;;31008
2019-01;3.0;3.0;3.0;2.0;1.0;1.0;;;;;;;;;;;31008
2020-01;3.0;2.0;2.0;2.0;1.0;;;;;;;;;;;;31008
2022-01;2.0;;;;;;;;;;;;;;;;31008
2023-01;2.0;2.0;;;;;;;;;;;;;;;31008
2024-01;2.0;;;;;;;;;;;;;;;;31008
2010-01;2.0;2.0;2.0;2.0;2.0;2.0;2.0;2.0;2.0;2.0;2.0;2.0;2.0;2.0;1.0;;31041
2011-01;1.0;1.0;1.0;1.0;1.0;1.0;1.0;1.0;1.0;1.0;1.0;1.0;1.0;;;;31041
2019-01;2.0;1.0;1.0;;;;;;;;;;;;;;31041
2020-01;1.0;1.0;;;;;;;;;;;;;;;31041
2022-01;2.0;;;;;;;;;;;;;;;;31041
2010-01;10.0;10.0;9.0;8.0;8.0;8.0;7.0;7.0;7.0;6.0;5.0;5.0;5.0;4.0;5.0;;31001
2012-01;1.0;;;;1.0;1.0;1.0;1.0;1.0;1.0;1.0;1.0;1.0;;;;31001
2013-01;1.0;;;;;;;;;;;;;;;;31001
2014-01;2.0;1.0;1.0;1.0;1.0;1.0;1.0;1.0;;;;;;;;;31001
2015-01;2.0;1.0;1.0;1.0;1.0;1.0;;;;;;;;;;;31001
2016-01;4.0;2.0;2.0;2.0;2.0;;1.0;;1.0;;;;;;;;31001
2017-01;3.0;3.0;1.0;;;;1.0;1.0;;;;;;;;;31001
2018-01;1.0;1.0;1.0;1.0;1.0;1.0;1.0;;;;;;;;;;31001
2019-01;3.0;2.0;2.0;2.0;1.0;1.0;;;;;;;;;;;31001
2020-01;2.0;2.0;1.0;1.0;1.0;;;;;;;;;;;;31001
2023-01;1.0;1.0;;;;;;;;;;;;;;;31001
2024-01;1.0;;;;;;;;;;;;;;;;31001
2010-01;1.0;;;;;;;;;;;;;;;;31094
2011-01;1.0;;;;;;;;;;;;;;;;31094
2012-01;1.0;;;;;;;;;;;;;;;;31094
2013-01;1.0;1.0;1.0;1.0;1.0;1.0;1.0;1.0;1.0;1.0;1.0;1.0;;;;;31094
2014-01;1.0;1.0;1.0;1.0;1.0;1.0;1.0;1.0;1.0;1.0;1.0;;;;;;31094
2017-01;1.0;1.0;1.0;1.0;1.0;1.0;1.0;1.0;;;;;;;;;31094
2010-01;11.0;10.0;9.0;9.0;8.0;9.0;9.0;7.0;7.0;7.0;8.0;8.0;8.0;7.0;7.0;;31092
2011-01;5.0;3.0;3.0;3.0;3.0;2.0;2.0;2.0;2.0;2.0;2.0;2.0;2.0;1.0;;;31092
2012-01;5.0;5.0;5.0;5.0;4.0;4.0;4.0;4.0;3.0;3.0;3.0;4.0;4.0;;;;31092
2013-01;1.0;;;;;;;;;;;;;;;;31092
2014-01;1.0;1.0;1.0;1.0;1.0;1.0;1.0;1.0;;;;;;;;;31092
2016-01;3.0;2.0;2.0;2.0;1.0;1.0;;;;;;;;;;;31092
2017-01;3.0;3.0;2.0;2.0;2.0;2.0;2.0;1.0;;;;;;;;;31092
2018-01;1.0;1.0;1.0;1.0;1.0;1.0;1.0;;;;;;;;;;31092
2020-01;1.0;1.0;1.0;1.0;;;;;;;;;;;;;31092
2023-01;1.0;;;;;;;;;;;;;;;;31092
2024-01;1.0;;;;;;;;;;;;;;;;31092
2010-01;8.0;8.0;7.0;7.0;7.0;7.0;7.0;7.0;7.0;6.0;5.0;5.0;5.0;5.0;5.0;;31013
2011-01;1.0;1.0;1.0;1.0;1.0;1.0;1.0;1.0;1.0;1.0;1.0;1.0;1.0;1.0;;;31013
2013-01;2.0;;;2.0;2.0;2.0;2.0;1.0;1.0;2.0;1.0;1.0;;;;;31013
2014-01;2.0;2.0;2.0;2.0;2.0;1.0;1.0;1.0;1.0;1.0;1.0;;;;;;31013
2015-01;1.0;1.0;1.0;1.0;1.0;1.0;1.0;1.0;1.0;1.0;;;;;;;31013
2019-01;1.0;1.0;;;;;;;;;;;;;;;31013
2020-01;2.0;2.0;2.0;2.0;;;;;;;;;;;;;31013
2022-01;2.0;1.0;;;;;;;;;;;;;;;31013
2023-01;4.0;4.0;;;;;;;;;;;;;;;31013
2010-01;6.0;6.0;4.0;4.0;4.0;4.0;4.0;4.0;4.0;4.0;4.0;4.0;4.0;4.0;4.0;;31060
2011-01;1.0;1.0;1.0;;;;;;;;;;;;;;31060
2012-01;1.0;1.0;;;;;;;;;;;;;;;31060
2014-01;2.0;2.0;2.0;;;;;;;;;;;;;;31060
2016-01;1.0;1.0;1.0;1.0;1.0;1.0;1.0;1.0;1.0;;;;;;;;31060
2018-01;2.0;2.0;2.0;2.0;2.0;2.0;2.0;;;;;;;;;;31060
2019-01;1.0;1.0;1.0;1.0;1.0;1.0;;;;;;;;;;;31060
2022-01;1.0;;1.0;;;;;;;;;;;;;;31060
2023-01;1.0;1.0;;;;;;;;;;;;;;;31060
2024-01;1.0;;;;;;;;;;;;;;;;31060
2012-01;1.0;1.0;1.0;1.0;1.0;1.0;1.0;1.0;1.0;1.0;1.0;1.0;1.0;;;;31095
2016-01;1.0;1.0;;;;;;1.0;1.0;;;;;;;;31095
2020-01;1.0;1.0;1.0;1.0;;;;;;;;;;;;;31095
2024-01;1.0;;;;;;;;;;;;;;;;31095
2010-01;13.0;13.0;12.0;10.0;10.0;10.0;10.0;11.0;11.0;10.0;9.0;7.0;7.0;8.0;8.0;;31006
2012-01;2.0;2.0;2.0;2.0;2.0;2.0;2.0;2.0;1.0;;;;;;;;31006
2013-01;1.0;1.0;1.0;1.0;1.0;1.0;1.0;1.0;1.0;1.0;1.0;1.0;;;;;31006
2014-01;1.0;1.0;;;;;;;;;;;;;;;31006
2015-01;1.0;1.0;1.0;1.0;1.0;1.0;1.0;1.0;1.0;1.0;;;;;;;31006
2016-01;2.0;2.0;2.0;2.0;1.0;1.0;;1.0;1.0;;;;;;;;31006
2018-01;2.0;2.0;2.0;2.0;2.0;2.0;2.0;;;;;;;;;;31006
2019-01;1.0;1.0;1.0;1.0;1.0;1.0;;;;;;;;;;;31006
2020-01;4.0;4.0;3.0;3.0;3.0;;;;;;;;;;;;31006
2021-01;2.0;2.0;2.0;2.0;;;;;;;;;;;;;31006
2024-01;2.0;;;;;;;;;;;;;;;;31006
2010-01;2.0;2.0;2.0;2.0;2.0;;1.0;1.0;1.0;;;;;;;;31090
2014-01;1.0;;;;;;;;;;;;;;;;31090
2015-01;2.0;1.0;1.0;1.0;;;;;;;;;;;;;31090
2019-01;1.0;;;;;;;;;;;;;;;;31090
2022-01;1.0;1.0;1.0;;;;;;;;;;;;;;31090
2010-01;2.0;2.0;;;;;;;;;;;;;;;31064
2011-01;1.0;1.0;1.0;1.0;1.0;;;;;;;;;;;;31064
2012-01;1.0;1.0;1.0;1.0;1.0;1.0;1.0;1.0;1.0;1.0;1.0;1.0;1.0;;;;31064
2016-01;1.0;1.0;1.0;1.0;1.0;1.0;1.0;1.0;;;;;;;;;31064
2010-01;21.0;16.0;11.0;9.0;7.0;5.0;5.0;5.0;5.0;6.0;6.0;5.0;4.0;4.0;7.0;;31075
2011-01;6.0;6.0;6.0;3.0;3.0;2.0;2.0;2.0;1.0;3.0;2.0;3.0;4.0;2.0;;;31075
2012-01;3.0;3.0;3.0;2.0;2.0;2.0;2.0;2.0;2.0;2.0;2.0;1.0;1.0;;;;31075
2013-01;3.0;3.0;1.0;1.0;1.0;;;;;;;;;;;;31075
2014-01;5.0;5.0;5.0;4.0;3.0;3.0;3.0;3.0;3.0;2.0;2.0;;;;;;31075
2015-01;5.0;4.0;4.0;3.0;2.0;1.0;1.0;1.0;1.0;1.0;;;;;;;31075
2017-01;3.0;1.0;1.0;1.0;1.0;1.0;1.0;1.0;;;;;;;;;31075
2018-01;6.0;6.0;3.0;4.0;4.0;3.0;2.0;;;;;;;;;;31075
2019-01;5.0;4.0;4.0;3.0;3.0;2.0;;;;;;;;;;;31075
2020-01;4.0;4.0;2.0;3.0;2.0;;;;;;;;;;;;31075
2021-01;2.0;2.0;2.0;1.0;;;;;;;;;;;;;31075
2022-01;12.0;11.0;10.0;;;;;;;;;;;;;;31075
2023-01;11.0;8.0;;;;;;;;;;;;;;;31075
2024-01;13.0;;;;;;;;;;;;;;;;31075
2010-01;2.0;2.0;2.0;2.0;2.0;2.0;2.0;2.0;2.0;2.0;2.0;2.0;2.0;2.0;2.0;;31061
2014-01;2.0;2.0;1.0;1.0;1.0;1.0;1.0;1.0;1.0;1.0;1.0;;;;;;31061
2017-01;1.0;1.0;1.0;1.0;1.0;1.0;1.0;1.0;;;;;;;;;31061
2019-01;1.0;1.0;1.0;1.0;1.0;;;;;;;;;;;;31061
2020-01;2.0;2.0;;;;;;;;;;;;;;;31061
2021-01;1.0;;;;;;;;;;;;;;;;31061
2022-01;1.0;1.0;;;;;;;;;;;;;;;31061
2023-01;2.0;2.0;;;;;;;;;;;;;;;31061
2024-01;1.0;;;;;;;;;;;;;;;;31061
2010-01;6.0;4.0;4.0;4.0;3.0;3.0;3.0;3.0;3.0;3.0;2.0;3.0;2.0;2.0;1.0;;31070
2011-01;2.0;2.0;2.0;1.0;1.0;;;;;;;;;;;;31070
2012-01;1.0;1.0;1.0;1.0;1.0;;;;;;;;;;;;31070
2013-01;2.0;1.0;2.0;2.0;1.0;1.0;1.0;1.0;1.0;1.0;1.0;1.0;;;;;31070
2014-01;3.0;3.0;2.0;2.0;2.0;2.0;2.0;2.0;2.0;2.0;1.0;;;;;;31070
2015-01;1.0;1.0;1.0;1.0;;;;;;;;;;;;;31070
2016-01;2.0;2.0;2.0;2.0;2.0;2.0;2.0;2.0;2.0;;;;;;;;31070
2017-01;2.0;2.0;2.0;2.0;2.0;2.0;2.0;1.0;;;;;;;;;31070
2018-01;3.0;3.0;3.0;2.0;2.0;2.0;2.0;;;;;;;;;;31070
2019-01;2.0;2.0;2.0;2.0;2.0;2.0;;;;;;;;;;;31070
2020-01;1.0;;;;1.0;;;;;;;;;;;;31070
2021-01;2.0;2.0;2.0;1.0;;;;;;;;;;;;;31070
2022-01;1.0;1.0;1.0;;;;;;;;;;;;;;31070
2023-01;3.0;3.0;;;;;;;;;;;;;;;31070
2024-01;2.0;;;;;;;;;;;;;;;;31070
2010-01;5.0;5.0;5.0;5.0;5.0;4.0;4.0;3.0;4.0;4.0;4.0;3.0;3.0;2.0;2.0;;31087
2012-01;1.0;1.0;;;;;;;;;;;;;;;31087
2013-01;1.0;;;;;;;;;;;;;;;;31087
2017-01;1.0;;;;;;;;;;;;;;;;31087
2018-01;1.0;1.0;1.0;;;;;;;;;;;;;;31087
2019-01;3.0;3.0;3.0;3.0;3.0;3.0;;;;;;;;;;;31087
2010-01;3.0;3.0;1.0;1.0;1.0;1.0;1.0;1.0;1.0;1.0;1.0;1.0;1.0;1.0;1.0;;31044
2011-01;2.0;2.0;2.0;1.0;1.0;1.0;1.0;2.0;1.0;1.0;1.0;2.0;2.0;2.0;;;31044
2012-01;3.0;2.0;2.0;2.0;2.0;2.0;2.0;2.0;2.0;2.0;2.0;2.0;2.0;;;;31044
2013-01;1.0;1.0;;1.0;1.0;1.0;1.0;1.0;1.0;1.0;1.0;1.0;;;;;31044
2014-01;1.0;;;;;;;;;;;;;;;;31044
2017-01;1.0;1.0;1.0;;;;;;;;;;;;;;31044
2024-01;1.0;;;;;;;;;;;;;;;;31044
2010-01;3.0;2.0;1.0;1.0;1.0;1.0;1.0;1.0;1.0;1.0;;;;;;;31019
2011-01;1.0;1.0;1.0;;;;;;;;;;;;;;31019
2013-01;1.0;1.0;1.0;1.0;1.0;1.0;1.0;1.0;1.0;1.0;1.0;1.0;;;;;31019
2018-01;1.0;1.0;1.0;1.0;1.0;1.0;1.0;;;;;;;;;;31019
2020-01;1.0;;;;;;;;;;;;;;;;31019
2021-01;2.0;2.0;1.0;1.0;;;;;;;;;;;;;31019
2010-01;4.0;3.0;3.0;2.0;2.0;2.0;2.0;2.0;2.0;2.0;2.0;2.0;2.0;2.0;2.0;;31030
2016-01;1.0;1.0;1.0;1.0;1.0;1.0;1.0;1.0;1.0;;;;;;;;31030
2019-01;1.0;;;;;;;;;;;;;;;;31030
2020-01;2.0;2.0;2.0;1.0;1.0;;;;;;;;;;;;31030
2021-01;1.0;1.0;1.0;1.0;;;;;;;;;;;;;31030
2023-01;1.0;1.0;;;;;;;;;;;;;;;31030
2024-01;1.0;;;;;;;;;;;;;;;;31030
2010-01;15.0;9.0;9.0;9.0;9.0;7.0;7.0;9.0;8.0;7.0;7.0;7.0;7.0;7.0;7.0;;31021
2011-01;4.0;2.0;2.0;2.0;2.0;1.0;1.0;2.0;2.0;1.0;;1.0;;;;;31021
2012-01;4.0;4.0;3.0;4.0;4.0;3.0;3.0;3.0;2.0;3.0;3.0;3.0;3.0;;;;31021
2013-01;3.0;2.0;1.0;;;;;;;;;;;;;;31021
2014-01;3.0;3.0;2.0;1.0;2.0;2.0;3.0;3.0;2.0;2.0;1.0;;;;;;31021
2015-01;4.0;3.0;1.0;1.0;2.0;2.0;2.0;2.0;2.0;2.0;;;;;;;31021
2016-01;1.0;1.0;1.0;1.0;1.0;1.0;1.0;1.0;;;;;;;;;31021
2019-01;3.0;3.0;3.0;3.0;3.0;3.0;;;;;;;;;;;31021
2020-01;2.0;2.0;1.0;1.0;1.0;;;;;;;;;;;;31021
2021-01;2.0;1.0;1.0;1.0;;;;;;;;;;;;;31021
2022-01;5.0;5.0;4.0;;;;;;;;;;;;;;31021
2023-01;1.0;1.0;;;;;;;;;;;;;;;31021
2024-01;1.0;;;;;;;;;;;;;;;;31021
2010-01;6.0;3.0;2.0;2.0;;;1.0;1.0;1.0;2.0;1.0;2.0;3.0;3.0;2.0;;31015
2011-01;2.0;2.0;2.0;2.0;2.0;2.0;2.0;;;;;;;;;;31015
2012-01;2.0;2.0;2.0;2.0;2.0;2.0;2.0;2.0;2.0;2.0;2.0;2.0;2.0;;;;31015
2013-01;1.0;1.0;1.0;1.0;1.0;1.0;1.0;1.0;1.0;1.0;1.0;1.0;;;;;31015
2014-01;2.0;2.0;2.0;1.0;1.0;1.0;1.0;;;;;;;;;;31015
2015-01;2.0;2.0;2.0;2.0;2.0;2.0;2.0;2.0;2.0;2.0;;;;;;;31015
2016-01;1.0;1.0;1.0;;;;1.0;1.0;1.0;;;;;;;;31015
2017-01;2.0;1.0;1.0;1.0;;;;;;;;;;;;;31015
2018-01;1.0;1.0;1.0;1.0;1.0;1.0;1.0;;;;;;;;;;31015
2019-01;2.0;2.0;2.0;2.0;2.0;1.0;;;;;;;;;;;31015
2020-01;2.0;1.0;1.0;2.0;1.0;;;;;;;;;;;;31015
2021-01;1.0;;;;;;;;;;;;;;;;31015
2023-01;4.0;2.0;;;;;;;;;;;;;;;31015
2024-01;2.0;;;;;;;;;;;;;;;;31015
2010-01;9.0;7.0;7.0;7.0;5.0;4.0;4.0;4.0;3.0;4.0;4.0;4.0;4.0;4.0;4.0;;31037
2011-01;1.0;1.0;1.0;1.0;1.0;1.0;1.0;1.0;1.0;1.0;1.0;1.0;1.0;1.0;;;31037
2012-01;6.0;5.0;4.0;3.0;2.0;2.0;2.0;3.0;3.0;3.0;3.0;3.0;3.0;;;;31037
2013-01;4.0;4.0;1.0;1.0;1.0;1.0;1.0;2.0;2.0;2.0;2.0;2.0;;;;;31037
2014-01;5.0;5.0;4.0;4.0;4.0;5.0;5.0;3.0;4.0;4.0;4.0;;;;;;31037
2015-01;5.0;5.0;4.0;5.0;5.0;5.0;5.0;4.0;4.0;4.0;;;;;;;31037
2016-01;3.0;3.0;2.0;2.0;1.0;1.0;1.0;1.0;1.0;;;;;;;;31037
2017-01;1.0;1.0;1.0;;;;;;;;;;;;;;31037
2018-01;6.0;6.0;3.0;3.0;3.0;3.0;3.0;;;;;;;;;;31037
2019-01;1.0;1.0;1.0;1.0;1.0;1.0;;;;;;;;;;;31037
2020-01;6.0;6.0;5.0;4.0;4.0;;;;;;;;;;;;31037
2021-01;1.0;1.0;1.0;1.0;;;;;;;;;;;;;31037
2022-01;3.0;3.0;3.0;;;;;;;;;;;;;;31037
2024-01;4.0;;;;;;;;;;;;;;;;31037
2010-01;44.0;41.0;37.0;38.0;36.0;33.0;31.0;31.0;30.0;30.0;30.0;30.0;28.0;26.0;26.0;;31017
2011-01;6.0;4.0;3.0;2.0;3.0;3.0;2.0;2.0;2.0;2.0;2.0;2.0;2.0;2.0;;;31017
2012-01;12.0;12.0;8.0;7.0;7.0;8.0;7.0;8.0;8.0;7.0;6.0;6.0;6.0;;;;31017
2013-01;6.0;6.0;5.0;5.0;4.0;4.0;4.0;3.0;3.0;3.0;3.0;3.0;;;;;31017
2014-01;5.0;4.0;3.0;3.0;2.0;3.0;4.0;4.0;5.0;5.0;4.0;;;;;;31017
2015-01;3.0;2.0;1.0;;;;;;;;;;;;;;31017
2016-01;5.0;4.0;4.0;4.0;1.0;1.0;1.0;1.0;1.0;;;;;;;;31017
2017-01;2.0;2.0;2.0;2.0;2.0;2.0;2.0;2.0;;;;;;;;;31017
2018-01;4.0;3.0;3.0;2.0;1.0;1.0;1.0;;;;;;;;;;31017
2019-01;5.0;4.0;4.0;4.0;4.0;4.0;;;;;;;;;;;31017
2020-01;10.0;10.0;5.0;5.0;3.0;;;;;;;;;;;;31017
2021-01;2.0;2.0;2.0;1.0;;;;;;;;;;;;;31017
2022-01;9.0;9.0;9.0;;;;;;;;;;;;;;31017
2023-01;3.0;3.0;;;;;;;;;;;;;;;31017
2024-01;1.0;;;;;;;;;;;;;;;;31017
2020-01;1.0;;;;;;;;;;;;;;;;31047
2022-01;1.0;1.0;;;;;;;;;;;;;;;31047
2010-01;4.0;3.0;3.0;2.0;2.0;2.0;2.0;2.0;2.0;2.0;2.0;2.0;2.0;2.0;1.0;;31011
2013-01;2.0;1.0;;;;;;;;;;;;;;;31011
2014-01;2.0;;;;;;;;;;;;;;;;31011
2015-01;3.0;1.0;;;;;;;;;;;;;;;31011
2016-01;3.0;3.0;1.0;1.0;1.0;1.0;1.0;1.0;1.0;;;;;;;;31011
2017-01;2.0;2.0;1.0;1.0;1.0;1.0;1.0;1.0;;;;;;;;;31011
2018-01;2.0;2.0;1.0;1.0;1.0;1.0;1.0;;;;;;;;;;31011
2023-01;1.0;1.0;;;;;;;;;;;;;;;31011
2024-01;1.0;;;;;;;;;;;;;;;;31011
2010-01;1.0;1.0;1.0;1.0;1.0;;;;;;;;;;;;31083
2015-01;1.0;1.0;1.0;1.0;;;;;;;;;;;;;31083
2010-01;3.0;3.0;2.0;2.0;1.0;1.0;1.0;1.0;1.0;1.0;1.0;1.0;1.0;1.0;1.0;;31028
2012-01;3.0;1.0;1.0;;;;;;;;;;1.0;;;;31028
2014-01;1.0;1.0;1.0;1.0;1.0;1.0;1.0;;;;;;;;;;31028
2015-01;1.0;1.0;1.0;1.0;1.0;1.0;1.0;1.0;1.0;1.0;;;;;;;31028
2016-01;2.0;1.0;1.0;1.0;1.0;1.0;1.0;1.0;1.0;;;;;;;;31028
2017-01;1.0;1.0;;;;;;;;;;;;;;;31028
2019-01;1.0;1.0;1.0;1.0;;;;;;;;;;;;;31028
2021-01;1.0;1.0;1.0;;;;;;;;;;;;;;31028
2023-01;1.0;1.0;;;;;;;;;;;;;;;31028
2024-01;1.0;;;;;;;;;;;;;;;;31028
2010-01;14.0;13.0;10.0;9.0;9.0;8.0;8.0;6.0;5.0;6.0;7.0;6.0;6.0;5.0;4.0;;31007
2011-01;2.0;2.0;2.0;2.0;2.0;1.0;2.0;1.0;1.0;1.0;1.0;1.0;1.0;1.0;;;31007
2012-01;2.0;2.0;2.0;2.0;2.0;2.0;2.0;2.0;2.0;2.0;2.0;2.0;2.0;;;;31007
2013-01;2.0;2.0;2.0;2.0;1.0;1.0;1.0;1.0;1.0;1.0;1.0;1.0;;;;;31007
2014-01;2.0;2.0;2.0;2.0;2.0;2.0;2.0;2.0;2.0;1.0;1.0;;;;;;31007
2015-01;2.0;2.0;1.0;1.0;;;;;;;;;;;;;31007
2016-01;5.0;5.0;4.0;3.0;3.0;3.0;3.0;2.0;2.0;;;;;;;;31007
2017-01;1.0;1.0;1.0;1.0;1.0;1.0;1.0;1.0;;;;;;;;;31007
2018-01;3.0;1.0;1.0;3.0;3.0;1.0;1.0;;;;;;;;;;31007
2019-01;4.0;3.0;4.0;3.0;1.0;1.0;;;;;;;;;;;31007
2020-01;4.0;3.0;1.0;1.0;1.0;;;;;;;;;;;;31007
2021-01;1.0;1.0;1.0;;;;;;;;;;;;;;31007
2022-01;2.0;2.0;2.0;;;;;;;;;;;;;;31007
2023-01;3.0;2.0;;;;;;;;;;;;;;;31007
2024-01;3.0;;;;;;;;;;;;;;;;31007
2024-01;1.0;;;;;;;;;;;;;;;;31049
2010-01;3.0;3.0;2.0;2.0;2.0;2.0;2.0;2.0;2.0;2.0;2.0;2.0;2.0;2.0;2.0;;31055
2011-01;2.0;2.0;2.0;1.0;1.0;1.0;;;;;;;;;;;31055
2016-01;1.0;1.0;1.0;1.0;;;;;;;;;;;;;31055
2017-01;1.0;1.0;1.0;1.0;1.0;1.0;;;;;;;;;;;31055
2018-01;1.0;1.0;;;;;;;;;;;;;;;31055
2019-01;1.0;1.0;1.0;1.0;1.0;1.0;;;;;;;;;;;31055
2023-01;1.0;1.0;;;;;;;;;;;;;;;31055
2024-01;1.0;;;;;;;;;;;;;;;;31055
2010-01;20.0;18.0;17.0;16.0;13.0;13.0;13.0;13.0;13.0;11.0;11.0;10.0;10.0;9.0;8.0;;31024
2011-01;1.0;1.0;;;;;;;;;;;;1.0;;;31024
2012-01;1.0;1.0;;;;1.0;1.0;1.0;1.0;1.0;;;;;;;31024
2013-01;3.0;1.0;1.0;1.0;1.0;1.0;;;;;;;;;;;31024
2014-01;4.0;3.0;1.0;1.0;;1.0;1.0;2.0;1.0;1.0;1.0;;;;;;31024
2015-01;2.0;2.0;1.0;;;;;;;;;;;;;;31024
2016-01;1.0;1.0;1.0;1.0;1.0;1.0;1.0;1.0;1.0;;;;;;;;31024
2017-01;1.0;1.0;1.0;1.0;1.0;1.0;1.0;;;;;;;;;;31024
2018-01;2.0;2.0;2.0;2.0;2.0;2.0;2.0;;;;;;;;;;31024
2020-01;1.0;1.0;1.0;1.0;1.0;;;;;;;;;;;;31024
2021-01;1.0;1.0;1.0;;;;;;;;;;;;;;31024
2022-01;2.0;2.0;2.0;;;;;;;;;;;;;;31024
2023-01;2.0;2.0;;;;;;;;;;;;;;;31024
2024-01;1.0;;;;;;;;;;;;;;;;31024
2010-01;3.0;3.0;1.0;1.0;1.0;;;;;;;;;;;;31010
2011-01;2.0;1.0;1.0;;;;;;;;;;;;;;31010
2012-01;4.0;4.0;3.0;2.0;2.0;2.0;2.0;2.0;2.0;2.0;2.0;2.0;2.0;;;;31010
2014-01;1.0;1.0;1.0;1.0;1.0;;;;;1.0;1.0;;;;;;31010
2015-01;1.0;1.0;1.0;1.0;1.0;1.0;1.0;1.0;1.0;1.0;;;;;;;31010
2016-01;1.0;1.0;;;;;;;;;;;;;;;31010
2018-01;1.0;;;;;;;;;;;;;;;;31010
2019-01;1.0;1.0;1.0;1.0;;;;;;;;;;;;;31010
2020-01;1.0;1.0;1.0;1.0;1.0;;;;;;;;;;;;31010
2021-01;1.0;1.0;;1.0;;;;;;;;;;;;;31010
2023-01;1.0;;;;;;;;;;;;;;;;31010
2010-01;4.0;2.0;2.0;1.0;1.0;;;;;;;;;;;;31089
2011-01;1.0;1.0;1.0;1.0;1.0;1.0;1.0;1.0;1.0;1.0;1.0;1.0;1.0;1.0;;;31089
2012-01;1.0;;;;;;;;;;;;;;;;31089
2013-01;1.0;1.0;;;;;;;;;;;;;;;31089
2015-01;2.0;1.0;1.0;1.0;1.0;1.0;1.0;1.0;1.0;1.0;;;;;;;31089
2016-01;1.0;;;;;;;;;;;;;;;;31089
2017-01;1.0;1.0;1.0;1.0;1.0;;;;;;;;;;;;31089
2019-01;1.0;1.0;;;;;;;;;;;;;;;31089
2020-01;1.0;1.0;1.0;1.0;1.0;;;;;;;;;;;;31089
2023-01;1.0;1.0;;;;;;;;;;;;;;;31089
2010-01;21.0;21.0;17.0;15.0;16.0;14.0;14.0;14.0;14.0;12.0;10.0;10.0;10.0;7.0;8.0;;31072
2011-01;6.0;5.0;5.0;5.0;3.0;4.0;4.0;3.0;3.0;2.0;1.0;1.0;1.0;1.0;;;31072
2012-01;5.0;5.0;2.0;2.0;2.0;1.0;1.0;1.0;1.0;;;;;;;;31072
2013-01;4.0;4.0;1.0;1.0;1.0;2.0;2.0;2.0;2.0;2.0;1.0;1.0;;;;;31072
2014-01;3.0;3.0;;;;;;;;;;;;;;;31072
2015-01;13.0;13.0;10.0;8.0;9.0;7.0;7.0;7.0;8.0;8.0;;;;;;;31072
2016-01;9.0;8.0;4.0;5.0;5.0;5.0;4.0;4.0;3.0;;;;;;;;31072
2017-01;4.0;4.0;2.0;2.0;2.0;3.0;3.0;;;;;;;;;;31072
2018-01;5.0;5.0;3.0;2.0;2.0;2.0;2.0;;;;;;;;;;31072
2019-01;6.0;4.0;3.0;2.0;2.0;2.0;;;;;;;;;;;31072
2020-01;5.0;5.0;5.0;5.0;5.0;;;;;;;;;;;;31072
2021-01;2.0;2.0;2.0;2.0;;;;;;;;;;;;;31072
2022-01;8.0;6.0;4.0;;;;;;;;;;;;;;31072
2023-01;3.0;3.0;;;;;;;;;;;;;;;31072
2024-01;6.0;;;;;;;;;;;;;;;;31072
2010-01;5.0;5.0;4.0;5.0;5.0;5.0;4.0;4.0;3.0;3.0;3.0;3.0;2.0;2.0;1.0;;31073
2013-01;1.0;1.0;;;;;;;;;;;;;;;31073
2014-01;1.0;1.0;1.0;1.0;1.0;1.0;1.0;1.0;1.0;1.0;1.0;;;;;;31073
2015-01;2.0;2.0;2.0;1.0;1.0;1.0;1.0;2.0;2.0;2.0;;;;;;;31073
2017-01;1.0;1.0;1.0;;;;;;;;;;;;;;31073
2018-01;3.0;3.0;3.0;3.0;3.0;3.0;2.0;;;;;;;;;;31073
2019-01;1.0;1.0;1.0;1.0;1.0;1.0;;;;;;;;;;;31073
2020-01;1.0;1.0;1.0;1.0;1.0;;;;;;;;;;;;31073
2024-01;1.0;;;;;;;;;;;;;;;;31073
2010-01;4.0;4.0;3.0;3.0;3.0;3.0;3.0;3.0;3.0;2.0;1.0;2.0;2.0;2.0;2.0;;31042
2011-01;6.0;6.0;6.0;5.0;4.0;4.0;3.0;3.0;3.0;3.0;2.0;2.0;;;;;31042
2014-01;2.0;2.0;1.0;1.0;1.0;1.0;1.0;1.0;1.0;1.0;1.0;;;;;;31042
2016-01;1.0;1.0;1.0;1.0;1.0;1.0;1.0;1.0;1.0;;;;;;;;31042
2017-01;1.0;;;;;;;;;;;;;;;;31042
2018-01;1.0;;;;;;;;;;;;;;;;31042
2021-01;1.0;1.0;1.0;1.0;;;;;;;;;;;;;31042
2010-01;6.0;5.0;6.0;5.0;3.0;3.0;2.0;1.0;1.0;1.0;;;;;;;31034
2011-01;1.0;1.0;1.0;1.0;1.0;1.0;1.0;1.0;1.0;1.0;1.0;1.0;1.0;;;;31034
2016-01;1.0;1.0;1.0;1.0;1.0;1.0;1.0;1.0;1.0;;;;;;;;31034
2017-01;1.0;1.0;;;;;;;;;;;;;;;31034
2018-01;2.0;1.0;1.0;1.0;1.0;1.0;1.0;;;;;;;;;;31034
2019-01;1.0;1.0;1.0;1.0;1.0;1.0;;;;;;;;;;;31034
2020-01;1.0;1.0;1.0;1.0;1.0;;;;;;;;;;;;31034
2024-01;1.0;;;;;;;;;;;;;;;;31034
2010-01;10.0;9.0;7.0;7.0;5.0;5.0;5.0;5.0;4.0;4.0;4.0;4.0;5.0;5.0;6.0;;31004
2012-01;2.0;2.0;2.0;;;;;;;;;;;;;;31004
2013-01;1.0;1.0;1.0;1.0;1.0;1.0;1.0;1.0;1.0;1.0;1.0;1.0;;;;;31004
2014-01;1.0;1.0;1.0;1.0;1.0;;;;;;;;;;;;31004
2015-01;1.0;1.0;1.0;1.0;1.0;1.0;1.0;1.0;1.0;1.0;;;;;;;31004
2018-01;2.0;;;;;;;;;;;;;;;;31004
2019-01;3.0;2.0;2.0;2.0;2.0;2.0;;;;;;;;;;;31004
2020-01;1.0;1.0;1.0;1.0;1.0;;;;;;;;;;;;31004
2023-01;1.0;1.0;;;;;;;;;;;;;;;31004
2024-01;2.0;;;;;;;;;;;;;;;;31004
2010-01;1.0;1.0;1.0;;;;;;;;;;;;;;31091
2012-01;1.0;1.0;1.0;1.0;;;;;;;;;;;;;31091
2016-01;1.0;1.0;1.0;1.0;1.0;1.0;1.0;1.0;1.0;;;;;;;;31091
2018-01;2.0;1.0;1.0;1.0;;;;;;;;;;;;;31091
2024-01;1.0;;;;;;;;;;;;;;;;31091
2010-01;37.0;33.0;25.0;24.0;28.0;24.0;23.0;23.0;21.0;23.0;21.0;21.0;21.0;20.0;19.0;;31079
2011-01;5.0;3.0;3.0;3.0;3.0;3.0;3.0;3.0;3.0;2.0;2.0;2.0;2.0;2.0;;;31079
2012-01;9.0;9.0;8.0;8.0;6.0;8.0;8.0;8.0;8.0;8.0;8.0;6.0;5.0;;;;31079
2013-01;4.0;2.0;;1.0;1.0;1.0;;;1.0;;1.0;1.0;;;;;31079
2014-01;3.0;2.0;1.0;1.0;1.0;1.0;1.0;1.0;1.0;1.0;1.0;;;;;;31079
2015-01;4.0;4.0;3.0;3.0;3.0;3.0;3.0;3.0;3.0;2.0;;;;;;;31079
2016-01;2.0;2.0;2.0;2.0;2.0;2.0;2.0;1.0;1.0;;;;;;;;31079
2017-01;2.0;1.0;1.0;1.0;1.0;1.0;;;;;;;;;;;31079
2019-01;1.0;1.0;1.0;1.0;;;;;;;;;;;;;31079
2020-01;2.0;1.0;;;;;;;;;;;;;;;31079
2022-01;1.0;1.0;1.0;;;;;;;;;;;;;;31079
2023-01;2.0;1.0;;;;;;;;;;;;;;;31079
2024-01;1.0;;;;;;;;;;;;;;;;31079
2010-01;2.0;2.0;1.0;;;;;;;;;;;;;;31038
2012-01;3.0;2.0;1.0;1.0;;;;;;;;;;;;;31038
2013-01;2.0;;;;;;;;;;;;;;;;31038
2014-01;3.0;1.0;1.0;1.0;1.0;1.0;;;;;;;;;;;31038
2015-01;2.0;1.0;;;;;;;;;;;;;;;31038
2016-01;2.0;;;;;;;;;;;;;;;;31038
2017-01;4.0;3.0;;;;;;;;;;;;;;;31038
2019-01;3.0;2.0;1.0;1.0;1.0;1.0;;;;;;;;;;;31038
2020-01;1.0;1.0;1.0;1.0;1.0;;;;;;;;;;;;31038
2010-01;1.0;1.0;1.0;1.0;1.0;1.0;1.0;1.0;1.0;1.0;1.0;1.0;1.0;1.0;1.0;;31027
2014-01;1.0;1.0;1.0;1.0;1.0;1.0;1.0;1.0;;1.0;1.0;;;;;;31027
2015-01;1.0;1.0;1.0;1.0;;;;;;;;;;;;;31027
2016-01;2.0;2.0;1.0;2.0;1.0;1.0;2.0;2.0;2.0;;;;;;;;31027
2019-01;1.0;;;;;;;;;;;;;;;;31027
2020-01;1.0;1.0;1.0;1.0;;;;;;;;;;;;;31027
2021-01;1.0;;;;;;;;;;;;;;;;31027
2022-01;1.0;1.0;1.0;;;;;;;;;;;;;;31027
2024-01;1.0;;;;;;;;;;;;;;;;31027
2010-01;13.0;13.0;12.0;9.0;9.0;9.0;9.0;8.0;8.0;7.0;7.0;5.0;6.0;6.0;6.0;;31084
2012-01;1.0;;;;;;;;;;;;;;;;31084
2013-01;1.0;1.0;;;;;;;;;;;;;;;31084
2014-01;1.0;;;;;;;;;;;;;;;;31084
2015-01;3.0;3.0;1.0;1.0;;1.0;1.0;;;;;;;;;;31084
2016-01;1.0;1.0;1.0;;;;;;;;;;;;;;31084
2018-01;2.0;1.0;1.0;1.0;1.0;1.0;1.0;;;;;;;;;;31084
2019-01;2.0;;;;;;;;;;;;;;;;31084
2020-01;2.0;2.0;1.0;1.0;1.0;;;;;;;;;;;;31084
2021-01;1.0;1.0;1.0;1.0;;;;;;;;;;;;;31084
2022-01;3.0;2.0;1.0;;;;;;;;;;;;;;31084
2023-01;1.0;1.0;;;;;;;;;;;;;;;31084
2024-01;1.0;;;;;;;;;;;;;;;;31084
2010-01;13.0;12.0;12.0;11.0;9.0;8.0;9.0;9.0;8.0;7.0;8.0;8.0;9.0;9.0;9.0;;31078
2011-01;2.0;2.0;2.0;2.0;2.0;2.0;2.0;2.0;1.0;1.0;1.0;1.0;1.0;1.0;;;31078
2012-01;4.0;4.0;4.0;4.0;4.0;4.0;4.0;4.0;4.0;4.0;4.0;4.0;4.0;;;;31078
2013-01;1.0;1.0;1.0;1.0;1.0;1.0;1.0;1.0;1.0;1.0;1.0;1.0;;;;;31078
2014-01;3.0;2.0;1.0;1.0;;1.0;1.0;1.0;;1.0;1.0;;;;;;31078
2015-01;4.0;4.0;4.0;3.0;3.0;3.0;3.0;3.0;3.0;4.0;;;;;;;31078
2016-01;2.0;2.0;2.0;2.0;2.0;2.0;2.0;2.0;2.0;;;;;;;;31078
2018-01;3.0;3.0;3.0;3.0;2.0;2.0;2.0;;;;;;;;;;31078
2019-01;5.0;5.0;4.0;4.0;3.0;3.0;;;;;;;;;;;31078
2021-01;2.0;2.0;2.0;2.0;;;;;;;;;;;;;31078
2022-01;1.0;;;;;;;;;;;;;;;;31078
2023-01;3.0;3.0;;;;;;;;;;;;;;;31078
2024-01;1.0;;;;;;;;;;;;;;;;31078
2010-01;23.0;19.0;17.0;17.0;16.0;14.0;16.0;14.0;12.0;13.0;12.0;12.0;12.0;12.0;10.0;;31018
2011-01;2.0;1.0;1.0;1.0;1.0;;;;1.0;;;;;;;;31018
2012-01;10.0;9.0;9.0;8.0;7.0;6.0;6.0;6.0;5.0;4.0;4.0;4.0;4.0;;;;31018
2013-01;1.0;1.0;1.0;1.0;1.0;1.0;1.0;1.0;;;;;;;;;31018
2014-01;5.0;5.0;4.0;3.0;3.0;3.0;2.0;2.0;2.0;3.0;2.0;;;;;;31018
2015-01;5.0;5.0;5.0;5.0;4.0;3.0;2.0;2.0;1.0;1.0;;;;;;;31018
2016-01;5.0;5.0;5.0;4.0;4.0;4.0;4.0;2.0;3.0;;;;;;;;31018
2017-01;4.0;3.0;2.0;2.0;2.0;2.0;2.0;2.0;;;;;;;;;31018
2018-01;5.0;5.0;2.0;3.0;2.0;1.0;1.0;;;;;;;;;;31018
2019-01;11.0;7.0;8.0;6.0;6.0;5.0;;;;;;;;;;;31018
2020-01;22.0;12.0;9.0;9.0;5.0;;;;;;;;;;;;31018
2021-01;10.0;9.0;7.0;5.0;;;;;;;;;;;;;31018
2022-01;15.0;6.0;7.0;;;;;;;;;;;;;;31018
2023-01;18.0;16.0;;;;;;;;;;;;;;;31018
2024-01;13.0;;;;;;;;;;;;;;;;31018
2024-01;1.0;;;;;;;;;;;;;;;;31050
2010-01;7.0;5.0;5.0;4.0;4.0;4.0;2.0;2.0;2.0;2.0;2.0;2.0;2.0;2.0;1.0;;31012
2011-01;2.0;1.0;1.0;1.0;1.0;1.0;1.0;1.0;1.0;1.0;1.0;1.0;1.0;1.0;;;31012
2012-01;1.0;1.0;1.0;;;;;;;;;;;;;;31012
2013-01;2.0;1.0;1.0;1.0;1.0;1.0;1.0;1.0;1.0;1.0;1.0;1.0;;;;;31012
2014-01;2.0;2.0;1.0;1.0;1.0;1.0;1.0;1.0;1.0;2.0;2.0;;;;;;31012
2015-01;1.0;1.0;1.0;1.0;1.0;;1.0;1.0;1.0;;;;;;;;31012
2016-01;2.0;2.0;2.0;2.0;2.0;2.0;2.0;2.0;1.0;;;;;;;;31012
2018-01;2.0;1.0;;;;1.0;1.0;;;;;;;;;;31012
2019-01;1.0;1.0;1.0;1.0;1.0;1.0;;;;;;;;;;;31012
2020-01;2.0;2.0;2.0;2.0;2.0;;;;;;;;;;;;31012
2022-01;1.0;1.0;;;;;;;;;;;;;;;31012
2024-01;1.0;;;;;;;;;;;;;;;;31012
2010-01;3.0;3.0;3.0;3.0;3.0;2.0;2.0;2.0;2.0;2.0;2.0;2.0;2.0;2.0;2.0;;31074
2013-01;2.0;1.0;1.0;1.0;1.0;1.0;1.0;1.0;1.0;1.0;;1.0;;;;;31074
2014-01;3.0;2.0;2.0;2.0;2.0;2.0;2.0;1.0;1.0;1.0;1.0;;;;;;31074
2015-01;1.0;1.0;1.0;1.0;;;;;;;;;;;;;31074
2016-01;1.0;;;;;;;;;;;;;;;;31074
2017-01;1.0;1.0;1.0;1.0;1.0;1.0;;;;;;;;;;;31074
2018-01;1.0;;;;;;;;;;;;;;;;31074
2019-01;2.0;1.0;1.0;1.0;1.0;1.0;;;;;;;;;;;31074
2020-01;4.0;3.0;2.0;1.0;1.0;;;;;;;;;;;;31074
2021-01;1.0;1.0;1.0;1.0;;;;;;;;;;;;;31074
2023-01;1.0;1.0;;;;;;;;;;;;;;;31074
2010-01;8.0;7.0;6.0;5.0;6.0;4.0;4.0;3.0;3.0;2.0;2.0;2.0;2.0;2.0;3.0;;31035
2011-01;4.0;4.0;4.0;3.0;3.0;3.0;3.0;3.0;3.0;3.0;2.0;2.0;2.0;2.0;;;31035
2012-01;1.0;1.0;1.0;1.0;1.0;1.0;1.0;1.0;1.0;;;;;;;;31035
2014-01;4.0;2.0;2.0;3.0;2.0;1.0;1.0;2.0;2.0;2.0;2.0;;;;;;31035
2015-01;2.0;2.0;2.0;2.0;2.0;2.0;2.0;2.0;1.0;1.0;;;;;;;31035
2016-01;2.0;2.0;2.0;2.0;2.0;2.0;2.0;2.0;2.0;;;;;;;;31035
2017-01;1.0;;;;;;1.0;1.0;;;;;;;;;31035
2019-01;1.0;;;;;;;;;;;;;;;;31035
2020-01;1.0;1.0;1.0;1.0;1.0;;;;;;;;;;;;31035
2021-01;2.0;2.0;2.0;2.0;;;;;;;;;;;;;31035
2024-01;1.0;;;;;;;;;;;;;;;;31035
2010-01;6.0;5.0;5.0;5.0;5.0;5.0;4.0;4.0;4.0;4.0;4.0;4.0;4.0;4.0;4.0;;31026
2011-01;1.0;1.0;1.0;1.0;1.0;1.0;1.0;1.0;1.0;1.0;1.0;1.0;1.0;1.0;;;31026
2012-01;2.0;2.0;2.0;2.0;1.0;1.0;1.0;1.0;1.0;1.0;1.0;;;;;;31026
2014-01;5.0;5.0;3.0;3.0;3.0;3.0;3.0;3.0;3.0;3.0;3.0;;;;;;31026
2015-01;1.0;1.0;1.0;1.0;1.0;1.0;1.0;1.0;1.0;1.0;;;;;;;31026
2016-01;2.0;2.0;2.0;2.0;2.0;2.0;2.0;2.0;2.0;;;;;;;;31026
2022-01;1.0;1.0;1.0;;;;;;;;;;;;;;31026
2024-01;1.0;;;;;;;;;;;;;;;;31026
2010-01;2.0;1.0;;;;;;;;;;;;;;;31051
2014-01;1.0;1.0;;;;;;;;;;;;;;;31051
2010-01;11.0;10.0;9.0;8.0;8.0;8.0;8.0;8.0;7.0;6.0;7.0;7.0;7.0;6.0;4.0;;31086
2011-01;1.0;1.0;;;;;;;;;;;;;;;31086
2012-01;1.0;1.0;1.0;1.0;1.0;;;;;;;;;;;;31086
2014-01;3.0;3.0;3.0;3.0;3.0;2.0;1.0;2.0;2.0;2.0;2.0;;;;;;31086
2015-01;2.0;2.0;1.0;1.0;1.0;;;;;;;;;;;;31086
2016-01;3.0;3.0;1.0;;1.0;1.0;2.0;2.0;2.0;;;;;;;;31086
2017-01;2.0;2.0;2.0;2.0;2.0;2.0;2.0;2.0;;;;;;;;;31086
2018-01;1.0;1.0;;1.0;1.0;1.0;1.0;;;;;;;;;;31086
2019-01;2.0;2.0;2.0;2.0;2.0;1.0;;;;;;;;;;;31086
2020-01;3.0;3.0;2.0;1.0;1.0;;;;;;;;;;;;31086
2021-01;1.0;;;;;;;;;;;;;;;;31086
2022-01;1.0;1.0;1.0;;;;;;;;;;;;;;31086
2023-01;2.0;;;;;;;;;;;;;;;;31086
2024-01;1.0;;;;;;;;;;;;;;;;31086
2010-01;2.0;2.0;;;;;;;;;;;;;;;31093
2012-01;1.0;;;;;;;;;;;;;;;;31093
2013-01;2.0;1.0;1.0;1.0;1.0;1.0;1.0;1.0;1.0;1.0;1.0;;;;;;31093
2019-01;1.0;1.0;1.0;1.0;1.0;1.0;;;;;;;;;;;31093
2023-01;1.0;1.0;;;;;;;;;;;;;;;31093
2010-01;14.0;12.0;6.0;6.0;5.0;5.0;4.0;3.0;2.0;;2.0;2.0;2.0;2.0;2.0;;31097
2011-01;1.0;1.0;1.0;1.0;1.0;1.0;1.0;1.0;1.0;1.0;1.0;1.0;1.0;1.0;;;31097
2012-01;4.0;3.0;2.0;1.0;1.0;;;;;;;;;;;;31097
2013-01;3.0;1.0;1.0;2.0;2.0;2.0;2.0;1.0;1.0;1.0;1.0;1.0;;;;;31097
2014-01;1.0;1.0;1.0;1.0;;;;;;;;;;;;;31097
2015-01;1.0;1.0;1.0;1.0;1.0;1.0;1.0;1.0;1.0;1.0;;;;;;;31097
2016-01;2.0;2.0;2.0;2.0;1.0;1.0;1.0;1.0;1.0;;;;;;;;31097
2017-01;2.0;1.0;1.0;;;;;;;;;;;;;;31097
2018-01;1.0;1.0;;;;;;;;;;;;;;;31097
2019-01;7.0;6.0;6.0;4.0;5.0;3.0;;;;;;;;;;;31097
2020-01;4.0;4.0;4.0;4.0;4.0;;;;;;;;;;;;31097
2022-01;3.0;2.0;2.0;;;;;;;;;;;;;;31097
2023-01;3.0;2.0;;;;;;;;;;;;;;;31097
2024-01;8.0;;;;;;;;;;;;;;;;31097
2010-01;1.0;1.0;1.0;1.0;1.0;1.0;1.0;1.0;1.0;1.0;;;;;;;31096
2014-01;1.0;1.0;1.0;;;;;;;;;;;;;;31096
2016-01;1.0;1.0;;;;;;;;;;;;;;;31096
2021-01;1.0;1.0;;;;;;;;;;;;;;;31096
2010-01;7.0;7.0;6.0;6.0;6.0;5.0;5.0;5.0;5.0;5.0;5.0;5.0;5.0;5.0;5.0;;31036
2011-01;3.0;3.0;3.0;2.0;2.0;2.0;2.0;3.0;3.0;3.0;2.0;3.0;3.0;2.0;;;31036
2012-01;2.0;2.0;1.0;1.0;1.0;;;;2.0;2.0;1.0;1.0;1.0;;;;31036
2013-01;1.0;1.0;1.0;1.0;1.0;1.0;1.0;1.0;1.0;1.0;1.0;1.0;;;;;31036
2014-01;1.0;;;;;;;;;;;;;;;;31036
2015-01;4.0;3.0;2.0;2.0;2.0;2.0;1.0;;;;;;;;;;31036
2017-01;1.0;1.0;1.0;1.0;1.0;1.0;1.0;1.0;;;;;;;;;31036
2021-01;1.0;1.0;;;;;;;;;;;;;;;31036
2022-01;1.0;1.0;1.0;;;;;;;;;;;;;;31036
2023-01;1.0;;;;;;;;;;;;;;;;31036
2024-01;2.0;;;;;;;;;;;;;;;;31036
2010-01;1.0;1.0;1.0;1.0;1.0;1.0;1.0;1.0;1.0;1.0;1.0;1.0;1.0;1.0;1.0;;31098
2023-01;1.0;;;;;;;;;;;;;;;;31098
2010-01;1.0;1.0;1.0;1.0;1.0;1.0;1.0;1.0;1.0;1.0;1.0;1.0;1.0;1.0;1.0;;31020
2020-01;1.0;1.0;1.0;;;;;;;;;;;;;;31020
2022-01;1.0;1.0;1.0;;;;;;;;;;;;;;31020
2010-01;8.0;7.0;5.0;5.0;4.0;4.0;4.0;2.0;2.0;2.0;2.0;2.0;2.0;2.0;2.0;;31048
2012-01;2.0;2.0;2.0;1.0;1.0;1.0;1.0;1.0;1.0;1.0;1.0;1.0;1.0;;;;31048
2013-01;3.0;3.0;3.0;3.0;1.0;2.0;2.0;1.0;1.0;1.0;1.0;1.0;;;;;31048
2014-01;1.0;1.0;1.0;1.0;1.0;1.0;1.0;1.0;1.0;1.0;1.0;;;;;;31048
2015-01;2.0;2.0;2.0;1.0;1.0;1.0;1.0;1.0;1.0;1.0;;;;;;;31048
2017-01;1.0;;;1.0;;;;;;;;;;;;;31048
2018-01;1.0;1.0;;;;;;;;;;;;;;;31048
2019-01;5.0;3.0;3.0;1.0;1.0;;;;;;;;;;;;31048
2020-01;1.0;1.0;;;;;;;;;;;;;;;31048
2021-01;1.0;1.0;1.0;1.0;;;;;;;;;;;;;31048
2023-01;1.0;1.0;;;;;;;;;;;;;;;31048
2024-01;2.0;;;;;;;;;;;;;;;;31048
2010-01;5.0;4.0;3.0;2.0;2.0;2.0;1.0;1.0;1.0;2.0;1.0;1.0;1.0;1.0;1.0;;31002
2011-01;1.0;1.0;1.0;1.0;1.0;;;;;;;;;;;;31002
2013-01;1.0;1.0;1.0;1.0;1.0;1.0;1.0;1.0;1.0;1.0;1.0;1.0;;;;;31002
2016-01;2.0;2.0;2.0;2.0;2.0;2.0;2.0;2.0;2.0;;;;;;;;31002
2020-01;1.0;;;1.0;1.0;;;;;;;;;;;;31002
2021-01;1.0;;;;;;;;;;;;;;;;31002
2022-01;2.0;2.0;2.0;;;;;;;;;;;;;;31002
2010-01;7.0;4.0;4.0;4.0;4.0;4.0;4.0;4.0;4.0;4.0;4.0;4.0;4.0;3.0;4.0;;31032
2011-01;2.0;2.0;2.0;1.0;1.0;1.0;1.0;1.0;1.0;1.0;1.0;1.0;1.0;1.0;;;31032
2012-01;1.0;1.0;1.0;1.0;1.0;;1.0;1.0;1.0;1.0;1.0;1.0;1.0;;;;31032
2013-01;2.0;2.0;2.0;2.0;2.0;2.0;2.0;2.0;2.0;2.0;2.0;2.0;;;;;31032
2015-01;2.0;2.0;2.0;2.0;1.0;;;;;;;;;;;;31032
2016-01;1.0;;;;;;;;;;;;;;;;31032
2017-01;2.0;1.0;2.0;1.0;1.0;1.0;1.0;1.0;;;;;;;;;31032
2020-01;2.0;2.0;2.0;2.0;1.0;;;;;;;;;;;;31032
2022-01;2.0;1.0;1.0;;;;;;;;;;;;;;31032
2023-01;3.0;3.0;;;;;;;;;;;;;;;31032
2024-01;1.0;;;;;;;;;;;;;;;;31032
2010-01;4.0;4.0;4.0;4.0;4.0;4.0;3.0;3.0;2.0;2.0;2.0;2.0;2.0;2.0;2.0;;31059
2011-01;2.0;2.0;2.0;2.0;2.0;1.0;1.0;1.0;1.0;1.0;1.0;1.0;1.0;1.0;;;31059
2012-01;1.0;1.0;;;;;;;;;;;;;;;31059
2013-01;2.0;2.0;1.0;1.0;1.0;;1.0;1.0;1.0;1.0;;;;;;;31059
2014-01;1.0;1.0;;;;;;;;;;;;;;;31059
2015-01;1.0;1.0;1.0;1.0;1.0;1.0;1.0;1.0;1.0;;;;;;;;31059
2016-01;3.0;3.0;3.0;2.0;2.0;2.0;3.0;2.0;1.0;;;;;;;;31059
2017-01;1.0;1.0;;;;;;;;;;;;;;;31059
2018-01;1.0;1.0;1.0;;;;;;;;;;;;;;31059
2019-01;2.0;;;1.0;1.0;1.0;;;;;;;;;;;31059
2020-01;2.0;;1.0;1.0;1.0;;;;;;;;;;;;31059
2023-01;2.0;2.0;;;;;;;;;;;;;;;31059
2024-01;1.0;;;;;;;;;;;;;;;;31059
2012-01;1.0;1.0;;;;;;;;;;;;;;;31053
2013-01;1.0;1.0;1.0;1.0;1.0;;;;;;;;;;;;31053
2014-01;1.0;;;;;;;;;;;;;;;;31053
2015-01;2.0;;;;;;;;;;;;;;;;31053
2016-01;3.0;3.0;3.0;2.0;2.0;2.0;2.0;2.0;;;;;;;;;31053
2010-01;6.0;6.0;4.0;4.0;4.0;4.0;4.0;4.0;4.0;4.0;4.0;4.0;4.0;4.0;4.0;;31031
2011-01;1.0;1.0;1.0;1.0;1.0;1.0;1.0;1.0;1.0;1.0;1.0;1.0;1.0;1.0;;;31031
2012-01;3.0;3.0;2.0;2.0;2.0;1.0;1.0;1.0;1.0;1.0;1.0;1.0;1.0;;;;31031
2013-01;1.0;;;;;;;;;;;;;;;;31031
2014-01;4.0;3.0;4.0;4.0;3.0;3.0;3.0;3.0;3.0;3.0;3.0;;;;;;31031
2015-01;1.0;1.0;1.0;1.0;1.0;1.0;;;;;;;;;;;31031
2016-01;1.0;;;;;;;;;;;;;;;;31031
2017-01;1.0;1.0;1.0;1.0;1.0;1.0;;;;;;;;;;;31031
2021-01;1.0;1.0;1.0;1.0;;;;;;;;;;;;;31031
2022-01;1.0;1.0;;;;;;;;;;;;;;;31031
2023-01;3.0;2.0;;;;;;;;;;;;;;;31031
2024-01;2.0;;;;;;;;;;;;;;;;31031
2010-01;5.0;4.0;4.0;3.0;4.0;4.0;4.0;3.0;3.0;3.0;3.0;2.0;2.0;3.0;3.0;;31003
2011-01;1.0;;1.0;1.0;1.0;1.0;1.0;1.0;1.0;1.0;1.0;1.0;1.0;1.0;;;31003
2012-01;2.0;2.0;1.0;1.0;1.0;1.0;1.0;1.0;;1.0;1.0;1.0;1.0;;;;31003
2013-01;1.0;1.0;1.0;1.0;1.0;1.0;1.0;1.0;1.0;1.0;1.0;1.0;;;;;31003
2014-01;1.0;1.0;1.0;1.0;1.0;1.0;1.0;1.0;1.0;1.0;1.0;;;;;;31003
2016-01;1.0;1.0;1.0;1.0;1.0;1.0;1.0;1.0;1.0;;;;;;;;31003
2018-01;2.0;2.0;2.0;2.0;2.0;2.0;2.0;;;;;;;;;;31003
2019-01;3.0;2.0;2.0;3.0;2.0;2.0;;;;;;;;;;;31003
2020-01;1.0;1.0;1.0;1.0;1.0;;;;;;;;;;;;31003
2021-01;4.0;1.0;1.0;1.0;;;;;;;;;;;;;31003
2023-01;2.0;2.0;;;;;;;;;;;;;;;31003
2010-01;14.0;13.0;12.0;12.0;8.0;7.0;5.0;6.0;6.0;6.0;6.0;5.0;4.0;5.0;7.0;;31009
2014-01;4.0;4.0;1.0;;;;;;;1.0;1.0;;;;;;31009
2015-01;1.0;1.0;1.0;1.0;1.0;1.0;1.0;1.0;1.0;1.0;;;;;;;31009
2016-01;1.0;1.0;1.0;;;1.0;;;;;;;;;;;31009
2017-01;6.0;5.0;4.0;4.0;4.0;4.0;3.0;3.0;;;;;;;;;31009
2018-01;1.0;;;;1.0;1.0;1.0;;;;;;;;;;31009
2019-01;4.0;4.0;3.0;2.0;2.0;2.0;;;;;;;;;;;31009
2020-01;1.0;;1.0;1.0;;;;;;;;;;;;;31009
2021-01;2.0;2.0;2.0;1.0;;;;;;;;;;;;;31009
2022-01;3.0;1.0;1.0;;;;;;;;;;;;;;31009
2023-01;1.0;1.0;;;;;;;;;;;;;;;31009
2024-01;4.0;;;;;;;;;;;;;;;;31009
2010-01;3.0;2.0;2.0;2.0;2.0;1.0;2.0;1.0;1.0;1.0;1.0;1.0;1.0;1.0;1.0;;31065
2015-01;1.0;1.0;1.0;;1.0;1.0;1.0;;;;;;;;;;31065
2020-01;1.0;;;;;;;;;;;;;;;;31065
2022-01;1.0;;;;;;;;;;;;;;;;31065
2024-01;1.0;;;;;;;;;;;;;;;;31065
2010-01;9.0;9.0;8.0;8.0;8.0;7.0;7.0;7.0;6.0;6.0;6.0;6.0;7.0;6.0;4.0;;31071
2011-01;2.0;2.0;2.0;1.0;2.0;2.0;1.0;;1.0;1.0;1.0;1.0;1.0;1.0;;;31071
2012-01;1.0;1.0;1.0;;;;;;;;;;;;;;31071
2013-01;1.0;;;;1.0;1.0;1.0;1.0;1.0;1.0;1.0;1.0;;;;;31071
2015-01;2.0;1.0;1.0;1.0;1.0;;1.0;1.0;1.0;2.0;;;;;;;31071
2016-01;1.0;1.0;1.0;1.0;1.0;1.0;1.0;1.0;1.0;;;;;;;;31071
2018-01;2.0;1.0;1.0;1.0;1.0;1.0;;;;;;;;;;;31071
2022-01;1.0;1.0;1.0;;;;;;;;;;;;;;31071
2024-01;1.0;;;;;;;;;;;;;;;;31071
2010-01;1.0;1.0;1.0;1.0;1.0;1.0;1.0;1.0;1.0;1.0;1.0;1.0;1.0;1.0;1.0;;31052
2012-01;1.0;1.0;1.0;1.0;1.0;1.0;1.0;1.0;1.0;1.0;1.0;1.0;1.0;;;;31052
2014-01;1.0;1.0;1.0;;;;;;;;;;;;;;31052
2016-01;1.0;1.0;1.0;1.0;1.0;1.0;1.0;1.0;1.0;;;;;;;;31052
2018-01;1.0;1.0;1.0;1.0;1.0;1.0;1.0;;;;;;;;;;31052
2021-01;1.0;1.0;1.0;;;;;;;;;;;;;;31052
2022-01;1.0;1.0;1.0;;;;;;;;;;;;;;31052
2024-01;1.0;;;;;;;;;;;;;;;;31052
2010-01;8.0;7.0;5.0;3.0;3.0;3.0;3.0;3.0;3.0;3.0;3.0;4.0;4.0;4.0;4.0;;31023
2013-01;3.0;3.0;3.0;3.0;3.0;3.0;3.0;3.0;3.0;3.0;3.0;3.0;;;;;31023
2018-01;1.0;;;;;;;;;;;;;;;;31023
2019-01;1.0;1.0;1.0;1.0;1.0;1.0;;;;;;;;;;;31023
2020-01;1.0;1.0;1.0;1.0;1.0;;;;;;;;;;;;31023
2022-01;1.0;1.0;;;;;;;;;;;;;;;31023
2024-01;1.0;;;;;;;;;;;;;;;;31023
2010-01;5.0;5.0;4.0;4.0;4.0;4.0;3.0;3.0;3.0;1.0;1.0;1.0;1.0;2.0;1.0;;31057
2011-01;2.0;;;;;;;;;;;;1.0;1.0;;;31057
2012-01;3.0;2.0;1.0;2.0;2.0;1.0;1.0;1.0;1.0;1.0;1.0;1.0;1.0;;;;31057
2013-01;1.0;1.0;1.0;1.0;1.0;1.0;1.0;1.0;1.0;1.0;1.0;1.0;;;;;31057
2014-01;1.0;1.0;1.0;1.0;;;;;;;;;;;;;31057
2017-01;2.0;;;;1.0;1.0;1.0;1.0;;;;;;;;;31057
2018-01;3.0;3.0;3.0;3.0;3.0;3.0;3.0;;;;;;;;;;31057
2019-01;3.0;2.0;2.0;2.0;2.0;2.0;;;;;;;;;;;31057
2020-01;3.0;1.0;1.0;1.0;1.0;;;;;;;;;;;;31057
2021-01;1.0;1.0;1.0;;;;;;;;;;;;;;31057
2022-01;1.0;;;;;;;;;;;;;;;;31057
2023-01;1.0;1.0;;;;;;;;;;;;;;;31057
2024-01;2.0;;;;;;;;;;;;;;;;31057
2010-01;1.0;1.0;1.0;;;;;;;;;;;;;;31077
2014-01;1.0;1.0;1.0;1.0;1.0;1.0;1.0;1.0;1.0;1.0;1.0;;;;;;31077
2018-01;1.0;1.0;1.0;1.0;1.0;1.0;1.0;;;;;;;;;;31077
2020-01;1.0;;;;;;;;;;;;;;;;31077
2022-01;1.0;1.0;1.0;;;;;;;;;;;;;;31077
2010-01;1.0;1.0;;;;;;;;;;;;;;;31062
2012-01;1.0;1.0;1.0;1.0;1.0;1.0;1.0;1.0;1.0;1.0;1.0;;;;;;31062
2016-01;1.0;1.0;1.0;1.0;1.0;;;;;;;;;;;;31062
2023-01;1.0;1.0;;;;;;;;;;;;;;;31062
2024-01;1.0;;;;;;;;;;;;;;;;31062
2010-01;2.0;2.0;2.0;2.0;2.0;2.0;2.0;2.0;2.0;2.0;2.0;2.0;2.0;2.0;2.0;;31099
2011-01;1.0;1.0;1.0;1.0;;;;1.0;1.0;1.0;;;;;;;31099
2015-01;1.0;1.0;1.0;1.0;1.0;1.0;1.0;1.0;1.0;;;;;;;;31099
2016-01;3.0;3.0;2.0;2.0;1.0;;;;;;;;;;;;31099
2019-01;1.0;;;;;;;;;;;;;;;;31099
2020-01;1.0;1.0;;;;;;;;;;;;;;;31099
2021-01;4.0;1.0;1.0;1.0;;;;;;;;;;;;;31099
2023-01;2.0;;;;;;;;;;;;;;;;31099
2024-01;1.0;;;;;;;;;;;;;;;;31099
2021-01;1.0;1.0;1.0;1.0;;;;;;;;;;;;;31076
2010-01;16.0;14.0;9.0;8.0;8.0;7.0;8.0;7.0;6.0;6.0;6.0;6.0;6.0;6.0;5.0;;31022
2011-01;2.0;1.0;1.0;1.0;2.0;2.0;2.0;2.0;2.0;2.0;2.0;2.0;2.0;2.0;;;31022
2012-01;6.0;3.0;3.0;3.0;3.0;3.0;2.0;1.0;1.0;1.0;1.0;2.0;2.0;;;;31022
2013-01;7.0;7.0;5.0;5.0;5.0;6.0;5.0;5.0;5.0;5.0;6.0;5.0;;;;;31022
2014-01;8.0;8.0;7.0;7.0;6.0;6.0;6.0;6.0;6.0;6.0;6.0;;;;;;31022
2015-01;1.0;1.0;1.0;1.0;1.0;1.0;1.0;1.0;1.0;1.0;;;;;;;31022
2017-01;9.0;9.0;7.0;7.0;6.0;6.0;6.0;5.0;;;;;;;;;31022
2018-01;6.0;4.0;4.0;4.0;4.0;4.0;2.0;;;;;;;;;;31022
2019-01;2.0;2.0;2.0;2.0;1.0;1.0;;;;;;;;;;;31022
2021-01;1.0;1.0;1.0;1.0;;;;;;;;;;;;;31022
2022-01;1.0;1.0;1.0;;;;;;;;;;;;;;31022
2023-01;1.0;;;;;;;;;;;;;;;;31022
2024-01;4.0;;;;;;;;;;;;;;;;31022
2010-01;13.0;11.0;7.0;7.0;7.0;7.0;7.0;6.0;5.0;5.0;5.0;5.0;4.0;4.0;4.0;;31025
2012-01;12.0;10.0;7.0;7.0;7.0;5.0;4.0;3.0;2.0;2.0;2.0;2.0;2.0;;;;31025
2013-01;6.0;5.0;4.0;3.0;3.0;2.0;1.0;1.0;1.0;1.0;2.0;3.0;;;;;31025
2014-01;6.0;5.0;4.0;4.0;3.0;3.0;3.0;3.0;3.0;3.0;3.0;;;;;;31025
2015-01;4.0;3.0;3.0;3.0;3.0;3.0;2.0;2.0;2.0;2.0;;;;;;;31025
2016-01;1.0;1.0;1.0;;;;;;;;;;;;;;31025
2017-01;1.0;1.0;1.0;1.0;1.0;1.0;1.0;;;;;;;;;;31025
2018-01;2.0;1.0;;1.0;1.0;1.0;1.0;;;;;;;;;;31025
2019-01;2.0;2.0;2.0;2.0;1.0;1.0;;;;;;;;;;;31025
2020-01;4.0;3.0;2.0;2.0;2.0;;;;;;;;;;;;31025
2021-01;2.0;1.0;2.0;2.0;;;;;;;;;;;;;31025
2022-01;3.0;;;;;;;;;;;;;;;;31025
2023-01;4.0;3.0;;;;;;;;;;;;;;;31025
2024-01;6.0;;;;;;;;;;;;;;;;31025
2010-01;11.0;10.0;9.0;9.0;7.0;6.0;5.0;4.0;4.0;3.0;3.0;2.0;2.0;2.0;3.0;;31045
2011-01;4.0;4.0;4.0;3.0;2.0;2.0;1.0;;1.0;1.0;1.0;;1.0;1.0;;;31045
2012-01;3.0;2.0;1.0;1.0;1.0;1.0;1.0;1.0;1.0;1.0;;;;;;;31045
2013-01;4.0;4.0;3.0;3.0;2.0;3.0;3.0;3.0;3.0;3.0;2.0;2.0;;;;;31045
2014-01;2.0;2.0;2.0;2.0;2.0;2.0;2.0;2.0;2.0;2.0;2.0;;;;;;31045
2015-01;2.0;1.0;2.0;2.0;2.0;2.0;2.0;2.0;2.0;2.0;;;;;;;31045
2016-01;2.0;1.0;2.0;2.0;2.0;2.0;1.0;2.0;1.0;;;;;;;;31045
2017-01;2.0;2.0;2.0;1.0;1.0;1.0;1.0;1.0;;;;;;;;;31045
2019-01;1.0;1.0;1.0;1.0;1.0;1.0;;;;;;;;;;;31045
2022-01;1.0;1.0;;;;;;;;;;;;;;;31045
2024-01;2.0;;;;;;;;;;;;;;;;31045
2010-01;1.0;;;;;;;;;;;;;;;;31066
2016-01;2.0;1.0;1.0;1.0;;;;;;;;;;;;;31066
2019-01;1.0;;;;;;;;;;;;;;;;31066
2020-01;1.0;1.0;1.0;1.0;1.0;;;;;;;;;;;;31066
2023-01;1.0;1.0;;;;;;;;;;;;;;;31066
2010-01;5.0;5.0;5.0;4.0;2.0;2.0;2.0;2.0;2.0;1.0;1.0;1.0;1.0;1.0;1.0;;31088
2011-01;2.0;1.0;1.0;2.0;2.0;2.0;2.0;2.0;2.0;1.0;1.0;1.0;1.0;1.0;;;31088
2013-01;2.0;1.0;1.0;1.0;;;;;;;;;;;;;31088
2014-01;2.0;2.0;2.0;2.0;1.0;1.0;;1.0;1.0;1.0;1.0;;;;;;31088
2015-01;1.0;;;;;;;;;;;;;;;;31088
2016-01;1.0;1.0;1.0;1.0;1.0;1.0;1.0;1.0;1.0;;;;;;;;31088
2019-01;2.0;2.0;2.0;2.0;1.0;1.0;;;;;;;;;;;31088
2020-01;1.0;;;1.0;;;;;;;;;;;;;31088
2021-01;1.0;;;;;;;;;;;;;;;;31088
2023-01;1.0;;;;;;;;;;;;;;;;31088
2010-01;10.0;5.0;5.0;2.0;4.0;3.0;2.0;2.0;2.0;2.0;2.0;2.0;2.0;1.0;1.0;;31058
2011-01;5.0;4.0;4.0;4.0;3.0;2.0;2.0;2.0;2.0;1.0;1.0;1.0;1.0;1.0;;;31058
2012-01;3.0;3.0;1.0;1.0;1.0;1.0;1.0;1.0;1.0;1.0;1.0;1.0;1.0;;;;31058
2013-01;4.0;3.0;3.0;2.0;3.0;3.0;2.0;1.0;1.0;1.0;1.0;1.0;;;;;31058
2014-01;1.0;;;;;;;;;;;;;;;;31058
2015-01;2.0;2.0;1.0;1.0;1.0;;;;1.0;1.0;;;;;;;31058
2016-01;2.0;1.0;1.0;1.0;;;;;;;;;;;;;31058
2017-01;3.0;2.0;2.0;1.0;1.0;1.0;2.0;;;;;;;;;;31058
2018-01;1.0;1.0;1.0;1.0;1.0;1.0;1.0;;;;;;;;;;31058
2020-01;1.0;1.0;1.0;1.0;;;;;;;;;;;;;31058
2021-01;1.0;1.0;1.0;1.0;;;;;;;;;;;;;31058
2022-01;1.0;1.0;1.0;;;;;;;;;;;;;;31058
2023-01;2.0;1.0;;;;;;;;;;;;;;;31058
2024-01;2.0;;;;;;;;;;;;;;;;31058
2010-01;6.0;4.0;1.0;1.0;1.0;;;;;;;;;;;;31085
2011-01;1.0;1.0;;;;;;;;;;;;;;;31085
2012-01;1.0;1.0;1.0;1.0;1.0;1.0;1.0;1.0;1.0;1.0;1.0;;1.0;;;;31085
2013-01;1.0;1.0;;;;;;;;;;;;;;;31085
2022-01;1.0;1.0;1.0;;;;;;;;;;;;;;31085
2010-01;1.0;1.0;1.0;1.0;1.0;;1.0;1.0;1.0;1.0;1.0;;;;;;31082
2011-01;1.0;1.0;1.0;1.0;1.0;1.0;1.0;1.0;1.0;1.0;1.0;1.0;1.0;1.0;;;31082
2012-01;1.0;1.0;1.0;;;;;;;;;;;;;;31082
2014-01;1.0;1.0;1.0;;;;;;;;;;;;;;31082
2017-01;1.0;1.0;1.0;1.0;1.0;1.0;1.0;1.0;;;;;;;;;31082
2021-01;1.0;1.0;1.0;1.0;;;;;;;;;;;;;31082
2024-01;1.0;;;;;;;;;;;;;;;;31082
2020-01;1.0;1.0;1.0;1.0;1.0;;;;;;;;;;;;31081
2019-01;1.0;1.0;1.0;1.0;1.0;1.0;;;;;;;;;;;31080
