;ano;retention;regiao_saude
0;2014-01;0.6333333333333333;27005
1;2015-01;0.7252525252525253;27005
2;2016-01;0.5753787878787879;27005
3;2017-01;0.522979797979798;27005
4;2018-01;0.509469696969697;27005
5;2019-01;0.4774170274170274;27005
6;2020-01;0.6196428571428572;27005
7;2021-01;0.7000000000000001;27005
8;2022-01;0.6857142857142857;27005
9;2023-01;0.6857142857142857;27005
10;2024-01;0.8375;27005
0;2014-01;0.54375;27007
1;2015-01;0.5277777777777778;27007
2;2016-01;0.4766666666666667;27007
3;2017-01;0.46277777777777784;27007
4;2018-01;0.5514285714285714;27007
5;2019-01;0.5761904761904761;27007
6;2020-01;0.5071428571428571;27007
7;2021-01;0.5083333333333333;27007
8;2022-01;0.5333333333333333;27007
9;2023-01;0.5761904761904761;27007
10;2024-01;0.5857142857142857;27007
0;2014-01;1.0;27004
1;2015-01;0.6222222222222222;27004
2;2016-01;1.0;27004
3;2017-01;1.0;27004
4;2018-01;0.75;27004
5;2019-01;0.8333333333333334;27004
6;2020-01;0.6666666666666666;27004
7;2021-01;0.5;27004
8;2022-01;0.6666666666666666;27004
9;2023-01;0.75;27004
10;2024-01;0.6666666666666666;27004
0;2014-01;0.7702308802308802;27001
1;2015-01;0.7114372294372294;27001
2;2016-01;0.769336389101095;27001
3;2017-01;0.7678169934640523;27001
4;2018-01;0.7466816059757236;27001
5;2019-01;0.8257927170868348;27001
6;2020-01;0.7625188536953242;27001
7;2021-01;0.8267032967032968;27001
8;2022-01;0.7848717948717948;27001
9;2023-01;0.7758508158508158;27001
10;2024-01;0.7383648822441926;27001
0;2014-01;0.625;27003
1;2015-01;0.54;27003
2;2016-01;0.48;27003
3;2017-01;0.44000000000000006;27003
4;2018-01;0.4041666666666667;27003
5;2019-01;0.4083333333333333;27003
6;2020-01;0.5458333333333333;27003
7;2021-01;0.45666666666666667;27003
8;2022-01;0.675;27003
9;2023-01;0.65;27003
10;2024-01;0.63;27003
0;2014-01;0.7222222222222222;27006
1;2015-01;0.8055555555555555;27006
2;2016-01;0.611111111111111;27006
3;2017-01;0.5833333333333333;27006
4;2018-01;0.5833333333333334;27006
5;2019-01;0.5;27006
6;2020-01;0.4583333333333333;27006
7;2021-01;0.41666666666666663;27006
8;2022-01;0.4444444444444444;27006
9;2023-01;0.5833333333333334;27006
10;2024-01;0.47222222222222215;27006
0;2014-01;0.6666666666666666;27010
1;2015-01;0.7708333333333333;27010
2;2016-01;0.8055555555555555;27010
3;2017-01;0.7729166666666667;27010
4;2018-01;0.5854166666666667;27010
5;2019-01;0.4916666666666667;27010
6;2020-01;0.3833333333333333;27010
7;2021-01;0.325;27010
8;2022-01;0.3277777777777778;27010
9;2023-01;0.35555555555555557;27010
10;2024-01;0.4666666666666667;27010
0;2014-01;0.875;27008
1;2015-01;0.6666666666666666;27008
2;2016-01;0.6666666666666666;27008
3;2017-01;0.6875;27008
4;2018-01;0.875;27008
5;2019-01;0.75;27008
6;2020-01;1.0;27008
7;2021-01;1.0;27008
8;2022-01;0.5;27008
9;2023-01;0.5;27008
10;2024-01;0.75;27008
0;2014-01;;27002
1;2015-01;0.75;27002
2;2016-01;0.5;27002
3;2017-01;0.5833333333333333;27002
4;2018-01;0.5277777777777778;27002
5;2019-01;0.75;27002
6;2020-01;0.7222222222222222;27002
7;2021-01;0.7916666666666666;27002
8;2022-01;0.5416666666666666;27002
9;2023-01;0.7638888888888888;27002
10;2024-01;0.7916666666666666;27002
0;2014-01;1.0;27009
1;2015-01;0.6666666666666666;27009
2;2016-01;0.8333333333333333;27009
3;2017-01;0.8333333333333333;27009
4;2018-01;0.6333333333333333;27009
5;2019-01;0.5666666666666667;27009
6;2020-01;0.7333333333333333;27009
7;2021-01;0.7666666666666666;27009
8;2022-01;0.2888888888888889;27009
9;2023-01;0.5416666666666666;27009
10;2024-01;0.4444444444444444;27009
0;2014-01;0.5555555555555555;13008
1;2015-01;0.625;13008
2;2016-01;0.6666666666666667;13008
3;2017-01;0.47222222222222215;13008
4;2018-01;0.375;13008
5;2019-01;0.3611111111111111;13008
6;2020-01;0.29166666666666663;13008
7;2021-01;0.39444444444444443;13008
8;2022-01;0.48333333333333334;13008
9;2023-01;0.5357142857142857;13008
10;2024-01;0.4642857142857143;13008
0;2014-01;0.6904761904761904;13002
1;2015-01;0.7261904761904762;13002
2;2016-01;0.7309523809523809;13002
3;2017-01;0.7083333333333334;13002
4;2018-01;0.2708333333333333;13002
5;2019-01;0.4333333333333333;13002
6;2020-01;0.5625;13002
7;2021-01;0.6875;13002
8;2022-01;0.75;13002
9;2023-01;0.6799999999999999;13002
10;2024-01;0.6633333333333333;13002
0;2014-01;0.8888888888888888;13009
1;2015-01;0.8833333333333333;13009
2;2016-01;0.8266666666666665;13009
3;2017-01;0.7755555555555556;13009
4;2018-01;0.7736507936507937;13009
5;2019-01;0.8228571428571427;13009
6;2020-01;0.7828571428571428;13009
7;2021-01;0.6861904761904762;13009
8;2022-01;0.5057142857142857;13009
9;2023-01;0.5533333333333333;13009
10;2024-01;0.5700000000000001;13009
0;2014-01;0.8046408045977012;13001
1;2015-01;0.7960040567951319;13001
2;2016-01;0.8332063523474991;13001
3;2017-01;0.7566605997009047;13001
4;2018-01;0.6939600669141586;13001
5;2019-01;0.7528954294717339;13001
6;2020-01;0.741743317731149;13001
7;2021-01;0.7243950233856506;13001
8;2022-01;0.7258734872433502;13001
9;2023-01;0.6892992149156533;13001
10;2024-01;0.6915997442024839;13001
0;2014-01;0.8333333333333334;13003
1;2015-01;0.8666666666666666;13003
2;2016-01;0.7;13003
3;2017-01;0.6799999999999999;13003
4;2018-01;0.645;13003
5;2019-01;0.6199999999999999;13003
6;2020-01;0.5766666666666667;13003
7;2021-01;0.6766666666666666;13003
8;2022-01;0.475;13003
9;2023-01;0.5166666666666666;13003
10;2024-01;0.6833333333333333;13003
0;2014-01;1.0;13007
1;2015-01;0.6666666666666666;13007
2;2016-01;0.8333333333333334;13007
3;2017-01;0.875;13007
4;2018-01;0.875;13007
5;2019-01;0.85;13007
6;2020-01;0.75;13007
7;2021-01;0.75;13007
8;2022-01;0.75;13007
9;2023-01;0.6666666666666666;13007
10;2024-01;0.625;13007
0;2014-01;0.5;13004
1;2015-01;0.75;13004
2;2016-01;0.6904761904761904;13004
3;2017-01;0.6904761904761904;13004
4;2018-01;0.6821428571428572;13004
5;2019-01;0.8071428571428572;13004
6;2020-01;0.6857142857142857;13004
7;2021-01;0.8666666666666667;13004
8;2022-01;0.82;13004
9;2023-01;0.72;13004
10;2024-01;0.65;13004
0;2014-01;0.6190476190476191;13006
1;2015-01;0.746031746031746;13006
2;2016-01;0.7261904761904762;13006
3;2017-01;0.7523809523809524;13006
4;2018-01;0.8;13006
5;2019-01;0.9333333333333332;13006
6;2020-01;0.9333333333333332;13006
7;2021-01;0.9047619047619048;13006
8;2022-01;0.6785714285714286;13006
9;2023-01;0.6636904761904762;13006
10;2024-01;0.675595238095238;13006
0;2014-01;0.8333333333333333;13005
1;2015-01;0.8888888888888888;13005
2;2016-01;0.7083333333333334;13005
3;2017-01;0.7666666666666666;13005
4;2018-01;0.6916666666666667;13005
5;2019-01;0.8333333333333334;13005
6;2020-01;0.86;13005
7;2021-01;0.7466666666666667;13005
8;2022-01;0.7433333333333334;13005
9;2023-01;0.7433333333333334;13005
10;2024-01;0.7708333333333333;13005
0;2014-01;1.0;16002
1;2015-01;1.0;16002
2;2016-01;0.75;16002
3;2017-01;0.75;16002
4;2018-01;0.5;16002
5;2019-01;0.625;16002
6;2020-01;0.5833333333333334;16002
7;2021-01;0.375;16002
8;2022-01;0.5833333333333334;16002
9;2023-01;0.47222222222222215;16002
10;2024-01;0.25;16002
0;2014-01;1.0;16001
1;2015-01;0.9583333333333334;16001
2;2016-01;0.5961538461538461;16001
3;2017-01;0.8141025641025642;16001
4;2018-01;0.7532051282051282;16001
5;2019-01;0.891025641025641;16001
6;2020-01;0.8047008547008547;16001
7;2021-01;0.8826797385620916;16001
8;2022-01;0.7650477626948214;16001
9;2023-01;0.6831209150326798;16001
10;2024-01;0.6409967320261438;16001
0;2014-01;0.8571428571428571;16003
1;2015-01;0.7857142857142857;16003
2;2016-01;0.6238095238095238;16003
3;2017-01;0.6238095238095238;16003
4;2018-01;0.7428571428571429;16003
5;2019-01;0.7942857142857143;16003
6;2020-01;0.7657142857142858;16003
7;2021-01;0.78;16003
8;2022-01;0.9;16003
9;2023-01;0.8800000000000001;16003
10;2024-01;0.5166666666666666;16003
0;2014-01;0.4795238095238095;29001
1;2015-01;0.5261904761904762;29001
2;2016-01;0.530952380952381;29001
3;2017-01;0.5809523809523809;29001
4;2018-01;0.5654761904761905;29001
5;2019-01;0.8888888888888888;29001
6;2020-01;0.8125;29001
7;2021-01;0.7708333333333334;29001
8;2022-01;0.5625;29001
9;2023-01;0.61;29001
10;2024-01;0.51;29001
0;2014-01;0.7964285714285715;29025
1;2015-01;0.7095238095238094;29025
2;2016-01;0.6976190476190476;29025
3;2017-01;0.7142857142857142;29025
4;2018-01;0.6223809523809524;29025
5;2019-01;0.6966666666666667;29025
6;2020-01;0.6211111111111112;29025
7;2021-01;0.5599999999999999;29025
8;2022-01;0.39111111111111113;29025
9;2023-01;0.40021367521367524;29025
10;2024-01;0.5116239316239317;29025
0;2014-01;0.6621212121212121;29026
1;2015-01;0.48518518518518516;29026
2;2016-01;0.5166666666666666;29026
3;2017-01;0.5;29026
4;2018-01;0.5069444444444444;29026
5;2019-01;0.5626984126984127;29026
6;2020-01;0.6896825396825397;29026
7;2021-01;0.75;29026
8;2022-01;0.7885714285714285;29026
9;2023-01;0.64;29026
10;2024-01;0.8142857142857143;29026
0;2014-01;0.5366666666666667;29022
1;2015-01;0.62;29022
2;2016-01;0.5903174603174604;29022
3;2017-01;0.5673015873015872;29022
4;2018-01;0.3904761904761905;29022
5;2019-01;0.5682539682539682;29022
6;2020-01;0.7071428571428572;29022
7;2021-01;0.475;29022
8;2022-01;0.55;29022
9;2023-01;0.6352941176470588;29022
10;2024-01;0.7398395721925134;29022
0;2014-01;0.6666666666666666;29010
1;2015-01;0.5666666666666667;29010
2;2016-01;0.4962962962962963;29010
3;2017-01;0.5111111111111111;29010
4;2018-01;0.575;29010
5;2019-01;0.5628571428571428;29010
6;2020-01;0.6428571428571428;29010
7;2021-01;0.6488095238095238;29010
8;2022-01;0.46130952380952384;29010
9;2023-01;0.3839285714285714;29010
10;2024-01;0.5;29010
0;2014-01;0.7333333333333334;29024
1;2015-01;0.40714285714285714;29024
2;2016-01;0.42857142857142855;29024
3;2017-01;0.47857142857142854;29024
4;2018-01;0.3444444444444444;29024
5;2019-01;0.6;29024
6;2020-01;0.4875;29024
7;2021-01;0.5833333333333333;29024
8;2022-01;0.29166666666666663;29024
9;2023-01;0.25;29024
10;2024-01;0.625;29024
0;2014-01;0.5599206349206349;29002
1;2015-01;0.546890756302521;29002
2;2016-01;0.5274940745528981;29002
3;2017-01;0.4254147812971342;29002
4;2018-01;0.4192119155354449;29002
5;2019-01;0.40625942684766214;29002
6;2020-01;0.4621212121212121;29002
7;2021-01;0.5646540959040959;29002
8;2022-01;0.4263861138861139;29002
9;2023-01;0.5032094221567907;29002
10;2024-01;0.6248211437685123;29002
0;2014-01;0.6785714285714286;29006
1;2015-01;0.6607142857142857;29006
2;2016-01;0.6517857142857142;29006
3;2017-01;0.5317857142857143;29006
4;2018-01;0.3939285714285714;29006
5;2019-01;0.5261904761904762;29006
6;2020-01;0.4990476190476191;29006
7;2021-01;0.5233333333333333;29006
8;2022-01;0.5005797101449275;29006
9;2023-01;0.5309633418584825;29006
10;2024-01;0.5453891121666057;29006
0;2014-01;1.0;29019
1;2015-01;0.75;29019
2;2016-01;0.8333333333333334;29019
3;2017-01;0.75;29019
4;2018-01;0.6041666666666666;29019
5;2019-01;0.5416666666666666;29019
6;2020-01;0.7083333333333334;29019
7;2021-01;0.875;29019
8;2022-01;0.8333333333333334;29019
9;2023-01;0.9629629629629629;29019
10;2024-01;0.9444444444444444;29019
0;2014-01;0.5145502645502645;29015
1;2015-01;0.5009920634920635;29015
2;2016-01;0.48214285714285715;29015
3;2017-01;0.4724025974025974;29015
4;2018-01;0.3982683982683982;29015
5;2019-01;0.29978354978354976;29015
6;2020-01;0.35787337662337665;29015
7;2021-01;0.4948863636363636;29015
8;2022-01;0.46388888888888885;29015
9;2023-01;0.5286858974358974;29015
10;2024-01;0.6865384615384615;29015
0;2014-01;0.7222222222222222;29008
1;2015-01;0.7083333333333333;29008
2;2016-01;0.7666666666666666;29008
3;2017-01;0.825;29008
4;2018-01;0.7000000000000001;29008
5;2019-01;0.5333333333333333;29008
6;2020-01;0.5333333333333333;29008
7;2021-01;0.5333333333333333;29008
8;2022-01;0.7000000000000001;29008
9;2023-01;0.5;29008
10;2024-01;0.75;29008
0;2014-01;0.6950000000000001;29028
1;2015-01;0.568939393939394;29028
2;2016-01;0.7242424242424242;29028
3;2017-01;0.5363636363636364;29028
4;2018-01;0.6606060606060606;29028
5;2019-01;0.7161305361305361;29028
6;2020-01;0.6821874616611459;29028
7;2021-01;0.7263022941970311;29028
8;2022-01;0.50472334682861;29028
9;2023-01;0.5539541160593793;29028
10;2024-01;0.5059649122807017;29028
0;2014-01;0.5916666666666667;29012
1;2015-01;0.6933333333333334;29012
2;2016-01;0.6644444444444444;29012
3;2017-01;0.6616666666666666;29012
4;2018-01;0.7227777777777777;29012
5;2019-01;0.8027777777777778;29012
6;2020-01;0.8183333333333334;29012
7;2021-01;0.8230952380952381;29012
8;2022-01;0.7361904761904763;29012
9;2023-01;0.7861904761904762;29012
10;2024-01;0.789047619047619;29012
0;2014-01;0.4590909090909091;29018
1;2015-01;0.6363636363636364;29018
2;2016-01;0.5060606060606061;29018
3;2017-01;0.6575757575757576;29018
4;2018-01;0.5925757575757575;29018
5;2019-01;0.5066666666666666;29018
6;2020-01;0.51;29018
7;2021-01;0.5133333333333333;29018
8;2022-01;0.5133333333333333;29018
9;2023-01;0.75;29018
10;2024-01;0.875;29018
0;2014-01;0.875;29023
1;2015-01;0.6666666666666666;29023
2;2016-01;0.75;29023
3;2017-01;0.6666666666666666;29023
4;2018-01;0.6666666666666666;29023
5;2019-01;0.8333333333333333;29023
6;2020-01;0.6666666666666666;29023
7;2021-01;0.4444444444444444;29023
8;2022-01;0.5833333333333334;29023
9;2023-01;0.5208333333333334;29023
10;2024-01;0.625;29023
0;2014-01;0.6458333333333334;29011
1;2015-01;0.5520833333333334;29011
2;2016-01;0.625;29011
3;2017-01;0.59375;29011
4;2018-01;0.41865079365079366;29011
5;2019-01;0.6297619047619047;29011
6;2020-01;0.6404761904761904;29011
7;2021-01;0.6446428571428572;29011
8;2022-01;0.5672619047619047;29011
9;2023-01;0.5738095238095238;29011
10;2024-01;0.5866666666666667;29011
0;2014-01;0.6666666666666667;29003
1;2015-01;0.5952380952380952;29003
2;2016-01;0.6011904761904762;29003
3;2017-01;0.5857142857142856;29003
4;2018-01;0.5357142857142857;29003
5;2019-01;0.4982142857142857;29003
6;2020-01;0.6;29003
7;2021-01;0.6892857142857143;29003
8;2022-01;0.518095238095238;29003
9;2023-01;0.4609523809523809;29003
10;2024-01;0.5809523809523809;29003
0;2014-01;0.6866666666666666;29005
1;2015-01;0.6866666666666666;29005
2;2016-01;0.72;29005
3;2017-01;0.7133333333333333;29005
4;2018-01;0.45;29005
5;2019-01;0.525;29005
6;2020-01;0.6555555555555556;29005
7;2021-01;0.6;29005
8;2022-01;0.6;29005
9;2023-01;0.6722222222222222;29005
10;2024-01;0.6711111111111111;29005
0;2014-01;0.8916666666666668;29004
1;2015-01;0.825;29004
2;2016-01;0.6261904761904762;29004
3;2017-01;0.8035714285714286;29004
4;2018-01;0.5704365079365079;29004
5;2019-01;0.7063492063492063;29004
6;2020-01;0.6476190476190476;29004
7;2021-01;0.6031746031746031;29004
8;2022-01;0.7428571428571429;29004
9;2023-01;0.7158730158730159;29004
10;2024-01;0.7142857142857142;29004
0;2014-01;0.65625;29027
1;2015-01;0.625;29027
2;2016-01;0.5416666666666666;29027
3;2017-01;0.8333333333333334;29027
4;2018-01;0.875;29027
5;2019-01;0.7;29027
6;2020-01;0.875;29027
7;2021-01;0.7916666666666666;29027
8;2022-01;0.611111111111111;29027
9;2023-01;0.75;29027
10;2024-01;0.9;29027
0;2014-01;0.718939393939394;29016
1;2015-01;0.6808441558441558;29016
2;2016-01;0.6808441558441558;29016
3;2017-01;0.7446753246753246;29016
4;2018-01;0.6224025974025974;29016
5;2019-01;0.45714285714285713;29016
6;2020-01;0.42142857142857143;29016
7;2021-01;0.5401785714285714;29016
8;2022-01;0.7916666666666666;29016
9;2023-01;0.84375;29016
10;2024-01;0.8166666666666667;29016
0;2014-01;0.7039134199134199;29020
1;2015-01;0.6672424242424242;29020
2;2016-01;0.7290822510822511;29020
3;2017-01;0.7188195912614518;29020
4;2018-01;0.7732777106614316;29020
5;2019-01;0.688265042451089;29020
6;2020-01;0.6959634551495016;29020
7;2021-01;0.6374181300427149;29020
8;2022-01;0.6204251700680272;29020
9;2023-01;0.6711962833914054;29020
10;2024-01;0.6972947377825427;29020
0;2014-01;0.6799999999999999;29007
1;2015-01;0.6123809523809524;29007
2;2016-01;0.660952380952381;29007
3;2017-01;0.6333333333333334;29007
4;2018-01;0.38095238095238093;29007
5;2019-01;0.35119047619047616;29007
6;2020-01;0.5297619047619048;29007
7;2021-01;0.5565476190476191;29007
8;2022-01;0.48376623376623373;29007
9;2023-01;0.34025974025974026;29007
10;2024-01;0.34318181818181814;29007
0;2014-01;0.4166666666666667;29017
1;2015-01;0.7083333333333334;29017
2;2016-01;0.5833333333333334;29017
3;2017-01;0.6666666666666666;29017
4;2018-01;0.638888888888889;29017
5;2019-01;0.4166666666666667;29017
6;2020-01;0.4166666666666667;29017
7;2021-01;0.6333333333333333;29017
8;2022-01;0.7333333333333333;29017
9;2023-01;0.6666666666666666;29017
10;2024-01;0.7666666666666666;29017
0;2014-01;0.8095238095238095;29021
1;2015-01;0.8266666666666665;29021
2;2016-01;0.7866666666666667;29021
3;2017-01;0.82;29021
4;2018-01;0.72;29021
5;2019-01;0.62;29021
6;2020-01;0.62;29021
7;2021-01;0.6666666666666666;29021
8;2022-01;0.75;29021
9;2023-01;0.75;29021
10;2024-01;1.0;29021
0;2014-01;0.6333333333333333;29013
1;2015-01;0.725;29013
2;2016-01;0.78;29013
3;2017-01;0.6666666666666666;29013
4;2018-01;0.611111111111111;29013
5;2019-01;0.5625;29013
6;2020-01;0.6041666666666666;29013
7;2021-01;0.5208333333333333;29013
8;2022-01;0.34375;29013
9;2023-01;0.5305555555555556;29013
10;2024-01;0.5458333333333333;29013
0;2014-01;0.9145431145431144;29009
1;2015-01;0.8857142857142858;29009
2;2016-01;0.7466666666666667;29009
3;2017-01;0.7066666666666667;29009
4;2018-01;0.6095238095238096;29009
5;2019-01;0.4666666666666666;29009
6;2020-01;0.5476190476190476;29009
7;2021-01;0.638095238095238;29009
8;2022-01;0.5380952380952381;29009
9;2023-01;0.6314285714285715;29009
10;2024-01;0.6178571428571429;29009
0;2014-01;0.5888888888888889;29014
1;2015-01;0.475;29014
2;2016-01;0.49777777777777776;29014
3;2017-01;0.49777777777777776;29014
4;2018-01;0.49777777777777776;29014
5;2019-01;0.5522222222222222;29014
6;2020-01;0.6022222222222222;29014
7;2021-01;0.5955555555555556;29014
8;2022-01;0.5166666666666666;29014
9;2023-01;0.5033333333333333;29014
10;2024-01;0.5833333333333333;29014
0;2014-01;0.643416508397735;32002
1;2015-01;0.6049562362453476;32002
2;2016-01;0.62690854468076;32002
3;2017-01;0.6185893671336;32002
4;2018-01;0.6122514451741775;32002
5;2019-01;0.5645536743302796;32002
6;2020-01;0.5806061563734235;32002
7;2021-01;0.6341478167049815;32002
8;2022-01;0.6532417842999092;32002
9;2023-01;0.6575066191810468;32002
10;2024-01;0.6518807285900732;32002
0;2014-01;0.74480774318723;32004
1;2015-01;0.7061350627207406;32004
2;2016-01;0.671452252398544;32004
3;2017-01;0.682602114187792;32004
4;2018-01;0.5112926365100278;32004
5;2019-01;0.4927994227994228;32004
6;2020-01;0.4478451178451179;32004
7;2021-01;0.5355944055944055;32004
8;2022-01;0.5276923076923077;32004
9;2023-01;0.5635980148883375;32004
10;2024-01;0.5497915632754342;32004
0;2014-01;0.65825970581143;32005
1;2015-01;0.7007300056265573;32005
2;2016-01;0.7145001205690861;32005
3;2017-01;0.6646815942678012;32005
4;2018-01;0.6521298701298701;32005
5;2019-01;0.6617545787545788;32005
6;2020-01;0.6325091575091575;32005
7;2021-01;0.6383882783882784;32005
8;2022-01;0.6463827838827838;32005
9;2023-01;0.6376616031027795;32005
10;2024-01;0.6498739495798319;32005
0;2014-01;0.5187545787545786;52004
1;2015-01;0.5632509157509158;52004
2;2016-01;0.6308333333333334;52004
3;2017-01;0.7097619047619048;52004
4;2018-01;0.7114285714285714;52004
5;2019-01;0.6254545454545455;52004
6;2020-01;0.6167832167832168;52004
7;2021-01;0.5005905205905206;52004
8;2022-01;0.47262795175838657;52004
9;2023-01;0.5515570885885729;52004
10;2024-01;0.5945786081318316;52004
0;2014-01;0.7053571428571428;52017
1;2015-01;0.5863095238095238;52017
2;2016-01;0.7291666666666666;52017
3;2017-01;0.8388888888888889;52017
4;2018-01;0.8388888888888889;52017
5;2019-01;0.8111111111111111;52017
6;2020-01;0.7603174603174603;52017
7;2021-01;0.7202380952380952;52017
8;2022-01;0.6428571428571428;52017
9;2023-01;0.5178571428571428;52017
10;2024-01;0.5428571428571428;52017
0;2014-01;0.625;52003
1;2015-01;0.5333333333333333;52003
2;2016-01;0.5916666666666667;52003
3;2017-01;0.6791666666666667;52003
4;2018-01;0.5633333333333332;52003
5;2019-01;0.6366666666666667;52003
6;2020-01;0.4966666666666667;52003
7;2021-01;0.6157142857142858;52003
8;2022-01;0.5071428571428571;52003
9;2023-01;0.6028571428571429;52003
10;2024-01;0.6271428571428571;52003
0;2014-01;0.5;52007
1;2015-01;0.75;52007
2;2016-01;0.75;52007
3;2017-01;0.5;52007
4;2018-01;0.5;52007
5;2019-01;0.6666666666666666;52007
6;2020-01;0.5;52007
7;2021-01;0.75;52007
8;2022-01;0.5;52007
9;2023-01;0.75;52007
10;2024-01;0.75;52007
0;2014-01;0.5309294871794872;52011
1;2015-01;0.6330128205128205;52011
2;2016-01;0.576025641025641;52011
3;2017-01;0.7002680652680653;52011
4;2018-01;0.6210606060606061;52011
5;2019-01;0.6566810966810966;52011
6;2020-01;0.7182251082251082;52011
7;2021-01;0.8363758463758464;52011
8;2022-01;0.5805128205128206;52011
9;2023-01;0.5832234432234432;52011
10;2024-01;0.4873126873126873;52011
0;2014-01;0.8215640523859701;52001
1;2015-01;0.8137362637362637;52001
2;2016-01;0.919047619047619;52001
3;2017-01;0.8347630439735703;52001
4;2018-01;0.6528406577942182;52001
5;2019-01;0.6281765288197444;52001
6;2020-01;0.6505119520172365;52001
7;2021-01;0.6488574783815523;52001
8;2022-01;0.6299971022891915;52001
9;2023-01;0.6928374384236453;52001
10;2024-01;0.5779704433497537;52001
0;2014-01;0.7916666666666666;52002
1;2015-01;0.5859375;52002
2;2016-01;0.6118055555555555;52002
3;2017-01;0.47817460317460314;52002
4;2018-01;0.4444642857142857;52002
5;2019-01;0.5257982295482295;52002
6;2020-01;0.5148229548229548;52002
7;2021-01;0.5372161172161173;52002
8;2022-01;0.43770007770007774;52002
9;2023-01;0.39080031080031075;52002
10;2024-01;0.4702020202020202;52002
0;2014-01;1.0;52018
1;2015-01;0.7083333333333333;52018
2;2016-01;0.5277777777777778;52018
3;2017-01;0.8055555555555555;52018
4;2018-01;0.8541666666666666;52018
5;2019-01;0.9166666666666666;52018
6;2020-01;1.0;52018
7;2021-01;0.9333333333333332;52018
8;2022-01;0.8666666666666667;52018
9;2023-01;0.7666666666666666;52018
10;2024-01;0.6888888888888888;52018
0;2014-01;0.7708333333333333;52010
1;2015-01;0.5625;52010
2;2016-01;0.7083333333333333;52010
3;2017-01;0.5761904761904761;52010
4;2018-01;0.419047619047619;52010
5;2019-01;0.46571428571428564;52010
6;2020-01;0.5457142857142857;52010
7;2021-01;0.5904761904761905;52010
8;2022-01;0.5654761904761905;52010
9;2023-01;0.7333333333333333;52010
10;2024-01;0.6444444444444445;52010
0;2014-01;0.7181372549019608;52015
1;2015-01;0.6914932126696833;52015
2;2016-01;0.7008158508158508;52015
3;2017-01;0.6587645687645688;52015
4;2018-01;0.5377622377622377;52015
5;2019-01;0.653704266747745;52015
6;2020-01;0.6828910220214568;52015
7;2021-01;0.5596066252587992;52015
8;2022-01;0.5139958592132505;52015
9;2023-01;0.5324430641821947;52015
10;2024-01;0.5261904761904762;52015
0;2014-01;0.6883838383838384;52005
1;2015-01;0.6588888888888889;52005
2;2016-01;0.6922222222222223;52005
3;2017-01;0.65;52005
4;2018-01;0.535042735042735;52005
5;2019-01;0.5917216117216118;52005
6;2020-01;0.5706227106227105;52005
7;2021-01;0.4447619047619048;52005
8;2022-01;0.37875457875457874;52005
9;2023-01;0.47619047619047616;52005
10;2024-01;0.536721249764728;52005
0;2015-01;1.0;52006
1;2016-01;1.0;52006
2;2017-01;0.6666666666666666;52006
3;2018-01;0.5;52006
4;2019-01;;52006
5;2020-01;;52006
6;2021-01;;52006
7;2022-01;;52006
8;2023-01;;52006
9;2024-01;;52006
0;2014-01;0.75;52013
1;2015-01;0.65;52013
2;2016-01;0.65;52013
3;2017-01;0.6277777777777778;52013
4;2018-01;0.8444444444444444;52013
5;2019-01;0.6377777777777778;52013
6;2020-01;0.5555555555555556;52013
7;2021-01;0.5069444444444444;52013
8;2022-01;0.42857142857142855;52013
9;2023-01;0.5099206349206349;52013
10;2024-01;0.494047619047619;52013
0;2014-01;0.7916666666666666;52014
1;2015-01;0.8333333333333334;52014
2;2016-01;0.7676190476190476;52014
3;2017-01;0.7942857142857143;52014
4;2018-01;0.6057142857142856;52014
5;2019-01;0.6538095238095238;52014
6;2020-01;0.5838095238095239;52014
7;2021-01;0.6933333333333334;52014
8;2022-01;0.5366666666666666;52014
9;2023-01;0.5833333333333334;52014
10;2024-01;0.4;52014
0;2014-01;0.5;52009
1;2015-01;0.6666666666666666;52009
2;2016-01;0.5;52009
3;2017-01;0.5;52009
4;2018-01;0.6666666666666666;52009
5;2019-01;0.8888888888888888;52009
6;2020-01;0.8888888888888888;52009
7;2021-01;0.75;52009
8;2022-01;0.5803571428571428;52009
9;2023-01;0.5803571428571428;52009
10;2024-01;0.5238095238095238;52009
0;2014-01;0.7285714285714285;52016
1;2015-01;0.6761904761904761;52016
2;2016-01;0.644047619047619;52016
3;2017-01;0.6466666666666667;52016
4;2018-01;0.5089285714285714;52016
5;2019-01;0.569047619047619;52016
6;2020-01;0.6033333333333333;52016
7;2021-01;0.6533333333333333;52016
8;2022-01;0.7133333333333333;52016
9;2023-01;0.6125;52016
10;2024-01;0.8055555555555555;52016
0;2014-01;0.7142857142857143;52012
1;2015-01;0.7678571428571429;52012
2;2016-01;0.8258928571428572;52012
3;2017-01;0.7857142857142858;52012
4;2018-01;0.7008928571428571;52012
5;2019-01;0.6833333333333332;52012
6;2020-01;0.7999999999999999;52012
7;2021-01;0.6083333333333333;52012
8;2022-01;0.5416666666666666;52012
9;2023-01;0.7416666666666667;52012
10;2024-01;0.6866666666666668;52012
0;2014-01;0.5416666666666667;52008
1;2015-01;0.3055555555555555;52008
2;2016-01;0.40625;52008
3;2017-01;0.4083333333333333;52008
4;2018-01;0.4479166666666667;52008
5;2019-01;0.5;52008
6;2020-01;0.5625;52008
7;2021-01;0.5416666666666666;52008
8;2022-01;0.425;52008
9;2023-01;0.5;52008
10;2024-01;0.6;52008
0;2014-01;0.8142857142857143;21002
1;2015-01;0.553968253968254;21002
2;2016-01;0.553968253968254;21002
3;2017-01;0.6654761904761904;21002
4;2018-01;0.5333333333333333;21002
5;2019-01;0.6266666666666667;21002
6;2020-01;0.6866666666666668;21002
7;2021-01;0.78;21002
8;2022-01;0.7;21002
9;2023-01;0.6666666666666666;21002
10;2024-01;0.5333333333333333;21002
0;2014-01;0.6666666666666666;21001
1;2015-01;0.6666666666666666;21001
2;2016-01;1.0;21001
3;2017-01;1.0;21001
4;2018-01;0.75;21001
5;2019-01;0.6666666666666666;21001
6;2020-01;0.41666666666666663;21001
7;2021-01;0.5555555555555555;21001
8;2022-01;0.5555555555555556;21001
9;2023-01;0.5269607843137255;21001
10;2024-01;0.7352941176470589;21001
0;2014-01;0.45;21006
1;2015-01;0.6333333333333333;21006
2;2016-01;0.5666666666666667;21006
3;2017-01;0.75;21006
4;2018-01;1.0;21006
5;2019-01;0.8333333333333334;21006
6;2020-01;0.8333333333333334;21006
7;2021-01;0.6666666666666666;21006
8;2022-01;0.5;21006
9;2023-01;0.3522727272727273;21006
10;2024-01;0.3522727272727273;21006
0;2014-01;0.85;21005
1;2015-01;0.7416666666666667;21005
2;2016-01;0.6791666666666667;21005
3;2017-01;0.8041666666666667;21005
4;2018-01;0.7095238095238094;21005
5;2019-01;0.6595238095238095;21005
6;2020-01;0.764069264069264;21005
7;2021-01;0.751082251082251;21005
8;2022-01;0.6777489177489178;21005
9;2023-01;0.6101731601731601;21005
10;2024-01;0.5636363636363636;21005
0;2014-01;0.6626984126984127;21008
1;2015-01;0.5654761904761905;21008
2;2016-01;0.425;21008
3;2017-01;0.6133333333333333;21008
4;2018-01;0.6333333333333333;21008
5;2019-01;0.6730392156862746;21008
6;2020-01;0.7513725490196078;21008
7;2021-01;0.6325490196078432;21008
8;2022-01;0.7309803921568627;21008
9;2023-01;0.7356862745098038;21008
10;2024-01;0.8133333333333332;21008
0;2014-01;0.5;21009
1;2015-01;;21009
2;2016-01;1.0;21009
3;2017-01;0.875;21009
4;2018-01;0.75;21009
5;2019-01;0.5138888888888888;21009
6;2020-01;0.5486111111111112;21009
7;2021-01;0.4583333333333333;21009
8;2022-01;0.3333333333333333;21009
9;2023-01;0.25;21009
10;2024-01;0.20833333333333331;21009
0;2014-01;0.5666666666666667;21004
1;2015-01;0.675;21004
2;2016-01;0.625;21004
3;2017-01;0.65;21004
4;2018-01;0.6142857142857143;21004
5;2019-01;0.7035714285714285;21004
6;2020-01;0.7428571428571429;21004
7;2021-01;0.6738095238095237;21004
8;2022-01;0.5157142857142857;21004
9;2023-01;0.49428571428571433;21004
10;2024-01;0.5109523809523809;21004
0;2014-01;0.3125;21011
1;2015-01;0.5416666666666666;21011
2;2016-01;0.4583333333333333;21011
3;2017-01;0.375;21011
4;2018-01;0.3020833333333333;21011
5;2019-01;0.4583333333333333;21011
6;2020-01;0.4861111111111111;21011
7;2021-01;0.6145833333333334;21011
8;2022-01;0.7083333333333334;21011
9;2023-01;0.5416666666666666;21011
10;2024-01;0.5;21011
0;2014-01;1.0;21003
1;2015-01;0.9230769230769231;21003
2;2016-01;0.8461538461538461;21003
3;2017-01;0.8846153846153846;21003
4;2018-01;0.8461538461538461;21003
5;2019-01;0.8461538461538461;21003
6;2020-01;0.5170940170940171;21003
7;2021-01;0.625;21003
8;2022-01;0.625;21003
9;2023-01;0.6333333333333333;21003
10;2024-01;0.5533333333333333;21003
0;2014-01;1.0;21018
1;2015-01;0.8888888888888888;21018
2;2016-01;0.7222222222222222;21018
3;2017-01;0.6666666666666666;21018
4;2018-01;1.0;21018
5;2019-01;0.6666666666666666;21018
6;2020-01;0.6944444444444445;21018
7;2021-01;0.5916666666666667;21018
8;2022-01;;21018
9;2023-01;1.0;21018
10;2024-01;1.0;21018
0;2016-01;1.0;21019
1;2017-01;1.0;21019
2;2018-01;1.0;21019
3;2019-01;1.0;21019
4;2020-01;1.0;21019
5;2021-01;1.0;21019
6;2022-01;;21019
7;2023-01;1.0;21019
8;2024-01;0.75;21019
0;2014-01;0.7777777777777778;21007
1;2015-01;0.9666666666666667;21007
2;2016-01;1.0;21007
3;2017-01;0.8333333333333333;21007
4;2018-01;0.5;21007
5;2019-01;0.4777777777777778;21007
6;2020-01;0.7000000000000001;21007
7;2021-01;0.8333333333333334;21007
8;2022-01;0.6458333333333333;21007
9;2023-01;0.6033333333333333;21007
10;2024-01;0.5222222222222223;21007
0;2014-01;0.6071428571428572;21012
1;2015-01;0.7380952380952381;21012
2;2016-01;0.7678571428571428;21012
3;2017-01;0.8571428571428572;21012
4;2018-01;0.7089285714285715;21012
5;2019-01;0.7671428571428571;21012
6;2020-01;0.7271428571428571;21012
7;2021-01;0.6271428571428571;21012
8;2022-01;0.6875;21012
9;2023-01;0.6696428571428572;21012
10;2024-01;0.9047619047619048;21012
0;2014-01;0.9333333333333332;21010
1;2015-01;0.8666666666666667;21010
2;2016-01;0.7533333333333333;21010
3;2017-01;0.48666666666666664;21010
4;2018-01;0.5666666666666667;21010
5;2019-01;0.6666666666666666;21010
6;2020-01;0.6666666666666666;21010
7;2021-01;0.6666666666666666;21010
8;2022-01;0.7142857142857142;21010
9;2023-01;0.5952380952380952;21010
10;2024-01;0.5152380952380952;21010
0;2014-01;0.5750915750915752;21017
1;2015-01;0.5274725274725275;21017
2;2016-01;0.8095238095238094;21017
3;2017-01;0.7000000000000001;21017
4;2018-01;0.775;21017
5;2019-01;0.7999999999999999;21017
6;2020-01;0.7999999999999999;21017
7;2021-01;0.7999999999999999;21017
8;2022-01;0.6857142857142858;21017
9;2023-01;0.7154761904761905;21017
10;2024-01;0.5650793650793651;21017
0;2014-01;0.7190716922133579;21016
1;2015-01;0.7246022739924847;21016
2;2016-01;0.7759230380027585;21016
3;2017-01;0.7738991281315528;21016
4;2018-01;0.7384112619406737;21016
5;2019-01;0.6716943187531423;21016
6;2020-01;0.6328305681246857;21016
7;2021-01;0.6605832076420312;21016
8;2022-01;0.7206923795159089;21016
9;2023-01;0.6689398836457661;21016
10;2024-01;0.6447881828316611;21016
0;2014-01;;21015
1;2015-01;;21015
2;2016-01;;21015
3;2017-01;;21015
4;2018-01;;21015
5;2019-01;1.0;21015
6;2020-01;0.875;21015
7;2021-01;0.6666666666666666;21015
8;2022-01;0.7291666666666666;21015
9;2023-01;0.7333333333333333;21015
10;2024-01;0.6166666666666666;21015
0;2014-01;0.6266666666666667;21014
1;2015-01;0.7083333333333334;21014
2;2016-01;0.5833333333333334;21014
3;2017-01;0.5729166666666666;21014
4;2018-01;0.38888888888888884;21014
5;2019-01;0.6333333333333333;21014
6;2020-01;0.8333333333333334;21014
7;2021-01;0.7333333333333333;21014
8;2022-01;0.7666666666666666;21014
9;2023-01;0.6666666666666666;21014
10;2024-01;0.4583333333333333;21014
0;2017-01;0.6666666666666666;21013
1;2018-01;0.5416666666666666;21013
2;2019-01;0.6944444444444445;21013
3;2020-01;0.6517857142857143;21013
4;2021-01;0.4761904761904761;21013
5;2022-01;0.6507936507936508;21013
6;2023-01;0.5396825396825397;21013
7;2024-01;0.8333333333333333;21013
0;2014-01;0.5;31081
1;2015-01;0.75;31081
2;2016-01;0.75;31081
3;2017-01;0.75;31081
4;2018-01;0.75;31081
5;2019-01;0.75;31081
6;2020-01;1.0;31081
7;2021-01;1.0;31081
8;2022-01;1.0;31081
9;2023-01;;31081
10;2024-01;;31081
0;2014-01;0.5488095238095239;31072
1;2015-01;0.6015873015873016;31072
2;2016-01;0.6944444444444444;31072
3;2017-01;0.8;31072
4;2018-01;0.85;31072
5;2019-01;0.8777777777777779;31072
6;2020-01;0.6250505050505051;31072
7;2021-01;0.705050505050505;31072
8;2022-01;0.6244949494949494;31072
9;2023-01;0.6439393939393939;31072
10;2024-01;0.5083333333333333;31072
0;2014-01;0.5;31062
1;2015-01;0.5833333333333333;31062
2;2016-01;0.4444444444444444;31062
3;2017-01;0.4444444444444444;31062
4;2018-01;0.5;31062
5;2019-01;0.75;31062
6;2020-01;0.5;31062
7;2021-01;0.625;31062
8;2022-01;0.7916666666666666;31062
9;2023-01;0.7222222222222222;31062
10;2024-01;0.7222222222222222;31062
0;2014-01;;31068
1;2015-01;;31068
2;2016-01;;31068
3;2017-01;;31068
4;2018-01;;31068
5;2019-01;1.0;31068
6;2020-01;1.0;31068
7;2021-01;1.0;31068
8;2022-01;1.0;31068
9;2023-01;0.75;31068
10;2024-01;0.75;31068
0;2014-01;0.75;31040
1;2015-01;0.5;31040
2;2016-01;0.5833333333333333;31040
3;2017-01;0.5;31040
4;2018-01;0.38888888888888884;31040
5;2019-01;0.5416666666666666;31040
6;2020-01;0.5833333333333333;31040
7;2021-01;0.611111111111111;31040
8;2022-01;0.7000000000000001;31040
9;2023-01;0.5833333333333334;31040
10;2024-01;0.5416666666666666;31040
0;2014-01;0.7301587301587301;31041
1;2015-01;0.7301587301587301;31041
2;2016-01;0.7301587301587301;31041
3;2017-01;0.7301587301587301;31041
4;2018-01;0.6825396825396824;31041
5;2019-01;0.7341269841269841;31041
6;2020-01;0.6984126984126984;31041
7;2021-01;0.8201058201058201;31041
8;2022-01;0.9629629629629629;31041
9;2023-01;0.9444444444444444;31041
10;2024-01;0.75;31041
0;2014-01;0.8888888888888888;31001
1;2015-01;0.8055555555555556;31001
2;2016-01;0.7944444444444445;31001
3;2017-01;0.8805555555555555;31001
4;2018-01;0.7256944444444444;31001
5;2019-01;0.75;31001
6;2020-01;0.5479166666666666;31001
7;2021-01;0.7666666666666666;31001
8;2022-01;0.6733333333333333;31001
9;2023-01;0.5533333333333333;31001
10;2024-01;0.5866666666666667;31001
0;2014-01;0.5317460317460317;31060
1;2015-01;0.4880952380952381;31060
2;2016-01;0.5333333333333333;31060
3;2017-01;0.7000000000000001;31060
4;2018-01;0.6416666666666666;31060
5;2019-01;0.5466666666666666;31060
6;2020-01;0.46333333333333326;31060
7;2021-01;0.5208333333333334;31060
8;2022-01;0.4166666666666667;31060
9;2023-01;0.5;31060
10;2024-01;0.7222222222222222;31060
0;2014-01;0.7619047619047619;31006
1;2015-01;0.7695238095238095;31006
2;2016-01;0.8666666666666667;31006
3;2017-01;0.8933333333333333;31006
4;2018-01;0.96;31006
5;2019-01;0.8533333333333333;31006
6;2020-01;0.7366666666666666;31006
7;2021-01;0.6833333333333333;31006
8;2022-01;0.6333333333333333;31006
9;2023-01;0.7;31006
10;2024-01;0.75;31006
0;2014-01;0.67;31013
1;2015-01;0.5375;31013
2;2016-01;0.4875;31013
3;2017-01;0.67;31013
4;2018-01;0.5900000000000001;31013
5;2019-01;0.7;31013
6;2020-01;0.75;31013
7;2021-01;0.9;31013
8;2022-01;0.8;31013
9;2023-01;0.9333333333333332;31013
10;2024-01;0.8869047619047619;31013
0;2014-01;1.0;31064
1;2015-01;1.0;31064
2;2016-01;1.0;31064
3;2017-01;;31064
4;2018-01;;31064
5;2019-01;;31064
6;2020-01;;31064
7;2021-01;1.0;31064
8;2022-01;1.0;31064
9;2023-01;1.0;31064
10;2024-01;0.8333333333333333;31064
0;2014-01;0.6183805668016195;31075
1;2015-01;0.6160079686395477;31075
2;2016-01;0.58464500157864;31075
3;2017-01;0.7229305146925284;31075
4;2018-01;0.6377165740438052;31075
5;2019-01;0.6537577639751553;31075
6;2020-01;0.7355434782608696;31075
7;2021-01;0.740952380952381;31075
8;2022-01;0.7673809523809524;31075
9;2023-01;0.7166106442577032;31075
10;2024-01;0.7013655462184873;31075
0;2014-01;0.5515018315018315;31082
1;2015-01;0.6438095238095238;31082
2;2016-01;0.5952380952380952;31082
3;2017-01;0.7285714285714285;31082
4;2018-01;0.7857142857142857;31082
5;2019-01;0.6821428571428572;31082
6;2020-01;0.6555555555555556;31082
7;2021-01;0.65;31082
8;2022-01;0.35555555555555557;31082
9;2023-01;0.5555555555555556;31082
10;2024-01;0.6666666666666666;31082
0;2014-01;0.5394230769230769;31070
1;2015-01;0.6935096153846154;31070
2;2016-01;0.6521634615384615;31070
3;2017-01;0.7121153846153846;31070
4;2018-01;0.732948717948718;31070
5;2019-01;0.7979487179487179;31070
6;2020-01;0.6980952380952381;31070
7;2021-01;0.6023809523809524;31070
8;2022-01;0.6490476190476191;31070
9;2023-01;0.6457142857142857;31070
10;2024-01;0.5507142857142857;31070
0;2014-01;0.4583333333333333;31087
1;2015-01;0.7166666666666666;31087
2;2016-01;0.7083333333333334;31087
3;2017-01;0.6875;31087
4;2018-01;0.65;31087
5;2019-01;0.75;31087
6;2020-01;0.875;31087
7;2021-01;1.0;31087
8;2022-01;1.0;31087
9;2023-01;1.0;31087
10;2024-01;1.0;31087
0;2014-01;0.7736363636363637;31058
1;2015-01;0.7403030303030304;31058
2;2016-01;0.8251515151515152;31058
3;2017-01;0.8418181818181818;31058
4;2018-01;0.8218181818181819;31058
5;2019-01;0.9454545454545455;31058
6;2020-01;1.0;31058
7;2021-01;0.875;31058
8;2022-01;0.75;31058
9;2023-01;0.8416666666666667;31058
10;2024-01;0.5375;31058
0;2014-01;0.6666666666666666;31044
1;2015-01;0.7777777777777777;31044
2;2016-01;0.8333333333333333;31044
3;2017-01;0.8333333333333333;31044
4;2018-01;0.9333333333333332;31044
5;2019-01;0.8444444444444444;31044
6;2020-01;0.711111111111111;31044
7;2021-01;0.611111111111111;31044
8;2022-01;0.5611111111111111;31044
9;2023-01;0.6611111111111111;31044
10;2024-01;0.75;31044
0;2014-01;0.6166666666666666;31099
1;2015-01;0.6458333333333334;31099
2;2016-01;0.8125;31099
3;2017-01;0.8125;31099
4;2018-01;0.8333333333333334;31099
5;2019-01;0.7053571428571428;31099
6;2020-01;0.7357142857142858;31099
7;2021-01;0.7857142857142857;31099
8;2022-01;0.57;31099
9;2023-01;0.58;31099
10;2024-01;0.6599999999999999;31099
0;2014-01;0.6051036682615629;31008
1;2015-01;0.5709090909090909;31008
2;2016-01;0.62;31008
3;2017-01;0.7533333333333333;31008
4;2018-01;0.8133333333333332;31008
5;2019-01;0.8800000000000001;31008
6;2020-01;0.9;31008
7;2021-01;0.9714285714285715;31008
8;2022-01;0.8142857142857143;31008
9;2023-01;0.7571428571428571;31008
10;2024-01;0.7142857142857143;31008
0;2014-01;0.8333333333333334;31045
1;2015-01;0.7916666666666666;31045
2;2016-01;0.8166666666666667;31045
3;2017-01;0.7291666666666666;31045
4;2018-01;0.8958333333333334;31045
5;2019-01;0.7291666666666666;31045
6;2020-01;0.6533333333333333;31045
7;2021-01;0.6166666666666667;31045
8;2022-01;0.5888888888888889;31045
9;2023-01;0.5958333333333333;31045
10;2024-01;0.6666666666666666;31045
0;2014-01;0.6409090909090909;31015
1;2015-01;0.625;31015
2;2016-01;0.7000000000000001;31015
3;2017-01;0.7999999999999999;31015
4;2018-01;0.6666666666666667;31015
5;2019-01;0.7833333333333333;31015
6;2020-01;0.7066666666666667;31015
7;2021-01;0.6733333333333333;31015
8;2022-01;0.6333333333333334;31015
9;2023-01;0.6333333333333333;31015
10;2024-01;0.7916666666666666;31015
0;2014-01;0.6462230658832213;31016
1;2015-01;0.6398404582545407;31016
2;2016-01;0.6781501038512808;31016
3;2017-01;0.6539309616564636;31016
4;2018-01;0.6780982502259099;31016
5;2019-01;0.6788506518941302;31016
6;2020-01;0.6592292732059434;31016
7;2021-01;0.6160624479606451;31016
8;2022-01;0.6647721071262959;31016
9;2023-01;0.6149631839722967;31016
10;2024-01;0.6337921819282615;31016
0;2014-01;0.6055194805194806;31037
1;2015-01;0.6852813852813853;31037
2;2016-01;0.567012987012987;31037
3;2017-01;0.6140367965367965;31037
4;2018-01;0.6809920634920635;31037
5;2019-01;0.704484126984127;31037
6;2020-01;0.758846153846154;31037
7;2021-01;0.7988461538461539;31037
8;2022-01;0.8116239316239315;31037
9;2023-01;0.7229964806435395;31037
10;2024-01;0.6358169934640523;31037
0;2014-01;0.5263001867413633;31017
1;2015-01;0.5125396825396826;31017
2;2016-01;0.5673015873015873;31017
3;2017-01;0.5492063492063493;31017
4;2018-01;0.5085714285714286;31017
5;2019-01;0.5704761904761905;31017
6;2020-01;0.6452380952380953;31017
7;2021-01;0.6354761904761904;31017
8;2022-01;0.5878571428571429;31017
9;2023-01;0.39642857142857146;31017
10;2024-01;0.42142857142857143;31017
0;2014-01;0.8721212121212121;31024
1;2015-01;0.7915656565656566;31024
2;2016-01;0.6035353535353536;31024
3;2017-01;0.6136363636363636;31024
4;2018-01;0.5909090909090909;31024
5;2019-01;0.612020202020202;31024
6;2020-01;0.5638383838383838;31024
7;2021-01;0.5845454545454546;31024
8;2022-01;0.48230769230769227;31024
9;2023-01;0.5833566433566434;31024
10;2024-01;0.7015384615384616;31024
0;2014-01;0.7714285714285714;31011
1;2015-01;0.6577380952380952;31011
2;2016-01;0.5583333333333333;31011
3;2017-01;0.5833333333333334;31011
4;2018-01;0.6666666666666667;31011
5;2019-01;0.8;31011
6;2020-01;0.9;31011
7;2021-01;0.9;31011
8;2022-01;1.0;31011
9;2023-01;0.96;31011
10;2024-01;0.8133333333333332;31011
0;2014-01;0.7222222222222222;31090
1;2015-01;0.6944444444444443;31090
2;2016-01;0.7777777777777777;31090
3;2017-01;0.7083333333333334;31090
4;2018-01;0.5;31090
5;2019-01;0.611111111111111;31090
6;2020-01;0.7708333333333333;31090
7;2021-01;0.8333333333333334;31090
8;2022-01;0.5833333333333333;31090
9;2023-01;0.5833333333333334;31090
10;2024-01;0.611111111111111;31090
0;2014-01;1.0;31083
1;2015-01;0.75;31083
2;2016-01;0.75;31083
3;2017-01;0.5833333333333333;31083
4;2018-01;0.5555555555555555;31083
5;2019-01;0.5555555555555555;31083
6;2020-01;0.7222222222222222;31083
7;2021-01;0.7916666666666666;31083
8;2022-01;0.8333333333333334;31083
9;2023-01;0.8333333333333334;31083
10;2024-01;0.75;31083
0;2014-01;0.3877192982456141;31028
1;2015-01;0.37412280701754386;31028
2;2016-01;0.5498245614035088;31028
3;2017-01;0.41666666666666663;31028
4;2018-01;0.3333333333333333;31028
5;2019-01;0.47916666666666663;31028
6;2020-01;0.6041666666666667;31028
7;2021-01;0.6944444444444445;31028
8;2022-01;0.5833333333333334;31028
9;2023-01;0.4895833333333333;31028
10;2024-01;0.5416666666666666;31028
0;2014-01;0.6533333333333333;31092
1;2015-01;0.7533333333333333;31092
2;2016-01;0.5958333333333333;31092
3;2017-01;0.7125;31092
4;2018-01;0.6125;31092
5;2019-01;0.7125;31092
6;2020-01;0.6416666666666666;31092
7;2021-01;0.6833333333333333;31092
8;2022-01;0.6799999999999999;31092
9;2023-01;0.6666666666666667;31092
10;2024-01;0.5;31092
0;2014-01;0.7969458128078818;31007
1;2015-01;0.7742857142857142;31007
2;2016-01;0.8369047619047619;31007
3;2017-01;0.7380952380952381;31007
4;2018-01;0.7561904761904762;31007
5;2019-01;0.5580952380952381;31007
6;2020-01;0.4342857142857143;31007
7;2021-01;0.41460317460317453;31007
8;2022-01;0.6523809523809524;31007
9;2023-01;0.6623931623931624;31007
10;2024-01;0.6283605283605284;31007
0;2014-01;1.0;31077
1;2015-01;1.0;31077
2;2016-01;0.75;31077
3;2017-01;0.7222222222222222;31077
4;2018-01;0.5833333333333333;31077
5;2019-01;0.8333333333333333;31077
6;2020-01;0.6666666666666666;31077
7;2021-01;0.7777777777777777;31077
8;2022-01;0.6666666666666666;31077
9;2023-01;0.7083333333333334;31077
10;2024-01;0.7666666666666667;31077
0;2014-01;0.6666666666666666;31049
1;2015-01;0.6666666666666666;31049
2;2016-01;0.6666666666666666;31049
3;2017-01;0.7916666666666666;31049
4;2018-01;0.7416666666666667;31049
5;2019-01;0.6791666666666667;31049
6;2020-01;0.7625;31049
7;2021-01;0.6599999999999999;31049
8;2022-01;0.67;31049
9;2023-01;0.7;31049
10;2024-01;0.5333333333333333;31049
0;2014-01;0.8571428571428571;31055
1;2015-01;0.6904761904761904;31055
2;2016-01;0.5;31055
3;2017-01;0.75;31055
4;2018-01;0.75;31055
5;2019-01;0.7946428571428572;31055
6;2020-01;0.7946428571428572;31055
7;2021-01;0.6023809523809524;31055
8;2022-01;0.5595238095238095;31055
9;2023-01;0.5595238095238095;31055
10;2024-01;0.5208333333333334;31055
0;2014-01;0.9523809523809524;31002
1;2015-01;0.8392857142857143;31002
2;2016-01;0.9428571428571428;31002
3;2017-01;0.96;31002
4;2018-01;0.96;31002
5;2019-01;0.86;31002
6;2020-01;1.0;31002
7;2021-01;1.0;31002
8;2022-01;0.95;31002
9;2023-01;1.0;31002
10;2024-01;0.875;31002
0;2014-01;0.6145833333333334;31073
1;2015-01;0.675;31073
2;2016-01;0.47916666666666663;31073
3;2017-01;0.6944444444444445;31073
4;2018-01;0.5833333333333334;31073
5;2019-01;0.7708333333333334;31073
6;2020-01;0.7291666666666666;31073
7;2021-01;0.5722222222222223;31073
8;2022-01;0.3625;31073
9;2023-01;0.5555555555555555;31073
10;2024-01;0.7083333333333333;31073
0;2014-01;1.0;31089
1;2015-01;1.0;31089
2;2016-01;0.375;31089
3;2017-01;0.5;31089
4;2018-01;0.6666666666666666;31089
5;2019-01;0.5208333333333333;31089
6;2020-01;0.47916666666666663;31089
7;2021-01;0.6041666666666666;31089
8;2022-01;0.6166666666666667;31089
9;2023-01;0.5277777777777778;31089
10;2024-01;0.75;31089
0;2014-01;0.611111111111111;31091
1;2015-01;0.8888888888888888;31091
2;2016-01;0.8333333333333333;31091
3;2017-01;0.8888888888888888;31091
4;2018-01;0.8333333333333334;31091
5;2019-01;0.7777777777777778;31091
6;2020-01;1.0;31091
7;2021-01;1.0;31091
8;2022-01;1.0;31091
9;2023-01;0.6666666666666666;31091
10;2024-01;0.5;31091
0;2014-01;1.0;31051
1;2015-01;0.6666666666666666;31051
2;2016-01;0.611111111111111;31051
3;2017-01;0.611111111111111;31051
4;2018-01;0.7833333333333333;31051
5;2019-01;0.9333333333333332;31051
6;2020-01;0.7999999999999999;31051
7;2021-01;0.85;31051
8;2022-01;0.725;31051
9;2023-01;0.775;31051
10;2024-01;0.775;31051
0;2014-01;0.8800000000000001;31042
1;2015-01;0.5433333333333333;31042
2;2016-01;0.4;31042
3;2017-01;0.5875;31042
4;2018-01;0.6666666666666666;31042
5;2019-01;0.6666666666666666;31042
6;2020-01;0.6666666666666666;31042
7;2021-01;0.6;31042
8;2022-01;0.7666666666666666;31042
9;2023-01;0.8833333333333332;31042
10;2024-01;0.8541666666666666;31042
0;2014-01;0.5992063492063492;31034
1;2015-01;0.550595238095238;31034
2;2016-01;0.3958333333333333;31034
3;2017-01;0.6130952380952381;31034
4;2018-01;0.373015873015873;31034
5;2019-01;0.42976190476190473;31034
6;2020-01;0.47301587301587306;31034
7;2021-01;0.6;31034
8;2022-01;0.4666666666666667;31034
9;2023-01;0.5125;31034
10;2024-01;0.7166666666666667;31034
0;2014-01;0.6666666666666666;31088
1;2015-01;0.7777777777777778;31088
2;2016-01;0.7777777777777778;31088
3;2017-01;0.8333333333333334;31088
4;2018-01;0.9047619047619048;31088
5;2019-01;0.7936507936507936;31088
6;2020-01;0.6547619047619048;31088
7;2021-01;0.48412698412698413;31088
8;2022-01;0.8333333333333333;31088
9;2023-01;0.8888888888888888;31088
10;2024-01;0.8666666666666667;31088
0;2014-01;0.8452127659574469;31086
1;2015-01;0.825;31086
2;2016-01;0.6516666666666666;31086
3;2017-01;0.7294444444444445;31086
4;2018-01;0.6791666666666667;31086
5;2019-01;0.8388888888888889;31086
6;2020-01;0.7763888888888889;31086
7;2021-01;0.7708333333333334;31086
8;2022-01;0.6840277777777778;31086
9;2023-01;0.59375;31086
10;2024-01;0.595;31086
0;2014-01;0.39999999999999997;31071
1;2015-01;0.4;31071
2;2016-01;0.41666666666666663;31071
3;2017-01;0.53125;31071
4;2018-01;0.6541666666666667;31071
5;2019-01;0.6791666666666667;31071
6;2020-01;0.4458333333333333;31071
7;2021-01;0.4583333333333333;31071
8;2022-01;0.5416666666666666;31071
9;2023-01;0.8125;31071
10;2024-01;0.5446428571428572;31071
0;2014-01;0.7896825396825398;31004
1;2015-01;0.7031746031746031;31004
2;2016-01;0.6264069264069263;31004
3;2017-01;0.5353679653679654;31004
4;2018-01;0.5471717171717172;31004
5;2019-01;0.5293939393939394;31004
6;2020-01;0.5460606060606061;31004
7;2021-01;0.54;31004
8;2022-01;0.6166666666666667;31004
9;2023-01;0.8166666666666667;31004
10;2024-01;0.75;31004
0;2015-01;1.0;31067
1;2016-01;1.0;31067
2;2017-01;;31067
3;2018-01;;31067
4;2019-01;;31067
5;2020-01;;31067
6;2021-01;1.0;31067
7;2022-01;1.0;31067
8;2023-01;1.0;31067
9;2024-01;1.0;31067
0;2014-01;1.0;31038
1;2015-01;1.0;31038
2;2016-01;0.8333333333333334;31038
3;2017-01;0.875;31038
4;2018-01;0.7083333333333333;31038
5;2019-01;0.7083333333333334;31038
6;2020-01;0.6583333333333333;31038
7;2021-01;0.65;31038
8;2022-01;0.45;31038
9;2023-01;0.4277777777777778;31038
10;2024-01;0.5277777777777778;31038
0;2014-01;0.3333333333333333;31027
1;2015-01;0.6666666666666666;31027
2;2016-01;0.6666666666666666;31027
3;2017-01;0.611111111111111;31027
4;2018-01;0.625;31027
5;2019-01;0.51;31027
6;2020-01;0.7416666666666667;31027
7;2021-01;0.6833333333333333;31027
8;2022-01;0.6416666666666666;31027
9;2023-01;0.6188034188034188;31027
10;2024-01;0.5923076923076923;31027
0;2014-01;0.7142857142857143;31003
1;2015-01;0.75;31003
2;2016-01;0.75;31003
3;2017-01;0.6;31003
4;2018-01;0.7;31003
5;2019-01;0.8;31003
6;2020-01;0.8;31003
7;2021-01;0.6666666666666667;31003
8;2022-01;0.7666666666666667;31003
9;2023-01;0.8333333333333334;31003
10;2024-01;0.96;31003
0;2014-01;0.6305555555555555;31059
1;2015-01;0.5013888888888889;31059
2;2016-01;0.7652777777777777;31059
3;2017-01;0.8072916666666666;31059
4;2018-01;0.6625;31059
5;2019-01;0.575595238095238;31059
6;2020-01;0.5945887445887446;31059
7;2021-01;0.6525974025974026;31059
8;2022-01;0.5727272727272726;31059
9;2023-01;0.6074866310160427;31059
10;2024-01;0.449248790425261;31059
0;2014-01;0.8333333333333333;31095
1;2015-01;0.8333333333333333;31095
2;2016-01;0.7777777777777777;31095
3;2017-01;0.7222222222222222;31095
4;2018-01;0.8333333333333333;31095
5;2019-01;0.7222222222222222;31095
6;2020-01;0.6666666666666666;31095
7;2021-01;0.5;31095
8;2022-01;0.75;31095
9;2023-01;0.5;31095
10;2024-01;0.75;31095
0;2014-01;0.6198412698412699;31078
1;2015-01;0.5619047619047619;31078
2;2016-01;0.619047619047619;31078
3;2017-01;0.719047619047619;31078
4;2018-01;0.7071428571428571;31078
5;2019-01;0.7785714285714286;31078
6;2020-01;0.9;31078
7;2021-01;0.9;31078
8;2022-01;0.8;31078
9;2023-01;0.7;31078
10;2024-01;0.6333333333333333;31078
0;2014-01;0.9;31079
1;2015-01;0.8916666666666666;31079
2;2016-01;0.8375;31079
3;2017-01;0.595;31079
4;2018-01;0.7068181818181818;31079
5;2019-01;0.7068181818181818;31079
6;2020-01;0.7736363636363637;31079
7;2021-01;0.6472727272727272;31079
8;2022-01;0.6306060606060606;31079
9;2023-01;0.666060606060606;31079
10;2024-01;0.6933333333333334;31079
0;2014-01;0.487844611528822;31018
1;2015-01;0.5238095238095238;31018
2;2016-01;0.4988095238095238;31018
3;2017-01;0.625;31018
4;2018-01;0.44512820512820517;31018
5;2019-01;0.5179059829059829;31018
6;2020-01;0.6047191697191697;31018
7;2021-01;0.5581562881562881;31018
8;2022-01;0.6417460317460317;31018
9;2023-01;0.6062889983579638;31018
10;2024-01;0.6384430512016719;31018
0;2014-01;0.7777777777777778;31050
1;2015-01;0.7083333333333334;31050
2;2016-01;0.875;31050
3;2017-01;0.7777777777777777;31050
4;2018-01;0.8333333333333333;31050
5;2019-01;0.8333333333333333;31050
6;2020-01;0.8333333333333333;31050
7;2021-01;0.6666666666666666;31050
8;2022-01;0.3333333333333333;31050
9;2023-01;0.3333333333333333;31050
10;2024-01;0.3333333333333333;31050
0;2014-01;0.42857142857142855;31074
1;2015-01;0.5785714285714285;31074
2;2016-01;0.6585714285714286;31074
3;2017-01;0.515;31074
4;2018-01;0.6;31074
5;2019-01;0.5333333333333333;31074
6;2020-01;0.6166666666666666;31074
7;2021-01;0.78125;31074
8;2022-01;0.8333333333333334;31074
9;2023-01;0.7714285714285715;31074
10;2024-01;0.8035714285714286;31074
0;2014-01;0.7533816425120773;31035
1;2015-01;0.7950292397660819;31035
2;2016-01;0.6701754385964913;31035
3;2017-01;0.6995614035087719;31035
4;2018-01;0.7157894736842105;31035
5;2019-01;0.7468671679197995;31035
6;2020-01;0.7428571428571429;31035
7;2021-01;0.6607142857142857;31035
8;2022-01;0.5773809523809523;31035
9;2023-01;0.8142857142857143;31035
10;2024-01;0.6392857142857142;31035
0;2014-01;1.0;31026
1;2015-01;1.0;31026
2;2016-01;1.0;31026
3;2017-01;0.8333333333333333;31026
4;2018-01;0.75;31026
5;2019-01;0.8333333333333334;31026
6;2020-01;0.8452380952380952;31026
7;2021-01;0.6838095238095238;31026
8;2022-01;0.7485714285714286;31026
9;2023-01;0.8285714285714285;31026
10;2024-01;0.7782738095238095;31026
0;2014-01;0.7023809523809524;31019
1;2015-01;0.8452380952380952;31019
2;2016-01;0.75;31019
3;2017-01;0.7000000000000001;31019
4;2018-01;0.6916666666666667;31019
5;2019-01;0.7533333333333333;31019
6;2020-01;0.6366666666666667;31019
7;2021-01;0.6041666666666666;31019
8;2022-01;0.6083333333333333;31019
9;2023-01;0.775;31019
10;2024-01;0.4458333333333333;31019
0;2014-01;0.75;31048
1;2015-01;0.6416666666666666;31048
2;2016-01;0.5666666666666667;31048
3;2017-01;0.6854166666666667;31048
4;2018-01;0.6020833333333333;31048
5;2019-01;0.79375;31048
6;2020-01;0.7285714285714285;31048
7;2021-01;0.6828571428571428;31048
8;2022-01;0.7142857142857142;31048
9;2023-01;0.8099999999999999;31048
10;2024-01;0.8466666666666667;31048
0;2014-01;0.6547619047619048;31052
1;2015-01;0.42857142857142855;31052
2;2016-01;0.6666666666666666;31052
3;2017-01;0.875;31052
4;2018-01;0.6875;31052
5;2019-01;0.6875;31052
6;2020-01;0.75;31052
7;2021-01;0.8;31052
8;2022-01;0.5166666666666666;31052
9;2023-01;0.5625;31052
10;2024-01;0.7;31052
0;2014-01;0.8333333333333334;31030
1;2015-01;0.7833333333333333;31030
2;2016-01;0.6875;31030
3;2017-01;0.5125;31030
4;2018-01;0.5499999999999999;31030
5;2019-01;0.5583333333333333;31030
6;2020-01;0.6833333333333333;31030
7;2021-01;0.6799999999999999;31030
8;2022-01;0.9166666666666666;31030
9;2023-01;0.95;31030
10;2024-01;0.8699999999999999;31030
0;2014-01;0.75;31096
1;2015-01;0.7999999999999999;31096
2;2016-01;0.85;31096
3;2017-01;0.8800000000000001;31096
4;2018-01;0.85;31096
5;2019-01;1.0;31096
6;2020-01;0.875;31096
7;2021-01;1.0;31096
8;2022-01;0.875;31096
9;2023-01;0.8333333333333334;31096
10;2024-01;0.875;31096
0;2014-01;1.0;31080
1;2015-01;1.0;31080
2;2016-01;;31080
3;2017-01;1.0;31080
4;2018-01;1.0;31080
5;2019-01;1.0;31080
6;2020-01;1.0;31080
7;2021-01;1.0;31080
8;2022-01;1.0;31080
9;2023-01;1.0;31080
10;2024-01;1.0;31080
0;2014-01;0.5056349206349207;31036
1;2015-01;0.6355555555555557;31036
2;2016-01;0.6190476190476191;31036
3;2017-01;0.6527777777777778;31036
4;2018-01;0.7231746031746031;31036
5;2019-01;0.8225396825396825;31036
6;2020-01;0.673968253968254;31036
7;2021-01;0.7363614163614164;31036
8;2022-01;0.6355921855921857;31036
9;2023-01;0.6356837606837606;31036
10;2024-01;0.5768648018648019;31036
0;2014-01;0.6666666666666666;31020
1;2015-01;;31020
2;2016-01;1.0;31020
3;2017-01;0.875;31020
4;2018-01;0.5833333333333334;31020
5;2019-01;0.75;31020
6;2020-01;0.75;31020
7;2021-01;0.7333333333333334;31020
8;2022-01;0.7333333333333334;31020
9;2023-01;0.7333333333333334;31020
10;2024-01;0.7933333333333333;31020
0;2014-01;0.875;31093
1;2015-01;0.8714285714285716;31093
2;2016-01;0.9642857142857143;31093
3;2017-01;0.7380952380952381;31093
4;2018-01;0.6369047619047619;31093
5;2019-01;0.7380952380952381;31093
6;2020-01;0.611111111111111;31093
7;2021-01;0.611111111111111;31093
8;2022-01;0.611111111111111;31093
9;2023-01;0.7222222222222223;31093
10;2024-01;0.7916666666666666;31093
0;2014-01;0.5833333333333334;31047
1;2015-01;0.75;31047
2;2016-01;0.625;31047
3;2017-01;0.625;31047
4;2018-01;0.75;31047
5;2019-01;0.6875;31047
6;2020-01;0.6875;31047
7;2021-01;0.75;31047
8;2022-01;0.8888888888888888;31047
9;2023-01;0.8888888888888888;31047
10;2024-01;0.6666666666666666;31047
0;2014-01;0.75625;31021
1;2015-01;0.8875;31021
2;2016-01;0.7983333333333333;31021
3;2017-01;0.7366666666666666;31021
4;2018-01;0.57;31021
5;2019-01;0.5199999999999999;31021
6;2020-01;0.6;31021
7;2021-01;0.7166666666666667;31021
8;2022-01;0.8;31021
9;2023-01;0.875;31021
10;2024-01;0.8611111111111112;31021
0;2014-01;0.9431818181818181;31022
1;2015-01;0.8920083184789066;31022
2;2016-01;0.869281045751634;31022
3;2017-01;0.6348039215686274;31022
4;2018-01;0.6316526610644257;31022
5;2019-01;0.6904761904761905;31022
6;2020-01;0.6404761904761905;31022
7;2021-01;0.7238095238095238;31022
8;2022-01;0.8095238095238095;31022
9;2023-01;0.9285714285714286;31022
10;2024-01;0.9333333333333333;31022
0;2014-01;0.7222222222222222;31031
1;2015-01;0.7916666666666666;31031
2;2016-01;0.7857142857142857;31031
3;2017-01;0.7857142857142857;31031
4;2018-01;0.8035714285714286;31031
5;2019-01;0.8428571428571429;31031
6;2020-01;0.8928571428571428;31031
7;2021-01;0.6857142857142857;31031
8;2022-01;0.9333333333333332;31031
9;2023-01;0.9333333333333332;31031
10;2024-01;0.9;31031
0;2014-01;0.75;31065
1;2015-01;0.75;31065
2;2016-01;1.0;31065
3;2017-01;1.0;31065
4;2018-01;0.8;31065
5;2019-01;0.6;31065
6;2020-01;0.5666666666666667;31065
7;2021-01;0.35;31065
8;2022-01;0.35;31065
9;2023-01;0.7333333333333334;31065
10;2024-01;0.7333333333333334;31065
0;2014-01;0.5666666666666667;31009
1;2015-01;0.675;31009
2;2016-01;0.675;31009
3;2017-01;0.7916666666666666;31009
4;2018-01;0.6333333333333333;31009
5;2019-01;0.7333333333333333;31009
6;2020-01;0.6333333333333333;31009
7;2021-01;0.7916666666666666;31009
8;2022-01;0.6666666666666666;31009
9;2023-01;0.875;31009
10;2024-01;0.875;31009
0;2014-01;0.6666666666666666;31053
1;2015-01;0.7555555555555555;31053
2;2016-01;0.6166666666666667;31053
3;2017-01;0.75;31053
4;2018-01;0.5111111111111111;31053
5;2019-01;0.6333333333333333;31053
6;2020-01;0.6333333333333333;31053
7;2021-01;0.7777777777777778;31053
8;2022-01;0.8666666666666666;31053
9;2023-01;0.95;31053
10;2024-01;0.9;31053
0;2014-01;1.0;31094
1;2015-01;1.0;31094
2;2016-01;0.875;31094
3;2017-01;0.6375;31094
4;2018-01;0.55625;31094
5;2019-01;0.6799999999999999;31094
6;2020-01;0.5616666666666668;31094
7;2021-01;0.46458333333333335;31094
8;2022-01;0.5270833333333333;31094
9;2023-01;0.6020833333333333;31094
10;2024-01;0.7583333333333333;31094
0;2014-01;0.74;31023
1;2015-01;0.8400000000000001;31023
2;2016-01;0.82;31023
3;2017-01;0.89;31023
4;2018-01;0.8099999999999999;31023
5;2019-01;0.76;31023
6;2020-01;0.7;31023
7;2021-01;0.625;31023
8;2022-01;0.6666666666666666;31023
9;2023-01;0.8333333333333334;31023
10;2024-01;0.7678571428571428;31023
0;2014-01;0.7374911587268567;31097
1;2015-01;0.8202650546384562;31097
2;2016-01;0.7419882972952027;31097
3;2017-01;0.6496651941408975;31097
4;2018-01;0.6767602495543672;31097
5;2019-01;0.6320860566448803;31097
6;2020-01;0.5917508417508417;31097
7;2021-01;0.6435690235690236;31097
8;2022-01;0.7219023569023568;31097
9;2023-01;0.8337710437710438;31097
10;2024-01;0.7470707070707071;31097
0;2014-01;0.6905882352941177;31057
1;2015-01;0.6133333333333333;31057
2;2016-01;0.6666666666666666;31057
3;2017-01;0.6966666666666667;31057
4;2018-01;0.5291666666666667;31057
5;2019-01;0.58;31057
6;2020-01;0.6209523809523809;31057
7;2021-01;0.7065079365079365;31057
8;2022-01;0.6079365079365079;31057
9;2023-01;0.5023809523809524;31057
10;2024-01;0.5849206349206348;31057
0;2014-01;0.826115061409179;31025
1;2015-01;0.8122588522588522;31025
2;2016-01;0.6897435897435897;31025
3;2017-01;0.8040293040293041;31025
4;2018-01;0.6056166056166056;31025
5;2019-01;0.6746031746031746;31025
6;2020-01;0.7904761904761906;31025
7;2021-01;0.8571428571428571;31025
8;2022-01;0.8865800865800866;31025
9;2023-01;0.8017316017316016;31025
10;2024-01;0.6495238095238095;31025
0;2014-01;1.0;31076
1;2015-01;1.0;31076
2;2016-01;1.0;31076
3;2017-01;0.875;31076
4;2018-01;0.625;31076
5;2019-01;0.75;31076
6;2020-01;0.75;31076
7;2021-01;1.0;31076
8;2022-01;0.75;31076
9;2023-01;0.75;31076
10;2024-01;0.75;31076
0;2014-01;0.7777777777777778;31084
1;2015-01;0.8444444444444444;31084
2;2016-01;0.6833333333333333;31084
3;2017-01;0.6433333333333333;31084
4;2018-01;0.5783333333333334;31084
5;2019-01;0.5533333333333333;31084
6;2020-01;0.5933333333333334;31084
7;2021-01;0.825;31084
8;2022-01;0.8066666666666666;31084
9;2023-01;0.7933333333333333;31084
10;2024-01;0.8400000000000001;31084
0;2014-01;1.0;31066
1;2015-01;1.0;31066
2;2016-01;0.8333333333333334;31066
3;2017-01;0.8333333333333334;31066
4;2018-01;0.8333333333333334;31066
5;2019-01;0.75;31066
6;2020-01;0.6666666666666666;31066
7;2021-01;0.6666666666666666;31066
8;2022-01;0.75;31066
9;2023-01;0.7999999999999999;31066
10;2024-01;0.7999999999999999;31066
0;2014-01;0.6770833333333334;31032
1;2015-01;0.5491071428571428;31032
2;2016-01;0.5467261904761904;31032
3;2017-01;0.4383333333333333;31032
4;2018-01;0.6446428571428571;31032
5;2019-01;0.6714285714285715;31032
6;2020-01;0.4063492063492063;31032
7;2021-01;0.4785714285714286;31032
8;2022-01;0.6444444444444445;31032
9;2023-01;0.6708333333333334;31032
10;2024-01;0.6255555555555555;31032
0;2014-01;0.6666666666666666;31098
1;2015-01;0.6666666666666666;31098
2;2016-01;0.6666666666666666;31098
3;2017-01;0.41666666666666663;31098
4;2018-01;0.41666666666666663;31098
5;2019-01;0.7777777777777778;31098
6;2020-01;0.6666666666666666;31098
7;2021-01;0.611111111111111;31098
8;2022-01;0.41666666666666663;31098
9;2023-01;0.41666666666666663;31098
10;2024-01;0.75;31098
0;2014-01;0.9473684210526316;31061
1;2015-01;0.9473684210526316;31061
2;2016-01;0.9298245614035089;31061
3;2017-01;0.75;31061
4;2018-01;0.75;31061
5;2019-01;1.0;31061
6;2020-01;1.0;31061
7;2021-01;0.8333333333333334;31061
8;2022-01;0.6458333333333333;31061
9;2023-01;0.6458333333333333;31061
10;2024-01;0.6666666666666666;31061
0;2014-01;0.5416666666666666;31085
1;2015-01;0.6333333333333333;31085
2;2016-01;0.7333333333333333;31085
3;2017-01;0.5208333333333333;31085
4;2018-01;0.5;31085
5;2019-01;0.8;31085
6;2020-01;0.7333333333333334;31085
7;2021-01;0.5222222222222223;31085
8;2022-01;0.7222222222222222;31085
9;2023-01;0.5666666666666667;31085
10;2024-01;0.55;31085
0;2014-01;0.9166666666666667;31046
1;2015-01;0.8333333333333333;31046
2;2016-01;0.8333333333333333;31046
3;2017-01;0.5833333333333333;31046
4;2018-01;0.5833333333333333;31046
5;2019-01;0.7222222222222222;31046
6;2020-01;0.7083333333333334;31046
7;2021-01;0.7083333333333334;31046
8;2022-01;0.7083333333333334;31046
9;2023-01;0.875;31046
10;2024-01;1.0;31046
0;2014-01;0.7999999999999999;31012
1;2015-01;0.8386363636363636;31012
2;2016-01;0.8618181818181817;31012
3;2017-01;0.9054545454545455;31012
4;2018-01;0.9454545454545455;31012
5;2019-01;0.7787878787878787;31012
6;2020-01;0.6666666666666666;31012
7;2021-01;0.7916666666666666;31012
8;2022-01;0.8068181818181819;31012
9;2023-01;0.7840909090909091;31012
10;2024-01;0.7671328671328671;31012
0;2014-01;1.0;31010
1;2015-01;1.0;31010
2;2016-01;1.0;31010
3;2017-01;1.0;31010
4;2018-01;0.875;31010
5;2019-01;0.7380952380952381;31010
6;2020-01;0.7738095238095237;31010
7;2021-01;0.7738095238095237;31010
8;2022-01;0.5873015873015873;31010
9;2023-01;0.5714285714285714;31010
10;2024-01;0.5047619047619047;31010
0;2014-01;0.7123626373626374;50004
1;2015-01;0.5850793650793651;50004
2;2016-01;0.6202380952380953;50004
3;2017-01;0.5996825396825397;50004
4;2018-01;0.6253968253968254;50004
5;2019-01;0.6305555555555555;50004
6;2020-01;0.6655555555555556;50004
7;2021-01;0.6599999999999999;50004
8;2022-01;0.5655555555555556;50004
9;2023-01;0.5875;50004
10;2024-01;0.5997619047619047;50004
0;2014-01;0.6595557357589549;50001
1;2015-01;0.6982408079114565;50001
2;2016-01;0.6666394759609442;50001
3;2017-01;0.6898387096774193;50001
4;2018-01;0.6697960402799112;50001
5;2019-01;0.7273109745690391;50001
6;2020-01;0.6798051948051949;50001
7;2021-01;0.68589027530204;50001
8;2022-01;0.5905016552075375;50001
9;2023-01;0.6174840845429082;50001
10;2024-01;0.6518665648077413;50001
0;2014-01;0.7740350877192983;50003
1;2015-01;0.7647272026219394;50003
2;2016-01;0.7782393483709272;50003
3;2017-01;0.7101942355889724;50003
4;2018-01;0.6159774436090226;50003
5;2019-01;0.6541666666666667;50003
6;2020-01;0.6127380952380952;50003
7;2021-01;0.611452380952381;50003
8;2022-01;0.5574285714285715;50003
9;2023-01;0.6274468864468864;50003
10;2024-01;0.6374696356275303;50003
0;2014-01;0.6010989010989011;50002
1;2015-01;0.6510989010989011;50002
2;2016-01;0.6675824175824175;50002
3;2017-01;0.8071428571428572;50002
4;2018-01;0.7257142857142858;50002
5;2019-01;0.5535714285714286;50002
6;2020-01;0.5972222222222222;50002
7;2021-01;0.5184126984126984;50002
8;2022-01;0.598015873015873;50002
9;2023-01;0.723015873015873;50002
10;2024-01;0.8139880952380952;50002
0;2014-01;0.9166666666666667;51006
1;2015-01;0.7222222222222222;51006
2;2016-01;0.7777777777777778;51006
3;2017-01;0.625;51006
4;2018-01;0.8333333333333333;51006
5;2019-01;0.38888888888888884;51006
6;2020-01;0.6666666666666666;51006
7;2021-01;0.5;51006
8;2022-01;0.8333333333333333;51006
9;2023-01;0.8518518518518517;51006
10;2024-01;0.6555555555555556;51006
0;2014-01;0.6666666666666666;51001
1;2015-01;0.75;51001
2;2016-01;0.43333333333333335;51001
3;2017-01;0.26666666666666666;51001
4;2018-01;0.5111111111111111;51001
5;2019-01;0.5111111111111111;51001
6;2020-01;0.6666666666666666;51001
7;2021-01;0.6666666666666666;51001
8;2022-01;0.7777777777777778;51001
9;2023-01;0.8333333333333334;51001
10;2024-01;0.8333333333333334;51001
0;2014-01;0.5033333333333333;51013
1;2015-01;0.49111111111111116;51013
2;2016-01;0.5022222222222222;51013
3;2017-01;0.5047619047619047;51013
4;2018-01;0.4404761904761905;51013
5;2019-01;0.5056277056277056;51013
6;2020-01;0.5619588744588744;51013
7;2021-01;0.5647186147186147;51013
8;2022-01;0.5489898989898989;51013
9;2023-01;0.3601010101010101;51013
10;2024-01;0.3888888888888889;51013
0;2014-01;1.0;51004
1;2015-01;0.5;51004
2;2016-01;0.75;51004
3;2017-01;0.5833333333333334;51004
4;2018-01;0.5;51004
5;2019-01;0.5;51004
6;2020-01;0.6666666666666666;51004
7;2021-01;0.625;51004
8;2022-01;0.5833333333333334;51004
9;2023-01;0.625;51004
10;2024-01;0.6666666666666666;51004
0;2014-01;0.6666666666666666;51011
1;2015-01;0.7777777777777778;51011
2;2016-01;0.5;51011
3;2017-01;0.6666666666666666;51011
4;2018-01;0.8333333333333333;51011
5;2019-01;0.7083333333333334;51011
6;2020-01;0.3833333333333333;51011
7;2021-01;0.39999999999999997;51011
8;2022-01;0.5;51011
9;2023-01;0.5555555555555555;51011
10;2024-01;0.5555555555555555;51011
0;2014-01;0.75;51008
1;2015-01;0.8333333333333334;51008
2;2016-01;0.7555555555555555;51008
3;2017-01;0.7936507936507936;51008
4;2018-01;0.7936507936507936;51008
5;2019-01;0.6825396825396824;51008
6;2020-01;0.45238095238095233;51008
7;2021-01;0.6142857142857143;51008
8;2022-01;0.6125;51008
9;2023-01;0.6687106918238994;51008
10;2024-01;0.6654481132075472;51008
0;2014-01;1.0;51007
1;2015-01;1.0;51007
2;2016-01;1.0;51007
3;2017-01;1.0;51007
4;2018-01;0.9333333333333332;51007
5;2019-01;0.95;51007
6;2020-01;0.7666666666666666;51007
7;2021-01;0.775;51007
8;2022-01;0.82;51007
9;2023-01;0.89;51007
10;2024-01;0.6222222222222222;51007
0;2014-01;0.6666666666666666;51005
1;2015-01;0.7777777777777777;51005
2;2016-01;0.8333333333333333;51005
3;2017-01;0.8333333333333333;51005
4;2018-01;0.8333333333333334;51005
5;2019-01;1.0;51005
6;2020-01;0.5833333333333334;51005
7;2021-01;0.625;51005
8;2022-01;0.5625;51005
9;2023-01;0.5;51005
10;2024-01;0.375;51005
0;2014-01;0.8670121457489879;51002
1;2015-01;0.8909291176659597;51002
2;2016-01;0.8573587815693079;51002
3;2017-01;0.8172585309427415;51002
4;2018-01;0.7717230576441103;51002
5;2019-01;0.7269444444444444;51002
6;2020-01;0.6944444444444444;51002
7;2021-01;0.5811111111111111;51002
8;2022-01;0.6134502923976608;51002
9;2023-01;0.6043024227234753;51002
10;2024-01;0.6231259968102073;51002
0;2014-01;0.5;51010
1;2015-01;0.75;51010
2;2016-01;0.8333333333333334;51010
3;2017-01;0.75;51010
4;2018-01;1.0;51010
5;2019-01;1.0;51010
6;2020-01;1.0;51010
7;2021-01;1.0;51010
8;2022-01;1.0;51010
9;2023-01;1.0;51010
10;2024-01;1.0;51010
0;2014-01;1.0;51003
1;2015-01;1.0;51003
2;2016-01;1.0;51003
3;2017-01;1.0;51003
4;2018-01;1.0;51003
5;2019-01;1.0;51003
6;2020-01;1.0;51003
7;2021-01;1.0;51003
8;2022-01;1.0;51003
9;2023-01;1.0;51003
10;2024-01;0.9791666666666666;51003
0;2014-01;0.38888888888888884;51015
1;2015-01;0.38888888888888884;51015
2;2016-01;0.611111111111111;51015
3;2017-01;0.5833333333333333;51015
4;2018-01;0.5416666666666666;51015
5;2019-01;0.5416666666666666;51015
6;2020-01;0.5;51015
7;2021-01;0.6666666666666666;51015
8;2022-01;0.3333333333333333;51015
9;2023-01;0.3333333333333333;51015
10;2024-01;0.3333333333333333;51015
0;2014-01;0.6388888888888888;51012
1;2015-01;0.6791666666666667;51012
2;2016-01;0.7033333333333334;51012
3;2017-01;0.77;51012
4;2018-01;0.4875;51012
5;2019-01;0.6125;51012
6;2020-01;0.37222222222222223;51012
7;2021-01;0.37222222222222223;51012
8;2022-01;0.37222222222222223;51012
9;2023-01;0.37222222222222223;51012
10;2024-01;0.6222222222222222;51012
0;2014-01;1.0;51016
1;2015-01;1.0;51016
2;2016-01;1.0;51016
3;2017-01;0.6666666666666666;51016
4;2018-01;0.8333333333333333;51016
5;2019-01;1.0;51016
6;2020-01;1.0;51016
7;2021-01;0.75;51016
8;2022-01;0.8333333333333334;51016
9;2023-01;0.5;51016
10;2024-01;0.75;51016
0;2014-01;0.2895021645021645;51014
1;2015-01;0.3699494949494949;51014
2;2016-01;0.4016812865497076;51014
3;2017-01;0.371173030615755;51014
4;2018-01;0.29639332116112305;51014
5;2019-01;0.3539298678617564;51014
6;2020-01;0.32918833488492927;51014
7;2021-01;0.35276806526806526;51014
8;2022-01;0.32736596736596735;51014
9;2023-01;0.41454545454545455;51014
10;2024-01;0.4033333333333333;51014
0;2018-01;1.0;51009
1;2019-01;1.0;51009
2;2020-01;0.5;51009
3;2021-01;0.5;51009
4;2022-01;;51009
5;2023-01;;51009
6;2024-01;1.0;51009
0;2014-01;0.6535714285714286;15011
1;2015-01;0.9166666666666666;15011
2;2016-01;0.875;15011
3;2017-01;0.8888888888888888;15011
4;2018-01;1.0;15011
5;2019-01;0.8888888888888888;15011
6;2020-01;0.8333333333333334;15011
7;2021-01;0.6666666666666666;15011
8;2022-01;0.5416666666666666;15011
9;2023-01;0.6333333333333333;15011
10;2024-01;0.5266666666666666;15011
0;2014-01;0.6041666666666666;15007
1;2015-01;0.5565476190476191;15007
2;2016-01;0.46279761904761907;15007
3;2017-01;0.6145833333333333;15007
4;2018-01;0.6354166666666666;15007
5;2019-01;0.4916666666666666;15007
6;2020-01;0.6166666666666667;15007
7;2021-01;0.7083333333333333;15007
8;2022-01;0.7395833333333334;15007
9;2023-01;0.8229166666666666;15007
10;2024-01;0.4166666666666667;15007
0;2014-01;1.0;15013
1;2015-01;1.0;15013
2;2016-01;1.0;15013
3;2017-01;1.0;15013
4;2018-01;1.0;15013
5;2019-01;1.0;15013
6;2020-01;1.0;15013
7;2021-01;0.7222222222222222;15013
8;2022-01;0.7222222222222222;15013
9;2023-01;0.75;15013
10;2024-01;1.0;15013
0;2014-01;0.4518648018648018;15001
1;2015-01;0.5213675213675214;15001
2;2016-01;0.6111111111111112;15001
3;2017-01;0.4371794871794872;15001
4;2018-01;0.3500854700854701;15001
5;2019-01;0.39095022624434395;15001
6;2020-01;0.3706686777275013;15001
7;2021-01;0.3676520864756159;15001
8;2022-01;0.4655756661639015;15001
9;2023-01;0.5195927601809955;15001
10;2024-01;0.46961538461538466;15001
0;2014-01;0.5141941391941391;15002
1;2015-01;0.41135531135531134;15002
2;2016-01;0.5406593406593407;15002
3;2017-01;0.612087912087912;15002
4;2018-01;0.4873792873792874;15002
5;2019-01;0.562054612054612;15002
6;2020-01;0.6717199467199467;15002
7;2021-01;0.4878066378066378;15002
8;2022-01;0.41883116883116883;15002
9;2023-01;0.5023809523809524;15002
10;2024-01;0.48571428571428565;15002
0;2014-01;0.5555555555555556;15012
1;2015-01;0.3296296296296296;15012
2;2016-01;0.45;15012
3;2017-01;0.5177777777777778;15012
4;2018-01;0.5533333333333333;15012
5;2019-01;0.5166666666666667;15012
6;2020-01;0.64;15012
7;2021-01;0.74;15012
8;2022-01;0.5666666666666667;15012
9;2023-01;0.6066666666666667;15012
10;2024-01;0.49714285714285716;15012
0;2014-01;1.0;15014
1;2015-01;0.8888888888888888;15014
2;2016-01;0.8888888888888888;15014
3;2017-01;0.7777777777777778;15014
4;2018-01;0.4444444444444444;15014
5;2019-01;0.4444444444444444;15014
6;2020-01;0.5;15014
7;2021-01;;15014
8;2022-01;1.0;15014
9;2023-01;1.0;15014
10;2024-01;1.0;15014
0;2014-01;0.8916073781291173;15006
1;2015-01;0.7197101449275363;15006
2;2016-01;0.765741504247876;15006
3;2017-01;0.7879763527327246;15006
4;2018-01;0.8363279345175897;15006
5;2019-01;0.7706382793451759;15006
6;2020-01;0.8064419500904485;15006
7;2021-01;0.7395674266642008;15006
8;2022-01;0.7297830088152668;15006
9;2023-01;0.7201482127288579;15006
10;2024-01;0.7300029061319384;15006
0;2014-01;0.515;15009
1;2015-01;0.41025641025641024;15009
2;2016-01;0.42615384615384616;15009
3;2017-01;0.35504273504273504;15009
4;2018-01;0.4024358974358974;15009
5;2019-01;0.4107692307692307;15009
6;2020-01;0.54;15009
7;2021-01;0.525;15009
8;2022-01;0.5625;15009
9;2023-01;0.9138888888888889;15009
10;2024-01;0.8055555555555555;15009
0;2014-01;0.6757142857142857;15003
1;2015-01;0.6095238095238095;15003
2;2016-01;0.5982142857142857;15003
3;2017-01;0.6177380952380952;15003
4;2018-01;0.49375;15003
5;2019-01;0.5408333333333333;15003
6;2020-01;0.5366666666666667;15003
7;2021-01;0.5930128205128204;15003
8;2022-01;0.6310096153846154;15003
9;2023-01;0.695944055944056;15003
10;2024-01;0.5859265734265734;15003
0;2014-01;0.36523809523809525;15008
1;2015-01;0.5438095238095239;15008
2;2016-01;0.6133333333333333;15008
3;2017-01;0.6883838383838383;15008
4;2018-01;0.6557575757575758;15008
5;2019-01;0.6402486402486403;15008
6;2020-01;0.6965811965811965;15008
7;2021-01;0.5683760683760684;15008
8;2022-01;0.5219780219780219;15008
9;2023-01;0.6265567765567766;15008
10;2024-01;0.593452380952381;15008
0;2014-01;0.875;15004
1;2015-01;0.8125;15004
2;2016-01;0.875;15004
3;2017-01;0.5170454545454546;15004
4;2018-01;0.5790909090909091;15004
5;2019-01;0.5505194805194804;15004
6;2020-01;0.581948051948052;15004
7;2021-01;0.6172077922077922;15004
8;2022-01;0.6178571428571429;15004
9;2023-01;0.5595238095238094;15004
10;2024-01;0.49603174603174605;15004
0;2014-01;1.0;15010
1;2015-01;0.9333333333333332;15010
2;2016-01;0.9;15010
3;2017-01;0.7;15010
4;2018-01;0.8;15010
5;2019-01;0.8666666666666667;15010
6;2020-01;0.85;15010
7;2021-01;0.85;15010
8;2022-01;0.85;15010
9;2023-01;0.6875;15010
10;2024-01;0.8333333333333334;15010
0;2014-01;0.6944444444444443;25007
1;2015-01;0.6527777777777778;25007
2;2016-01;0.5694444444444444;25007
3;2017-01;0.6944444444444444;25007
4;2018-01;0.5533333333333333;25007
5;2019-01;0.6444444444444445;25007
6;2020-01;0.5333333333333333;25007
7;2021-01;0.47555555555555556;25007
8;2022-01;0.72;25007
9;2023-01;0.8333333333333333;25007
10;2024-01;0.8544444444444445;25007
0;2014-01;0.33958333333333335;25003
1;2015-01;0.31805555555555554;25003
2;2016-01;0.3701388888888889;25003
3;2017-01;0.3144444444444444;25003
4;2018-01;0.4826388888888889;25003
5;2019-01;0.4798611111111111;25003
6;2020-01;0.593452380952381;25003
7;2021-01;0.5009523809523809;25003
8;2022-01;0.534047619047619;25003
9;2023-01;0.5040476190476191;25003
10;2024-01;0.5057142857142857;25003
0;2014-01;0.6666666666666667;25002
1;2015-01;0.6597222222222222;25002
2;2016-01;0.6111111111111112;25002
3;2017-01;0.5944444444444444;25002
4;2018-01;0.6222222222222222;25002
5;2019-01;0.6399999999999999;25002
6;2020-01;0.7166666666666667;25002
7;2021-01;0.7253968253968254;25002
8;2022-01;0.5095238095238095;25002
9;2023-01;0.4011904761904762;25002
10;2024-01;0.5071428571428571;25002
0;2014-01;1.0;25004
1;2015-01;1.0;25004
2;2016-01;0.9;25004
3;2017-01;0.8666666666666667;25004
4;2018-01;0.8777777777777779;25004
5;2019-01;0.6277777777777778;25004
6;2020-01;0.7208333333333333;25004
7;2021-01;0.7666666666666666;25004
8;2022-01;0.7222222222222223;25004
9;2023-01;0.611111111111111;25004
10;2024-01;0.55;25004
0;2014-01;0.5879720853858785;25001
1;2015-01;0.6088104360518154;25001
2;2016-01;0.6570379492793286;25001
3;2017-01;0.6587301587301587;25001
4;2018-01;0.5643518518518518;25001
5;2019-01;0.5408249158249159;25001
6;2020-01;0.6204545454545455;25001
7;2021-01;0.6321212121212121;25001
8;2022-01;0.46186147186147186;25001
9;2023-01;0.5523376623376623;25001
10;2024-01;0.6019047619047619;25001
0;2015-01;1.0;25008
1;2016-01;0.875;25008
2;2017-01;0.625;25008
3;2018-01;0.75;25008
4;2019-01;0.5625;25008
5;2020-01;0.5166666666666666;25008
6;2021-01;0.41111111111111115;25008
7;2022-01;0.5666666666666667;25008
8;2023-01;0.6222222222222222;25008
9;2024-01;0.37777777777777777;25008
0;2014-01;0.4583333333333333;25006
1;2015-01;0.6458333333333334;25006
2;2016-01;0.6880952380952381;25006
3;2017-01;0.6011904761904762;25006
4;2018-01;0.5654761904761905;25006
5;2019-01;0.5216450216450216;25006
6;2020-01;0.393073593073593;25006
7;2021-01;0.49307359307359305;25006
8;2022-01;0.6264069264069263;25006
9;2023-01;0.6787878787878788;25006
10;2024-01;0.6929487179487179;25006
0;2014-01;0.7916666666666666;25009
1;2015-01;0.8333333333333334;25009
2;2016-01;0.7916666666666666;25009
3;2017-01;0.8333333333333333;25009
4;2018-01;0.8;25009
5;2019-01;0.7;25009
6;2020-01;0.4833333333333333;25009
7;2021-01;0.41666666666666663;25009
8;2022-01;0.6666666666666666;25009
9;2023-01;0.8888888888888888;25009
10;2024-01;0.8087121212121212;25009
0;2014-01;0.5666666666666667;25005
1;2015-01;0.7222222222222222;25005
2;2016-01;0.7291666666666666;25005
3;2017-01;0.7208333333333333;25005
4;2018-01;0.825;25005
5;2019-01;0.5900000000000001;25005
6;2020-01;0.75;25005
7;2021-01;0.675;25005
8;2022-01;0.625;25005
9;2023-01;0.75;25005
10;2024-01;0.90625;25005
0;2014-01;0.5622222222222222;25016
1;2015-01;0.5233333333333333;25016
2;2016-01;0.5166666666666666;25016
3;2017-01;0.4136363636363637;25016
4;2018-01;0.521969696969697;25016
5;2019-01;0.6428030303030303;25016
6;2020-01;0.6221212121212122;25016
7;2021-01;0.6172727272727273;25016
8;2022-01;0.6152777777777778;25016
9;2023-01;0.7240079365079365;25016
10;2024-01;0.6327380952380952;25016
0;2014-01;0.9333333333333332;25014
1;2015-01;0.9;25014
2;2016-01;0.9444444444444445;25014
3;2017-01;0.8333333333333333;25014
4;2018-01;0.6825396825396824;25014
5;2019-01;0.7261904761904762;25014
6;2020-01;0.4523809523809524;25014
7;2021-01;0.5654761904761905;25014
8;2022-01;0.7321428571428571;25014
9;2023-01;1.0;25014
10;2024-01;1.0;25014
0;2014-01;1.0;25012
1;2015-01;0.9772727272727273;25012
2;2016-01;0.9090909090909091;25012
3;2017-01;0.8551136363636364;25012
4;2018-01;0.5767045454545454;25012
5;2019-01;0.7421085858585859;25012
6;2020-01;0.7743055555555556;25012
7;2021-01;0.39814814814814814;25012
8;2022-01;0.4444444444444444;25012
9;2023-01;0.45592948717948717;25012
10;2024-01;0.39503205128205127;25012
0;2014-01;1.0;25011
1;2015-01;1.0;25011
2;2016-01;;25011
3;2017-01;1.0;25011
4;2018-01;1.0;25011
5;2019-01;0.7708333333333333;25011
6;2020-01;0.5;25011
7;2021-01;0.611111111111111;25011
8;2022-01;0.5625;25011
9;2023-01;0.6333333333333333;25011
10;2024-01;0.5833333333333333;25011
0;2014-01;1.0;25010
1;2015-01;0.625;25010
2;2016-01;0.9166666666666666;25010
3;2017-01;0.875;25010
4;2018-01;0.9;25010
5;2019-01;0.7333333333333333;25010
6;2020-01;0.8333333333333333;25010
7;2021-01;0.7666666666666666;25010
8;2022-01;0.55;25010
9;2023-01;0.8;25010
10;2024-01;0.8333333333333333;25010
0;2014-01;0.875;25013
1;2015-01;0.5;25013
2;2016-01;0.625;25013
3;2017-01;0.47916666666666663;25013
4;2018-01;0.611111111111111;25013
5;2019-01;0.7083333333333333;25013
6;2020-01;0.7380952380952381;25013
7;2021-01;0.6726190476190477;25013
8;2022-01;0.7976190476190476;25013
9;2023-01;0.9642857142857143;25013
10;2024-01;0.9285714285714286;25013
0;2014-01;0.7;25015
1;2015-01;0.7166666666666667;25015
2;2016-01;0.2875;25015
3;2017-01;0.65;25015
4;2018-01;0.48333333333333334;25015
5;2019-01;0.5833333333333334;25015
6;2020-01;0.7222222222222222;25015
7;2021-01;0.6041666666666666;25015
8;2022-01;0.6666666666666666;25015
9;2023-01;0.65;25015
10;2024-01;0.6333333333333333;25015
0;2014-01;0.6722467591687838;33004
1;2015-01;0.6992583545045925;33004
2;2016-01;0.6681339977851606;33004
3;2017-01;0.7419243547150524;33004
4;2018-01;0.6195970695970695;33004
5;2019-01;0.6295970695970696;33004
6;2020-01;0.5676923076923076;33004
7;2021-01;0.5442124542124542;33004
8;2022-01;0.6352380952380952;33004
9;2023-01;0.7584848484848485;33004
10;2024-01;0.6361616161616162;33004
0;2014-01;0.5356754784465381;33005
1;2015-01;0.4836048207489232;33005
2;2016-01;0.47954266970521076;33005
3;2017-01;0.3993808229033335;33005
4;2018-01;0.42552572603205513;33005
5;2019-01;0.48472875680619537;33005
6;2020-01;0.4865582130288012;33005
7;2021-01;0.5149113356543698;33005
8;2022-01;0.4847860601730571;33005
9;2023-01;0.47787171548781454;33005
10;2024-01;0.511965991902834;33005
0;2014-01;0.45779514603044014;33006
1;2015-01;0.45370705146246937;33006
2;2016-01;0.45679707289614413;33006
3;2017-01;0.4082301341589267;33006
4;2018-01;0.34543859649122804;33006
5;2019-01;0.4141754385964912;33006
6;2020-01;0.4461666666666667;33006
7;2021-01;0.4377894736842105;33006
8;2022-01;0.4513187134502924;33006
9;2023-01;0.5530672514619883;33006
10;2024-01;0.603874269005848;33006
0;2014-01;0.7807467532467532;33009
1;2015-01;0.8407467532467532;33009
2;2016-01;0.824992784992785;33009
3;2017-01;0.7614718614718614;33009
4;2018-01;0.572005772005772;33009
5;2019-01;0.5262481962481963;33009
6;2020-01;0.5575432900432901;33009
7;2021-01;0.6278729603729604;33009
8;2022-01;0.6376282051282052;33009
9;2023-01;0.6776282051282052;33009
10;2024-01;0.6697435897435897;33009
0;2014-01;0.7524542124542124;33001
1;2015-01;0.7903846153846154;33001
2;2016-01;0.8653846153846154;33001
3;2017-01;0.7992788461538461;33001
4;2018-01;0.8875;33001
5;2019-01;0.9375;33001
6;2020-01;0.9125;33001
7;2021-01;0.9127777777777778;33001
8;2022-01;0.8777777777777779;33001
9;2023-01;0.7881944444444444;33001
10;2024-01;0.53125;33001
0;2014-01;0.8369047619047618;33002
1;2015-01;0.9162698412698413;33002
2;2016-01;0.6549206349206349;33002
3;2017-01;0.6135238095238096;33002
4;2018-01;0.4373015873015873;33002
5;2019-01;0.553045634920635;33002
6;2020-01;0.5895039682539682;33002
7;2021-01;0.7098214285714286;33002
8;2022-01;0.5496753246753247;33002
9;2023-01;0.4503581901968999;33002
10;2024-01;0.4615818137719666;33002
0;2014-01;0.5558441558441558;33003
1;2015-01;0.6564935064935065;33003
2;2016-01;0.6529220779220779;33003
3;2017-01;0.5874891774891775;33003
4;2018-01;0.5461904761904762;33003
5;2019-01;0.6576190476190475;33003
6;2020-01;0.5988095238095238;33003
7;2021-01;0.5333333333333333;33003
8;2022-01;0.5916666666666667;33003
9;2023-01;0.625;33003
10;2024-01;0.7;33003
0;2014-01;0.616089466089466;33007
1;2015-01;0.6108140225787284;33007
2;2016-01;0.6691027926322044;33007
3;2017-01;0.6700653594771242;33007
4;2018-01;0.4931825037707391;33007
5;2019-01;0.4930728095433977;33007
6;2020-01;0.5724475524475524;33007
7;2021-01;0.6477272727272727;33007
8;2022-01;0.7162121212121212;33007
9;2023-01;0.7012121212121212;33007
10;2024-01;0.64;33007
0;2014-01;0.7822218999638355;33008
1;2015-01;0.7972556356427324;33008
2;2016-01;0.6591475967282419;33008
3;2017-01;0.6183282130056323;33008
4;2018-01;0.6528471081919358;33008
5;2019-01;0.6550492610837438;33008
6;2020-01;0.7083908045977012;33008
7;2021-01;0.7636288998357964;33008
8;2022-01;0.7565900383141763;33008
9;2023-01;0.6804214559386973;33008
10;2024-01;0.6211111111111112;33008
0;2014-01;0.8333333333333334;24008
1;2015-01;0.7083333333333333;24008
2;2016-01;0.41666666666666663;24008
3;2017-01;0.75;24008
4;2018-01;0.5;24008
5;2019-01;0.75;24008
6;2020-01;0.75;24008
7;2021-01;0.8333333333333334;24008
8;2022-01;0.8333333333333334;24008
9;2023-01;1.0;24008
10;2024-01;0.85;24008
0;2014-01;0.7142857142857143;24003
1;2015-01;0.75;24003
2;2016-01;0.5125;24003
3;2017-01;0.525;24003
4;2018-01;0.2625;24003
5;2019-01;0.30833333333333335;24003
6;2020-01;0.41306818181818183;24003
7;2021-01;0.5590909090909091;24003
8;2022-01;0.5573863636363636;24003
9;2023-01;0.4864646464646465;24003
10;2024-01;0.5620202020202021;24003
0;2014-01;0.6460639360639361;24002
1;2015-01;0.6436013986013986;24002
2;2016-01;0.6708041958041958;24002
3;2017-01;0.6263636363636363;24002
4;2018-01;0.6902097902097901;24002
5;2019-01;0.765934065934066;24002
6;2020-01;0.6887912087912088;24002
7;2021-01;0.6448351648351649;24002
8;2022-01;0.7426129426129426;24002
9;2023-01;0.746031746031746;24002
10;2024-01;0.7055555555555555;24002
0;2014-01;0.5714285714285714;24001
1;2015-01;0.40476190476190477;24001
2;2016-01;0.34761904761904766;24001
3;2017-01;0.3773809523809524;24001
4;2018-01;0.5083333333333333;24001
5;2019-01;0.4917948717948718;24001
6;2020-01;0.578076923076923;24001
7;2021-01;0.6306410256410256;24001
8;2022-01;0.6756410256410257;24001
9;2023-01;0.5172161172161172;24001
10;2024-01;0.5845238095238094;24001
0;2014-01;0.5714285714285714;24004
1;2015-01;0.7936507936507936;24004
2;2016-01;0.6636904761904762;24004
3;2017-01;0.5669642857142857;24004
4;2018-01;0.65625;24004
5;2019-01;0.625;24004
6;2020-01;0.65;24004
7;2021-01;0.65;24004
8;2022-01;0.7;24004
9;2023-01;0.7;24004
10;2024-01;0.5208333333333334;24004
0;2014-01;0.40277777777777773;24005
1;2015-01;0.6944444444444445;24005
2;2016-01;0.6666666666666666;24005
3;2017-01;0.5208333333333334;24005
4;2018-01;0.325;24005
5;2019-01;0.5499999999999999;24005
6;2020-01;0.3625;24005
7;2021-01;0.45;24005
8;2022-01;0.6083333333333334;24005
9;2023-01;0.72;24005
10;2024-01;0.7333333333333334;24005
0;2014-01;0.38125;24006
1;2015-01;0.4875;24006
2;2016-01;0.44791666666666663;24006
3;2017-01;0.4861111111111111;24006
4;2018-01;0.40888888888888886;24006
5;2019-01;0.4243434343434343;24006
6;2020-01;0.5076767676767677;24006
7;2021-01;0.5424242424242424;24006
8;2022-01;0.4806060606060606;24006
9;2023-01;0.5690909090909091;24006
10;2024-01;0.5133333333333333;24006
0;2014-01;0.6961038961038961;24007
1;2015-01;0.6392857142857142;24007
2;2016-01;0.625;24007
3;2017-01;0.6825;24007
4;2018-01;0.625;24007
5;2019-01;0.6642307692307693;24007
6;2020-01;0.4600213675213675;24007
7;2021-01;0.6080555555555556;24007
8;2022-01;0.6744444444444444;24007
9;2023-01;0.7442735042735042;24007
10;2024-01;0.6964957264957266;24007
0;2014-01;0.3333333333333333;11005
1;2015-01;0.6666666666666666;11005
2;2016-01;0.611111111111111;11005
3;2017-01;0.611111111111111;11005
4;2018-01;0.611111111111111;11005
5;2019-01;0.611111111111111;11005
6;2020-01;0.611111111111111;11005
7;2021-01;0.625;11005
8;2022-01;0.5;11005
9;2023-01;0.6666666666666666;11005
10;2024-01;0.5833333333333333;11005
0;2014-01;0.7833333333333333;11001
1;2015-01;0.8375;11001
2;2016-01;0.7875;11001
3;2017-01;0.75;11001
4;2018-01;0.625;11001
5;2019-01;0.9166666666666667;11001
6;2020-01;0.9444444444444445;11001
7;2021-01;0.9166666666666667;11001
8;2022-01;0.6666666666666666;11001
9;2023-01;0.7777777777777777;11001
10;2024-01;0.8333333333333333;11001
0;2014-01;0.6125;11002
1;2015-01;0.5291666666666667;11002
2;2016-01;0.4388888888888889;11002
3;2017-01;0.6222222222222222;11002
4;2018-01;0.875;11002
5;2019-01;0.9166666666666666;11002
6;2020-01;0.875;11002
7;2021-01;0.6;11002
8;2022-01;0.7;11002
9;2023-01;0.90625;11002
10;2024-01;0.84375;11002
0;2014-01;;11007
1;2015-01;0.6666666666666666;11007
2;2016-01;0.3333333333333333;11007
3;2017-01;0.6666666666666666;11007
4;2018-01;0.5833333333333333;11007
5;2019-01;0.3333333333333333;11007
6;2020-01;0.6666666666666666;11007
7;2021-01;1.0;11007
8;2022-01;1.0;11007
9;2023-01;1.0;11007
10;2024-01;1.0;11007
0;2014-01;0.6666666666666666;11004
1;2015-01;0.75;11004
2;2016-01;0.6928571428571428;11004
3;2017-01;0.7928571428571429;11004
4;2018-01;0.8428571428571429;11004
5;2019-01;0.7142857142857142;11004
6;2020-01;0.6031746031746031;11004
7;2021-01;0.6839999999999999;11004
8;2022-01;0.6933333333333334;11004
9;2023-01;0.715111111111111;11004
10;2024-01;0.6826666666666666;11004
0;2014-01;0.7666666666666666;11003
1;2015-01;0.825;11003
2;2016-01;0.95;11003
3;2017-01;0.96;11003
4;2018-01;0.8500000000000001;11003
5;2019-01;0.8250000000000001;11003
6;2020-01;0.86875;11003
7;2021-01;0.81875;11003
8;2022-01;0.755;11003
9;2023-01;0.8318181818181818;11003
10;2024-01;0.7840909090909091;11003
0;2014-01;0.75;11006
1;2015-01;0.9166666666666666;11006
2;2016-01;0.7083333333333333;11006
3;2017-01;0.7222222222222222;11006
4;2018-01;0.8888888888888888;11006
5;2019-01;1.0;11006
6;2020-01;0.8125;11006
7;2021-01;0.75;11006
8;2022-01;0.625;11006
9;2023-01;0.592;11006
10;2024-01;0.5325;11006
0;2014-01;0.6388888888888888;43007
1;2015-01;0.6041666666666666;43007
2;2016-01;0.4666666666666666;43007
3;2017-01;0.3738095238095238;43007
4;2018-01;0.4738095238095238;43007
5;2019-01;0.47857142857142854;43007
6;2020-01;0.3619047619047619;43007
7;2021-01;0.43690476190476196;43007
8;2022-01;0.5666666666666667;43007
9;2023-01;0.6145833333333333;43007
10;2024-01;0.45208333333333334;43007
0;2014-01;0.8333333333333334;43014
1;2015-01;0.5666666666666667;43014
2;2016-01;0.75;43014
3;2017-01;0.8333333333333334;43014
4;2018-01;0.8333333333333334;43014
5;2019-01;1.0;43014
6;2020-01;0.8888888888888888;43014
7;2021-01;0.8333333333333334;43014
8;2022-01;0.9615384615384616;43014
9;2023-01;0.9116809116809117;43014
10;2024-01;0.9337606837606838;43014
0;2014-01;0.9047619047619048;43003
1;2015-01;0.8571428571428572;43003
2;2016-01;0.6982142857142857;43003
3;2017-01;0.6289835164835165;43003
4;2018-01;0.5781868131868132;43003
5;2019-01;0.6996153846153846;43003
6;2020-01;0.6231318681318682;43003
7;2021-01;0.6624175824175824;43003
8;2022-01;0.6863492063492063;43003
9;2023-01;0.7619047619047619;43003
10;2024-01;0.819047619047619;43003
0;2014-01;0.9177008177008178;43010
1;2015-01;0.7621548821548821;43010
2;2016-01;0.648063973063973;43010
3;2017-01;0.687996632996633;43010
4;2018-01;0.7000083542188805;43010
5;2019-01;0.7591353383458646;43010
6;2020-01;0.7803049289891395;43010
7;2021-01;0.6882414369256474;43010
8;2022-01;0.5937865497076024;43010
9;2023-01;0.5819883040935673;43010
10;2024-01;0.6327266081871346;43010
0;2014-01;1.0;43009
1;2015-01;1.0;43009
2;2016-01;0.8625;43009
3;2017-01;0.74;43009
4;2018-01;0.8400000000000001;43009
5;2019-01;0.82;43009
6;2020-01;0.875;43009
7;2021-01;0.9285714285714286;43009
8;2022-01;0.7928571428571429;43009
9;2023-01;0.8392857142857142;43009
10;2024-01;0.7107142857142857;43009
0;2014-01;0.8333333333333334;43013
1;2015-01;0.6666666666666666;43013
2;2016-01;0.71875;43013
3;2017-01;0.71875;43013
4;2018-01;0.71875;43013
5;2019-01;0.78125;43013
6;2020-01;0.825;43013
7;2021-01;0.84375;43013
8;2022-01;0.6666666666666666;43013
9;2023-01;0.9166666666666666;43013
10;2024-01;0.8968253968253969;43013
0;2014-01;0.6666666666666666;43022
1;2015-01;1.0;43022
2;2016-01;1.0;43022
3;2017-01;1.0;43022
4;2018-01;0.5555555555555556;43022
5;2019-01;0.6666666666666666;43022
6;2020-01;0.7333333333333333;43022
7;2021-01;0.6666666666666666;43022
8;2022-01;0.8333333333333334;43022
9;2023-01;0.8333333333333334;43022
10;2024-01;0.6666666666666666;43022
0;2014-01;0.3611111111111111;43018
1;2015-01;0.375;43018
2;2016-01;0.5;43018
3;2017-01;0.6666666666666666;43018
4;2018-01;0.5625;43018
5;2019-01;0.65;43018
6;2020-01;0.75;43018
7;2021-01;0.85;43018
8;2022-01;0.7166666666666667;43018
9;2023-01;0.7291666666666666;43018
10;2024-01;0.7333333333333333;43018
0;2014-01;0.43214285714285716;43025
1;2015-01;0.49956043956043955;43025
2;2016-01;0.650989010989011;43025
3;2017-01;0.42445054945054944;43025
4;2018-01;0.3866025641025641;43025
5;2019-01;0.37948717948717947;43025
6;2020-01;0.4428571428571429;43025
7;2021-01;0.49642857142857144;43025
8;2022-01;0.47738095238095235;43025
9;2023-01;0.6130952380952381;43025
10;2024-01;0.5933333333333334;43025
0;2014-01;0.4;43012
1;2015-01;0.5555555555555555;43012
2;2016-01;0.5416666666666667;43012
3;2017-01;0.6416666666666667;43012
4;2018-01;0.6;43012
5;2019-01;0.6799999999999999;43012
6;2020-01;0.75;43012
7;2021-01;0.9166666666666666;43012
8;2022-01;0.9166666666666666;43012
9;2023-01;0.8333333333333334;43012
10;2024-01;0.6875;43012
0;2014-01;;43026
1;2015-01;1.0;43026
2;2016-01;1.0;43026
3;2017-01;1.0;43026
4;2018-01;1.0;43026
5;2019-01;1.0;43026
6;2020-01;1.0;43026
7;2021-01;1.0;43026
8;2022-01;1.0;43026
9;2023-01;1.0;43026
10;2024-01;;43026
0;2014-01;1.0;43030
1;2015-01;1.0;43030
2;2016-01;1.0;43030
3;2017-01;1.0;43030
4;2018-01;1.0;43030
5;2019-01;1.0;43030
6;2020-01;1.0;43030
7;2021-01;1.0;43030
8;2022-01;1.0;43030
9;2023-01;0.9166666666666666;43030
10;2024-01;0.8333333333333333;43030
0;2014-01;0.7916666666666666;43029
1;2015-01;0.7;43029
2;2016-01;0.7333333333333333;43029
3;2017-01;0.7761904761904762;43029
4;2018-01;0.8809523809523809;43029
5;2019-01;0.8452380952380952;43029
6;2020-01;0.7619047619047619;43029
7;2021-01;0.8174603174603174;43029
8;2022-01;0.6706349206349206;43029
9;2023-01;0.625;43029
10;2024-01;0.6044444444444445;43029
0;2014-01;1.0;43027
1;2015-01;1.0;43027
2;2016-01;0.7777777777777777;43027
3;2017-01;0.8333333333333333;43027
4;2018-01;0.8333333333333333;43027
5;2019-01;0.8333333333333333;43027
6;2020-01;0.8333333333333333;43027
7;2021-01;0.7083333333333334;43027
8;2022-01;1.0;43027
9;2023-01;1.0;43027
10;2024-01;1.0;43027
0;2014-01;0.6538461538461539;43023
1;2015-01;0.5;43023
2;2016-01;0.6111111111111112;43023
3;2017-01;0.5854700854700855;43023
4;2018-01;0.7863247863247863;43023
5;2019-01;0.7623626373626373;43023
6;2020-01;0.6309523809523809;43023
7;2021-01;0.6845238095238095;43023
8;2022-01;0.6857142857142857;43023
9;2023-01;0.6592261904761905;43023
10;2024-01;0.7416666666666666;43023
0;2014-01;0.6833333333333332;43021
1;2015-01;0.5875;43021
2;2016-01;0.6336363636363637;43021
3;2017-01;0.7654545454545454;43021
4;2018-01;0.6654545454545454;43021
5;2019-01;0.7387878787878788;43021
6;2020-01;0.7138528138528139;43021
7;2021-01;0.7063492063492063;43021
8;2022-01;0.7301587301587302;43021
9;2023-01;0.6396825396825397;43021
10;2024-01;0.48571428571428565;43021
0;2014-01;0.611111111111111;43008
1;2015-01;0.3333333333333333;43008
2;2016-01;0.32352941176470584;43008
3;2017-01;0.4006535947712418;43008
4;2018-01;0.5338235294117647;43008
5;2019-01;0.5421568627450981;43008
6;2020-01;0.6184873949579832;43008
7;2021-01;0.5404761904761906;43008
8;2022-01;0.44936507936507936;43008
9;2023-01;0.5018759018759019;43008
10;2024-01;0.6398629148629149;43008
0;2014-01;1.0;43004
1;2015-01;0.75;43004
2;2016-01;0.75;43004
3;2017-01;0.75;43004
4;2018-01;0.5;43004
5;2019-01;1.0;43004
6;2020-01;0.9;43004
7;2021-01;0.8666666666666667;43004
8;2022-01;0.8;43004
9;2023-01;0.8666666666666667;43004
10;2024-01;0.8375;43004
0;2014-01;0.5694444444444444;43017
1;2015-01;0.7847222222222222;43017
2;2016-01;0.9629629629629629;43017
3;2017-01;0.8888888888888888;43017
4;2018-01;0.7222222222222222;43017
5;2019-01;0.7916666666666666;43017
6;2020-01;0.7916666666666666;43017
7;2021-01;0.6833333333333333;43017
8;2022-01;0.7041666666666666;43017
9;2023-01;0.6611111111111111;43017
10;2024-01;0.5977777777777777;43017
0;2014-01;0.7000000000000001;43011
1;2015-01;0.6625;43011
2;2016-01;0.5375;43011
3;2017-01;0.64;43011
4;2018-01;0.6233333333333333;43011
5;2019-01;0.7166666666666666;43011
6;2020-01;0.55;43011
7;2021-01;0.5166666666666667;43011
8;2022-01;0.45;43011
9;2023-01;0.5111111111111111;43011
10;2024-01;0.44345238095238093;43011
0;2014-01;0.6388888888888888;43020
1;2015-01;0.6666666666666666;43020
2;2016-01;0.5166666666666667;43020
3;2017-01;0.7;43020
4;2018-01;0.7625;43020
5;2019-01;0.9;43020
6;2020-01;0.8375;43020
7;2021-01;0.525;43020
8;2022-01;0.53;43020
9;2023-01;0.51;43020
10;2024-01;0.3842857142857143;43020
0;2014-01;0.7222222222222222;43005
1;2015-01;0.6481481481481481;43005
2;2016-01;0.6851851851851851;43005
3;2017-01;0.6111111111111112;43005
4;2018-01;0.47777777777777775;43005
5;2019-01;0.37777777777777777;43005
6;2020-01;0.75;43005
7;2021-01;0.6805555555555556;43005
8;2022-01;0.6423611111111112;43005
9;2023-01;0.513888888888889;43005
10;2024-01;0.5316666666666666;43005
0;2014-01;1.0;43016
1;2015-01;1.0;43016
2;2016-01;0.9047619047619048;43016
3;2017-01;0.8608058608058607;43016
4;2018-01;0.7860805860805861;43016
5;2019-01;0.7860805860805861;43016
6;2020-01;0.7527472527472527;43016
7;2021-01;0.8384615384615385;43016
8;2022-01;0.7916666666666666;43016
9;2023-01;0.8854166666666666;43016
10;2024-01;0.7291666666666666;43016
0;2014-01;1.0;43015
1;2015-01;0.9;43015
2;2016-01;0.7666666666666666;43015
3;2017-01;0.825;43015
4;2018-01;0.7133333333333333;43015
5;2019-01;0.7333333333333333;43015
6;2020-01;0.7416666666666667;43015
7;2021-01;0.7833333333333333;43015
8;2022-01;0.6799999999999999;43015
9;2023-01;0.656969696969697;43015
10;2024-01;0.5854545454545454;43015
0;2014-01;0.75;43028
1;2015-01;0.8333333333333334;43028
2;2016-01;0.8125;43028
3;2017-01;0.7708333333333334;43028
4;2018-01;0.6666666666666666;43028
5;2019-01;0.6933333333333334;43028
6;2020-01;0.6266666666666667;43028
7;2021-01;0.7625;43028
8;2022-01;0.575;43028
9;2023-01;0.6084848484848485;43028
10;2024-01;0.6303030303030303;43028
0;2014-01;0.75;43006
1;2015-01;1.0;43006
2;2016-01;;43006
3;2017-01;1.0;43006
4;2018-01;1.0;43006
5;2019-01;;43006
6;2020-01;;43006
7;2021-01;1.0;43006
8;2022-01;0.6666666666666666;43006
9;2023-01;0.7777777777777777;43006
10;2024-01;0.8333333333333333;43006
0;2014-01;0.78125;43001
1;2015-01;0.78125;43001
2;2016-01;0.875;43001
3;2017-01;1.0;43001
4;2018-01;0.85;43001
5;2019-01;0.725;43001
6;2020-01;0.62;43001
7;2021-01;0.4;43001
8;2022-01;0.5375;43001
9;2023-01;0.65;43001
10;2024-01;0.6291666666666667;43001
0;2014-01;1.0;43019
1;2015-01;1.0;43019
2;2016-01;1.0;43019
3;2017-01;1.0;43019
4;2018-01;1.0;43019
5;2019-01;1.0;43019
6;2020-01;0.7999999999999999;43019
7;2021-01;0.7333333333333334;43019
8;2022-01;0.5;43019
9;2023-01;0.5;43019
10;2024-01;0.6555555555555556;43019
0;2014-01;0.75;43002
1;2015-01;0.75;43002
2;2016-01;0.9166666666666666;43002
3;2017-01;0.7833333333333333;43002
4;2018-01;0.7833333333333333;43002
5;2019-01;0.76;43002
6;2020-01;0.78;43002
7;2021-01;0.6;43002
8;2022-01;0.6416666666666666;43002
9;2023-01;0.7133333333333333;43002
10;2024-01;0.6416666666666666;43002
0;2014-01;0.7222222222222222;43024
1;2015-01;0.8333333333333333;43024
2;2016-01;0.8888888888888888;43024
3;2017-01;0.9166666666666666;43024
4;2018-01;0.9166666666666666;43024
5;2019-01;0.9375;43024
6;2020-01;0.95;43024
7;2021-01;0.8833333333333334;43024
8;2022-01;0.85;43024
9;2023-01;0.7291666666666666;43024
10;2024-01;0.9166666666666666;43024
0;2014-01;0.6897435897435897;42003
1;2015-01;0.5833333333333333;42003
2;2016-01;0.5583333333333333;42003
3;2017-01;0.40208333333333335;42003
4;2018-01;0.4125;42003
5;2019-01;0.5875;42003
6;2020-01;0.5375;42003
7;2021-01;0.6833333333333333;42003
8;2022-01;0.6666666666666666;42003
9;2023-01;0.7738095238095238;42003
10;2024-01;0.819047619047619;42003
0;2014-01;0.6666666666666666;42008
1;2015-01;0.3333333333333333;42008
2;2016-01;0.75;42008
3;2017-01;0.7222222222222222;42008
4;2018-01;0.75;42008
5;2019-01;0.6666666666666667;42008
6;2020-01;0.75;42008
7;2021-01;0.7666666666666666;42008
8;2022-01;0.6;42008
9;2023-01;0.5;42008
10;2024-01;0.5;42008
0;2014-01;0.5621933621933622;42002
1;2015-01;0.5891774891774892;42002
2;2016-01;0.5948051948051948;42002
3;2017-01;0.7233766233766235;42002
4;2018-01;0.6766233766233766;42002
5;2019-01;0.6047619047619047;42002
6;2020-01;0.4419047619047619;42002
7;2021-01;0.58;42002
8;2022-01;0.6551515151515152;42002
9;2023-01;0.8295454545454546;42002
10;2024-01;0.777056277056277;42002
0;2014-01;0.5543478260869565;42007
1;2015-01;0.5694169960474309;42007
2;2016-01;0.6409145805884936;42007
3;2017-01;0.6919062419062418;42007
4;2018-01;0.59502072002072;42007
5;2019-01;0.576012691012691;42007
6;2020-01;0.6432264957264957;42007
7;2021-01;0.6045599445599446;42007
8;2022-01;0.6455405405405406;42007
9;2023-01;0.613373140582443;42007
10;2024-01;0.6308782355293984;42007
0;2014-01;0.9333333333333332;42010
1;2015-01;0.825;42010
2;2016-01;0.82;42010
3;2017-01;0.7916666666666666;42010
4;2018-01;0.7916666666666666;42010
5;2019-01;0.7916666666666666;42010
6;2020-01;0.75;42010
7;2021-01;0.38888888888888884;42010
8;2022-01;0.611111111111111;42010
9;2023-01;0.7083333333333333;42010
10;2024-01;0.7333333333333334;42010
0;2014-01;0.6059523809523809;42011
1;2015-01;0.6645238095238095;42011
2;2016-01;0.7378571428571428;42011
3;2017-01;0.8446753246753247;42011
4;2018-01;0.8015850815850815;42011
5;2019-01;0.7069463869463869;42011
6;2020-01;0.6978243978243979;42011
7;2021-01;0.5751359751359751;42011
8;2022-01;0.5764346764346764;42011
9;2023-01;0.4724542124542125;42011
10;2024-01;0.4076190476190476;42011
0;2014-01;1.0;42014
1;2015-01;1.0;42014
2;2016-01;1.0;42014
3;2017-01;1.0;42014
4;2018-01;1.0;42014
5;2019-01;1.0;42014
6;2020-01;0.75;42014
7;2021-01;0.6666666666666666;42014
8;2022-01;0.4444444444444444;42014
9;2023-01;0.611111111111111;42014
10;2024-01;0.6666666666666667;42014
0;2014-01;0.5899767711962834;42006
1;2015-01;0.6162878787878788;42006
2;2016-01;0.5977164502164503;42006
3;2017-01;0.6235108225108225;42006
4;2018-01;0.5881298701298701;42006
5;2019-01;0.6522337662337663;42006
6;2020-01;0.7101428571428572;42006
7;2021-01;0.7445396825396825;42006
8;2022-01;0.7202380952380952;42006
9;2023-01;0.47480158730158734;42006
10;2024-01;0.5285714285714286;42006
0;2014-01;0.7965662055335968;42005
1;2015-01;0.8314393939393939;42005
2;2016-01;0.7670454545454546;42005
3;2017-01;0.6700089126559715;42005
4;2018-01;0.8401069518716577;42005
5;2019-01;0.8313725490196078;42005
6;2020-01;0.8529411764705882;42005
7;2021-01;0.9362745098039216;42005
8;2022-01;0.9214285714285714;42005
9;2023-01;0.7992063492063493;42005
10;2024-01;0.7984126984126985;42005
0;2014-01;0.7767857142857143;42001
1;2015-01;0.8705357142857143;42001
2;2016-01;0.5714285714285715;42001
3;2017-01;0.5525793650793651;42001
4;2018-01;0.5550595238095238;42001
5;2019-01;0.6479166666666667;42001
6;2020-01;0.7472222222222222;42001
7;2021-01;0.7244444444444444;42001
8;2022-01;0.6333333333333333;42001
9;2023-01;0.6;42001
10;2024-01;0.6333333333333333;42001
0;2014-01;0.7618881118881119;42012
1;2015-01;0.6044755244755244;42012
2;2016-01;0.7890909090909091;42012
3;2017-01;0.6550239234449761;42012
4;2018-01;0.6895933014354068;42012
5;2019-01;0.5986842105263158;42012
6;2020-01;0.6973684210526316;42012
7;2021-01;0.6398026315789473;42012
8;2022-01;0.7542735042735043;42012
9;2023-01;0.7207692307692308;42012
10;2024-01;0.6707545787545788;42012
0;2014-01;0.8;42013
1;2015-01;0.8190476190476191;42013
2;2016-01;0.7107142857142857;42013
3;2017-01;0.6071428571428571;42013
4;2018-01;0.539047619047619;42013
5;2019-01;0.4938095238095238;42013
6;2020-01;0.5366666666666666;42013
7;2021-01;0.7222222222222222;42013
8;2022-01;0.6805555555555556;42013
9;2023-01;0.6444444444444445;42013
10;2024-01;0.611111111111111;42013
0;2014-01;0.45982142857142855;42009
1;2015-01;0.2595238095238095;42009
2;2016-01;0.29007936507936505;42009
3;2017-01;0.43650793650793646;42009
4;2018-01;0.41507936507936505;42009
5;2019-01;0.5095238095238095;42009
6;2020-01;0.6031746031746031;42009
7;2021-01;0.5785714285714285;42009
8;2022-01;0.5361904761904762;42009
9;2023-01;0.7238095238095238;42009
10;2024-01;0.6361904761904762;42009
0;2014-01;0.5387460127591707;42015
1;2015-01;0.49108452950558207;42015
2;2016-01;0.3530701754385965;42015
3;2017-01;0.35526315789473684;42015
4;2018-01;0.3331140350877193;42015
5;2019-01;0.4625;42015
6;2020-01;0.5041666666666667;42015
7;2021-01;0.5883333333333333;42015
8;2022-01;0.6909722222222222;42015
9;2023-01;0.6722222222222223;42015
10;2024-01;0.6252747252747253;42015
0;2014-01;0.6805555555555556;42016
1;2015-01;0.6277777777777778;42016
2;2016-01;0.6916666666666667;42016
3;2017-01;0.6916666666666667;42016
4;2018-01;0.6916666666666667;42016
5;2019-01;0.825;42016
6;2020-01;0.7083333333333333;42016
7;2021-01;0.4895833333333333;42016
8;2022-01;0.5902777777777778;42016
9;2023-01;0.5208333333333334;42016
10;2024-01;0.6354166666666666;42016
0;2014-01;0.6666666666666666;42017
1;2015-01;0.6142857142857143;42017
2;2016-01;0.5114285714285713;42017
3;2017-01;0.4980952380952381;42017
4;2018-01;0.618095238095238;42017
5;2019-01;0.6580952380952381;42017
6;2020-01;0.6366666666666666;42017
7;2021-01;0.6333333333333333;42017
8;2022-01;0.61;42017
9;2023-01;0.7033333333333334;42017
10;2024-01;0.71;42017
0;2014-01;0.6248917748917748;42004
1;2015-01;0.7332251082251082;42004
2;2016-01;0.6245941558441559;42004
3;2017-01;0.6496753246753247;42004
4;2018-01;0.5178571428571429;42004
5;2019-01;0.5;42004
6;2020-01;0.41666666666666663;42004
7;2021-01;0.475;42004
8;2022-01;0.5380952380952381;42004
9;2023-01;0.588095238095238;42004
10;2024-01;0.6247619047619047;42004
0;2014-01;0.6243181818181818;12002
1;2015-01;0.7022727272727273;12002
2;2016-01;0.7511363636363637;12002
3;2017-01;0.9261363636363636;12002
4;2018-01;0.8379545454545454;12002
5;2019-01;0.759090909090909;12002
6;2020-01;0.6872727272727273;12002
7;2021-01;0.7024242424242424;12002
8;2022-01;0.7333333333333333;12002
9;2023-01;0.8333333333333334;12002
10;2024-01;0.8266666666666665;12002
0;2014-01;1.0;12001
1;2015-01;0.5;12001
2;2016-01;0.5;12001
3;2017-01;0.6666666666666666;12001
4;2018-01;0.75;12001
5;2019-01;0.8333333333333334;12001
6;2020-01;0.875;12001
7;2021-01;0.875;12001
8;2022-01;0.8333333333333334;12001
9;2023-01;0.8333333333333334;12001
10;2024-01;1.0;12001
0;2014-01;1.0;12003
1;2015-01;0.95;12003
2;2016-01;0.96;12003
3;2017-01;0.825;12003
4;2018-01;0.85;12003
5;2019-01;0.85;12003
6;2020-01;0.6388888888888888;12003
7;2021-01;0.7916666666666666;12003
8;2022-01;0.7833333333333333;12003
9;2023-01;0.85;12003
10;2024-01;0.825;12003
0;2014-01;0.90625;26009
1;2015-01;0.78125;26009
2;2016-01;0.735;26009
3;2017-01;0.6598214285714286;26009
4;2018-01;0.60625;26009
5;2019-01;0.6333333333333333;26009
6;2020-01;0.5171428571428571;26009
7;2021-01;0.5457142857142857;26009
8;2022-01;0.653040293040293;26009
9;2023-01;0.733906093906094;26009
10;2024-01;0.694955044955045;26009
0;2014-01;0.8346209440128002;26010
1;2015-01;0.777505111038282;26010
2;2016-01;0.7711016086548649;26010
3;2017-01;0.724508187198388;26010
4;2018-01;0.713778154849366;26010
5;2019-01;0.7068393730657881;26010
6;2020-01;0.6091197691197692;26010
7;2021-01;0.6626280663780664;26010
8;2022-01;0.6308333333333334;26010
9;2023-01;0.6644472789115646;26010
10;2024-01;0.669381469979296;26010
0;2014-01;0.4737878787878788;26003
1;2015-01;0.494237012987013;26003
2;2016-01;0.5388852813852814;26003
3;2017-01;0.5245941558441558;26003
4;2018-01;0.4331168831168831;26003
5;2019-01;0.5140123034859877;26003
6;2020-01;0.542447026657553;26003
7;2021-01;0.425768967874231;26003
8;2022-01;0.3775803144224197;26003
9;2023-01;0.4609933925723399;26003
10;2024-01;0.4906204906204906;26003
0;2014-01;0.35000000000000003;26005
1;2015-01;0.5333333333333333;26005
2;2016-01;0.5625;26005
3;2017-01;0.43;26005
4;2018-01;0.4375;26005
5;2019-01;0.5;26005
6;2020-01;0.5833333333333334;26005
7;2021-01;0.5625;26005
8;2022-01;0.65;26005
9;2023-01;0.7333333333333333;26005
10;2024-01;0.7433333333333334;26005
0;2014-01;0.3833333333333333;26008
1;2015-01;0.3875;26008
2;2016-01;0.4860576923076923;26008
3;2017-01;0.46141025641025646;26008
4;2018-01;0.39153846153846156;26008
5;2019-01;0.464044289044289;26008
6;2020-01;0.3742923742923743;26008
7;2021-01;0.45143398268398266;26008
8;2022-01;0.362012987012987;26008
9;2023-01;0.4542207792207792;26008
10;2024-01;0.5892857142857142;26008
0;2014-01;0.7083333333333333;26007
1;2015-01;0.5277777777777778;26007
2;2016-01;0.5476190476190476;26007
3;2017-01;0.3660714285714286;26007
4;2018-01;0.33690476190476193;26007
5;2019-01;0.4174603174603175;26007
6;2020-01;0.4404761904761904;26007
7;2021-01;0.4811111111111111;26007
8;2022-01;0.49444444444444446;26007
9;2023-01;0.5395833333333333;26007
10;2024-01;0.58125;26007
0;2014-01;0.7733333333333333;26002
1;2015-01;0.7323809523809524;26002
2;2016-01;0.4994047619047619;26002
3;2017-01;0.5553571428571429;26002
4;2018-01;0.6157142857142858;26002
5;2019-01;0.6246031746031746;26002
6;2020-01;0.7317460317460317;26002
7;2021-01;0.41349206349206347;26002
8;2022-01;0.41798941798941797;26002
9;2023-01;0.35238095238095235;26002
10;2024-01;0.4083333333333333;26002
0;2014-01;0.8333333333333334;26012
1;2015-01;0.7083333333333334;26012
2;2016-01;0.7333333333333333;26012
3;2017-01;0.8;26012
4;2018-01;0.7083333333333333;26012
5;2019-01;0.7;26012
6;2020-01;0.7916666666666667;26012
7;2021-01;0.25;26012
8;2022-01;0.4444444444444444;26012
9;2023-01;0.3333333333333333;26012
10;2024-01;0.5158730158730159;26012
0;2014-01;0.875;26004
1;2015-01;0.8714285714285716;26004
2;2016-01;0.8142857142857143;26004
3;2017-01;0.7767857142857142;26004
4;2018-01;0.6640476190476191;26004
5;2019-01;0.6517640692640693;26004
6;2020-01;0.7487878787878788;26004
7;2021-01;0.7122619047619048;26004
8;2022-01;0.5107142857142858;26004
9;2023-01;0.6257142857142857;26004
10;2024-01;0.6810173160173161;26004
0;2014-01;0.5111111111111112;26006
1;2015-01;0.5864583333333333;26006
2;2016-01;0.5434523809523809;26006
3;2017-01;0.4700892857142857;26006
4;2018-01;0.2885551948051948;26006
5;2019-01;0.3944805194805195;26006
6;2020-01;0.38448051948051953;26006
7;2021-01;0.4577272727272727;26006
8;2022-01;0.6327272727272727;26006
9;2023-01;0.5;26006
10;2024-01;0.5333333333333333;26006
0;2014-01;0.6666666666666666;26001
1;2015-01;0.7777777777777778;26001
2;2016-01;0.8333333333333334;26001
3;2017-01;0.6583333333333333;26001
4;2018-01;0.4916666666666667;26001
5;2019-01;0.5333333333333333;26001
6;2020-01;0.5833333333333333;26001
7;2021-01;0.7777777777777778;26001
8;2022-01;0.8333333333333333;26001
9;2023-01;0.8888888888888888;26001
10;2024-01;0.8888888888888888;26001
0;2014-01;0.8333333333333334;26011
1;2015-01;0.875;26011
2;2016-01;0.825;26011
3;2017-01;0.8;26011
4;2018-01;0.7733333333333332;26011
5;2019-01;0.74;26011
6;2020-01;0.65;26011
7;2021-01;0.48888888888888893;26011
8;2022-01;0.6933333333333334;26011
9;2023-01;0.7125;26011
10;2024-01;0.7278571428571429;26011
0;2014-01;0.7222222222222222;41018
1;2015-01;0.7916666666666666;41018
2;2016-01;0.6333333333333334;41018
3;2017-01;0.7;41018
4;2018-01;0.6333333333333333;41018
5;2019-01;0.8;41018
6;2020-01;0.7;41018
7;2021-01;0.7;41018
8;2022-01;0.7833333333333333;41018
9;2023-01;0.6666666666666667;41018
10;2024-01;0.7666666666666667;41018
0;2014-01;0.7657340095998214;41002
1;2015-01;0.7479218841239863;41002
2;2016-01;0.6909270155113894;41002
3;2017-01;0.6465250458956202;41002
4;2018-01;0.6499393438103116;41002
5;2019-01;0.6477396137158447;41002
6;2020-01;0.6938994504097479;41002
7;2021-01;0.655666992791148;41002
8;2022-01;0.6696168209918534;41002
9;2023-01;0.6650814271746696;41002
10;2024-01;0.606520086969739;41002
0;2014-01;0.7916666666666667;41014
1;2015-01;0.8047619047619048;41014
2;2016-01;0.8047619047619048;41014
3;2017-01;0.7761904761904762;41014
4;2018-01;0.719047619047619;41014
5;2019-01;0.7904761904761906;41014
6;2020-01;0.7523809523809524;41014
7;2021-01;0.819047619047619;41014
8;2022-01;0.6190476190476191;41014
9;2023-01;0.7916666666666667;41014
10;2024-01;0.5416666666666666;41014
0;2014-01;0.7231990231990232;41008
1;2015-01;0.5855921855921856;41008
2;2016-01;0.5515873015873016;41008
3;2017-01;0.5407936507936508;41008
4;2018-01;0.5452380952380953;41008
5;2019-01;0.6666666666666667;41008
6;2020-01;0.74;41008
7;2021-01;0.5583333333333333;41008
8;2022-01;0.69375;41008
9;2023-01;0.7729166666666667;41008
10;2024-01;0.7753472222222222;41008
0;2014-01;0.5819580419580419;41010
1;2015-01;0.587086247086247;41010
2;2016-01;0.5055710955710955;41010
3;2017-01;0.5299267399267399;41010
4;2018-01;0.45;41010
5;2019-01;0.432034632034632;41010
6;2020-01;0.5820346320346321;41010
7;2021-01;0.6638528138528138;41010
8;2022-01;0.7683640920483026;41010
9;2023-01;0.7231259968102073;41010
10;2024-01;0.7804824561403508;41010
0;2014-01;0.7916666666666666;41001
1;2015-01;0.7222222222222222;41001
2;2016-01;0.7916666666666666;41001
3;2017-01;0.6666666666666666;41001
4;2018-01;0.7833333333333333;41001
5;2019-01;0.95;41001
6;2020-01;1.0;41001
7;2021-01;1.0;41001
8;2022-01;1.0;41001
9;2023-01;1.0;41001
10;2024-01;1.0;41001
0;2014-01;0.5603174603174603;41016
1;2015-01;0.6571428571428571;41016
2;2016-01;0.5619047619047619;41016
3;2017-01;0.5666666666666667;41016
4;2018-01;0.6833333333333333;41016
5;2019-01;0.7333333333333333;41016
6;2020-01;0.65;41016
7;2021-01;0.7;41016
8;2022-01;0.7;41016
9;2023-01;0.6464285714285715;41016
10;2024-01;0.48214285714285715;41016
0;2014-01;0.6064213564213564;41003
1;2015-01;0.5621212121212121;41003
2;2016-01;0.6565656565656566;41003
3;2017-01;0.5886868686868686;41003
4;2018-01;0.5171717171717172;41003
5;2019-01;0.6083333333333333;41003
6;2020-01;0.6083333333333333;41003
7;2021-01;0.5866666666666667;41003
8;2022-01;0.5571428571428572;41003
9;2023-01;0.47023809523809523;41003
10;2024-01;0.5416666666666666;41003
0;2014-01;0.6206816059757236;41017
1;2015-01;0.6688562091503268;41017
2;2016-01;0.7104248366013073;41017
3;2017-01;0.7555555555555555;41017
4;2018-01;0.6783333333333333;41017
5;2019-01;0.6177777777777778;41017
6;2020-01;0.5677777777777778;41017
7;2021-01;0.6233333333333333;41017
8;2022-01;0.6900000000000001;41017
9;2023-01;0.7738888888888888;41017
10;2024-01;0.8362820512820512;41017
0;2014-01;0.6281385281385281;41020
1;2015-01;0.8161084529505582;41020
2;2016-01;0.6610047846889953;41020
3;2017-01;0.6677511961722489;41020
4;2018-01;0.6663157894736842;41020
5;2019-01;0.6061654135338346;41020
6;2020-01;0.5042857142857142;41020
7;2021-01;0.7392857142857142;41020
8;2022-01;0.6857142857142857;41020
9;2023-01;0.6691428571428572;41020
10;2024-01;0.7123333333333333;41020
0;2014-01;0.8262745098039215;41015
1;2015-01;0.8179562594268477;41015
2;2016-01;0.8536752136752137;41015
3;2017-01;0.8587044534412955;41015
4;2018-01;0.7551327035537562;41015
5;2019-01;0.6394062078272604;41015
6;2020-01;0.6069005847953217;41015
7;2021-01;0.5319298245614036;41015
8;2022-01;0.6377777777777778;41015
9;2023-01;0.7266666666666667;41015
10;2024-01;0.784561403508772;41015
0;2014-01;0.796218487394958;41019
1;2015-01;0.8785714285714286;41019
2;2016-01;0.8057142857142857;41019
3;2017-01;0.8057142857142857;41019
4;2018-01;0.700952380952381;41019
5;2019-01;0.7466666666666667;41019
6;2020-01;0.8666666666666666;41019
7;2021-01;0.6333333333333333;41019
8;2022-01;0.6333333333333333;41019
9;2023-01;0.5833333333333334;41019
10;2024-01;0.75;41019
0;2014-01;0.6922222222222223;41011
1;2015-01;0.6866666666666668;41011
2;2016-01;0.6133333333333333;41011
3;2017-01;0.6433333333333333;41011
4;2018-01;0.5633333333333334;41011
5;2019-01;0.4833333333333333;41011
6;2020-01;0.55;41011
7;2021-01;0.67;41011
8;2022-01;0.7125;41011
9;2023-01;0.6422480620155039;41011
10;2024-01;0.6758720930232558;41011
0;2014-01;0.8666666666666667;41007
1;2015-01;0.675;41007
2;2016-01;0.54;41007
3;2017-01;0.5928571428571429;41007
4;2018-01;0.6785714285714286;41007
5;2019-01;0.6741071428571428;41007
6;2020-01;0.6107142857142858;41007
7;2021-01;0.5892857142857142;41007
8;2022-01;0.6230769230769231;41007
9;2023-01;0.6230769230769231;41007
10;2024-01;0.5871082621082622;41007
0;2014-01;0.7000000000000001;41013
1;2015-01;0.825;41013
2;2016-01;0.75;41013
3;2017-01;0.8;41013
4;2018-01;0.82;41013
5;2019-01;0.75;41013
6;2020-01;0.6599999999999999;41013
7;2021-01;0.6900000000000001;41013
8;2022-01;0.5625;41013
9;2023-01;0.6625;41013
10;2024-01;0.6125;41013
0;2014-01;0.6192307692307693;41012
1;2015-01;0.6268131868131868;41012
2;2016-01;0.7428571428571429;41012
3;2017-01;0.7142857142857142;41012
4;2018-01;0.7323809523809524;41012
5;2019-01;0.7838095238095237;41012
6;2020-01;0.858095238095238;41012
7;2021-01;0.7895238095238095;41012
8;2022-01;0.7095238095238094;41012
9;2023-01;0.7761904761904762;41012
10;2024-01;0.7566666666666666;41012
0;2014-01;1.0;41022
1;2015-01;1.0;41022
2;2016-01;1.0;41022
3;2017-01;0.8333333333333334;41022
4;2018-01;1.0;41022
5;2019-01;0.8333333333333334;41022
6;2020-01;0.8333333333333334;41022
7;2021-01;0.9;41022
8;2022-01;0.7999999999999999;41022
9;2023-01;0.725;41022
10;2024-01;0.7916666666666666;41022
0;2014-01;1.0;41021
1;2015-01;0.8333333333333334;41021
2;2016-01;0.75;41021
3;2017-01;0.5833333333333334;41021
4;2018-01;0.3611111111111111;41021
5;2019-01;0.3333333333333333;41021
6;2020-01;0.6666666666666666;41021
7;2021-01;0.6666666666666666;41021
8;2022-01;0.6666666666666666;41021
9;2023-01;0.6666666666666666;41021
10;2024-01;0.7777777777777778;41021
0;2014-01;0.4875;41004
1;2015-01;0.6541666666666667;41004
2;2016-01;0.6233333333333333;41004
3;2017-01;0.75;41004
4;2018-01;0.5666666666666667;41004
5;2019-01;0.6166666666666666;41004
6;2020-01;0.5533333333333333;41004
7;2021-01;0.6133333333333333;41004
8;2022-01;0.43;41004
9;2023-01;0.486140350877193;41004
10;2024-01;0.5589473684210526;41004
0;2014-01;0.6948616600790514;41009
1;2015-01;0.6042160737812912;41009
2;2016-01;0.5193939393939393;41009
3;2017-01;0.6066666666666667;41009
4;2018-01;0.7000000000000001;41009
5;2019-01;0.7999999999999999;41009
6;2020-01;0.5007575757575757;41009
7;2021-01;0.6737373737373739;41009
8;2022-01;0.6824242424242424;41009
9;2023-01;0.6890909090909091;41009
10;2024-01;0.6090909090909091;41009
0;2014-01;0.4685714285714286;41005
1;2015-01;0.5914285714285714;41005
2;2016-01;0.5752380952380952;41005
3;2017-01;0.6180952380952381;41005
4;2018-01;0.6396825396825397;41005
5;2019-01;0.6707070707070707;41005
6;2020-01;0.7122655122655124;41005
7;2021-01;0.5674747474747475;41005
8;2022-01;0.6563636363636364;41005
9;2023-01;0.6524675324675325;41005
10;2024-01;0.5972827172827173;41005
0;2014-01;0.6766666666666666;41006
1;2015-01;0.5966666666666667;41006
2;2016-01;0.46333333333333326;41006
3;2017-01;0.5466666666666666;41006
4;2018-01;0.49583333333333335;41006
5;2019-01;0.6208333333333333;41006
6;2020-01;0.6208333333333333;41006
7;2021-01;0.7708333333333334;41006
8;2022-01;0.8166666666666667;41006
9;2023-01;0.875;41006
10;2024-01;0.95;41006
0;2014-01;0.6208333333333333;14001
1;2015-01;0.6736308116627265;14001
2;2016-01;0.7290226063829788;14001
3;2017-01;0.7229101140918902;14001
4;2018-01;0.7058125192722787;14001
5;2019-01;0.7971590519751944;14001
6;2020-01;0.6785124798711755;14001
7;2021-01;0.6857890499194846;14001
8;2022-01;0.6712962962962963;14001
9;2023-01;0.686026936026936;14001
10;2024-01;0.5011002886002887;14001
0;2014-01;0.625;14002
1;2015-01;0.5833333333333334;14002
2;2016-01;0.575;14002
3;2017-01;0.7666666666666666;14002
4;2018-01;0.775;14002
5;2019-01;0.85;14002
6;2020-01;0.9333333333333332;14002
7;2021-01;0.8222222222222223;14002
8;2022-01;0.7416666666666667;14002
9;2023-01;0.7933333333333333;14002
10;2024-01;0.7222222222222222;14002
0;2014-01;0.6473684210526316;28001
1;2015-01;0.6368421052631579;28001
2;2016-01;0.7501461988304093;28001
3;2017-01;0.6361111111111111;28001
4;2018-01;0.5638888888888889;28001
5;2019-01;0.611111111111111;28001
6;2020-01;0.49111111111111116;28001
7;2021-01;0.47333333333333333;28001
8;2022-01;0.5833333333333333;28001
9;2023-01;0.5208333333333333;28001
10;2024-01;0.6003787878787878;28001
0;2014-01;0.5833333333333333;28003
1;2015-01;0.41666666666666663;28003
2;2016-01;0.38888888888888884;28003
3;2017-01;0.38888888888888884;28003
4;2018-01;0.625;28003
5;2019-01;0.5;28003
6;2020-01;0.5416666666666666;28003
7;2021-01;0.625;28003
8;2022-01;0.5208333333333333;28003
9;2023-01;0.5;28003
10;2024-01;0.5;28003
0;2014-01;0.75;28005
1;2015-01;0.6785714285714286;28005
2;2016-01;0.5158730158730158;28005
3;2017-01;0.5;28005
4;2018-01;0.43452380952380953;28005
5;2019-01;0.5238095238095238;28005
6;2020-01;0.6507936507936508;28005
7;2021-01;0.5505952380952381;28005
8;2022-01;0.8333333333333333;28005
9;2023-01;0.75;28005
10;2024-01;0.75;28005
0;2014-01;0.8333333333333334;28006
1;2015-01;0.625;28006
2;2016-01;0.6599999999999999;28006
3;2017-01;0.47000000000000003;28006
4;2018-01;0.5222222222222223;28006
5;2019-01;0.4125;28006
6;2020-01;0.49000000000000005;28006
7;2021-01;0.49030303030303035;28006
8;2022-01;0.4886147186147186;28006
9;2023-01;0.49510822510822516;28006
10;2024-01;0.5032034632034632;28006
0;2014-01;0.6875;28002
1;2015-01;0.6666666666666666;28002
2;2016-01;0.875;28002
3;2017-01;0.7559523809523809;28002
4;2018-01;0.680952380952381;28002
5;2019-01;0.7190476190476189;28002
6;2020-01;0.6412698412698413;28002
7;2021-01;0.7261904761904762;28002
8;2022-01;0.7083333333333334;28002
9;2023-01;0.7595238095238095;28002
10;2024-01;0.6589285714285714;28002
0;2014-01;0.47222222222222215;28004
1;2015-01;0.4291666666666667;28004
2;2016-01;0.44107142857142856;28004
3;2017-01;0.31666666666666665;28004
4;2018-01;0.45;28004
5;2019-01;0.5392857142857143;28004
6;2020-01;0.6678571428571428;28004
7;2021-01;0.37523809523809526;28004
8;2022-01;0.4502380952380952;28004
9;2023-01;0.37023809523809526;28004
10;2024-01;0.4583333333333333;28004
0;2014-01;0.611111111111111;28007
1;2015-01;0.611111111111111;28007
2;2016-01;0.5208333333333334;28007
3;2017-01;0.625;28007
4;2018-01;0.4444444444444444;28007
5;2019-01;0.5;28007
6;2020-01;0.6666666666666666;28007
7;2021-01;0.5;28007
8;2022-01;0.625;28007
9;2023-01;0.8333333333333333;28007
10;2024-01;0.8888888888888888;28007
0;2014-01;0.7039066512124393;35016
1;2015-01;0.6643094258241405;35016
2;2016-01;0.6073376637925942;35016
3;2017-01;0.5727937406516634;35016
4;2018-01;0.5990697824054264;35016
5;2019-01;0.5328769899792021;35016
6;2020-01;0.5299157819989349;35016
7;2021-01;0.581594555890881;35016
8;2022-01;0.5953033458846833;35016
9;2023-01;0.6268819809746866;35016
10;2024-01;0.6055125323551688;35016
0;2014-01;0.8357142857142857;35142
1;2015-01;0.6928571428571428;35142
2;2016-01;0.7642857142857142;35142
3;2017-01;0.8476190476190476;35142
4;2018-01;0.7576190476190476;35142
5;2019-01;0.7766666666666666;35142
6;2020-01;0.65;35142
7;2021-01;0.7708333333333333;35142
8;2022-01;0.5266666666666666;35142
9;2023-01;0.4;35142
10;2024-01;0.4583333333333333;35142
0;2014-01;0.7901754385964912;35062
1;2015-01;0.8533333333333333;35062
2;2016-01;0.8446153846153847;35062
3;2017-01;0.7414529914529915;35062
4;2018-01;0.7581196581196581;35062
5;2019-01;0.7577156177156177;35062
6;2020-01;0.7536363636363637;35062
7;2021-01;0.7636363636363637;35062
8;2022-01;0.8436363636363635;35062
9;2023-01;0.8103030303030303;35062
10;2024-01;0.9025252525252526;35062
0;2014-01;0.6388888888888888;35133
1;2015-01;0.5375;35133
2;2016-01;0.5566666666666666;35133
3;2017-01;0.6875;35133
4;2018-01;0.75;35133
5;2019-01;0.8125;35133
6;2020-01;0.85;35133
7;2021-01;0.8;35133
8;2022-01;0.9;35133
9;2023-01;1.0;35133
10;2024-01;1.0;35133
0;2014-01;0.7592307692307692;35163
1;2015-01;0.7594139194139193;35163
2;2016-01;0.8346520146520147;35163
3;2017-01;0.7381152181152182;35163
4;2018-01;0.6672065189712248;35163
5;2019-01;0.5981563534504711;35163
6;2020-01;0.6198115609880316;35163
7;2021-01;0.6117529529294236;35163
8;2022-01;0.6969553975436329;35163
9;2023-01;0.7156043956043956;35163
10;2024-01;0.8032747252747253;35163
0;2014-01;0.7542384193025162;35072
1;2015-01;0.7132036356661208;35072
2;2016-01;0.684851061470069;35072
3;2017-01;0.7346842573478897;35072
4;2018-01;0.7039913717825537;35072
5;2019-01;0.7240574521027174;35072
6;2020-01;0.7397380328649679;35072
7;2021-01;0.793374613003096;35072
8;2022-01;0.7142891712038717;35072
9;2023-01;0.7598581092229005;35072
10;2024-01;0.7655146748794661;35072
0;2014-01;0.8;35031
1;2015-01;0.9;35031
2;2016-01;0.9155555555555555;35031
3;2017-01;0.8133333333333332;35031
4;2018-01;0.78;35031
5;2019-01;0.86;35031
6;2020-01;0.85;35031
7;2021-01;0.85;35031
8;2022-01;0.9846153846153847;35031
9;2023-01;0.8358974358974359;35031
10;2024-01;0.7871794871794873;35031
0;2014-01;0.9166666666666666;35074
1;2015-01;0.9166666666666666;35074
2;2016-01;0.9333333333333333;35074
3;2017-01;1.0;35074
4;2018-01;0.8166666666666667;35074
5;2019-01;0.8166666666666667;35074
6;2020-01;0.8333333333333334;35074
7;2021-01;0.8333333333333334;35074
8;2022-01;0.9;35074
9;2023-01;0.9;35074
10;2024-01;0.8;35074
0;2014-01;0.7708333333333334;35022
1;2015-01;0.6666666666666667;35022
2;2016-01;0.7047619047619047;35022
3;2017-01;0.638095238095238;35022
4;2018-01;0.6726190476190476;35022
5;2019-01;0.6785714285714286;35022
6;2020-01;0.5833333333333333;35022
7;2021-01;0.6666666666666666;35022
8;2022-01;0.8888888888888888;35022
9;2023-01;0.7028571428571428;35022
10;2024-01;0.7426190476190475;35022
0;2014-01;0.5803875072296125;35161
1;2015-01;0.6913186813186813;35161
2;2016-01;0.5818315018315018;35161
3;2017-01;0.7056410256410256;35161
4;2018-01;0.625982905982906;35161
5;2019-01;0.7444444444444445;35161
6;2020-01;0.7044444444444444;35161
7;2021-01;0.7138888888888889;35161
8;2022-01;0.6555555555555556;35161
9;2023-01;0.8666666666666667;35161
10;2024-01;0.7264957264957266;35161
0;2014-01;0.7330769230769232;35063
1;2015-01;0.7643589743589744;35063
2;2016-01;0.75;35063
3;2017-01;0.76;35063
4;2018-01;0.82;35063
5;2019-01;0.6625;35063
6;2020-01;0.6684523809523809;35063
7;2021-01;0.6347619047619047;35063
8;2022-01;0.7595238095238095;35063
9;2023-01;0.5761904761904761;35063
10;2024-01;0.6;35063
0;2014-01;0.7587381916329285;35112
1;2015-01;0.7121794871794871;35112
2;2016-01;0.8194017094017095;35112
3;2017-01;0.8830769230769231;35112
4;2018-01;0.836923076923077;35112
5;2019-01;0.8166666666666667;35112
6;2020-01;0.7333333333333333;35112
7;2021-01;0.75;35112
8;2022-01;0.75;35112
9;2023-01;0.875;35112
10;2024-01;0.85;35112
0;2014-01;0.7080786860198625;35172
1;2015-01;0.6643812070282659;35172
2;2016-01;0.76585179526356;35172
3;2017-01;0.7547288006111537;35172
4;2018-01;0.7650420168067227;35172
5;2019-01;0.7015126050420168;35172
6;2020-01;0.7900840336134454;35172
7;2021-01;0.8114285714285714;35172
8;2022-01;0.8228571428571427;35172
9;2023-01;0.9285714285714286;35172
10;2024-01;0.8717391304347826;35172
0;2014-01;0.7166666666666667;35162
1;2015-01;0.7083333333333333;35162
2;2016-01;0.5916666666666666;35162
3;2017-01;0.6916666666666667;35162
4;2018-01;0.5416666666666666;35162
5;2019-01;0.6194444444444445;35162
6;2020-01;0.5763888888888888;35162
7;2021-01;0.6222222222222222;35162
8;2022-01;0.575;35162
9;2023-01;0.6145833333333333;35162
10;2024-01;0.3333333333333333;35162
0;2014-01;0.9333333333333333;35021
1;2015-01;1.0;35021
2;2016-01;0.8933333333333333;35021
3;2017-01;0.8933333333333333;35021
4;2018-01;0.7533333333333333;35021
5;2019-01;0.7226190476190476;35021
6;2020-01;0.7780952380952381;35021
7;2021-01;0.8647619047619047;35021
8;2022-01;0.8761904761904763;35021
9;2023-01;0.9142857142857143;35021
10;2024-01;0.8247619047619047;35021
0;2014-01;0.6607142857142857;35101
1;2015-01;0.6830357142857143;35101
2;2016-01;0.7214285714285714;35101
3;2017-01;0.7928571428571429;35101
4;2018-01;0.6690476190476191;35101
5;2019-01;0.6333333333333333;35101
6;2020-01;0.7833333333333333;35101
7;2021-01;0.7291666666666666;35101
8;2022-01;0.8125;35101
9;2023-01;0.85;35101
10;2024-01;0.95;35101
0;2014-01;0.6611652908359394;35011
1;2015-01;0.6824580622689632;35011
2;2016-01;0.6741600014125042;35011
3;2017-01;0.641141833077317;35011
4;2018-01;0.6801246950393061;35011
5;2019-01;0.6295704948646125;35011
6;2020-01;0.6503641456582633;35011
7;2021-01;0.5896918767507003;35011
8;2022-01;0.5848739495798319;35011
9;2023-01;0.5785714285714285;35011
10;2024-01;0.5029014396456257;35011
0;2014-01;0.74;35092
1;2015-01;0.8877777777777778;35092
2;2016-01;0.8477777777777777;35092
3;2017-01;0.8277777777777778;35092
4;2018-01;0.6583333333333333;35092
5;2019-01;0.6333333333333333;35092
6;2020-01;0.775;35092
7;2021-01;0.85;35092
8;2022-01;0.9375;35092
9;2023-01;0.875;35092
10;2024-01;0.875;35092
0;2014-01;0.7007575757575758;35071
1;2015-01;0.6273674242424243;35071
2;2016-01;0.5257575757575758;35071
3;2017-01;0.5950757575757576;35071
4;2018-01;0.6893939393939393;35071
5;2019-01;0.7166666666666667;35071
6;2020-01;0.7;35071
7;2021-01;0.7333333333333333;35071
8;2022-01;0.7714285714285714;35071
9;2023-01;0.7666666666666667;35071
10;2024-01;0.9;35071
0;2014-01;0.8375;35023
1;2015-01;0.7814285714285714;35023
2;2016-01;0.8;35023
3;2017-01;0.9;35023
4;2018-01;0.9;35023
5;2019-01;0.880952380952381;35023
6;2020-01;0.8936507936507937;35023
7;2021-01;0.7603174603174603;35023
8;2022-01;0.873015873015873;35023
9;2023-01;0.8809523809523809;35023
10;2024-01;0.9166666666666666;35023
0;2014-01;0.8958333333333334;35061
1;2015-01;1.0;35061
2;2016-01;0.8833333333333333;35061
3;2017-01;0.8166666666666667;35061
4;2018-01;0.6966666666666667;35061
5;2019-01;0.6466666666666667;35061
6;2020-01;0.625;35061
7;2021-01;0.725;35061
8;2022-01;0.6125;35061
9;2023-01;0.5566666666666666;35061
10;2024-01;0.48;35061
0;2014-01;0.8514705882352942;35064
1;2015-01;0.7411764705882353;35064
2;2016-01;0.7444117647058823;35064
3;2017-01;0.75;35064
4;2018-01;0.79;35064
5;2019-01;0.765;35064
6;2020-01;0.845;35064
7;2021-01;0.86;35064
8;2022-01;0.885;35064
9;2023-01;0.755;35064
10;2024-01;0.7233333333333334;35064
0;2014-01;0.8180147058823529;35051
1;2015-01;0.8661764705882353;35051
2;2016-01;0.8300000000000001;35051
3;2017-01;0.7849999999999999;35051
4;2018-01;0.775;35051
5;2019-01;0.625;35051
6;2020-01;0.575;35051
7;2021-01;0.75;35051
8;2022-01;0.6048076923076924;35051
9;2023-01;0.6584615384615384;35051
10;2024-01;0.7084615384615385;35051
0;2014-01;0.7678571428571428;35131
1;2015-01;0.7470792365529209;35131
2;2016-01;0.7556005398110661;35131
3;2017-01;0.7450742240215924;35131
4;2018-01;0.7645186684660369;35131
5;2019-01;0.810672514619883;35131
6;2020-01;0.8527777777777779;35131
7;2021-01;0.7245726495726496;35131
8;2022-01;0.7533799533799533;35131
9;2023-01;0.7682983682983683;35131
10;2024-01;0.6195804195804195;35131
0;2014-01;0.7191809593914857;35014
1;2015-01;0.7234328303275672;35014
2;2016-01;0.7640016869095817;35014
3;2017-01;0.8393728070175438;35014
4;2018-01;0.8413939393939394;35014
5;2019-01;0.8276244588744589;35014
6;2020-01;0.838969696969697;35014
7;2021-01;0.8322597402597403;35014
8;2022-01;0.8420259740259741;35014
9;2023-01;0.817873015873016;35014
10;2024-01;0.7613246753246753;35014
0;2014-01;0.75;35095
1;2015-01;0.3333333333333333;35095
2;2016-01;0.6666666666666666;35095
3;2017-01;0.6666666666666666;35095
4;2018-01;0.625;35095
5;2019-01;0.6833333333333333;35095
6;2020-01;0.6041666666666666;35095
7;2021-01;0.6722222222222222;35095
8;2022-01;0.7833333333333333;35095
9;2023-01;0.8666666666666667;35095
10;2024-01;0.725;35095
0;2014-01;1.0;35052
1;2015-01;1.0;35052
2;2016-01;1.0;35052
3;2017-01;1.0;35052
4;2018-01;0.7222222222222222;35052
5;2019-01;0.6833333333333333;35052
6;2020-01;0.8083333333333333;35052
7;2021-01;0.8466666666666667;35052
8;2022-01;0.95;35052
9;2023-01;0.72;35052
10;2024-01;0.6916666666666667;35052
0;2014-01;0.6208333333333333;35094
1;2015-01;0.6583333333333333;35094
2;2016-01;0.725;35094
3;2017-01;0.7483333333333333;35094
4;2018-01;0.6116666666666666;35094
5;2019-01;0.6533333333333333;35094
6;2020-01;0.6699999999999999;35094
7;2021-01;0.75;35094
8;2022-01;0.8833333333333334;35094
9;2023-01;0.8;35094
10;2024-01;0.7433333333333334;35094
0;2014-01;0.8539907460960092;35041
1;2015-01;0.7914835164835164;35041
2;2016-01;0.7599450549450549;35041
3;2017-01;0.7181318681318681;35041
4;2018-01;0.6741758241758242;35041
5;2019-01;0.6702197802197802;35041
6;2020-01;0.6733333333333333;35041
7;2021-01;0.7352380952380952;35041
8;2022-01;0.728515406162465;35041
9;2023-01;0.6310364145658263;35041
10;2024-01;0.6798879551820728;35041
0;2014-01;0.8406259055346276;35073
1;2015-01;0.8206022408963586;35073
2;2016-01;0.7723669467787115;35073
3;2017-01;0.6867460317460317;35073
4;2018-01;0.7055555555555555;35073
5;2019-01;0.5755555555555556;35073
6;2020-01;0.5708730158730159;35073
7;2021-01;0.7375396825396825;35073
8;2022-01;0.7464285714285714;35073
9;2023-01;0.7228571428571429;35073
10;2024-01;0.6978571428571428;35073
0;2014-01;0.6523109243697479;35171
1;2015-01;0.7178571428571429;35171
2;2016-01;0.8178571428571428;35171
3;2017-01;0.7023809523809523;35171
4;2018-01;0.6285714285714286;35171
5;2019-01;0.6571428571428571;35171
6;2020-01;0.6119047619047618;35171
7;2021-01;0.6538095238095238;35171
8;2022-01;0.8300000000000001;35171
9;2023-01;0.6908333333333333;35171
10;2024-01;0.6987280701754386;35171
0;2014-01;0.7871794871794873;35143
1;2015-01;0.7984615384615384;35143
2;2016-01;0.67;35143
3;2017-01;0.73;35143
4;2018-01;0.7466666666666667;35143
5;2019-01;0.8666666666666666;35143
6;2020-01;0.9380952380952381;35143
7;2021-01;0.9666666666666666;35143
8;2022-01;0.9666666666666666;35143
9;2023-01;0.7866666666666666;35143
10;2024-01;0.7866666666666666;35143
0;2014-01;0.7666666666666666;35012
1;2015-01;0.7666666666666666;35012
2;2016-01;0.7724358974358975;35012
3;2017-01;0.9025641025641026;35012
4;2018-01;0.7743589743589744;35012
5;2019-01;0.9384615384615385;35012
6;2020-01;0.8934065934065935;35012
7;2021-01;0.9607142857142857;35012
8;2022-01;0.7719047619047619;35012
9;2023-01;0.8385714285714286;35012
10;2024-01;0.7335714285714285;35012
0;2014-01;0.9642857142857143;35093
1;2015-01;0.8551587301587302;35093
2;2016-01;0.8497023809523809;35093
3;2017-01;0.8511904761904763;35093
4;2018-01;0.8416666666666666;35093
5;2019-01;0.7533333333333333;35093
6;2020-01;0.6980952380952381;35093
7;2021-01;0.7714285714285715;35093
8;2022-01;0.6428571428571429;35093
9;2023-01;0.58;35093
10;2024-01;0.5361904761904762;35093
0;2014-01;0.8728098290598292;35103
1;2015-01;0.826068376068376;35103
2;2016-01;0.7606837606837606;35103
3;2017-01;0.8495726495726496;35103
4;2018-01;0.8273504273504273;35103
5;2019-01;0.8444444444444444;35103
6;2020-01;0.8166666666666667;35103
7;2021-01;0.7708333333333334;35103
8;2022-01;0.75;35103
9;2023-01;0.7766666666666666;35103
10;2024-01;0.7433333333333334;35103
0;2014-01;0.5833333333333333;35173
1;2015-01;0.6666666666666666;35173
2;2016-01;0.7444444444444445;35173
3;2017-01;0.7041666666666667;35173
4;2018-01;0.7633333333333334;35173
5;2019-01;0.7614285714285713;35173
6;2020-01;0.6828571428571429;35173
7;2021-01;0.7242857142857143;35173
8;2022-01;0.7742857142857142;35173
9;2023-01;0.77;35173
10;2024-01;0.7914285714285715;35173
0;2014-01;0.8;35151
1;2015-01;0.8666666666666666;35151
2;2016-01;0.8833333333333332;35151
3;2017-01;0.8541666666666666;35151
4;2018-01;0.7666666666666667;35151
5;2019-01;0.7797619047619048;35151
6;2020-01;0.7764285714285715;35151
7;2021-01;0.707857142857143;35151
8;2022-01;0.5928571428571429;35151
9;2023-01;0.6176190476190475;35151
10;2024-01;0.71;35151
0;2014-01;1.0;35102
1;2015-01;1.0;35102
2;2016-01;1.0;35102
3;2017-01;0.8333333333333334;35102
4;2018-01;0.875;35102
5;2019-01;1.0;35102
6;2020-01;1.0;35102
7;2021-01;0.9;35102
8;2022-01;1.0;35102
9;2023-01;1.0;35102
10;2024-01;0.9523809523809524;35102
0;2014-01;0.6981580510992276;35013
1;2015-01;0.7668109668109668;35013
2;2016-01;0.8406926406926406;35013
3;2017-01;0.8541125541125542;35013
4;2018-01;0.8740259740259739;35013
5;2019-01;0.8274725274725275;35013
6;2020-01;0.8679487179487179;35013
7;2021-01;0.8371794871794872;35013
8;2022-01;0.8384615384615385;35013
9;2023-01;0.8482905982905983;35013
10;2024-01;0.767094017094017;35013
0;2014-01;0.85;35034
1;2015-01;0.7833333333333333;35034
2;2016-01;0.7666666666666667;35034
3;2017-01;0.6833333333333333;35034
4;2018-01;0.6333333333333333;35034
5;2019-01;0.6333333333333333;35034
6;2020-01;0.5933333333333334;35034
7;2021-01;0.7625;35034
8;2022-01;0.8517857142857144;35034
9;2023-01;0.8414285714285714;35034
10;2024-01;0.7028571428571428;35034
0;2014-01;0.6087314859053989;35015
1;2015-01;0.647775441949355;35015
2;2016-01;0.5752764240590327;35015
3;2017-01;0.5916787439613527;35015
4;2018-01;0.5045238095238095;35015
5;2019-01;0.5873939393939394;35015
6;2020-01;0.5611270600744285;35015
7;2021-01;0.6160127591706539;35015
8;2022-01;0.6242663476874003;35015
9;2023-01;0.5714673046251993;35015
10;2024-01;0.6479106858054227;35015
0;2014-01;0.875;35111
1;2015-01;0.7222222222222222;35111
2;2016-01;0.7083333333333333;35111
3;2017-01;0.7666666666666666;35111
4;2018-01;0.7916666666666666;35111
5;2019-01;0.8125;35111
6;2020-01;0.9375;35111
7;2021-01;0.95;35111
8;2022-01;0.65;35111
9;2023-01;0.6083333333333334;35111
10;2024-01;0.65;35111
0;2014-01;0.3787878787878788;35154
1;2015-01;0.2080808080808081;35154
2;2016-01;0.3333333333333333;35154
3;2017-01;0.5238095238095238;35154
4;2018-01;0.5982142857142857;35154
5;2019-01;0.46428571428571425;35154
6;2020-01;0.3898809523809524;35154
7;2021-01;0.48690476190476184;35154
8;2022-01;0.40327380952380953;35154
9;2023-01;0.36428571428571427;35154
10;2024-01;0.4166666666666667;35154
0;2014-01;0.5;35081
1;2015-01;0.75;35081
2;2016-01;1.0;35081
3;2017-01;0.8571428571428572;35081
4;2018-01;0.6428571428571428;35081
5;2019-01;0.6476190476190476;35081
6;2020-01;0.8095238095238095;35081
7;2021-01;0.8142857142857143;35081
8;2022-01;0.9;35081
9;2023-01;0.8428571428571429;35081
10;2024-01;0.9642857142857143;35081
0;2014-01;0.7894444444444445;35155
1;2015-01;0.8;35155
2;2016-01;0.74;35155
3;2017-01;0.6577777777777778;35155
4;2018-01;0.6444444444444445;35155
5;2019-01;0.5611111111111111;35155
6;2020-01;0.6303418803418803;35155
7;2021-01;0.6558974358974359;35155
8;2022-01;0.6364102564102565;35155
9;2023-01;0.5738927738927739;35155
10;2024-01;0.6339393939393939;35155
0;2014-01;0.9292307692307693;35132
1;2015-01;0.8830769230769231;35132
2;2016-01;0.7276556776556776;35132
3;2017-01;0.7656277056277057;35132
4;2018-01;0.7989610389610389;35132
5;2019-01;0.7754545454545455;35132
6;2020-01;0.8236363636363636;35132
7;2021-01;0.8487878787878789;35132
8;2022-01;0.7536363636363637;35132
9;2023-01;0.7245887445887446;35132
10;2024-01;0.7342857142857142;35132
0;2014-01;0.875;35032
1;2015-01;0.9166666666666666;35032
2;2016-01;0.8541666666666666;35032
3;2017-01;0.7708333333333333;35032
4;2018-01;0.611111111111111;35032
5;2019-01;0.7083333333333333;35032
6;2020-01;0.7083333333333333;35032
7;2021-01;0.611111111111111;35032
8;2022-01;0.6666666666666666;35032
9;2023-01;0.8333333333333334;35032
10;2024-01;0.8333333333333334;35032
0;2014-01;0.9;35113
1;2015-01;0.9199999999999999;35113
2;2016-01;0.9333333333333332;35113
3;2017-01;0.8833333333333332;35113
4;2018-01;0.9166666666666666;35113
5;2019-01;1.0;35113
6;2020-01;0.75;35113
7;2021-01;0.6875;35113
8;2022-01;0.8125;35113
9;2023-01;1.0;35113
10;2024-01;1.0;35113
0;2014-01;0.8571428571428571;35083
1;2015-01;0.9285714285714286;35083
2;2016-01;0.9523809523809524;35083
3;2017-01;0.8607142857142858;35083
4;2018-01;0.8885714285714286;35083
5;2019-01;0.9457142857142857;35083
6;2020-01;0.7933333333333333;35083
7;2021-01;0.8333333333333333;35083
8;2022-01;0.7666666666666666;35083
9;2023-01;0.7333333333333333;35083
10;2024-01;0.75;35083
0;2014-01;0.5654761904761905;35121
1;2015-01;0.4666666666666666;35121
2;2016-01;0.5023809523809524;35121
3;2017-01;0.5666666666666667;35121
4;2018-01;0.4642857142857143;35121
5;2019-01;0.5625;35121
6;2020-01;0.5375;35121
7;2021-01;0.6625;35121
8;2022-01;0.6799999999999999;35121
9;2023-01;0.7633333333333333;35121
10;2024-01;0.8300000000000001;35121
0;2014-01;0.8012820512820512;35141
1;2015-01;0.741025641025641;35141
2;2016-01;0.8333333333333333;35141
3;2017-01;0.9166666666666666;35141
4;2018-01;0.9333333333333333;35141
5;2019-01;0.8666666666666666;35141
6;2020-01;0.8833333333333334;35141
7;2021-01;0.7266666666666667;35141
8;2022-01;0.4833333333333333;35141
9;2023-01;0.4833333333333333;35141
10;2024-01;0.75;35141
0;2014-01;1.0;35156
1;2015-01;1.0;35156
2;2016-01;0.75;35156
3;2017-01;1.0;35156
4;2018-01;1.0;35156
5;2019-01;0.75;35156
6;2020-01;0.8333333333333334;35156
7;2021-01;0.6666666666666666;35156
8;2022-01;1.0;35156
9;2023-01;1.0;35156
10;2024-01;0.75;35156
0;2014-01;0.8166666666666667;35153
1;2015-01;0.8222222222222223;35153
2;2016-01;0.825;35153
3;2017-01;0.76;35153
4;2018-01;0.8333333333333334;35153
5;2019-01;0.9;35153
6;2020-01;0.9166666666666666;35153
7;2021-01;0.9166666666666666;35153
8;2022-01;0.7916666666666666;35153
9;2023-01;0.7916666666666666;35153
10;2024-01;0.6934523809523809;35153
0;2014-01;0.7071428571428571;35174
1;2015-01;0.6797619047619048;35174
2;2016-01;0.5523809523809524;35174
3;2017-01;0.6095238095238095;35174
4;2018-01;0.7323809523809524;35174
5;2019-01;0.7647619047619048;35174
6;2020-01;0.8647619047619047;35174
7;2021-01;0.7666666666666666;35174
8;2022-01;0.7761904761904762;35174
9;2023-01;0.680952380952381;35174
10;2024-01;0.7142857142857142;35174
0;2014-01;0.8333333333333334;35065
1;2015-01;0.8333333333333334;35065
2;2016-01;0.8333333333333334;35065
3;2017-01;0.8333333333333334;35065
4;2018-01;1.0;35065
5;2019-01;1.0;35065
6;2020-01;1.0;35065
7;2021-01;1.0;35065
8;2022-01;1.0;35065
9;2023-01;0.9166666666666666;35065
10;2024-01;0.8888888888888888;35065
0;2014-01;1.0;35091
1;2015-01;0.6666666666666666;35091
2;2016-01;0.7777777777777777;35091
3;2017-01;0.6666666666666666;35091
4;2018-01;0.5555555555555555;35091
5;2019-01;0.6666666666666666;35091
6;2020-01;0.8888888888888888;35091
7;2021-01;0.75;35091
8;2022-01;0.5833333333333333;35091
9;2023-01;0.6666666666666666;35091
10;2024-01;0.5;35091
0;2014-01;0.8888888888888888;35157
1;2015-01;0.8541666666666666;35157
2;2016-01;0.8333333333333333;35157
3;2017-01;0.8;35157
4;2018-01;0.7666666666666667;35157
5;2019-01;0.7916666666666666;35157
6;2020-01;0.6041666666666666;35157
7;2021-01;0.6833333333333333;35157
8;2022-01;0.5;35157
9;2023-01;0.5714285714285714;35157
10;2024-01;0.5761904761904761;35157
0;2014-01;0.75;35114
1;2015-01;0.7777777777777777;35114
2;2016-01;0.7444444444444445;35114
3;2017-01;0.6888888888888889;35114
4;2018-01;0.6444444444444445;35114
5;2019-01;0.6805555555555556;35114
6;2020-01;0.7037037037037037;35114
7;2021-01;0.6666666666666666;35114
8;2022-01;0.5;35114
9;2023-01;0.75;35114
10;2024-01;1.0;35114
0;2014-01;1.0;35033
1;2015-01;1.0;35033
2;2016-01;1.0;35033
3;2017-01;1.0;35033
4;2018-01;1.0;35033
5;2019-01;1.0;35033
6;2020-01;1.0;35033
7;2021-01;1.0;35033
8;2022-01;1.0;35033
9;2023-01;0.8666666666666667;35033
10;2024-01;0.9;35033
0;2014-01;0.8541666666666666;35082
1;2015-01;0.85;35082
2;2016-01;0.8;35082
3;2017-01;0.7166666666666666;35082
4;2018-01;0.7777777777777777;35082
5;2019-01;0.8125;35082
6;2020-01;0.6666666666666666;35082
7;2021-01;0.5416666666666666;35082
8;2022-01;0.75;35082
9;2023-01;0.53125;35082
10;2024-01;0.6875;35082
0;2014-01;0.8666666666666666;35104
1;2015-01;0.8666666666666666;35104
2;2016-01;0.8166666666666667;35104
3;2017-01;0.8541666666666666;35104
4;2018-01;0.8055555555555555;35104
5;2019-01;0.7708333333333334;35104
6;2020-01;0.75;35104
7;2021-01;0.75;35104
8;2022-01;0.7333333333333333;35104
9;2023-01;0.63;35104
10;2024-01;0.8099999999999999;35104
0;2014-01;0.8888888888888888;35115
1;2015-01;0.5;35115
2;2016-01;0.625;35115
3;2017-01;0.8333333333333334;35115
4;2018-01;0.7222222222222222;35115
5;2019-01;0.8888888888888888;35115
6;2020-01;0.7222222222222222;35115
7;2021-01;0.7222222222222222;35115
8;2022-01;0.6666666666666666;35115
9;2023-01;0.6666666666666666;35115
10;2024-01;0.3333333333333333;35115
0;2014-01;0.8333333333333333;35152
1;2015-01;0.7222222222222222;35152
2;2016-01;0.9166666666666666;35152
3;2017-01;0.8333333333333333;35152
4;2018-01;0.75;35152
5;2019-01;0.8333333333333333;35152
6;2020-01;0.6666666666666666;35152
7;2021-01;0.6666666666666666;35152
8;2022-01;0.5555555555555555;35152
9;2023-01;0.41666666666666663;35152
10;2024-01;0.5;35152
0;2014-01;0.5650164737223561;53001
1;2015-01;0.5816684594178201;53001
2;2016-01;0.690700603744082;53001
3;2017-01;0.8137775268210051;53001
4;2018-01;0.6900966183574879;53001
5;2019-01;0.6030200327103246;53001
6;2020-01;0.5239097346304017;53001
7;2021-01;0.5330537630056368;53001
8;2022-01;0.6161048870091402;53001
9;2023-01;0.6412528152461776;53001
10;2024-01;0.7154339190661236;53001
0;2014-01;0.7542959001782531;22004
1;2015-01;0.7496494355317884;22004
2;2016-01;0.7969008975200926;22004
3;2017-01;0.8298485369692801;22004
4;2018-01;0.76532401894631;22004
5;2019-01;0.6546267936656952;22004
6;2020-01;0.6237036799965863;22004
7;2021-01;0.6302260058781798;22004
8;2022-01;0.7491494013233144;22004
9;2023-01;0.8165486687225817;22004
10;2024-01;0.6862803862803863;22004
0;2014-01;0.8229166666666666;22009
1;2015-01;0.7333333333333333;22009
2;2016-01;0.8633333333333333;22009
3;2017-01;0.79;22009
4;2018-01;0.8166666666666668;22009
5;2019-01;0.7055555555555556;22009
6;2020-01;0.8541666666666666;22009
7;2021-01;0.7766666666666666;22009
8;2022-01;0.6766666666666666;22009
9;2023-01;0.77;22009
10;2024-01;0.635;22009
0;2014-01;;22002
1;2015-01;0.8333333333333334;22002
2;2016-01;0.6666666666666666;22002
3;2017-01;0.7777777777777778;22002
4;2018-01;0.3666666666666667;22002
5;2019-01;0.4666666666666666;22002
6;2020-01;0.6;22002
7;2021-01;0.6833333333333333;22002
8;2022-01;0.8423772609819121;22002
9;2023-01;0.7196382428940569;22002
10;2024-01;0.8331487633813215;22002
0;2014-01;0.36574074074074076;22003
1;2015-01;0.3955026455026455;22003
2;2016-01;0.395528083028083;22003
3;2017-01;0.49236874236874234;22003
4;2018-01;0.42132867132867136;22003
5;2019-01;0.34245754245754245;22003
6;2020-01;0.4043623043623043;22003
7;2021-01;0.44835497835497834;22003
8;2022-01;0.45506493506493506;22003
9;2023-01;0.5406709956709956;22003
10;2024-01;0.6025757575757575;22003
0;2014-01;1.0;22008
1;2015-01;1.0;22008
2;2016-01;0.8333333333333334;22008
3;2017-01;0.6388888888888888;22008
4;2018-01;0.6388888888888888;22008
5;2019-01;0.75;22008
6;2020-01;0.75;22008
7;2021-01;0.5833333333333334;22008
8;2022-01;0.6875;22008
9;2023-01;0.65;22008
10;2024-01;0.625;22008
0;2014-01;0.625;22005
1;2015-01;0.6190476190476191;22005
2;2016-01;0.6785714285714286;22005
3;2017-01;0.45535714285714285;22005
4;2018-01;0.46651785714285715;22005
5;2019-01;0.4732142857142857;22005
6;2020-01;0.609375;22005
7;2021-01;0.515625;22005
8;2022-01;0.703125;22005
9;2023-01;0.6458333333333333;22005
10;2024-01;0.7083333333333333;22005
0;2014-01;0.75;22001
1;2015-01;0.875;22001
2;2016-01;0.875;22001
3;2017-01;0.9166666666666666;22001
4;2018-01;0.9375;22001
5;2019-01;0.95;22001
6;2020-01;0.9375;22001
7;2021-01;0.9166666666666666;22001
8;2022-01;1.0;22001
9;2023-01;1.0;22001
10;2024-01;0.41666666666666663;22001
0;2015-01;0.7272727272727273;22006
1;2016-01;0.8181818181818181;22006
2;2017-01;0.5909090909090909;22006
3;2018-01;0.6969696969696969;22006
4;2019-01;0.7012987012987013;22006
5;2020-01;0.9642857142857143;22006
6;2021-01;0.9285714285714286;22006
7;2022-01;0.8412698412698413;22006
8;2023-01;0.6726190476190476;22006
9;2024-01;0.738095238095238;22006
0;2014-01;0.8;22011
1;2015-01;0.8666666666666667;22011
2;2016-01;0.6333333333333333;22011
3;2017-01;0.6333333333333333;22011
4;2018-01;0.475;22011
5;2019-01;0.4583333333333333;22011
6;2020-01;0.41666666666666663;22011
7;2021-01;0.611111111111111;22011
8;2022-01;0.47619047619047616;22011
9;2023-01;0.5009523809523809;22011
10;2024-01;0.5609523809523809;22011
0;2014-01;0.9375;22010
1;2015-01;0.9375;22010
2;2016-01;0.9375;22010
3;2017-01;0.9375;22010
4;2018-01;0.75;22010
5;2019-01;0.8333333333333334;22010
6;2020-01;0.625;22010
7;2021-01;0.6875;22010
8;2022-01;0.6875;22010
9;2023-01;0.47916666666666663;22010
10;2024-01;0.6354166666666666;22010
0;2014-01;1.0;22007
1;2015-01;1.0;22007
2;2016-01;1.0;22007
3;2017-01;1.0;22007
4;2018-01;1.0;22007
5;2019-01;1.0;22007
6;2020-01;1.0;22007
7;2021-01;1.0;22007
8;2022-01;1.0;22007
9;2023-01;1.0;22007
10;2024-01;1.0;22007
0;2014-01;0.5595238095238095;23012
1;2015-01;0.4444444444444444;23012
2;2016-01;0.38730158730158726;23012
3;2017-01;0.45146103896103895;23012
4;2018-01;0.4404040404040404;23012
5;2019-01;0.4553030303030303;23012
6;2020-01;0.5642424242424242;23012
7;2021-01;0.6386363636363637;23012
8;2022-01;0.5344696969696969;23012
9;2023-01;0.5208333333333334;23012
10;2024-01;0.6166666666666667;23012
0;2014-01;0.7777777777777778;23016
1;2015-01;0.8518518518518517;23016
2;2016-01;0.6071428571428571;23016
3;2017-01;0.5904761904761905;23016
4;2018-01;0.5682539682539682;23016
5;2019-01;0.5476190476190476;23016
6;2020-01;0.7142857142857142;23016
7;2021-01;0.8857142857142858;23016
8;2022-01;0.8;23016
9;2023-01;0.8;23016
10;2024-01;0.6666666666666666;23016
0;2014-01;0.6399585921325052;23011
1;2015-01;0.6796066252587991;23011
2;2016-01;0.7053209109730849;23011
3;2017-01;0.5830032882718305;23011
4;2018-01;0.577983193277311;23011
5;2019-01;0.5281232492997199;23011
6;2020-01;0.5160224089635854;23011
7;2021-01;0.5420168067226891;23011
8;2022-01;0.6492063492063492;23011
9;2023-01;0.6551587301587302;23011
10;2024-01;0.6658730158730158;23011
0;2014-01;0.8409090909090909;23003
1;2015-01;0.8545454545454545;23003
2;2016-01;0.7121212121212122;23003
3;2017-01;0.7433333333333334;23003
4;2018-01;0.6083838383838384;23003
5;2019-01;0.6078787878787878;23003
6;2020-01;0.4124242424242424;23003
7;2021-01;0.3989321789321789;23003
8;2022-01;0.48144910644910643;23003
9;2023-01;0.44353424353424353;23003
10;2024-01;0.5776806526806527;23003
0;2014-01;0.5083333333333333;23018
1;2015-01;0.25;23018
2;2016-01;0.5;23018
3;2017-01;0.75;23018
4;2018-01;0.6177777777777778;23018
5;2019-01;0.7333333333333333;23018
6;2020-01;0.6322222222222222;23018
7;2021-01;0.7033333333333334;23018
8;2022-01;0.6066666666666667;23018
9;2023-01;0.6633333333333333;23018
10;2024-01;0.64;23018
0;2014-01;0.6666666666666666;23014
1;2015-01;0.6666666666666666;23014
2;2016-01;0.6666666666666666;23014
3;2017-01;0.6666666666666666;23014
4;2018-01;0.7777777777777778;23014
5;2019-01;0.7777777777777778;23014
6;2020-01;0.9333333333333332;23014
7;2021-01;0.95;23014
8;2022-01;0.9;23014
9;2023-01;0.8;23014
10;2024-01;0.8400000000000001;23014
0;2014-01;0.6367647058823529;23020
1;2015-01;0.554185520361991;23020
2;2016-01;0.6865384615384615;23020
3;2017-01;0.578076923076923;23020
4;2018-01;0.6841346153846154;23020
5;2019-01;0.5010256410256411;23020
6;2020-01;0.41393939393939394;23020
7;2021-01;0.4151515151515151;23020
8;2022-01;0.5292929292929293;23020
9;2023-01;0.5969696969696969;23020
10;2024-01;0.5975757575757575;23020
0;2014-01;0.5796296296296296;23002
1;2015-01;0.7694444444444445;23002
2;2016-01;0.6649801587301587;23002
3;2017-01;0.6673015873015873;23002
4;2018-01;0.4420634920634921;23002
5;2019-01;0.6155677655677655;23002
6;2020-01;0.7561813186813187;23002
7;2021-01;0.5737179487179487;23002
8;2022-01;0.4560897435897436;23002
9;2023-01;0.5102564102564102;23002
10;2024-01;0.5285714285714286;23002
0;2014-01;0.5;23007
1;2015-01;0.6666666666666666;23007
2;2016-01;1.0;23007
3;2017-01;1.0;23007
4;2018-01;1.0;23007
5;2019-01;1.0;23007
6;2020-01;1.0;23007
7;2021-01;1.0;23007
8;2022-01;1.0;23007
9;2023-01;0.95;23007
10;2024-01;0.95;23007
0;2014-01;0.95;23004
1;2015-01;0.9099999999999999;23004
2;2016-01;0.8366666666666667;23004
3;2017-01;0.8958333333333334;23004
4;2018-01;0.7291666666666666;23004
5;2019-01;0.7166666666666666;23004
6;2020-01;0.8333333333333333;23004
7;2021-01;0.875;23004
8;2022-01;0.75;23004
9;2023-01;0.7916666666666666;23004
10;2024-01;0.75;23004
0;2014-01;0.6304621848739496;23019
1;2015-01;0.6733193277310924;23019
2;2016-01;0.7836134453781513;23019
3;2017-01;0.6439075630252101;23019
4;2018-01;0.6357142857142857;23019
5;2019-01;0.42738095238095236;23019
6;2020-01;0.43214285714285716;23019
7;2021-01;0.51875;23019
8;2022-01;0.30625;23019
9;2023-01;0.4613095238095238;23019
10;2024-01;0.4464285714285714;23019
0;2014-01;0.575;23021
1;2015-01;0.5104166666666666;23021
2;2016-01;0.6636904761904762;23021
3;2017-01;0.47619047619047616;23021
4;2018-01;0.41269841269841273;23021
5;2019-01;0.5064102564102564;23021
6;2020-01;0.42467948717948717;23021
7;2021-01;0.3846153846153846;23021
8;2022-01;0.41025641025641024;23021
9;2023-01;0.46987179487179487;23021
10;2024-01;0.575;23021
0;2014-01;0.8295454545454546;23022
1;2015-01;0.7683982683982684;23022
2;2016-01;0.7177489177489178;23022
3;2017-01;0.7272727272727273;23022
4;2018-01;0.5471861471861471;23022
5;2019-01;0.6714285714285715;23022
6;2020-01;0.7738095238095237;23022
7;2021-01;0.9166666666666666;23022
8;2022-01;0.5;23022
9;2023-01;0.5333333333333333;23022
10;2024-01;0.5416666666666666;23022
0;2014-01;1.0;23005
1;2015-01;1.0;23005
2;2016-01;0.8333333333333334;23005
3;2017-01;0.875;23005
4;2018-01;0.7962962962962963;23005
5;2019-01;0.7222222222222222;23005
6;2020-01;0.7222222222222222;23005
7;2021-01;0.7962962962962963;23005
8;2022-01;0.7222222222222222;23005
9;2023-01;0.75;23005
10;2024-01;0.9444444444444445;23005
0;2014-01;0.5714285714285714;23013
1;2015-01;0.7547619047619047;23013
2;2016-01;0.6438095238095238;23013
3;2017-01;0.5399999999999999;23013
4;2018-01;0.5042857142857142;23013
5;2019-01;0.6446428571428572;23013
6;2020-01;0.4458333333333333;23013
7;2021-01;0.49702380952380953;23013
8;2022-01;0.5904761904761905;23013
9;2023-01;0.6126984126984127;23013
10;2024-01;0.4714285714285714;23013
0;2014-01;0.8333333333333334;23017
1;2015-01;0.5416666666666666;23017
2;2016-01;0.5992063492063492;23017
3;2017-01;0.6994047619047619;23017
4;2018-01;0.5523809523809524;23017
5;2019-01;0.5271428571428571;23017
6;2020-01;0.5875;23017
7;2021-01;0.775;23017
8;2022-01;0.7875;23017
9;2023-01;0.7875;23017
10;2024-01;0.6728571428571428;23017
0;2014-01;0.6657142857142857;23015
1;2015-01;0.6971428571428572;23015
2;2016-01;0.6173593073593073;23015
3;2017-01;0.7456060606060606;23015
4;2018-01;0.7289393939393939;23015
5;2019-01;0.6622727272727273;23015
6;2020-01;0.5867965367965369;23015
7;2021-01;0.5238095238095238;23015
8;2022-01;0.4904761904761905;23015
9;2023-01;0.45714285714285713;23015
10;2024-01;0.3988095238095238;23015
0;2014-01;0.8177472031130568;23001
1;2015-01;0.8047795023404779;23001
2;2016-01;0.7351071692535107;23001
3;2017-01;0.5981240981240982;23001
4;2018-01;0.5575396825396826;23001
5;2019-01;0.6598124098124099;23001
6;2020-01;0.6796055796055797;23001
7;2021-01;0.7920551268377356;23001
8;2022-01;0.8154110143793268;23001
9;2023-01;0.7886274933069333;23001
10;2024-01;0.7125611308367388;23001
0;2014-01;0.72;23010
1;2015-01;0.8018181818181818;23010
2;2016-01;0.7872727272727273;23010
3;2017-01;0.7206060606060606;23010
4;2018-01;0.7339393939393939;23010
5;2019-01;0.6060606060606061;23010
6;2020-01;0.5761904761904761;23010
7;2021-01;0.6011904761904762;23010
8;2022-01;0.4464285714285714;23010
9;2023-01;0.6130952380952381;23010
10;2024-01;0.41547619047619044;23010
0;2014-01;0.9;23006
1;2015-01;0.6194444444444445;23006
2;2016-01;0.7194444444444444;23006
3;2017-01;0.6916666666666667;23006
4;2018-01;0.4768253968253968;23006
5;2019-01;0.5208333333333334;23006
6;2020-01;0.6160714285714286;23006
7;2021-01;0.5595238095238095;23006
8;2022-01;0.5595238095238095;23006
9;2023-01;0.791005291005291;23006
10;2024-01;0.7182539682539683;23006
0;2014-01;0.805;23009
1;2015-01;0.8583333333333332;23009
2;2016-01;0.7583333333333333;23009
3;2017-01;0.6354166666666666;23009
4;2018-01;0.5625;23009
5;2019-01;0.5625;23009
6;2020-01;0.5625;23009
7;2021-01;0.5625;23009
8;2022-01;0.38888888888888884;23009
9;2023-01;0.47916666666666663;23009
10;2024-01;0.5277777777777778;23009
0;2014-01;0.4666666666666666;23008
1;2015-01;0.575;23008
2;2016-01;0.6535714285714286;23008
3;2017-01;0.6942857142857143;23008
4;2018-01;0.5571428571428572;23008
5;2019-01;0.5285714285714286;23008
6;2020-01;0.6352380952380952;23008
7;2021-01;0.5457142857142857;23008
8;2022-01;0.3359523809523809;23008
9;2023-01;0.495952380952381;23008
10;2024-01;0.4714285714285714;23008
0;2014-01;0.4652380952380952;17001
1;2015-01;0.6252380952380953;17001
2;2016-01;0.4761904761904762;17001
3;2017-01;0.4035714285714286;17001
4;2018-01;0.2785714285714286;17001
5;2019-01;0.37142857142857144;17001
6;2020-01;0.2857142857142857;17001
7;2021-01;0.45;17001
8;2022-01;0.3238095238095238;17001
9;2023-01;0.5619047619047619;17001
10;2024-01;0.4714285714285714;17001
0;2014-01;0.5416666666666666;17002
1;2015-01;0.5555555555555555;17002
2;2016-01;0.7222222222222222;17002
3;2017-01;0.7083333333333334;17002
4;2018-01;0.6666666666666666;17002
5;2019-01;0.5833333333333334;17002
6;2020-01;0.4583333333333333;17002
7;2021-01;0.4611111111111111;17002
8;2022-01;0.6333333333333333;17002
9;2023-01;0.5666666666666667;17002
10;2024-01;0.5666666666666667;17002
0;2014-01;0.75;17004
1;2015-01;0.8125;17004
2;2016-01;0.9166666666666666;17004
3;2017-01;0.7666666666666666;17004
4;2018-01;0.4777777777777778;17004
5;2019-01;0.6083333333333333;17004
6;2020-01;0.47095238095238096;17004
7;2021-01;0.509047619047619;17004
8;2022-01;0.49603174603174605;17004
9;2023-01;0.40269841269841267;17004
10;2024-01;0.4011111111111111;17004
0;2014-01;0.6666666666666666;17007
1;2015-01;0.6833333333333333;17007
2;2016-01;0.7291666666666666;17007
3;2017-01;0.75;17007
4;2018-01;0.5833333333333334;17007
5;2019-01;0.5;17007
6;2020-01;0.6666666666666666;17007
7;2021-01;0.6583333333333333;17007
8;2022-01;0.3208333333333333;17007
9;2023-01;0.3208333333333333;17007
10;2024-01;0.5083333333333333;17007
0;2014-01;1.0;17003
1;2015-01;1.0;17003
2;2016-01;0.8333333333333334;17003
3;2017-01;1.0;17003
4;2018-01;0.8333333333333334;17003
5;2019-01;0.7083333333333333;17003
6;2020-01;0.7083333333333333;17003
7;2021-01;0.625;17003
8;2022-01;0.6666666666666666;17003
9;2023-01;0.4444444444444444;17003
10;2024-01;0.6666666666666666;17003
0;2014-01;0.5297619047619048;17005
1;2015-01;0.43809523809523815;17005
2;2016-01;0.5357142857142857;17005
3;2017-01;0.4365079365079365;17005
4;2018-01;0.6666666666666666;17005
5;2019-01;0.6666666666666666;17005
6;2020-01;0.6309523809523809;17005
7;2021-01;0.5809523809523809;17005
8;2022-01;0.6547619047619048;17005
9;2023-01;0.4023809523809524;17005
10;2024-01;0.45;17005
0;2014-01;0.4222222222222222;17006
1;2015-01;0.45595238095238094;17006
2;2016-01;0.5154761904761905;17006
3;2017-01;0.5646825396825397;17006
4;2018-01;0.5698412698412698;17006
5;2019-01;0.653968253968254;17006
6;2020-01;0.621031746031746;17006
7;2021-01;0.5909090909090909;17006
8;2022-01;0.5492424242424242;17006
9;2023-01;0.6287878787878788;17006
10;2024-01;0.6287878787878788;17006
0;2014-01;0.3892857142857143;17008
1;2015-01;0.5535714285714286;17008
2;2016-01;0.47714285714285715;17008
3;2017-01;0.6485714285714286;17008
4;2018-01;0.47857142857142854;17008
5;2019-01;0.7619047619047619;17008
6;2020-01;0.7619047619047619;17008
7;2021-01;0.7;17008
8;2022-01;0.8666666666666667;17008
9;2023-01;0.7999999999999999;17008
10;2024-01;0.7375;17008
